{
    "predictions": [
        379.54150360822683,
        358.2983394861222,
        321.68783426284796,
        277.60327160358435
    ],
    "actual": [
        431.0,
        469.00000000000006,
        504.0,
        484.0
    ],
    "mse": 22685.04243998664,
    "rmse": 150.61554514719467,
    "mape": 28.590023195594576
}