{
    "predictions": [
        206.02294261741642,
        175.72068371713166,
        172.51363869476322,
        170.13740641021732
    ],
    "actual": [
        144.483,
        144.483,
        50.15700000000001,
        -436.318
    ],
    "mse": 96880.56610455728,
    "rmse": 311.2564314268177,
    "mape": 111.78867691238669
}