{
    "predictions": [
        324.02554281949995,
        316.4531037330628,
        321.3831078827381,
        282.2435598254204
    ],
    "actual": [
        281.4,
        122.3,
        255.6,
        277.5
    ],
    "mse": 10965.570808091941,
    "rmse": 104.71662145090407,
    "mape": 50.33632915706168
}