{
    "predictions": [
        2830.31449842453,
        2450.68847990036,
        2419.5230946540833,
        2259.589457988739
    ],
    "actual": [
        2382.0,
        2552.0,
        2399.0,
        2664.0
    ],
    "mse": 93804.74937664001,
    "rmse": 306.2756101563427,
    "mape": 9.706719043590736
}