{
    "predictions": [
        148538530.82954884,
        57152228.25509309,
        18706173.33495617,
        119821953.19116116
    ],
    "actual": [
        201251000.0,
        41721000.00000001,
        88827000.0,
        159487000.0
    ],
    "mse": 2376743370510761.5,
    "rmse": 48751855.04686731,
    "mape": 41.74760145083285
}