{
    "predictions": [
        240.06604907608033,
        244.0870294342041,
        240.85995092391968,
        241.49229386138916
    ],
    "actual": [
        262.712,
        290.602,
        294.367,
        268.845
    ],
    "mse": 1571.9141034801758,
    "rmse": 39.64737196183595,
    "mape": 13.244406503185468
}