{
    "predictions": [
        1542.1358713626862,
        1469.660976743698,
        1515.2268900871277,
        1531.9215465068817
    ],
    "actual": [
        1753.6,
        1327.2,
        1410.6,
        1450.9
    ],
    "mse": 20630.871180694376,
    "rmse": 143.63450553642872,
    "mape": 8.948556119457303
}