{
    "predictions": [
        333.15723247528075,
        357.3250205039978,
        391.24376420974727,
        423.7531959533691
    ],
    "actual": [
        354.0,
        402.0,
        405.0,
        434.99999999999994
    ],
    "mse": 686.4998438595129,
    "rmse": 26.201142033497565,
    "mape": 5.7457600099465544
}