{
    "predictions": [
        63.10850533866882,
        46.16102783346176,
        14.343442651271817,
        2.0656436934471096
    ],
    "actual": [
        91.482,
        111.321,
        46.367000000000004,
        129.278
    ],
    "mse": 5564.842248593319,
    "rmse": 74.59787026848232,
    "mape": 64.2540917267583
}