{
    "predictions": [
        132.66510257226227,
        124.93325163458287,
        131.44562929880618,
        111.42334366065263
    ],
    "actual": [
        87.987,
        87.987,
        87.987,
        114.111
    ],
    "mse": 1314.2585791082493,
    "rmse": 36.252704438541535,
    "mape": 36.12901374151645
}