{
    "predictions": [
        230.6849690563679,
        235.0853291215897,
        240.09694313883784,
        246.8065545423031
    ],
    "actual": [
        282.398,
        264.815,
        250.942,
        233.80900000000003
    ],
    "mse": 961.160645579409,
    "rmse": 31.0025909494579,
    "mape": 9.854869268273333
}