{
    "predictions": [
        2723.123149655342,
        2648.9669675047994,
        2804.6877449829576,
        2713.7812608220574
    ],
    "actual": [
        1946.9999999999998,
        1955.5,
        2123.1,
        1581.0000000000005
    ],
    "mse": 707754.7043579484,
    "rmse": 841.2815844638158,
    "mape": 44.76949771096719
}