{
    "predictions": [
        15397.619084358215,
        16698.52691692114,
        18587.899001598358,
        21704.404011011124
    ],
    "actual": [
        25311.0,
        27872.0,
        30853.0,
        36834.0
    ],
    "mse": 150614749.80197996,
    "rmse": 12272.520108029155,
    "mape": 40.02081257678529
}