{
    "predictions": [
        15.89769016289711,
        16.744445241212844,
        16.88119927662611,
        15.227211765408516
    ],
    "actual": [
        2.387,
        6.717,
        13.41,
        23.974999999999998
    ],
    "mse": 92.9153575396584,
    "rmse": 9.63926125487106,
    "mape": 194.4170445331302
}