{
    "predictions": [
        813.7108541578056,
        807.2899650275708,
        822.2009613662959,
        824.3559685468674
    ],
    "actual": [
        804.6,
        843.7,
        1032.0,
        1109.5
    ],
    "mse": 31682.863398787456,
    "rmse": 177.9968072713313,
    "mape": 12.869364322599486
}