{
    "predictions": [
        488.83170520007604,
        499.34318449610464,
        512.7016747671365,
        528.8151107538938
    ],
    "actual": [
        547.544,
        430.558,
        551.151,
        547.837
    ],
    "mse": 2504.679512047492,
    "rmse": 50.046773243112206,
    "mape": 9.286758947566703
}