{
    "predictions": [
        393227689.9352073,
        374269166.9906973,
        361765041.04167217,
        315355793.6248183
    ],
    "actual": [
        268204000.0,
        269811000.0,
        361155000.0,
        342288000.0
    ],
    "mse": 6817036896594791.0,
    "rmse": 82565349.24891186,
    "mape": 23.34191506140813
}