{
    "predictions": [
        108.06795623302459,
        97.91343646645545,
        90.70740772485732,
        87.17212853431701
    ],
    "actual": [
        147.9,
        177.2,
        185.2,
        202.89999999999998
    ],
    "mse": 7548.685274116757,
    "rmse": 86.88317025820798,
    "mape": 44.933667325503244
}