{
    "predictions": [
        165.68849526321887,
        173.5596524425745,
        182.5156935530901,
        184.5778361572027
    ],
    "actual": [
        178.84200000000004,
        193.27499999999998,
        210.436,
        190.902
    ],
    "mse": 345.31204414262766,
    "rmse": 18.58257366842999,
    "mape": 8.534026936507974
}