{
    "predictions": [
        399.01477646142246,
        397.6724693617821,
        408.21554209041597,
        408.939483345449
    ],
    "actual": [
        438.584,
        440.57,
        517.946,
        641.192
    ],
    "mse": 17346.981617930564,
    "rmse": 131.70794060317914,
    "mape": 19.0416379946024
}