{
    "predictions": [
        209.0792011499405,
        211.02505611181263,
        217.2877492308617,
        223.4162791490555
    ],
    "actual": [
        181.00000000000003,
        274.0,
        278.0,
        264.0
    ],
    "mse": 2521.8252216253222,
    "rmse": 50.217777943924624,
    "mape": 18.927121906170527
}