{
    "predictions": [
        255.76603246361014,
        284.5370394313335,
        297.8870220130682,
        312.7971594849229
    ],
    "actual": [
        308.179,
        303.83,
        603.785,
        331.721
    ],
    "mse": 24262.75554245206,
    "rmse": 155.7650652182705,
    "mape": 19.931343360501234
}