{
    "predictions": [
        809.4709494113921,
        781.502470076084,
        813.7900235056876,
        799.4860938787459
    ],
    "actual": [
        554.0,
        135.0,
        350.0,
        382.0
    ],
    "mse": 218156.66857329383,
    "rmse": 467.0724446735151,
    "mape": 191.7013992547664
}