{
    "predictions": [
        579.499514222145,
        625.7805423736571,
        726.3584864139556,
        735.0637605190276
    ],
    "actual": [
        546.0,
        593.9999999999999,
        593.9999999999999,
        559.0
    ],
    "mse": 12662.359255144578,
    "rmse": 112.52714896923577,
    "mape": 16.31611893627171
}