{
    "predictions": [
        78.83847763210535,
        86.39357193404437,
        92.42129322975875,
        93.07211640536786
    ],
    "actual": [
        81.537,
        80.04,
        58.964,
        69.73300000000002
    ],
    "mse": 427.93868103411876,
    "rmse": 20.686678830448322,
    "mape": 25.364679703274295
}