{
    "predictions": [
        177.9238962931633,
        170.57377858018876,
        164.78657201576232,
        170.8793659081459
    ],
    "actual": [
        540.455,
        -2737.617,
        106.86099999999995,
        126.10699999999987
    ],
    "mse": 2148590.5856040274,
    "rmse": 1465.8071447513234,
    "mape": 65.75488726174777
}