{
    "predictions": [
        372.03851496768,
        390.7624570264817,
        393.8283782421351,
        382.4379062879086
    ],
    "actual": [
        326.554,
        282.694,
        293.136,
        290.329
    ],
    "mse": 8092.659539885387,
    "rmse": 89.95921042275431,
    "mape": 29.558114714255794
}