{
    "predictions": [
        229701641.85953137,
        231274306.68652055,
        223264375.04047152,
        223833543.9701676
    ],
    "actual": [
        198388000.0,
        194810000.00000003,
        200716000.0,
        198623000.00000003
    ],
    "mse": 863547643218283.0,
    "rmse": 29386181.160849787,
    "mape": 14.607138387396008
}