{
    "predictions": [
        25269917.40615107,
        44126134.591005735,
        132101621.51692806,
        149638438.81858882
    ],
    "actual": [
        99425000.0,
        115615000.0,
        136915000.0,
        153919000.0
    ],
    "mse": 2662781492103739.0,
    "rmse": 51602146.19668196,
    "mape": 35.678535010179935
}