{
    "predictions": [
        364.0559647936821,
        369.7406643453241,
        381.76561973780395,
        412.2623540246487
    ],
    "actual": [
        357.374,
        375.768,
        458.644,
        544.239
    ],
    "mse": 5852.274465810044,
    "rmse": 76.50015990708806,
    "mape": 11.121401674038694
}