{
    "predictions": [
        210.63946554884313,
        288.717841899693,
        446.09084882795815,
        410.82715827524663
    ],
    "actual": [
        160.0,
        220.5,
        418.3,
        210.19999999999996
    ],
    "mse": 12060.40433517582,
    "rmse": 109.81987222345425,
    "mape": 41.1692660403495
}