{
    "predictions": [
        142.26684787189959,
        140.92206070935725,
        143.02856638479233,
        138.96363218724727
    ],
    "actual": [
        45.608,
        61.034,
        61.034,
        103.364
    ],
    "mse": 5928.869461080597,
    "rmse": 76.99915234001344,
    "mape": 127.90213319353612
}