{
    "predictions": [
        1104.6451094150543,
        1106.3856216669083,
        1110.5555447340012,
        1115.283796429634
    ],
    "actual": [
        1197.0,
        1249.0,
        1215.0,
        1218.0
    ],
    "mse": 12581.8873585029,
    "rmse": 112.16901247003514,
    "mape": 9.040812976586343
}