{
    "predictions": [
        578.2556297779083,
        1016.3497190475464,
        1027.7877840995789,
        454.1462516784668
    ],
    "actual": [
        233.0,
        291.0,
        63.000000000000014,
        -179.0
    ],
    "mse": 494255.82729449065,
    "rmse": 703.0333045414638,
    "mape": 570.6404061478811
}