{
    "predictions": [
        26.915660289645196,
        26.000322464704514,
        28.474073120355605,
        27.651872594833375
    ],
    "actual": [
        35.368,
        32.125,
        62.352000000000004,
        25.789
    ],
    "mse": 315.034486364427,
    "rmse": 17.749210865963224,
    "mape": 26.130068364189462
}