{
    "predictions": [
        978118801.8665314,
        989490578.1760216,
        999680644.9718475,
        1033651229.883194
    ],
    "actual": [
        1171576000.0,
        987897000.0,
        952616000.0,
        1073248000.0
    ],
    "mse": 1.0302803002766118e+16,
    "rmse": 101502724.11500156,
    "mape": 6.325968159362444
}