{
    "predictions": [
        2373.0643604159354,
        2696.0268328300117,
        2705.3059361213445,
        2610.6315986329314
    ],
    "actual": [
        2713.0,
        2713.0,
        3748.0,
        2744.0
    ],
    "mse": 305210.5921985502,
    "rmse": 552.4586791775021,
    "mape": 11.458970060005008
}