{
    "predictions": [
        411.17848891019827,
        402.0026721954346,
        399.3445446491242,
        416.608972132206
    ],
    "actual": [
        459.0,
        401.0,
        364.0,
        527.0
    ],
    "mse": 3930.8295361513824,
    "rmse": 62.69632793195613,
    "mape": 10.331444164717585
}