{
    "predictions": [
        1289.0141307115555,
        1284.95484739542,
        1816.5543307065961,
        1863.5244081020353
    ],
    "actual": [
        1052.0,
        942.0,
        998.0,
        983.0
    ],
    "mse": 404787.03777273337,
    "rmse": 636.22876213885,
    "mape": 57.63291205434737
}