{
    "predictions": [
        293.5636704564095,
        165.50267714262012,
        -79.73447668552397,
        -134.0281534269452
    ],
    "actual": [
        313.00000000000006,
        55.999999999999986,
        116.0,
        715.0
    ],
    "mse": 192882.3494706131,
    "rmse": 439.18373088106654,
    "mape": 122.30799974085049
}