{
    "predictions": [
        852.7955420405865,
        499.91310050773626,
        233.41800498116018,
        32.44050297531486
    ],
    "actual": [
        236.335,
        217.48000000000002,
        76.81900000000002,
        146.105
    ],
    "mse": 124308.7306000877,
    "rmse": 352.5744327090206,
    "mape": 168.08975987257904
}