{
    "predictions": [
        100.88850653767588,
        106.52646839618684,
        103.12569767832758,
        93.74681283235552
    ],
    "actual": [
        60.8,
        143.9,
        151.2,
        155.5
    ],
    "mse": 2282.115972510048,
    "rmse": 47.77149749076376,
    "mape": 40.85368877903871
}