{
    "predictions": [
        4219.826336860657,
        4300.568598747253,
        4410.117181777954,
        4305.224400043488
    ],
    "actual": [
        3593.9999999999995,
        3578.0,
        4118.0,
        4127.0
    ],
    "mse": 257715.09211618832,
    "rmse": 507.6564705745297,
    "mape": 12.255003302826381
}