{
    "predictions": [
        146.34120103281737,
        143.55053447204827,
        138.7692654263973,
        136.64839411610365
    ],
    "actual": [
        -14.6,
        22.699999999999996,
        59.20000000000001,
        96.5
    ],
    "mse": 12112.520855665978,
    "rmse": 110.05689826478837,
    "mape": 452.68257473540336
}