{
    "predictions": [
        53.85624091005325,
        53.59696191132068,
        53.75787751710415,
        53.22610972499847
    ],
    "actual": [
        51.916,
        46.308,
        53.432,
        62.03199999999999
    ],
    "mse": 33.63585005631205,
    "rmse": 5.7996422351996895,
    "mape": 8.570765577299797
}