{
    "predictions": [
        348.81525658369065,
        376.4962912976742,
        371.22515042424203,
        360.42917482852937
    ],
    "actual": [
        272.3,
        434.50000000000006,
        384.7,
        302.4
    ],
    "mse": 3191.992853915405,
    "rmse": 56.49772432510362,
    "mape": 16.035344812084986
}