{
    "predictions": [
        67.36748239259421,
        -38.6554058627002,
        -140.6303243510425,
        -190.6915656083226
    ],
    "actual": [
        203.0,
        104.0,
        51.00000000000001,
        57.0
    ],
    "mse": 34205.009384690675,
    "rmse": 184.94596341821216,
    "mape": 253.56876197946852
}