{
    "predictions": [
        5077.309698998928,
        5119.776149272919,
        5147.178007304668,
        5091.676105618477
    ],
    "actual": [
        3434.0,
        4220.0,
        3220.0,
        3578.0
    ],
    "mse": 2378823.577545865,
    "rmse": 1542.3435342185817,
    "mape": 42.83278629961282
}