{
    "predictions": [
        663.4273090362549,
        762.0552215576172,
        826.2724151611328,
        823.4591331481934
    ],
    "actual": [
        431.0,
        478.0,
        479.0,
        513.0
    ],
    "mse": 87923.20664173889,
    "rmse": 296.5184760545941,
    "mape": 61.59275959254212
}