{
    "predictions": [
        97.26595827162267,
        96.72470143577456,
        96.90620455777646,
        98.22250785407425
    ],
    "actual": [
        105.407,
        105.407,
        102.1,
        118.996
    ],
    "mse": 150.04308895350812,
    "rmse": 12.249207686765219,
    "mape": 9.626158855436625
}