{
    "predictions": [
        73.13562198194863,
        73.25861025269332,
        75.7995761818886,
        78.05690924155714
    ],
    "actual": [
        302.625,
        513.801,
        452.634,
        397.033
    ],
    "mse": 122623.22530931159,
    "rmse": 350.17599190879946,
    "mape": 81.2920922472495
}