{
    "predictions": [
        405.486113150239,
        381.94727135159076,
        376.6333017231524,
        395.38751633311807
    ],
    "actual": [
        919.9559999999999,
        471.33200000000005,
        501.259,
        418.617
    ],
    "mse": 72185.01694329432,
    "rmse": 268.6726948227049,
    "mape": 26.324808473270295
}