{
    "predictions": [
        580.4217968826295,
        577.7540140686035,
        577.4618219757081,
        583.110860710144
    ],
    "actual": [
        658.287,
        644.848,
        718.181,
        654.83
    ],
    "mse": 8877.528702245487,
    "rmse": 94.2206384092439,
    "mape": 13.19481000027238
}