{
    "predictions": [
        99.70195601415634,
        102.3381864709854,
        106.74238922071457,
        88.62382509183884
    ],
    "actual": [
        126.23199999999999,
        150.622,
        149.655,
        100.768
    ],
    "mse": 1256.035757722477,
    "rmse": 35.44059477100345,
    "mape": 23.4497879211664
}