{
    "predictions": [
        507.5154361724854,
        539.6441323757172,
        505.606781244278,
        508.36190998554235
    ],
    "actual": [
        424.0000000000001,
        446.00000000000006,
        513.0,
        495.00000000000006
    ],
    "mse": 3994.3129823782474,
    "rmse": 63.20057738959548,
    "mape": 11.208507017806408
}