{
    "predictions": [
        814.1117842347624,
        808.0317661285402,
        808.5613246650698,
        801.7610151461365
    ],
    "actual": [
        677.9999999999999,
        470.0,
        722.0,
        709.0000000000001
    ],
    "mse": 37222.34039456601,
    "rmse": 192.9309213023304,
    "mape": 29.267399721069093
}