{
    "predictions": [
        342.7563626945019,
        341.5249722003937,
        329.05263993740084,
        344.0478400886059
    ],
    "actual": [
        392.90000000000003,
        448.80000000000007,
        423.50000000000006,
        481.90000000000003
    ],
    "mse": 10486.45944166563,
    "rmse": 102.40341518555731,
    "mape": 21.89316649650086
}