{
    "predictions": [
        233477523.69642255,
        233932517.00401303,
        241218155.2171707,
        238936125.34999844
    ],
    "actual": [
        266100000.0,
        283900000.0,
        293200000.0,
        288100000.0
    ],
    "mse": 2170043518689736.0,
    "rmse": 46583725.89960721,
    "mape": 16.163467034579206
}