{
    "predictions": [
        491.93203234672546,
        491.7460624575615,
        489.2396758198738,
        480.04935252666473
    ],
    "actual": [
        394.0,
        467.0,
        485.99999999999994,
        488.00000000000006
    ],
    "mse": 2569.1897153441864,
    "rmse": 50.68717505784068,
    "mape": 8.11265487155852
}