{
    "predictions": [
        139.7614227116108,
        136.08463205695153,
        136.47718674540522,
        135.04378955364228
    ],
    "actual": [
        110.00000000000001,
        11.7,
        184.8,
        129.5
    ],
    "mse": 4680.776714303978,
    "rmse": 68.4162021330034,
    "mape": 280.15049479533934
}