{
    "predictions": [
        260.7644011332989,
        258.1991048936844,
        253.92499823808672,
        216.63625221014024
    ],
    "actual": [
        201.803,
        223.209,
        229.991,
        230.374
    ],
    "mse": 1365.5790625178388,
    "rmse": 36.953742199103985,
    "mape": 15.315743806858368
}