{
    "predictions": [
        77.70680326372384,
        81.07810709029435,
        80.32573047429322,
        76.70933085829019
    ],
    "actual": [
        89.8,
        103.0,
        77.7,
        48.8
    ],
    "mse": 353.16000138200604,
    "rmse": 18.79255175280904,
    "mape": 23.830193235831636
}