{
    "predictions": [
        139.16899127721788,
        133.11576654821636,
        121.61629689687491,
        113.31568362623455
    ],
    "actual": [
        135.176,
        119.953,
        180.43799999999996,
        176.791
    ],
    "mse": 1919.5777368111471,
    "rmse": 43.81298593808857,
    "mape": 20.607686243941505
}