{
    "predictions": [
        1207.267047412753,
        1256.289612710476,
        1245.4227911047935,
        1313.072907655239
    ],
    "actual": [
        907.0000000000001,
        947.0000000000001,
        1233.0,
        1211.0000000000002
    ],
    "mse": 49098.39212714921,
    "rmse": 221.58156991760214,
    "mape": 18.80044826501764
}