{
    "predictions": [
        1377.8556848061085,
        1331.4588414005636,
        1234.4491990357635,
        1336.9142671821712
    ],
    "actual": [
        671.283,
        492.2390000000001,
        609.4219999999999,
        991.2430000000004
    ],
    "mse": 428420.6314010798,
    "rmse": 654.5384873336936,
    "mape": 103.29513255276946
}