{
    "predictions": [
        160.96012866497037,
        163.1136481761932,
        168.4309210181236,
        162.01639187335965
    ],
    "actual": [
        83.0,
        50.99999999999999,
        50.99999999999999,
        101.0
    ],
    "mse": 9040.068264310536,
    "rmse": 95.0792735790011,
    "mape": 151.1068814050115
}