{
    "predictions": [
        324.68232422471044,
        341.7550315201283,
        312.62350999116893,
        293.5661354601383
    ],
    "actual": [
        198.5,
        115.4,
        102.40000000000002,
        194.5
    ],
    "mse": 30291.650647310445,
    "rmse": 174.04496731394002,
    "mape": 128.98656782345793
}