{
    "predictions": [
        127.95099246609213,
        134.1034689804316,
        130.30545247316363,
        126.35374472367765
    ],
    "actual": [
        129.802,
        103.27999999999999,
        128.094,
        139.526
    ],
    "mse": 282.9778249959691,
    "rmse": 16.821944744766256,
    "mape": 10.609434452176716
}