{
    "predictions": [
        77.04522610670328,
        78.70847404271365,
        97.48045233263076,
        105.01586937618256
    ],
    "actual": [
        238.311,
        124.635,
        210.038,
        875.1149999999999
    ],
    "mse": 158459.44203509018,
    "rmse": 398.0696447044037,
    "mape": 61.527005049366544
}