{
    "predictions": [
        968.7830352783204,
        992.6630678176882,
        1024.757914543152,
        1021.3425559997561
    ],
    "actual": [
        1032.4,
        992.1,
        975.7,
        1220.0
    ],
    "mse": 11479.723570450002,
    "rmse": 107.1434718984316,
    "mape": 6.882542381509693
}