{
    "predictions": [
        41.64797917222976,
        40.313756108284,
        42.515569248914716,
        41.52016600775718
    ],
    "actual": [
        29.555,
        38.515,
        25.568,
        29.74
    ],
    "mse": 143.86702085353733,
    "rmse": 11.994457922454743,
    "mape": 37.870486782758014
}