{
    "predictions": [
        150.73865149974824,
        258.61031167244914,
        363.6154171357155,
        320.28694812297823
    ],
    "actual": [
        175.6,
        230.2,
        249.2,
        272.6
    ],
    "mse": 4197.541289550018,
    "rmse": 64.7884348441141,
    "mape": 22.47649689495237
}