{
    "predictions": [
        112.94054166078567,
        197.23350028991698,
        275.1825903892517,
        183.89309365749358
    ],
    "actual": [
        165.9,
        279.79999999999995,
        357.7,
        102.89999999999999
    ],
    "mse": 5747.733802759414,
    "rmse": 75.81381010580733,
    "mape": 40.8027522070079
}