{
    "predictions": [
        121.11137168407441,
        124.23972871303559,
        127.61824017763139,
        128.14143466353417
    ],
    "actual": [
        84.80000000000001,
        -186.4,
        143.6,
        78.29999999999998
    ],
    "mse": 25138.78550620664,
    "rmse": 158.55215389961324,
    "mape": 71.06400959034964
}