{
    "predictions": [
        246.45978398627037,
        305.68398670935625,
        322.805254979968,
        272.47732870280737
    ],
    "actual": [
        24.372,
        339.551,
        310.664,
        144.988
    ],
    "mse": 16717.7243476855,
    "rmse": 129.2970392069575,
    "mape": 253.263673932997
}