{
    "predictions": [
        1309.3069030195475,
        1320.5338706076145,
        1321.8083165585995,
        1328.8247307911515
    ],
    "actual": [
        1254.0,
        1216.0,
        1332.0,
        1118.0
    ],
    "mse": 14634.28028758859,
    "rmse": 120.97222940654021,
    "mape": 8.157356523758793
}