{
    "predictions": [
        365.6224394505024,
        352.91776398992533,
        347.8585467652082,
        346.8448652758598
    ],
    "actual": [
        324.36,
        322.88,
        349.04400000000004,
        303.809
    ],
    "mse": 1114.5867935836648,
    "rmse": 33.3854278628216,
    "mape": 9.13233074262677
}