{
    "predictions": [
        68.08397336304188,
        98.40999954938889,
        141.94060319662094,
        200.31078946590424
    ],
    "actual": [
        52.0,
        139.0,
        118.0,
        72.00000000000001
    ],
    "mse": 4735.763377626327,
    "rmse": 68.81688294035358,
    "mape": 64.65755844237613
}