{
    "predictions": [
        259.2109733390808,
        261.8225148463249,
        258.25656718969344,
        247.07417366862296
    ],
    "actual": [
        204.69999999999996,
        227.5,
        217.00000000000003,
        224.90000000000003
    ],
    "mse": 1585.8198884785284,
    "rmse": 39.82235413029381,
    "mape": 17.647080491049227
}