{
    "predictions": [
        596.767490269065,
        568.5439994125962,
        486.7149823930264,
        455.16912453442814
    ],
    "actual": [
        450.0,
        476.0,
        508.0,
        417.0
    ],
    "mse": 8003.755517353138,
    "rmse": 89.46371061694869,
    "mape": 16.35006147279817
}