{
    "predictions": [
        1166.6504793167114,
        1274.085781097412,
        1596.702917098999,
        2662.0701007843018
    ],
    "actual": [
        2090.0,
        859.0,
        138.0,
        3077.0
    ],
    "mse": 831212.8911578965,
    "rmse": 911.7087754090647,
    "mape": 290.7543409244675
}