{
    "predictions": [
        482.8008760397434,
        490.42514088249203,
        496.0430732890367,
        510.60975232398505
    ],
    "actual": [
        471.368,
        461.20500000000004,
        397.991,
        559.039
    ],
    "mse": 3236.0320986190623,
    "rmse": 56.88613274444891,
    "mape": 10.515194442171438
}