{
    "predictions": [
        369.59902039861674,
        368.1277637314796,
        350.3776041970252,
        321.571230600357
    ],
    "actual": [
        328.083,
        369.821,
        299.635,
        377.0
    ],
    "mse": 1843.4018391635382,
    "rmse": 42.93485576036722,
    "mape": 11.187342718255893
}