{
    "predictions": [
        493.0803354653716,
        483.9155737761855,
        471.2118808717728,
        439.788967407465
    ],
    "actual": [
        377.365,
        390.368,
        412.09,
        412.543
    ],
    "mse": 6594.731739764774,
    "rmse": 81.20795367305332,
    "mape": 18.894802951656917
}