{
    "predictions": [
        286.04424928236017,
        288.4789882898331,
        287.05956204032907,
        278.05188195872313
    ],
    "actual": [
        172.83300000000008,
        205.719,
        204.58699999999993,
        235.15799999999996
    ],
    "mse": 7076.902806197703,
    "rmse": 84.12432945466908,
    "mape": 41.071267821174516
}