{
    "predictions": [
        124.83601025551559,
        122.07418947374822,
        121.08611878144742,
        116.89054522743822
    ],
    "actual": [
        147.245,
        162.434,
        183.06799999999998,
        190.532
    ],
    "mse": 2848.9736468733436,
    "rmse": 53.37577771680094,
    "mape": 28.143370719478067
}