{
    "predictions": [
        262.55352191209795,
        264.3455913844109,
        267.55424863862993,
        272.92741274213796
    ],
    "actual": [
        269.817,
        314.513,
        315.803,
        322.391
    ],
    "mse": 1836.0288683710892,
    "rmse": 42.84890743497539,
    "mape": 12.315918121179958
}