{
    "predictions": [
        1252.7528529863357,
        1136.2324044370653,
        1094.166131280899,
        1092.0832213745118
    ],
    "actual": [
        881.252,
        1128.88,
        1292.244,
        1406.863
    ],
    "mse": 69097.02318209849,
    "rmse": 262.8631263264182,
    "mape": 20.127531589161848
}