{
    "predictions": [
        1585.4769557118416,
        1595.6095667004586,
        1592.1257991373539,
        1592.2493906140328
    ],
    "actual": [
        1669.0,
        1778.0,
        1577.0,
        1603.0
    ],
    "mse": 10146.68362201734,
    "rmse": 100.73074814582358,
    "mape": 4.223090492201447
}