{
    "predictions": [
        76.99387188321353,
        79.76728602328897,
        80.3892242705524,
        83.11357949274779
    ],
    "actual": [
        68.745,
        96.38100000000001,
        70.195,
        67.013
    ],
    "mse": 176.80256198156115,
    "rmse": 13.296712450134475,
    "mape": 16.94638690257892
}