{
    "predictions": [
        191.30902128112317,
        102.01436604350805,
        114.42080154383181,
        149.09650641930102
    ],
    "actual": [
        265.958,
        247.20900000000006,
        233.82799999999997,
        133.69
    ],
    "mse": 10287.34780918243,
    "rmse": 101.42656362700272,
    "mape": 37.34795468689689
}