{
    "predictions": [
        190.152038459301,
        192.14911254787447,
        169.9617782521248,
        132.46676651501656
    ],
    "actual": [
        182.86399999999998,
        178.727,
        186.228,
        176.631
    ],
    "mse": 612.0845247748103,
    "rmse": 24.740342050481242,
    "mape": 11.308395320313078
}