{
    "predictions": [
        33.083267641472816,
        15.402972913637756,
        4.125668655675648,
        -3.151534573161603
    ],
    "actual": [
        146.267,
        82.087,
        141.018,
        146.321
    ],
    "mse": 14584.71642791767,
    "rmse": 120.76719930476847,
    "mape": 89.4614009126193
}