{
    "predictions": [
        426.9512135982513,
        433.1040794849395,
        434.5890505313873,
        412.79650640487665
    ],
    "actual": [
        230.99999999999994,
        354.0,
        354.0,
        282.0
    ],
    "mse": 17064.163663764644,
    "rmse": 130.62987278476788,
    "mape": 44.08003968271551
}