{
    "predictions": [
        18.708894672751427,
        18.327976775348187,
        16.428523224532604,
        17.796633864581583
    ],
    "actual": [
        18.795,
        18.795,
        18.795,
        6.737
    ],
    "mse": 32.035309591792775,
    "rmse": 5.659974345506592,
    "mape": 44.924134889147666
}