{
    "predictions": [
        415.7552613556386,
        416.38870134949696,
        422.7723524212838,
        417.42358372211464
    ],
    "actual": [
        338.29999999999995,
        407.30000000000007,
        369.5,
        377.79999999999995
    ],
    "mse": 2622.473480842883,
    "rmse": 51.210091591822824,
    "mape": 12.508070646815048
}