{
    "predictions": [
        24584630.879938602,
        32500323.3422637,
        69798095.9739089,
        99005688.30835819
    ],
    "actual": [
        19406000.0,
        77660000.0,
        81135000.0,
        46415000.0
    ],
    "mse": 1240130125816407.5,
    "rmse": 35215481.3372813,
    "mape": 53.028619902768845
}