{
    "predictions": [
        201.9960013389587,
        260.7971109867096,
        285.62852611541746,
        276.09349908828733
    ],
    "actual": [
        190.0,
        344.7,
        323.2,
        271.4
    ],
    "mse": 2154.310854113112,
    "rmse": 46.4145543349617,
    "mape": 11.002182992815515
}