{
    "predictions": [
        2570.937973022461,
        -1109.931817770004,
        -1507.926802396774,
        -2805.776686489582
    ],
    "actual": [
        1516.0,
        1933.0000000000005,
        1953.0,
        2046.9999999999998
    ],
    "mse": 11474946.01875174,
    "rmse": 3387.4689694153276,
    "mape": 160.3214100379106
}