{
    "predictions": [
        173.94856810569763,
        175.4488737821579,
        167.27934269905091,
        167.83005471229552
    ],
    "actual": [
        99.5,
        135.8,
        92.6,
        90.0
    ],
    "mse": 4687.286031915848,
    "rmse": 68.46375706836317,
    "mape": 67.78606953503876
}