{
    "predictions": [
        83.70903732395172,
        342.16674490118027,
        570.3528891410826,
        289.6515955114364
    ],
    "actual": [
        18.486999999999988,
        131.444,
        545.0,
        204.1
    ],
    "mse": 14154.958463431825,
    "rmse": 118.97461268452116,
    "mape": 139.92039641991033
}