{
    "predictions": [
        1217.8666017132998,
        1289.978453187704,
        1318.1182880444526,
        1280.3565550990104
    ],
    "actual": [
        750.1,
        471.4,
        410.3000000000001,
        335.7
    ],
    "mse": 651346.5822252682,
    "rmse": 807.0604576023213,
    "mape": 184.6662939657532
}