{
    "predictions": [
        1100.7034130096436,
        1092.4093647003174,
        1044.1442413330078,
        1029.9676151275635
    ],
    "actual": [
        1410.0,
        1328.0,
        1567.0,
        1405.0
    ],
    "mse": 141298.69005978364,
    "rmse": 375.89718017003486,
    "mape": 24.93388895188251
}