{
    "predictions": [
        1711.1003293991091,
        1807.329656004906,
        1909.3779454231264,
        1907.9526920318606
    ],
    "actual": [
        3123.0,
        1297.0,
        1596.0,
        2042.0000000000002
    ],
    "mse": 592517.8637730288,
    "rmse": 769.7518195970886,
    "mape": 27.689092989413233
}