{
    "predictions": [
        834.809630757451,
        876.2435047774314,
        1096.757408505678,
        1384.7641250960828
    ],
    "actual": [
        375.0,
        673.0,
        861.0,
        714.0
    ],
    "mse": 189559.72148818595,
    "rmse": 435.38456735188254,
    "mape": 68.53547473608133
}