{
    "predictions": [
        299.8782167356014,
        293.1913949894905,
        296.74659099292757,
        308.49599462163445
    ],
    "actual": [
        283.5,
        293.0,
        343.0,
        359.1
    ],
    "mse": 1242.1064551473796,
    "rmse": 35.243530685040334,
    "mape": 8.354832020493628
}