{
    "predictions": [
        119.4900107227564,
        119.08808535397054,
        117.03082525563241,
        122.07896723520757
    ],
    "actual": [
        142.012,
        158.162,
        172.00200000000004,
        144.605
    ],
    "mse": 1390.8157529164437,
    "rmse": 37.29364225865373,
    "mape": 22.025363804627464
}