{
    "predictions": [
        1416.0077506899834,
        1469.1969915628433,
        1488.2433722615242,
        1528.3255913853645
    ],
    "actual": [
        1665.0,
        1568.0,
        1741.0,
        1597.0
    ],
    "mse": 35090.315489247674,
    "rmse": 187.32409212177615,
    "mape": 10.018453628149182
}