{
    "predictions": [
        340.28501806640634,
        334.80225501388315,
        333.12302184224137,
        298.66300883448133
    ],
    "actual": [
        -678.529,
        -99.81500000000004,
        -479.18,
        193.24300000000002
    ],
    "mse": 474455.9348302794,
    "rmse": 688.8076181563902,
    "mape": 202.4114151970205
}