{
    "predictions": [
        155.51288702160124,
        182.1907799364329,
        262.72366225677735,
        220.4123115870357
    ],
    "actual": [
        189.3,
        255.6,
        255.6,
        -3.0000000000000018
    ],
    "mse": 14123.572531591917,
    "rmse": 118.84263768358525,
    "mape": 1874.1082222083755
}