{
    "predictions": [
        26650.059246718884,
        27265.6516238451,
        28987.509466588497,
        30631.176707446575
    ],
    "actual": [
        33554.0,
        34331.0,
        37935.0,
        36786.0
    ],
    "mse": 53880745.55232429,
    "rmse": 7340.350506094671,
    "mape": 20.36837407269332
}