{
    "predictions": [
        233.61852755498887,
        235.39634212446214,
        246.70020819139484,
        252.14039874029163
    ],
    "actual": [
        293.442,
        225.1,
        247.095,
        243.062
    ],
    "mse": 941.8589251957126,
    "rmse": 30.689720187641214,
    "mape": 7.213929803634607
}