{
    "predictions": [
        492.95081374359125,
        485.4897729954719,
        457.01332330131527,
        481.2355581440925
    ],
    "actual": [
        531.841,
        587.433,
        636.988,
        653.303
    ],
    "mse": 18475.73922969678,
    "rmse": 135.92549146387805,
    "mape": 19.814619614236435
}