{
    "predictions": [
        404.00119001603116,
        594.4908197376727,
        -63.1594929009378,
        -111.992692073524
    ],
    "actual": [
        420.709,
        615.6889999999999,
        -120.559,
        -145.363
    ],
    "mse": 1284.1986568044108,
    "rmse": 35.835717612521876,
    "mape": 19.495504075616147
}