{
    "predictions": [
        209.82105471640827,
        217.1288773841858,
        230.06234051555396,
        228.82073894631864
    ],
    "actual": [
        147.647,
        249.435,
        298.567,
        247.123
    ],
    "mse": 2484.2899422759892,
    "rmse": 49.84265183832005,
    "mape": 21.353068277771076
}