{
    "predictions": [
        434.6392188966275,
        597.1801464259624,
        985.9292408823967,
        1210.4281675815582
    ],
    "actual": [
        1905.9999999999998,
        2636.0,
        3513.0,
        4204.0
    ],
    "mse": 5417311.970233278,
    "rmse": 2327.5119699441457,
    "mape": 74.4210040075497
}