{
    "predictions": [
        262.5109817462862,
        187.88138394919037,
        141.92929343149066,
        240.05492853552104
    ],
    "actual": [
        438.23500000000007,
        376.742,
        426.11000000000007,
        406.655
    ],
    "mse": 43765.380171017416,
    "rmse": 209.20176904370913,
    "mape": 49.47208919061502
}