{
    "predictions": [
        45.45847954154015,
        44.54903786182404,
        43.04909055233002,
        44.66021772027016
    ],
    "actual": [
        80.3,
        82.3,
        64.8,
        63.50000000000001
    ],
    "mse": 866.7765370909082,
    "rmse": 29.44106888499309,
    "mape": 38.12357492664194
}