{
    "predictions": [
        202.77590301960709,
        203.87163815915588,
        209.88973792761567,
        207.4393932041526
    ],
    "actual": [
        201.33599999999998,
        200.44,
        215.42099999999996,
        177.978
    ],
    "mse": 228.1045027010834,
    "rmse": 15.103128904339107,
    "mape": 5.3870673360435495
}