{
    "predictions": [
        741.1976071000099,
        829.4558220505714,
        832.7321165800095,
        860.9973095655441
    ],
    "actual": [
        189.99999999999997,
        1175.0,
        1741.0,
        1776.0
    ],
    "mse": 521350.01313551137,
    "rmse": 722.0457140205954,
    "mape": 105.80044047911348
}