{
    "predictions": [
        122.32305851978066,
        134.39499317759277,
        137.19838993382456,
        137.54011245340112
    ],
    "actual": [
        121.682,
        179.154,
        188.227,
        213.09199999999998
    ],
    "mse": 2578.9466012234457,
    "rmse": 50.7833299540651,
    "mape": 22.018892000954395
}