{
    "predictions": [
        242.72502662849428,
        240.97325912725927,
        244.987089830637,
        248.0218230535984
    ],
    "actual": [
        375.628,
        65.202,
        -84.486,
        337.363
    ],
    "mse": 41273.27467172113,
    "rmse": 203.15825031664633,
    "mape": 180.35422368934042
}