{
    "predictions": [
        5317.126025058329,
        5370.0897472851875,
        5431.881405825138,
        5422.501455666423
    ],
    "actual": [
        6545.932,
        6532.759,
        6689.912,
        6567.911
    ],
    "mse": 1439091.978847795,
    "rmse": 1199.621598191611,
    "mape": 18.203487027426547
}