{
    "predictions": [
        499.85907852506637,
        420.2092651181221,
        582.1336878643036,
        773.1293497686386
    ],
    "actual": [
        561.0,
        476.00000000000006,
        666.0,
        549.0
    ],
    "mse": 16029.585529104694,
    "rmse": 126.6079994672718,
    "mape": 19.00921503311447
}