{
    "predictions": [
        1373.4285135865211,
        1369.9807134270668,
        1380.5505824685097,
        1352.196167230606
    ],
    "actual": [
        1288.0,
        568.0,
        1482.9999999999998,
        1969.0000000000002
    ],
    "mse": 260353.48672853646,
    "rmse": 510.24845588059986,
    "mape": 46.515107871476154
}