{
    "predictions": [
        1803.0898096896706,
        1909.1060981601472,
        1957.0079395785924,
        2100.240350326895
    ],
    "actual": [
        1350.179,
        1584.449,
        1296.87,
        863.738
    ],
    "mse": 568812.6486386313,
    "rmse": 754.1966909491391,
    "mape": 62.023557432623335
}