{
    "predictions": [
        1014.752485720396,
        1022.8266062470078,
        1073.5157815412879,
        1050.4673504047394
    ],
    "actual": [
        969.989,
        1123.693,
        1196.892,
        1194.876
    ],
    "mse": 12063.337100418095,
    "rmse": 109.8332240281514,
    "mape": 8.996221032574294
}