{
    "predictions": [
        579.346508026123,
        636.4103304743767,
        669.0910222530365,
        662.752010166645
    ],
    "actual": [
        534.0,
        625.0,
        694.0,
        592.0
    ],
    "mse": 1953.2013866793745,
    "rmse": 44.19503803233316,
    "mape": 6.464512814319488
}