{
    "predictions": [
        316.12746571302415,
        334.9943770885468,
        355.5729710817337,
        354.2834450244904
    ],
    "actual": [
        329.0,
        320.0,
        316.00000000000006,
        157.0
    ],
    "mse": 10219.32780105244,
    "rmse": 101.09069097128796,
    "mape": 36.69492614912715
}