{
    "predictions": [
        495.71418380737305,
        485.91075229644775,
        492.71039390563965,
        464.60095834732056
    ],
    "actual": [
        714.0,
        760.0000000000001,
        757.0,
        712.0
    ],
    "mse": 63457.223739439236,
    "rmse": 251.90717286222565,
    "mape": 34.07410899432814
}