{
    "predictions": [
        1318.6763616561889,
        1191.6520304679868,
        1162.2697761535642,
        1238.476142501831
    ],
    "actual": [
        1657.0,
        1573.2999999999997,
        1715.1,
        1606.8
    ],
    "mse": 175350.44432763348,
    "rmse": 418.74866486668765,
    "mape": 24.957895005935924
}