{
    "predictions": [
        101.02362713885309,
        117.24795966279508,
        153.46460816872118,
        189.47767131757735
    ],
    "actual": [
        26.042,
        47.298,
        46.308,
        53.685
    ],
    "mse": 10109.357380751271,
    "rmse": 100.54530014252914,
    "mape": 230.04023870305912
}