{
    "predictions": [
        75.70241842138766,
        75.54135087418555,
        76.05324320930242,
        77.63267549800872
    ],
    "actual": [
        77.482,
        76.673,
        76.62,
        71.976
    ],
    "mse": 9.191682822116762,
    "rmse": 3.031778821437468,
    "mape": 3.0928803949982533
}