{
    "predictions": [
        1166.1477215600014,
        1350.030373119116,
        1389.2302030436992,
        1422.7761500592233
    ],
    "actual": [
        1272.073,
        1335.894,
        1191.978,
        941.766
    ],
    "mse": 70424.79943078585,
    "rmse": 265.3767122993008,
    "mape": 19.252205498492938
}