{
    "predictions": [
        262.66502611607314,
        267.55862408846616,
        280.001508232832,
        275.071780862093
    ],
    "actual": [
        102.5,
        190.0,
        145.6,
        163.2
    ],
    "mse": 15561.809132443643,
    "rmse": 124.74698045421236,
    "mape": 89.4841260115326
}