{
    "predictions": [
        1467.9986186088322,
        2176.635943554282,
        1865.7454360964298,
        1632.727537489593
    ],
    "actual": [
        1494.112,
        1800.132,
        1947.043,
        1570.614
    ],
    "mse": 38226.1284089332,
    "rmse": 195.51503371590942,
    "mape": 7.698317932198359
}