{
    "predictions": [
        261.5975557804108,
        258.8563312530518,
        262.59566595554355,
        266.9264955759049
    ],
    "actual": [
        325.5,
        331.1,
        254.60000000000002,
        257.1
    ],
    "mse": 2365.790185158102,
    "rmse": 48.63938923504387,
    "mape": 12.103477665271802
}