{
    "predictions": [
        644.7062965035439,
        802.4327979683876,
        871.2986605763435,
        893.5315464735031
    ],
    "actual": [
        734.0000000000001,
        889.0,
        807.0,
        593.0
    ],
    "mse": 27480.19353234056,
    "rmse": 165.77151001405687,
    "mape": 20.137604932051957
}