{
    "predictions": [
        500.59345650589466,
        447.6614090926647,
        483.08309662127493,
        562.9057661907673
    ],
    "actual": [
        498.25399999999996,
        354.665,
        475.269,
        624.6
    ],
    "mse": 3130.2609380470294,
    "rmse": 55.94873491015708,
    "mape": 9.552996743321462
}