{
    "predictions": [
        230.3337558208704,
        253.04054120767117,
        301.1689853441715,
        327.18547041487693
    ],
    "actual": [
        128.58,
        92.521,
        77.575,
        150.78
    ],
    "mse": 29308.37755188954,
    "rmse": 171.19689702763173,
    "mape": 164.46412333773208
}