{
    "predictions": [
        56.997601094841954,
        54.63101990744472,
        52.58386029377579,
        53.04493008852005
    ],
    "actual": [
        65.3,
        65.3,
        65.3,
        58.8
    ],
    "mse": 94.394500627486,
    "rmse": 9.715683230091747,
    "mape": 14.578399049202318
}