{
    "predictions": [
        205.06583061259985,
        201.87036284816264,
        198.69152020645143,
        197.4182622410059
    ],
    "actual": [
        255.627,
        252.945,
        227.708,
        231.363
    ],
    "mse": 1789.812932787377,
    "rmse": 42.306180787059674,
    "mape": 16.846437812160417
}