{
    "predictions": [
        943.4932174990178,
        1106.7324224265517,
        1209.9252933008077,
        1258.0555558631124
    ],
    "actual": [
        830.9,
        1763.6000000000001,
        1628.5,
        1055.7
    ],
    "mse": 165076.20079274388,
    "rmse": 406.2957060968574,
    "mape": 23.9168943651792
}