{
    "predictions": [
        23556044.05593872,
        23678161.384940147,
        23119084.81633663,
        23219573.470711708
    ],
    "actual": [
        21617000.0,
        21617000.0,
        24341000.0,
        23035000.0
    ],
    "mse": 2383855546949.33,
    "rmse": 1543973.9463311322,
    "mape": 6.081541804130792
}