{
    "predictions": [
        -55864702.6423514,
        -45108305.06944657,
        -36630124.270558365,
        -24931705.976665027
    ],
    "actual": [
        47696000.000000015,
        60767000.00000001,
        58947000.0,
        70365999.99999999
    ],
    "mse": 1.003775970089264e+16,
    "rmse": 100188620.61577971,
    "mape": 172.2326062502677
}