{
    "predictions": [
        453.8651426613331,
        478.6170835137367,
        503.7048570513725,
        484.52535063028336
    ],
    "actual": [
        430.4,
        374.5,
        396.4,
        330.0
    ],
    "mse": 11695.849083437663,
    "rmse": 108.14734894317874,
    "mape": 26.787317365691077
}