{
    "predictions": [
        600.508612960875,
        605.013668790996,
        617.3193558768629,
        627.2173794595002
    ],
    "actual": [
        731.2999999999998,
        694.3,
        702.6,
        736.9
    ],
    "mse": 11095.375343767635,
    "rmse": 105.33458759480494,
    "mape": 14.441719997134742
}