{
    "predictions": [
        -12.280747349023818,
        -78.41847047924995,
        -71.05249103808401,
        179.92603921937942
    ],
    "actual": [
        227.955,
        123.126,
        186.667,
        185.776
    ],
    "mse": 41196.736496792284,
    "rmse": 202.96979207949218,
    "mape": 102.57241650098621
}