{
    "predictions": [
        548.4694555718302,
        502.98345372760286,
        452.0007597757875,
        447.70255769449466
    ],
    "actual": [
        469.5,
        425.99999999999994,
        343.4,
        246.39999999999998
    ],
    "mse": 16119.867954841227,
    "rmse": 126.96404197583357,
    "mape": 37.05343841396363
}