{
    "predictions": [
        167.13833391666412,
        160.09446108341217,
        154.31188559532166,
        160.51898431777954
    ],
    "actual": [
        165.0,
        169.0,
        169.0,
        195.0
    ],
    "mse": 372.1405606441173,
    "rmse": 19.29094504279449,
    "mape": 8.23481842610963
}