{
    "predictions": [
        171.79606354969366,
        170.33473454800247,
        170.03601097260415,
        168.6595922142714
    ],
    "actual": [
        1850.9269999999997,
        474.5079999999999,
        364.587,
        316.667
    ],
    "mse": 742939.5893128006,
    "rmse": 861.9394348286894,
    "mape": 63.73060092186892
}