{
    "predictions": [
        473.07301531171805,
        481.53069602346426,
        497.1082443628312,
        502.16299025821695
    ],
    "actual": [
        353.053,
        315.904,
        457.169,
        473.976
    ],
    "mse": 11056.664042791208,
    "rmse": 105.15067304963486,
    "mape": 25.276868311982565
}