{
    "predictions": [
        1922.255418205261,
        2064.6354803085324,
        2181.781032562256,
        2161.018555021286
    ],
    "actual": [
        1532.1999999999998,
        1952.9999999999998,
        1735.0999999999997,
        1507.4
    ],
    "mse": 197836.71751349876,
    "rmse": 444.7883963341431,
    "mape": 25.069448474000882
}