{
    "predictions": [
        1384.4659715247153,
        1414.9521955585478,
        1370.6587957072259,
        1375.389282308817
    ],
    "actual": [
        1076.9,
        1398.7,
        1816.9,
        1663.4
    ],
    "mse": 94235.58665351776,
    "rmse": 306.9781533815033,
    "mape": 17.899355127758703
}