{
    "predictions": [
        323.2467722366452,
        332.442036136806,
        331.6019331963062,
        325.4395996530056
    ],
    "actual": [
        326.452,
        310.919,
        303.132,
        289.21
    ],
    "mse": 649.1588891951101,
    "rmse": 25.4785966881049,
    "mape": 7.455811915389983
}