{
    "predictions": [
        59.885049390792844,
        55.795586049556725,
        56.77728900909423,
        61.01035785675048
    ],
    "actual": [
        50.9,
        44.1,
        84.3,
        63.00000000000001
    ],
    "mse": 244.74403543617302,
    "rmse": 15.64429721771397,
    "mape": 19.994913006105307
}