{
    "predictions": [
        198.73585692572595,
        206.04080852508548,
        207.0483302035332,
        206.92151412391667
    ],
    "actual": [
        168.237,
        258.457,
        218.05400000000003,
        191.276
    ],
    "mse": 1010.8860705953352,
    "rmse": 31.794434585243614,
    "mape": 12.908927174890684
}