{
    "predictions": [
        2109.047668635845,
        2088.6719245910645,
        2020.035933971405,
        1983.2265293300152
    ],
    "actual": [
        2070.0,
        2184.0,
        2283.0,
        1532.0
    ],
    "mse": 70841.9107951422,
    "rmse": 266.1614374682069,
    "mape": 11.805746041289263
}