{
    "predictions": [
        72.73094849980623,
        19.547014946534766,
        -14.951297561451796,
        1.0105250750612464
    ],
    "actual": [
        351.329,
        465.34100000000007,
        447.611,
        567.79
    ],
    "mse": 202888.00093276805,
    "rmse": 450.4309058365867,
    "mape": 94.56500646932267
}