{
    "predictions": [
        255.6302676849365,
        261.02777520751954,
        274.3296679534912,
        272.0646573791504
    ],
    "actual": [
        229.649,
        240.291,
        266.899,
        278.361
    ],
    "mse": 299.9747182894229,
    "rmse": 17.319778240191845,
    "mape": 6.247334255205183
}