{
    "predictions": [
        1010.8163456570506,
        1021.5581717173756,
        1018.9160312088131,
        1028.3606056546569
    ],
    "actual": [
        1027.592,
        1444.143,
        1128.329,
        1084.362
    ],
    "mse": 48491.678395403294,
    "rmse": 220.20826141496894,
    "mape": 11.438964758911851
}