{
    "predictions": [
        213.33170062303543,
        247.9188529253006,
        239.98793995380402,
        343.42963910102844
    ],
    "actual": [
        4.000000000000002,
        343.0,
        823.0,
        200.0
    ],
    "mse": 103333.82723668331,
    "rmse": 321.45579359638754,
    "mape": 1350.8919119141447
}