{
    "predictions": [
        562.5405025064945,
        558.3739223659038,
        586.1252821564674,
        588.9704420745372
    ],
    "actual": [
        485.29999999999995,
        776.4,
        693.2,
        706.8
    ],
    "mse": 19712.566419536706,
    "rmse": 140.4014473555622,
    "mape": 19.028747191755983
}