{
    "predictions": [
        -66495427.5919795,
        -53524074.75012541,
        -47167978.18875313,
        -54956744.47336793
    ],
    "actual": [
        51692000.000000015,
        -43772000.0,
        -9150999.999999998,
        -34330000.0
    ],
    "mse": 3983531055228795.5,
    "rmse": 63115220.47199705,
    "mape": 181.61035846424843
}