{
    "predictions": [
        204.58479982835058,
        217.01572450387482,
        223.97802726924422,
        221.30844021123653
    ],
    "actual": [
        62.917,
        186.79400000000004,
        212.825,
        212.60100000000003
    ],
    "mse": 5295.831918123619,
    "rmse": 72.77246675854556,
    "mape": 62.670371235264724
}