{
    "predictions": [
        2537.8397525548935,
        2680.4931403398514,
        2521.416112303734,
        1967.003348171711
    ],
    "actual": [
        2014.0,
        2414.0,
        2414.0,
        1923.0
    ],
    "mse": 89725.29900943425,
    "rmse": 299.5418151267603,
    "mape": 10.946845592814114
}