{
    "predictions": [
        2631.5634558320044,
        2595.293923473358,
        2771.9582235693933,
        2770.9747520804403
    ],
    "actual": [
        2788.0,
        2910.0,
        2837.0,
        2986.0
    ],
    "mse": 43494.64921953375,
    "rmse": 208.55370823731172,
    "mape": 6.4798618279422096
}