{
    "predictions": [
        156.72652853560447,
        168.95673703700305,
        164.15556620287896,
        158.2278259699941
    ],
    "actual": [
        108.0,
        160.0,
        117.0,
        93.0
    ],
    "mse": 2233.2036065417587,
    "rmse": 47.2567837092386,
    "mape": 40.289116679169865
}