{
    "predictions": [
        61.62900666660073,
        60.08119274967911,
        59.15852572584155,
        60.39613231629136
    ],
    "actual": [
        -87.101,
        -71.496,
        -71.496,
        -1.2940000000000038
    ],
    "mse": 15077.36251319486,
    "rmse": 122.7899120986527,
    "mape": 1326.2330334786711
}