{
    "predictions": [
        216.4703222125769,
        194.9870480055213,
        173.34159841686488,
        138.12833529406785
    ],
    "actual": [
        122.624,
        156.89300000000003,
        153.21,
        176.871
    ],
    "mse": 3041.14100240199,
    "rmse": 55.14654116444648,
    "mape": 33.96409850651633
}