{
    "predictions": [
        303769000.3169775,
        321951582.92222023,
        316917734.0569496,
        370203669.62110996
    ],
    "actual": [
        241500000.0,
        334500000.0,
        292900000.0,
        533700000.0
    ],
    "mse": 7835698192056794.0,
    "rmse": 88519479.16733804,
    "mape": 17.092534648636825
}