{
    "predictions": [
        191.34504393053055,
        197.98270970672368,
        193.14486157053707,
        192.22418826788663
    ],
    "actual": [
        136.2,
        140.6,
        140.6,
        243.3
    ],
    "mse": 2925.8630662368655,
    "rmse": 54.0912475936437,
    "mape": 34.91645925621051
}