{
    "predictions": [
        4717.010982839048,
        3859.885140728295,
        3301.3095744566917,
        2911.7047483211163
    ],
    "actual": [
        2875.0,
        3251.0000000000005,
        4224.0,
        3086.0
    ],
    "mse": 1161370.5079116218,
    "rmse": 1077.6690159374639,
    "mape": 27.572760726658114
}