{
    "predictions": [
        24.703660343647,
        24.269152221441267,
        24.24836371779442,
        23.528746683120726
    ],
    "actual": [
        24.195,
        15.872999999999998,
        19.129000000000005,
        23.809
    ],
    "mse": 24.260133566875982,
    "rmse": 4.925457701257415,
    "mape": 20.734388962033794
}