{
    "predictions": [
        72.06861705571414,
        73.03458018696308,
        73.5808764755726,
        71.43867292219402
    ],
    "actual": [
        59.466,
        78.796,
        89.47100000000002,
        120.004
    ],
    "mse": 700.7767336777172,
    "rmse": 26.472187927666976,
    "mape": 21.683659106685955
}