{
    "predictions": [
        239.88844363605983,
        232.30682938432702,
        250.22735504120595,
        258.5266543001533
    ],
    "actual": [
        -2267.1,
        115.80000000000015,
        57.2000000000001,
        104.40000000000009
    ],
    "mse": 1589894.8707944762,
    "rmse": 1260.910334161187,
    "mape": 174.07074617502025
}