{
    "predictions": [
        2744.689208984375,
        2650.2251892089844,
        2544.4977111816406,
        2396.6556549072266
    ],
    "actual": [
        1771.0,
        1759.0,
        2087.0,
        1812.0
    ],
    "mse": 573369.8510311614,
    "rmse": 757.2118930861832,
    "mape": 39.95832094052727
}