{
    "predictions": [
        346.6640548110008,
        348.03309136629105,
        345.97553849220276,
        345.9754409790039
    ],
    "actual": [
        345.0,
        438.0,
        379.0,
        243.0
    ],
    "mse": 4947.842557555112,
    "rmse": 70.34090245053096,
    "mape": 18.028256935952896
}