{
    "predictions": [
        2145.7687323689456,
        1574.6778852343557,
        1590.3399409651754,
        1222.8731701374052
    ],
    "actual": [
        1729.0,
        229.00000000000009,
        2105.9999999999995,
        1612.0000000000005
    ],
    "mse": 600467.5333229844,
    "rmse": 774.8984019360114,
    "mape": 165.0903850569417
}