{
    "predictions": [
        191496723.6518855,
        297895595.7889552,
        407031136.87038374,
        590528058.648109
    ],
    "actual": [
        -311999999.9999999,
        1397000000.0000002,
        1259000000.0,
        1429999999.9999995
    ],
    "mse": 7.230258815359455e+17,
    "rmse": 850309285.8107251,
    "mape": 91.60695464238646
}