{
    "predictions": [
        2747.2676162719727,
        2569.432571411133,
        2494.436798095703,
        2584.4039154052734
    ],
    "actual": [
        3058.0,
        3099.0,
        3105.0,
        3131.0
    ],
    "mse": 262137.7447333599,
    "rmse": 511.9938913047302,
    "mape": 16.092763627582055
}