{
    "predictions": [
        195.63554414737226,
        197.87136684846877,
        198.2825066437125,
        199.73478437656163
    ],
    "actual": [
        260.0,
        242.0,
        127.00000000000001,
        198.0
    ],
    "mse": 2793.5811678178416,
    "rmse": 52.85433915789546,
    "mape": 24.99866100817388
}