{
    "predictions": [
        505.21419230163104,
        626.5268957514763,
        708.9823472512961,
        665.7255034341813
    ],
    "actual": [
        323.5,
        601.7,
        585.0,
        511.6
    ],
    "mse": 18190.678918817404,
    "rmse": 134.87282498271253,
    "mape": 27.904293435400895
}