{
    "predictions": [
        309.9453877908587,
        316.4621738756299,
        318.02478090167045,
        321.6850742917955
    ],
    "actual": [
        380.0,
        499.3,
        388.1000000000001,
        392.7
    ],
    "mse": 12072.743839669818,
    "rmse": 109.8760385146362,
    "mape": 22.798496445263705
}