{
    "predictions": [
        416.7503626697063,
        419.69312700653074,
        429.2440525456667,
        432.8858597624302
    ],
    "actual": [
        441.942,
        525.595,
        486.26199999999994,
        310.522
    ],
    "mse": 7518.446450692684,
    "rmse": 86.70897560629282,
    "mape": 19.245197101956766
}