{
    "predictions": [
        1301412763.0829809,
        1301151937.6039503,
        1256139460.3610036,
        1282386294.442415
    ],
    "actual": [
        530500000.0,
        1034000000.0,
        540300000.0,
        1209300000.0
    ],
    "mse": 2.9586109637375936e+17,
    "rmse": 543931150.3984299,
    "mape": 77.42195850837516
}