{
    "predictions": [
        51.60737160110474,
        38.49504386663437,
        37.848188049793244,
        44.76424549865723
    ],
    "actual": [
        84.401,
        14.565,
        14.565,
        62.39199999999999
    ],
    "mse": 625.22840938638,
    "rmse": 25.004567770437063,
    "mape": 97.81579099920586
}