{
    "predictions": [
        446.2495742816925,
        462.28452693748477,
        489.5077166957855,
        502.37485812187197
    ],
    "actual": [
        522.0,
        540.0,
        553.0,
        483.0
    ],
    "mse": 4046.119229065163,
    "rmse": 63.60911278319454,
    "mape": 11.099028355111917
}