{
    "predictions": [
        97.8904965711236,
        75.97834559798241,
        65.51048244139552,
        57.498637233406306
    ],
    "actual": [
        49.8,
        58.00000000000001,
        28.7,
        14.4
    ],
    "mse": 1462.1052299606972,
    "rmse": 38.23748461863956,
    "mape": 138.78000559353026
}