{
    "predictions": [
        288.124951839447,
        327.2654333114624,
        376.90561270713806,
        398.16873693466187
    ],
    "actual": [
        2.0,
        211.0,
        350.0,
        334.0
    ],
    "mse": 25056.669460791083,
    "rmse": 158.29298613896663,
    "mape": 3597.062301917795
}