{
    "predictions": [
        50.55347888207433,
        54.695560366868946,
        54.42299144792554,
        53.799772482156726
    ],
    "actual": [
        42.43399999999998,
        57.63900000000001,
        -419.382,
        20.177000000000003
    ],
    "mse": 56424.0626311365,
    "rmse": 237.5374973159743,
    "mape": 75.96427685753031
}