{
    "predictions": [
        54.600137382745736,
        52.247393774986264,
        49.2094896197319,
        49.43233909606933
    ],
    "actual": [
        19.000000000000004,
        -61.2,
        38.50000000000001,
        46.60000000000001
    ],
    "mse": 3565.0990621693577,
    "rmse": 59.70845050886313,
    "mape": 101.65888490589366
}