{
    "predictions": [
        73.4544184282422,
        343.3220748901367,
        558.1997274160385,
        837.9500656723976
    ],
    "actual": [
        326.0,
        399.0,
        207.0,
        294.0
    ],
    "mse": 121525.55614951559,
    "rmse": 348.6051579502455,
    "mape": 111.52526755218312
}