{
    "predictions": [
        233.00101412057876,
        233.55207572460174,
        237.3642801272869,
        246.18488160490992
    ],
    "actual": [
        265.00000000000006,
        325.0,
        318.0,
        261.0
    ],
    "mse": 4027.0662510103934,
    "rmse": 63.45916995210695,
    "mape": 17.81158676299081
}