{
    "predictions": [
        192845575.14190674,
        194952326.60770416,
        194458110.7378006,
        193961580.51490784
    ],
    "actual": [
        134999999.99999997,
        136999999.99999997,
        -371000000.0,
        129999999.99999999
    ],
    "mse": 8.263463537596795e+16,
    "rmse": 287462406.89169765,
    "mape": 71.6913358478021
}