{
    "predictions": [
        916.1668057441713,
        956.2641139626504,
        970.3846634030343,
        952.4148045182229
    ],
    "actual": [
        931.0,
        965.9999999999999,
        1039.0,
        822.0
    ],
    "mse": 5507.72419565115,
    "rmse": 74.21404311618623,
    "mape": 6.267659034656142
}