{
    "predictions": [
        338.288179576397,
        345.4541808366776,
        354.486597776413,
        375.045022726059,
        376.3449448347092,
        362.518304347992,
        354.74242681264883,
        339.6836815476418,
        320.213272035122,
        317.16263145208364,
        298.45892953872686,
        271.8518702983857,
        264.7574190199376,
        250.37122559547427,
        238.88434296846393,
        231.4899154305458,
        213.86982172727585,
        222.60137796401978,
        230.9100053012371,
        223.2853975892067
    ],
    "actual": [
        307.0,
        333.0,
        402.00000000000006,
        428.00000000000006,
        395.0,
        443.00000000000006,
        494.0,
        469.00000000000006,
        466.00000000000006,
        503.00000000000006,
        570.0,
        506.00000000000006,
        473.0,
        518.0,
        509.0,
        461.00000000000006,
        431.0,
        469.00000000000006,
        504.0,
        484.0
    ],
    "mse": 36226.0614107135,
    "rmse": 190.33145144908,
    "mape": 34.42156088636598
}