{
    "predictions": [
        257.44141752910616,
        260.41986854755885,
        255.44682746779924,
        253.94416788506513,
        258.5271197397709,
        249.72443710839752,
        255.35128567326072,
        254.57086860728268,
        251.89331220149998,
        258.486030086875,
        253.0185769234896,
        255.96386033594612,
        268.6154169580937,
        272.2549293841124,
        274.4674234583378,
        266.78809662199023,
        269.45992624688154,
        269.664801833272,
        258.9696090099812,
        258.21391254818445
    ],
    "actual": [
        299.30100000000004,
        299.30100000000004,
        277.84900000000005,
        277.84900000000005,
        237.554,
        35.21299999999999,
        35.21299999999999,
        190.49199999999996,
        190.49199999999996,
        196.38,
        196.38,
        -34.893999999999956,
        73.42799999999998,
        73.42799999999998,
        180.73199999999997,
        180.73199999999997,
        144.483,
        144.483,
        50.15700000000001,
        -436.318
    ],
    "mse": 42494.10096046191,
    "rmse": 206.14097351196804,
    "mape": 181.5709617456352
}