{
    "predictions": [
        19603.016936779022,
        20725.836805343628,
        20879.558448314667,
        20181.97341775894,
        20823.108335018158,
        20079.428933143616,
        20219.731449127197,
        19698.51615333557,
        18509.405305862427,
        19194.441842079163,
        20510.540864944458,
        19911.762937545776,
        19851.29213142395,
        21062.26581954956,
        21598.315505504608,
        20574.433399677277,
        21001.51817035675,
        21388.20455121994,
        20969.771773338318,
        20190.965642929077
    ],
    "actual": [
        17477.0,
        36200.0,
        30300.0,
        26958.0,
        26775.0,
        44185.0,
        32716.0,
        25881.0,
        27759.0,
        38932.0,
        31216.0,
        31216.0,
        26049.999999999996,
        26049.999999999996,
        29622.0,
        43221.0,
        30736.0,
        28202.0,
        32502.0,
        45912.00000000001
    ],
    "mse": 174166548.7073203,
    "rmse": 13197.21746078772,
    "mape": 33.71476080934029
}