{
    "predictions": [
        796.2102134552001,
        780.9436745605468,
        694.1301221046447,
        815.5518943328857,
        726.6559369392394,
        764.0026668930053,
        778.7089396972656,
        718.0951850090026,
        685.720539691925,
        695.6456677246093,
        710.6282231292724,
        689.8678379554748,
        688.6114852905273,
        563.5017253913879,
        542.6983523750305,
        649.0585559616088,
        680.4550828094482,
        661.272747051239,
        679.340880126953,
        637.290436264038
    ],
    "actual": [
        815.159,
        746.913,
        994.295,
        1540.941,
        1702.376,
        1871.896,
        1718.318,
        1733.316,
        1540.724,
        1284.567,
        1284.567,
        1127.355,
        1127.355,
        920.397,
        920.397,
        1033.908,
        1033.908,
        1092.712,
        1092.712,
        1070.803
    ],
    "mse": 379498.71503040794,
    "rmse": 616.0346703152412,
    "mape": 40.333038038960616
}