{
    "predictions": [
        46.09868223667143,
        34.834037530422194,
        32.520496106147746,
        30.985211086273175,
        29.751559352874736,
        30.246569430828075,
        29.304433798789958,
        35.05848915576933,
        35.129719018936136,
        34.56282551288603,
        33.84744205474852,
        32.97164762020109,
        31.574770224094372,
        31.354701840877514,
        31.054122972488386,
        29.55065349340437,
        30.597289800643903,
        30.592679989337903,
        30.436660969257336,
        29.992419815063457
    ],
    "actual": [
        16.300000000000008,
        25.400000000000006,
        -33.099999999999994,
        36.70000000000001,
        48.699999999999996,
        34.900000000000006,
        26.499999999999993,
        39.400000000000006,
        39.1,
        40.2,
        38.6,
        39.6,
        42.60000000000001,
        44.199999999999996,
        48.599999999999994,
        46.39999999999999,
        41.99999999999999,
        47.6,
        55.29999999999999,
        10.400000000000007
    ],
    "mse": 406.8389946605314,
    "rmse": 20.170250237925444,
    "mape": 49.22175940507999
}