{
    "predictions": [
        499.44093410640954,
        509.12306106090546,
        504.64081229507923,
        522.1198031750322,
        534.4269180712104,
        567.9206907892227,
        539.342763478458,
        663.8435562604666,
        817.9571911758185,
        895.4750970229506,
        928.6429065746069,
        897.0488355225325,
        999.2845209822059,
        904.4890359476209,
        892.2549163824319,
        977.695841921866,
        981.2942710956931,
        1126.2193179178237,
        1109.239918459058,
        1107.508594634533
    ],
    "actual": [
        1588.0,
        1588.0,
        1863.0,
        1863.0,
        2121.0,
        2094.0,
        2087.0,
        2087.0,
        2027.0,
        2054.0,
        2133.0,
        2090.0,
        2040.0,
        1938.0,
        2101.0,
        2058.0,
        2008.0,
        2037.0,
        2156.0,
        2280.0
    ],
    "mse": 1503490.1128143487,
    "rmse": 1226.1688761399666,
    "mape": 60.559271624209785
}