{
    "predictions": [
        242.90252076387404,
        246.61785845160483,
        256.1376078665256,
        260.6471504688263,
        255.78831263780592,
        255.16771370172498,
        255.64674274921416,
        249.97809861302375,
        246.71206862926482,
        242.3225687742233,
        248.23015646338462,
        234.99588723778723,
        236.79659017324445,
        231.8856088221073,
        235.716575807333,
        228.68112022876738,
        233.38593483567237,
        243.19265107512473,
        240.69801803827283,
        246.92937701940534
    ],
    "actual": [
        213.1,
        245.0,
        323.4,
        361.4,
        384.8,
        578.1,
        550.9,
        582.3,
        569.0,
        606.9,
        572.6,
        476.3,
        496.1,
        510.3,
        480.2,
        407.3,
        405.6,
        334.8,
        414.1,
        423.5
    ],
    "mse": 53503.108525240175,
    "rmse": 231.30738969008357,
    "mape": 42.11914101491555
}