{
    "predictions": [
        57.0940351729095,
        52.6478814817965,
        50.626561512053016,
        53.88265983968973,
        60.99083655685187,
        70.07013697892427,
        66.23604885607958,
        73.5013799598813,
        76.54290898323059,
        82.83093478739261,
        79.17321969389916,
        77.64701689720154,
        83.33353494733572,
        88.37640728086232,
        95.3723586308956,
        104.78809414386748,
        102.38572493225335,
        109.75784700542688,
        118.01846590101718,
        119.53076006025076
    ],
    "actual": [
        86.1,
        90.7,
        96.09999999999998,
        97.99999999999999,
        89.4,
        109.3,
        124.19999999999999,
        117.6,
        120.7,
        129.8,
        133.5,
        116.99999999999999,
        109.1,
        122.8,
        123.4,
        110.7,
        95.4,
        104.89999999999999,
        102.29999999999998,
        99.99999999999999
    ],
    "mse": 1299.0182670563338,
    "rmse": 36.04189599696905,
    "mape": 29.67342833854604
}