{
    "predictions": [
        117.71480718839169,
        121.7918324277997,
        122.18302999603749,
        119.70712001222373,
        115.88504449617864,
        121.56244766068458,
        125.21091308766604,
        122.20363359284401,
        122.23940453618765,
        123.99328883862496,
        125.44037283754349,
        123.3006355715394,
        127.88436932456494,
        130.50947834259273,
        138.05850540924072,
        137.65864316624405,
        145.2583669116497,
        152.96212090837955,
        154.65414026618004,
        151.8428865406513
    ],
    "actual": [
        146.379,
        137.83,
        157.852,
        150.316,
        153.701,
        149.503,
        154.219,
        151.829,
        156.663,
        160.151,
        155.056,
        147.937,
        154.978,
        180.784,
        188.169,
        174.183,
        178.84200000000004,
        193.27499999999998,
        210.436,
        190.902
    ],
    "mse": 1284.5595729581548,
    "rmse": 35.840752963046896,
    "mape": 20.779553661216976
}