{
    "predictions": [
        584.8232049168944,
        643.1636147946119,
        727.0421731719971,
        667.8954942461253,
        655.3616373301745,
        649.0025638381243,
        762.4997726662756,
        776.481106222868,
        637.4352017155289,
        753.8113717116117,
        798.867894557178,
        765.6520847431422,
        646.9902229080201,
        595.205894128263,
        719.058415192783,
        650.230415455401,
        604.1846661696434,
        628.8256951867342,
        805.7510143731832,
        802.7837158172131
    ],
    "actual": [
        498.60800000000006,
        658.368,
        1152.296,
        704.7759999999998,
        616.143,
        903.6220000000001,
        1170.6690000000003,
        854.075,
        726.452,
        887.7529999999999,
        1244.672,
        832.2859999999998,
        783.6880000000001,
        974.604,
        1380.9860000000003,
        968.828,
        868.21,
        1029.4050000000002,
        1472.02,
        974.322
    ],
    "mse": 103184.88481331401,
    "rmse": 321.22404146220754,
    "mape": 24.038850624282045
}