{
    "predictions": [
        41.3893549489975,
        43.60754723072053,
        43.29997070455552,
        46.07635904359818,
        45.4836371202469,
        46.22185631036759,
        44.124150573730475,
        43.2629553513527,
        40.9580789718628,
        37.90757672739029,
        35.12116350412369,
        30.089335830211642,
        27.029696884632113,
        28.135865882873535,
        27.076175893306733,
        28.49785585355759,
        27.1927055182457,
        30.90196159553528,
        33.103396822452545,
        34.99712680101395
    ],
    "actual": [
        24.352,
        25.986,
        30.826,
        40.474,
        28.931,
        32.51,
        30.961000000000002,
        27.24,
        20.59,
        27.268000000000004,
        83.997,
        67.931,
        54.972,
        84.02,
        86.91,
        77.681,
        69.455,
        90.07200000000002,
        88.073,
        84.317
    ],
    "mse": 1333.6431218658868,
    "rmse": 36.5190788748277,
    "mape": 57.0797581280106
}