{
    "predictions": [
        297523326.4863491,
        270243650.8089304,
        276701463.4758234,
        330882810.3542328,
        395225700.5274296,
        371561079.3828964,
        332392566.1146641,
        358227835.4167938,
        439126621.72317505,
        464342622.1013069,
        483810458.0938816,
        431413557.946682,
        431459066.98703766,
        457296997.6365566,
        466812991.2018776,
        469974698.51374626,
        390965628.53455544,
        493406824.35035706,
        566496419.0125465,
        601228812.1581078
    ],
    "actual": [
        411000000.0,
        460000000.00000006,
        460000000.00000006,
        308000000.0,
        308000000.0,
        971000000.0,
        971000000.0,
        446000000.0,
        446000000.0,
        485000000.0,
        485000000.0,
        766000000.0,
        766000000.0,
        258000000.0,
        258000000.0,
        254000000.0,
        254000000.0,
        287000000.0,
        287000000.0,
        749000000.0
    ],
    "mse": 6.90545712113319e+16,
    "rmse": 262782364.72665343,
    "mape": 43.56039420480283
}