{
    "predictions": [
        1041.9890139102936,
        977.0428421497344,
        951.2797989845275,
        697.5366377830504,
        513.6685067415236,
        444.73662751913065,
        722.7702811956405,
        1056.678904056549,
        1147.213385105133,
        1029.222505569458,
        819.3391647338866,
        697.4245508909224,
        462.82793706655497,
        472.7772370576858,
        651.5038487911223,
        943.034577846527,
        916.0006518363951,
        727.6300238370894,
        570.6193907260894,
        504.15436649322504
    ],
    "actual": [
        1352.0,
        949.0,
        1015.0,
        883.0,
        1033.0,
        687.0,
        634.0,
        616.9999999999999,
        922.0,
        539.0,
        577.0,
        583.0,
        583.0,
        951.0,
        951.0,
        546.0,
        546.0,
        593.9999999999999,
        593.9999999999999,
        559.0
    ],
    "mse": 83829.49495047177,
    "rmse": 289.53323634856116,
    "mape": 34.00445628242864
}