{
    "predictions": [
        380.3434819936752,
        377.72300407290453,
        365.12587157487866,
        383.58906451463696,
        374.3155929803848,
        331.3421827733516,
        316.7938843011856,
        321.3298548817634,
        327.86787759065624,
        320.36216984987254,
        321.7686949551105,
        362.5066658079624,
        362.5131325900554,
        338.22427009344096,
        335.74330504536624,
        353.62835706472396,
        362.2001297354698,
        356.4601715445518,
        362.9118998169899,
        405.5513166308403
    ],
    "actual": [
        517.5,
        679.1,
        645.5,
        702.9,
        554.9,
        502.5,
        517.1,
        577.8,
        525.6,
        554.7,
        497.70000000000005,
        658.5,
        596.9,
        516.1,
        606.9,
        596.5,
        582.3,
        564.8,
        515.9,
        597.2
    ],
    "mse": 52083.200042992714,
    "rmse": 228.21744026912737,
    "mape": 38.25990103674285
}