{
    "predictions": [
        92.06486308139563,
        88.17825398409367,
        76.15866983091831,
        81.3075711247921,
        69.61427921164037,
        75.61395601993799,
        52.256492749214175,
        48.73385230761767,
        74.62792273014784,
        93.44324764823914,
        57.90797946724296,
        47.8946331217289,
        60.318396384596824,
        71.42303259176016,
        72.48783687996864,
        83.17937611186504,
        86.62008496880532,
        97.49526539975405,
        139.87606054055692,
        151.4926072936058
    ],
    "actual": [
        142.01,
        151.456,
        179.491,
        153.156,
        165.483,
        222.629,
        249.692,
        317.222,
        307.072,
        467.795,
        404.03,
        402.736,
        297.029,
        374.866,
        312.356,
        305.637,
        197.1,
        243.262,
        227.972,
        200.459
    ],
    "mse": 45141.88091125195,
    "rmse": 212.46618768936378,
    "mape": 64.3934197248696
}