{
    "predictions": [
        1528.9241943778097,
        1743.2783613303302,
        1796.6492640563845,
        1660.2649008654057,
        1849.3224292849004,
        1790.196808027774,
        2056.966901088655,
        2012.7012887501714,
        2020.184093353599,
        1833.2383718277513,
        1952.946242046356,
        2259.968241575956,
        2078.580953299701,
        2110.7810863804816,
        2054.727419270277,
        2208.7471300280095,
        2243.631817328334,
        2115.6534160625934,
        2100.443792630434,
        2309.5098909130693
    ],
    "actual": [
        2804.0,
        2046.0,
        2001.9999999999998,
        2122.0,
        2918.0,
        2243.0,
        2248.0,
        2229.0,
        3091.0,
        2198.0,
        2373.0,
        2151.0,
        2151.0,
        3469.0,
        2485.0,
        2576.0,
        2713.0,
        2713.0,
        3748.0,
        2744.0
    ],
    "mse": 526079.5008656937,
    "rmse": 725.3133811434157,
    "mape": 20.725331998257936
}