{
    "predictions": [
        386.47972899675375,
        372.88823056221014,
        377.5211555957795,
        380.220537185669,
        381.4775862693787,
        387.5466676950455,
        391.9791088700295,
        402.54877859354025,
        401.6997128129006,
        389.8791701197625,
        392.1362400054932,
        396.2123853564263,
        395.73079836368566,
        396.80661147832876,
        394.2610630989075,
        395.2314625382424,
        395.486991763115,
        401.86562842130667,
        397.72613292932516,
        392.3290187120438
    ],
    "actual": [
        534.0,
        463.0,
        463.0,
        354.0,
        354.0,
        509.0,
        469.0,
        401.0,
        401.0,
        385.0,
        272.0,
        530.0,
        449.0,
        395.0,
        409.0,
        474.0,
        459.0,
        401.0,
        364.0,
        527.0
    ],
    "mse": 6212.208096385379,
    "rmse": 78.81756210633122,
    "mape": 13.682845078451521
}