{
    "predictions": [
        576.7227601282001,
        559.1558141832352,
        174.76248948252203,
        496.53895800015334,
        578.7504910703302,
        234.55766400803623,
        621.8241131971628,
        617.4939921050221,
        707.288367984578,
        828.3909042566418,
        993.7617142069041,
        1347.395973848343,
        1320.8789568993448,
        1419.026524172306,
        956.5055936161875,
        1409.124604639858,
        1960.2315176404716,
        2287.4198790426854,
        2500.0409068164827,
        2012.283631485343
    ],
    "actual": [
        595.0,
        841.0000000000001,
        901.9999999999999,
        1088.0,
        1039.0,
        1051.0,
        1001.0,
        755.0,
        926.0,
        1100.0,
        1401.0,
        2217.0,
        2377.0,
        2415.0,
        2418.0,
        2748.0,
        2596.0,
        2789.0,
        2763.0,
        2995.0
    ],
    "mse": 538489.6176418767,
    "rmse": 733.8185181922548,
    "mape": 37.29433212123005
}