{
    "predictions": [
        72.41067838668825,
        72.75800250768663,
        68.539191788435,
        61.85319684743883,
        63.072692173719425,
        60.48447313904764,
        55.2523774623871,
        50.81286676526071,
        52.19051319956781,
        56.03370521664621,
        58.5951953560114,
        61.031380119919795,
        68.07353773117067,
        75.85326806902887,
        76.97618470788004,
        78.18735215663912,
        83.85987133979799,
        88.64660514593126,
        91.90850682258608,
        91.09740297794345
    ],
    "actual": [
        89.89999999999999,
        13.6,
        0.0,
        -3.6,
        2.2999999999999994,
        -32.8,
        15.000000000000004,
        3.0000000000000018,
        41.00000000000001,
        58.10000000000001,
        40.6,
        55.1,
        72.0,
        96.4,
        102.1,
        103.40000000000002,
        60.8,
        143.9,
        151.2,
        155.5
    ],
    "mse": 2126.48850243703,
    "rmse": 46.113864535918374,
    "mape": Infinity
}