{
    "predictions": [
        11153960409.486494,
        9664615087.444393,
        7666320633.330153,
        8296298582.941513,
        8960494125.961063,
        8708416692.673971,
        8933623452.606668,
        8924245312.90904,
        9627047309.675264,
        8799092546.33382,
        7971401995.320448,
        8584563319.532297,
        8792464171.976467,
        8116305681.880454,
        8229491307.532733,
        9109332339.491179,
        10544279278.87638,
        10441861354.054539,
        10153394613.858433,
        9522995182.676104
    ],
    "actual": [
        9616176405.5,
        8514325512.0,
        8514325512.0,
        9232521501.6,
        9232521501.6,
        9087566376.0,
        9087566376.0,
        9702670530.0,
        9702670530.0,
        12195980828.64,
        12195980828.64,
        13772916021.24,
        13772916021.24,
        24297022977.15,
        58119999.99999999,
        29874610885.98,
        66742000.0,
        40388645574.68,
        -390000.0,
        46906988813.53
    ],
    "mse": 1.6771406086401337e+20,
    "rmse": 12950446357.713442,
    "mape": 131689.3027013504
}