{
    "predictions": [
        3506.9210324287415,
        3651.1588315963745,
        3764.65331363678,
        3746.5284242630005,
        3765.975504398346,
        3990.6875319480896,
        3977.1779961586,
        4000.8005385398865,
        4019.077691078186,
        3982.329236984253,
        3929.951786994934,
        4096.072157859802,
        4003.964987754822,
        4140.894874095917,
        4184.537415981293,
        4243.478181362152,
        4353.858009815216,
        4339.584461688995,
        4345.487850189209,
        4381.513278961182
    ],
    "actual": [
        3884.0,
        3616.0,
        3889.0,
        3889.0,
        4008.0,
        4088.0,
        3995.0,
        4025.0,
        4109.0,
        3867.9999999999995,
        3953.0000000000005,
        3976.0,
        4487.0,
        4898.0,
        4800.0,
        3530.0,
        3593.9999999999995,
        3578.0,
        4118.0,
        4127.0
    ],
    "mse": 162626.93051641845,
    "rmse": 403.2702946119618,
    "mape": 7.456533035232639
}