{
    "predictions": [
        1094.3409462571144,
        1345.2305597662926,
        1439.080638408661,
        1498.0545315146446,
        1580.6065680980682,
        1983.9547543525696,
        2033.226947247982,
        1911.1737724542618,
        1903.647821187973,
        1947.1826156377792,
        2009.1078388690948,
        1970.206319630146,
        1944.197995364666,
        2002.5627580285072,
        2087.7272785902023,
        2055.008215367794,
        2003.8503733873367,
        2126.1464869976044,
        2260.6057901978493,
        2179.3041157126427
    ],
    "actual": [
        51.999999999999915,
        -2982.0,
        -1780.9999999999998,
        -1283.0,
        -2136.0,
        -178.99999999999986,
        917.0,
        751.0,
        -281.9999999999999,
        2028.9999999999998,
        1993.9999999999998,
        1899.0,
        1151.0000000000002,
        3064.0,
        2578.0,
        1931.9999999999998,
        1229.0000000000002,
        2886.9999999999995,
        2040.0,
        2351.9999999999995
    ],
    "mse": 3352811.374249791,
    "rmse": 1831.068369627358,
    "mape": 261.29154407866577
}