{
    "predictions": [
        1233.6582872778179,
        1275.2339901000262,
        1298.4803454160692,
        1274.8036853060128,
        1276.7927427306772,
        1342.8540126994253,
        1412.6855088531972,
        1424.2337653905154,
        1497.6126909673214,
        1584.3490817531945,
        1697.10409963727,
        1739.180841419101,
        1751.3454684972764,
        1773.46870482862,
        1774.4717977672817,
        1767.045408204198,
        1786.1789048433304,
        1760.5837945967914,
        1820.93113963604,
        1882.7619355529548
    ],
    "actual": [
        2329.0,
        2329.0,
        3095.9999999999995,
        3095.9999999999995,
        2882.0,
        2304.0,
        1956.0,
        1956.0,
        2953.9999999999995,
        3345.9999999999995,
        3698.0,
        3556.0,
        4918.0,
        4761.0,
        4332.0,
        3537.0,
        4478.0,
        3748.0,
        2936.9999999999995,
        2273.0
    ],
    "mse": 3334286.7336559235,
    "rmse": 1826.0029391148098,
    "mape": 48.66064728350544
}