{
    "predictions": [
        209.26057808709143,
        212.50555324578283,
        216.07505393290518,
        208.50781052017211,
        203.4830339038372,
        199.93253507113457,
        212.21550651216506,
        208.32204054784773,
        196.05501292324064,
        197.44261517190932,
        198.97527580308912,
        195.87734325003623,
        186.23161443948746,
        191.09370810317992,
        191.3428564965725,
        171.53925921440123,
        150.77826260137556,
        177.36470487833023,
        197.30091829681396,
        218.4799557070732
    ],
    "actual": [
        427.548,
        567.175,
        745.1959999999999,
        499.525,
        560.158,
        446.194,
        544.774,
        411.717,
        425.809,
        407.971,
        398.311,
        375.412,
        375.412,
        496.802,
        496.802,
        422.27599999999995,
        422.27599999999995,
        567.838,
        567.838,
        387.18499999999995
    ],
    "mse": 86218.1616097573,
    "rmse": 293.6292928332548,
    "mape": 57.51343697744373
}