{
    "predictions": [
        753.0806205400229,
        647.2476663265228,
        637.0503848534822,
        586.9674814844132,
        570.2293816912174,
        601.8057701601982,
        608.4310823720693,
        620.9877856934071,
        584.4682042253017,
        507.1061876264811,
        468.8244730321765,
        516.3077125900984,
        464.7461410881877,
        494.80764618104695,
        638.2297954438925,
        635.0626760619879,
        625.5302834299803,
        648.8362816354037,
        673.0645046399832,
        749.6760873379708
    ],
    "actual": [
        899.6,
        700.0,
        581.3,
        511.1,
        768.5,
        920.4,
        698.9,
        570.3,
        814.6,
        616.1,
        490.4,
        517.5,
        517.5,
        858.1,
        858.1,
        654.6,
        654.6,
        449.7,
        449.7,
        589.5
    ],
    "mse": 27476.33203852421,
    "rmse": 165.75986256788528,
    "mape": 19.388942273481483
}