{
    "predictions": [
        221.97638618946078,
        228.17620370388033,
        224.86419572830204,
        225.7980873346329,
        227.77527067661288,
        239.69958360195162,
        238.30490136146548,
        233.80458812713624,
        234.78821048736575,
        240.75642800331119,
        233.30110659599308,
        229.04278373718265,
        234.6398840904236,
        247.0094020843506,
        244.47241835594178,
        239.6339284658432,
        256.77522711753846,
        264.3911099672318,
        269.89714393615725,
        265.757745718956
    ],
    "actual": [
        363.7,
        -107.7,
        192.0,
        206.7,
        239.29999999999995,
        454.19999999999993,
        369.8,
        335.0,
        391.50000000000006,
        434.0,
        334.90000000000003,
        321.2,
        449.5,
        473.4,
        390.6,
        411.3,
        512.5,
        523.9,
        391.7,
        447.49999999999994
    ],
    "mse": 30879.05795064773,
    "rmse": 175.72438063811103,
    "mape": 49.224423691020036
}