{
    "predictions": [
        98.06792264652252,
        114.01573824596404,
        104.63454365444183,
        119.16647318315506,
        144.6009433526993,
        155.5469197673798,
        142.46179425907135,
        153.2451465625763,
        154.69212095451357,
        163.64331573200226,
        112.7231652970314,
        100.47912817668914,
        110.21532324028016,
        90.88284400892258,
        72.79810759615899,
        54.40225034785271,
        61.21790970158577,
        78.44504962158203,
        39.82723475527764,
        46.072019454956056
    ],
    "actual": [
        98.682,
        89.273,
        41.291,
        41.291,
        40.496,
        71.53,
        81.24300000000001,
        41.073,
        61.19,
        101.012,
        112.774,
        79.844,
        109.78,
        126.301,
        161.937,
        88.102,
        126.23199999999999,
        150.622,
        149.655,
        100.768
    ],
    "mse": 4641.695484676977,
    "rmse": 68.12998961306964,
    "mape": 84.14300362129347
}