{
    "predictions": [
        66.61256755781174,
        57.20471981072426,
        57.00875429737568,
        68.40687308108807,
        69.05914212858677,
        72.14402267992496,
        79.30958383214474,
        86.08235164928436,
        101.02227949428558,
        105.88163247609138,
        115.61348666477204,
        124.49152106583118,
        119.6604818611145,
        123.82297100317479,
        122.04698755526543,
        113.21851610851287,
        112.29934283876419,
        128.90580425572395,
        140.25349777674677,
        135.79963542318345
    ],
    "actual": [
        142.789,
        148.311,
        150.131,
        174.177,
        175.537,
        199.771,
        210.839,
        207.42,
        178.067,
        261.235,
        211.05,
        251.547,
        244.636,
        244.636,
        235.346,
        174.991,
        201.803,
        223.209,
        229.991,
        230.374
    ],
    "mse": 11485.067454875643,
    "rmse": 107.1684069811418,
    "mape": 51.60041155503718
}