{
    "predictions": [
        1809.792657673359,
        1909.2816756963728,
        1922.3805742263792,
        1892.1207048296926,
        1539.4405480027199,
        1525.5978375971317,
        1531.2549145817757,
        1907.1699635982511,
        1785.2498953342438,
        1832.150325357914,
        1804.2959226965904,
        2003.1227053999899,
        2063.175668299198,
        2027.582211077213,
        2049.971071958542,
        2012.5751416683195,
        2179.1881041526794,
        2342.2212545871735,
        2262.1254284977913,
        2125.584054172039
    ],
    "actual": [
        2628.0,
        1927.0,
        1585.0,
        1391.0,
        1834.0000000000002,
        2602.0,
        2401.0,
        1971.0000000000002,
        2878.0,
        2462.0,
        2663.0,
        2443.0,
        3267.0,
        2253.0,
        2258.0,
        2196.0,
        2429.0,
        2977.0,
        2286.0,
        2441.0
    ],
    "mse": 385233.7389070877,
    "rmse": 620.6720058993218,
    "mape": 20.502649045121128
}