{
    "predictions": [
        145.45130494236943,
        129.88352143764493,
        94.71462044119833,
        136.56039467453954,
        108.98482024669646,
        124.84975683689116,
        137.00926905870435,
        148.23411530256269,
        163.12128460407254,
        140.77909943461415,
        134.9281667768955,
        134.57744157314298,
        128.1746364533901,
        155.86787277460095,
        157.93284720182416,
        117.40986156463622,
        76.18595257401465,
        105.13978511095046,
        97.09484347701071,
        118.80536019802092
    ],
    "actual": [
        264.0,
        331.0,
        348.0,
        302.0,
        248.00000000000003,
        277.0,
        208.0,
        229.0,
        193.0,
        151.0,
        64.99999999999999,
        99.99999999999999,
        99.99999999999999,
        109.0,
        109.0,
        83.0,
        83.0,
        50.99999999999999,
        50.99999999999999,
        101.0
    ],
    "mse": 10956.702072413065,
    "rmse": 104.6742665243615,
    "mape": 47.89602102338517
}