{
    "predictions": [
        102.18345346760749,
        108.97487421673536,
        99.82565483060479,
        102.94565028500557,
        107.68368201890587,
        105.79620427519083,
        103.31484927910566,
        102.56356741613149,
        107.10063052490354,
        106.27598655754328,
        103.69972695773839,
        109.14887920445203,
        108.96140230870246,
        108.64112239605188,
        110.46659566652774,
        114.49050725728272,
        111.7069163803458,
        111.64560895776746,
        106.97584854593873,
        101.64407170197367
    ],
    "actual": [
        165.45199999999997,
        165.45199999999997,
        119.992,
        119.992,
        120.411,
        96.175,
        96.175,
        151.14,
        151.14,
        133.114,
        133.114,
        123.481,
        96.303,
        96.303,
        96.303,
        159.408,
        159.408,
        143.462,
        143.462,
        131.656
    ],
    "mse": 1116.7836033931976,
    "rmse": 33.418312395948384,
    "mape": 20.784982550785593
}