{
    "predictions": [
        276.3210378007292,
        274.22352284663907,
        231.78246283978217,
        226.68039277672762,
        218.32449299663298,
        240.99418736684316,
        55.40552003443235,
        233.89166023051732,
        138.42983686369652,
        23.077309551715786,
        212.49554862654202,
        -128.89107966363437,
        36.81802393746369,
        236.03748230659954,
        183.64564809918397,
        134.94235841375584,
        29.947814623534615,
        -427.04279217991797,
        101.96412138235563,
        37.8616549444198
    ],
    "actual": [
        104.16599999999997,
        55.92999999999996,
        87.96099999999996,
        2.075999999999955,
        49.99999999999997,
        46.78600000000003,
        81.81000000000006,
        89.71999999999998,
        67.00000000000001,
        90.00000000000001,
        -24.999999999999986,
        59.99999999999998,
        -82.00000000000003,
        157.00000000000003,
        215.0,
        28.000000000000014,
        121.99999999999999,
        240.99999999999997,
        70.0,
        171.99999999999994
    ],
    "mse": 42208.63079714707,
    "rmse": 205.44739179932918,
    "mape": 749.8357253869507
}