{
    "predictions": [
        13.511371096372603,
        33.888991766907274,
        41.37785939881578,
        40.43611773829441,
        26.98113487869501,
        -7.378733256645502,
        -22.085154839728492,
        -22.159350370112808,
        -22.378401881735773,
        -36.467260057553645,
        -28.24730389162898,
        6.983786503933368,
        17.059215701557694,
        44.909835816584526,
        29.211543793510643,
        5461.553694035709,
        6073.586344487667,
        6360.546363623737,
        6030.757754024565,
        5912.976779408455
    ],
    "actual": [
        5568.0,
        5568.0,
        5568.0,
        5568.0,
        5568.0,
        5568.0,
        5568.0,
        5568.0,
        5568.0,
        5568.0,
        5568.0,
        5568.0,
        5568.0,
        5568.0,
        5568.0,
        5568.0,
        54.5,
        43.1,
        100.6,
        19.8
    ],
    "mse": 30490549.681572597,
    "rmse": 5521.824850678678,
    "mape": 3142.9993114280214
}