{
    "predictions": [
        79.62186471295357,
        84.58332065162062,
        99.72204661738871,
        112.81825041633844,
        126.9770699391961,
        149.1429675747156,
        166.65043473494055,
        155.64066212785244,
        166.87551745247842,
        161.4934890050888,
        160.2297964180708,
        178.7762362982035,
        173.9653179306984,
        149.08915850561857,
        156.03824723732473,
        164.2628954143524,
        167.36099483144284,
        153.73244822216034,
        162.12410655510425,
        165.99232301843168
    ],
    "actual": [
        110.562,
        92.713,
        124.318,
        124.372,
        124.372,
        129.465,
        129.465,
        101.124,
        101.124,
        134.597,
        134.597,
        141.893,
        141.893,
        161.952,
        161.952,
        114.478,
        114.478,
        144.304,
        153.132,
        133.101
    ],
    "mse": 1066.5280246928567,
    "rmse": 32.65774065505538,
    "mape": 22.839703224412244
}