{
    "predictions": [
        33.21301610288024,
        36.44800960049033,
        38.3668363481164,
        35.88623091171682,
        33.87909071779251,
        34.67992494471371,
        32.98326034736633,
        30.958739865958687,
        37.35299368366599,
        38.26338641005755,
        35.286155539527535,
        35.798724907279016,
        38.63547915282846,
        35.60849931420386,
        37.825982170268894,
        42.23561084371805,
        39.49137158238888,
        38.2063765514642,
        39.22973201712966,
        36.310269757092
    ],
    "actual": [
        27.942000000000004,
        77.113,
        61.403,
        78.63199999999999,
        143.309,
        85.026,
        107.425,
        94.296,
        96.756,
        55.253,
        44.508,
        45.837,
        84.972,
        58.11,
        61.905,
        51.484,
        63.131,
        54.948,
        70.46,
        60.071
    ],
    "mse": 1890.1508023129045,
    "rmse": 43.475864595346515,
    "mape": 43.60909239134689
}