{
    "predictions": [
        1248.5958751440048,
        1182.5198464989662,
        1287.8895611166954,
        1079.9098905920982,
        1175.5848793387413,
        1150.8006759881973,
        909.5795842409134,
        1180.2891523241997,
        1211.57752597332,
        1211.1481662988663,
        1211.2671833634377,
        1129.580247759819,
        1350.7868011593819,
        1388.4911377429962,
        1484.303647339344,
        1247.0063461065292,
        1315.2277359366417,
        1454.7855290174484,
        1568.088067829609,
        1189.7132378816605
    ],
    "actual": [
        1060.0,
        1296.0,
        1502.0,
        1153.0,
        1183.0,
        1291.0,
        1427.0,
        1121.0,
        1190.0,
        1317.0,
        1467.0,
        1164.0,
        1169.0,
        1265.0,
        1265.0,
        1510.0,
        1247.0,
        1373.0,
        1399.0,
        1663.0
    ],
    "mse": 44916.349792475434,
    "rmse": 211.9347772133574,
    "mape": 12.122861726500252
}