{
    "predictions": [
        842.8486108779908,
        829.5143337249757,
        843.2301149368287,
        863.8703069686891,
        858.0575571060182,
        843.9774684906007,
        849.9346609115602,
        866.4363470077516,
        861.0480461120607,
        851.1959514617921,
        850.5504693984986,
        856.9119234085084,
        839.632555961609,
        835.7613925933839,
        836.6038885116578,
        851.4332933425904,
        860.603222846985,
        858.6307477951051,
        861.7891845703126,
        872.0408678054811
    ],
    "actual": [
        812.3,
        981.2,
        1000.8,
        1066.5,
        997.7000000000002,
        908.0000000000001,
        1008.9999999999999,
        985.0,
        811.1,
        1118.9,
        814.4999999999999,
        958.4999999999999,
        857.5000000000001,
        995.1,
        1078.2,
        1073.4,
        1032.4,
        992.1,
        975.7,
        1220.0
    ],
    "mse": 27664.610990988498,
    "rmse": 166.32681981865852,
    "mape": 13.969658956686862
}