{
    "predictions": [
        254.57201173305506,
        255.63936533927912,
        179.18845130205153,
        226.07041878700255,
        278.84231109619134,
        275.7131354093551,
        187.6107148885727,
        230.4984602689743,
        295.2495874166488,
        257.22815332412716,
        162.78510094881057,
        186.90369614362714,
        247.18840622901917,
        227.6038236618042,
        166.47357711791992,
        203.39840764999389,
        257.3727547883987,
        263.5713775157928,
        170.3727818250656,
        232.8295557498932
    ],
    "actual": [
        302.12699999999995,
        207.1,
        262.09999999999997,
        446.19999999999993,
        253.99999999999997,
        174.5,
        286.1,
        280.3,
        310.5,
        66.9,
        74.7,
        96.1,
        152.8,
        356.09999999999997,
        374.99999999999994,
        -56.6,
        165.9,
        279.79999999999995,
        357.7,
        102.89999999999999
    ],
    "mse": 16627.94211060214,
    "rmse": 128.94937809311892,
    "mape": 79.71675815382433
}