{
    "predictions": [
        202.13367145502568,
        197.33626938307285,
        200.44325530076026,
        220.11393778765202,
        255.03679219031335,
        234.63867906773092,
        252.85112479770186,
        269.58413572156434,
        344.0529365255833,
        312.4471312566996,
        301.4779374166727,
        266.49796979868415,
        300.53425967538357,
        275.41737979197507,
        259.1601233019829,
        268.3303453727961,
        302.7996425344944,
        238.91188173735145,
        245.00846768760684,
        234.95559665405753
    ],
    "actual": [
        255.16300000000007,
        250.158,
        263.07400000000007,
        290.8740000000001,
        246.83199999999997,
        201.6,
        178.586,
        194.963,
        110.52100000000002,
        87.79099999999998,
        52.904,
        113.56,
        112.72300000000001,
        171.167,
        171.167,
        137.205,
        67.911,
        -44.611,
        144.615,
        145.384
    ],
    "mse": 22084.928988941567,
    "rmse": 148.6099895328089,
    "mape": 137.41434126667153
}