{
    "predictions": [
        316.04526332831375,
        373.2329076386689,
        376.72699240779866,
        313.7947386045455,
        290.23609843361373,
        348.8570924359559,
        353.4230282006263,
        295.5089515614509,
        270.24824401867386,
        314.0441300514936,
        308.72601881182186,
        253.37106380492443,
        237.52606296408172,
        278.07582130587093,
        291.26714541006083,
        242.59027204424137,
        239.23517006725066,
        262.49508405214544,
        256.1231457939147,
        207.87648871636387
    ],
    "actual": [
        70.99400000000001,
        154.94,
        -26.123,
        226.402,
        -29.816,
        386.029,
        322.38,
        245.987,
        37.64300000000001,
        328.362,
        315.48199999999997,
        376.199,
        40.63300000000001,
        403.961,
        259.211,
        249.652,
        24.372,
        339.551,
        310.664,
        144.988
    ],
    "mse": 28451.307095875953,
    "rmse": 168.67515257404082,
    "mape": 266.6412439333345
}