{
    "predictions": [
        3329.446951627731,
        2962.5451700687404,
        3474.009331643581,
        2895.097977817058,
        2911.1614273488517,
        2731.860054016113,
        2107.8516849577422,
        2082.15721386671,
        2070.791420638561,
        2090.1021076142783,
        2332.6456948220725,
        2423.311143189668,
        2258.5645665526386,
        2319.8285583853717,
        1990.3853199481962,
        2796.814739644527,
        2695.2184041738506,
        2865.6147164106364,
        2602.663124620914,
        3008.328167676925
    ],
    "actual": [
        1108.0,
        1046.0,
        1221.0,
        1651.0,
        1597.0,
        1657.0,
        1558.0,
        1644.0,
        1585.0,
        1504.0,
        1149.0,
        1177.0,
        1233.0,
        1292.0,
        1372.0,
        1230.0,
        1254.0,
        1216.0,
        1332.0,
        1118.0
    ],
    "mse": 1853703.5492645092,
    "rmse": 1361.5078219622937,
    "mape": 99.07338675464814
}