{
    "predictions": [
        293.439791133523,
        305.8930671328306,
        340.4291712802648,
        347.43613415205476,
        343.2896935299635,
        367.66833291769024,
        360.6262971577644,
        382.32861260294914,
        363.88074233233925,
        373.2887726192474,
        353.7023088619709,
        363.5049560292959,
        312.40668388187885,
        335.0825626839399,
        342.238219596982,
        341.32797499430177,
        328.08846612298487,
        328.01488808012004,
        324.2197577615976,
        334.87371957731244
    ],
    "actual": [
        291.198,
        322.975,
        319.833,
        334.604,
        258.248,
        413.557,
        377.057,
        377.057,
        390.9680000000001,
        349.034,
        431.11499999999995,
        344.786,
        349.713,
        281.729,
        334.758,
        342.727,
        324.36,
        322.88,
        349.04400000000004,
        303.809
    ],
    "mse": 1205.2121026682798,
    "rmse": 34.716164861174974,
    "mape": 7.785185870782646
}