{
    "predictions": [
        210.9887610673904,
        254.34692323207852,
        258.1197477579117,
        237.40317797660825,
        241.40256977081296,
        222.97389984130857,
        231.27607178688046,
        189.80542075634,
        202.94422447681424,
        216.93500304222104,
        223.37988281249997,
        222.89428162574765,
        219.0436370372772,
        221.1074171066284,
        249.78660762310025,
        239.8271880149841,
        250.3660624027252,
        227.71113371849057,
        -35.22013127803803,
        -46.1328216791153
    ],
    "actual": [
        130.0,
        130.0,
        275.00000000000006,
        275.00000000000006,
        124.00000000000006,
        124.00000000000006,
        349.0,
        349.0,
        0.0,
        0.0,
        42.000000000000036,
        42.000000000000036,
        65.0,
        65.0,
        232.00000000000006,
        18.0,
        32.999999999999986,
        358.0,
        329.0,
        228.99999999999994
    ],
    "mse": 30528.479547722276,
    "rmse": 174.72400964870934,
    "mape": Infinity
}