{
    "predictions": [
        1549.49517005682,
        -108.47101832181215,
        -257.69116842001677,
        221.10916694998738,
        1469.9602181911469,
        -136.03495692182332,
        -263.48577001690865,
        337.2835697382688,
        1512.1949395537376,
        -138.79142801463604,
        -205.9522221274674,
        371.0972098857164,
        1587.5835982561111,
        -172.6420629993081,
        -111.26982004567981,
        375.1889978349208,
        1667.7871747612953,
        -153.1624353043735,
        -121.41074458323419,
        623.0137462466954
    ],
    "actual": [
        1467.0,
        533.0,
        255.00000000000003,
        65.99999999999999,
        2027.0000000000002,
        515.0,
        309.0,
        270.99999999999994,
        2604.0,
        133.0,
        285.0,
        478.99999999999994,
        2971.0,
        211.99999999999997,
        498.00000000000006,
        561.0,
        3303.0,
        280.0,
        481.00000000000006,
        795.9999999999999
    ],
    "mse": 450598.02025251405,
    "rmse": 671.2659832380261,
    "mape": 105.06931731657
}