{
    "predictions": [
        101.79779257774354,
        95.56365792155266,
        95.45634123682976,
        97.89216824471951,
        99.7370978474617,
        88.15933222770691,
        89.86364023685455,
        96.31608452498914,
        98.12644217014314,
        108.0552076280117,
        122.04595955610276,
        120.28513128757477,
        122.0501951932907,
        113.68970822691918,
        119.02464936971664,
        131.9786640524864,
        130.91792833209038,
        135.8069047510624,
        127.56164897084236,
        104.796680945158
    ],
    "actual": [
        117.2,
        134.2,
        143.2,
        127.2,
        132.7,
        143.6,
        129.1,
        130.0,
        147.7,
        164.50000000000003,
        153.1,
        151.6,
        167.10000000000002,
        160.30000000000004,
        172.40000000000003,
        167.60000000000002,
        186.1,
        193.2,
        193.79999999999998,
        199.5
    ],
    "mse": 2365.316211223925,
    "rmse": 48.63451666485363,
    "mape": 28.806926214957983
}