{
    "predictions": [
        248.12683695441484,
        261.7881803081632,
        272.74363720279933,
        285.99704586815835,
        277.26262716770174,
        281.41605097046494,
        285.52064281237125,
        290.61785759547354,
        277.41319022154806,
        280.18986359474064,
        272.5407060805857,
        269.3260475815535,
        271.6675465810299,
        289.5704573698044,
        290.28332628166675,
        290.9214188248217,
        301.2599480102658,
        301.1060172349811,
        297.36243217849733,
        321.7596310835481
    ],
    "actual": [
        284.836,
        305.481,
        307.896,
        342.281,
        345.197,
        380.917,
        412.752,
        463.757,
        483.95700000000005,
        510.654,
        528.808,
        453.5539999999999,
        453.30099999999993,
        450.68399999999997,
        429.43,
        397.735,
        377.365,
        390.368,
        412.09,
        412.543
    ],
    "mse": 19430.528112944863,
    "rmse": 139.39342923159924,
    "mape": 28.692850622940323
}