{
    "predictions": [
        280439255.08117676,
        254698023.54812625,
        280404410.24160385,
        339356466.53556824,
        389151896.32987976,
        374081114.0384674,
        325388500.7901192,
        386968925.9595871,
        409801364.5887375,
        367158557.6400757,
        395138909.5134735,
        442985888.28372955,
        423200391.0341263,
        445759211.6918564,
        449936863.5902405,
        470190711.68613434,
        497282547.3022461,
        482574368.5569763,
        500640322.7519989,
        505820275.14743805
    ],
    "actual": [
        380474000.0,
        404972000.0,
        428396000.0,
        520114000.00000006,
        458081000.0,
        464845000.0,
        502960000.0,
        619000000.0,
        568000000.0,
        565000000.0,
        584000000.0,
        670000000.0,
        610000000.0,
        613000000.0,
        624999999.9999999,
        651000000.0,
        453000000.0,
        534000000.0,
        511000000.0,
        471000000.0
    ],
    "mse": 2.3451166419227816e+16,
    "rmse": 153137736.75756022,
    "mape": 25.583334752962074
}