{
    "predictions": [
        74925025.0068499,
        138312838.19530994,
        181514342.95677352,
        319772947.5849447,
        77527532.80684905,
        171930364.10260218,
        138205964.0154583,
        329322676.8141546,
        65689242.67834275,
        200730701.04548886,
        204698716.7687871,
        354378052.3139541,
        105246096.46459757,
        199800780.5559897,
        264641860.3356297,
        455358514.48981845,
        91761234.03017217,
        240282925.855821,
        324651808.25965667,
        542995821.6547966
    ],
    "actual": [
        133700000.0,
        95900000.0,
        243300000.0,
        455000000.0,
        138900000.0,
        296900000.0,
        360900000.0,
        536599999.99999994,
        249600000.0,
        323900000.0,
        279300000.0,
        355700000.0,
        111000000.0,
        220900000.0,
        208500000.0,
        373900000.0,
        176900000.0,
        226200000.0,
        285000000.0,
        458900000.0
    ],
    "mse": 1.1010780871834312e+16,
    "rmse": 104932268.02006288,
    "mape": 30.937102013306305
}