{
    "predictions": [
        610.0955473780632,
        613.1261076927185,
        614.3172343373299,
        609.0231000185013,
        610.1641737222672,
        591.6729695796967,
        588.0455839037895,
        532.9031971693039,
        486.9686942100525,
        540.9551008939743,
        573.3556886911392,
        574.7085468173027,
        492.0151831507683,
        486.6737104654312,
        545.0100082159042,
        536.4148086309433,
        482.68447679281235,
        448.48536443710327,
        534.8583574295044,
        562.0851570367813
    ],
    "actual": [
        546.0,
        592.0,
        582.0,
        524.0,
        494.0,
        542.0,
        582.0,
        485.00000000000006,
        465.0,
        465.0,
        464.00000000000006,
        697.0,
        534.0,
        652.0,
        652.0,
        438.00000000000006,
        522.0,
        621.0,
        572.0,
        626.0
    ],
    "mse": 7564.289637807307,
    "rmse": 86.97292473987125,
    "mape": 13.34835082104125
}