{
    "predictions": [
        36.63988315510757,
        34.72409861946113,
        48.29372814011581,
        35.41328228282936,
        41.9933191103936,
        35.908813879251554,
        50.83028776478775,
        44.66580030322082,
        48.724433484315945,
        43.561205055475305,
        49.716943384170605,
        75.14715921068199,
        71.00895714402206,
        78.96446788430221,
        81.35656348037728,
        87.06072254943855,
        89.67788442182548,
        87.59476410865791,
        92.15299344396598,
        96.90143030571944
    ],
    "actual": [
        75.80200000000006,
        72.66900000000005,
        105.713,
        137.46999999999994,
        127.80400000000004,
        174.37900000000002,
        187.402,
        227.23200000000008,
        180.67699999999996,
        276.973,
        343.85699999999997,
        320.62299999999993,
        174.92000000000002,
        221.44800000000004,
        194.83000000000007,
        199.173,
        172.83300000000008,
        205.719,
        204.58699999999993,
        235.15799999999996
    ],
    "mse": 21152.194714835292,
    "rmse": 145.43794111178588,
    "mape": 65.45869803595423
}