{
    "predictions": [
        84.36862890619041,
        54.200742650091655,
        69.42439865782858,
        76.71586102849245,
        68.84133577546478,
        89.51210048174859,
        66.71666011494399,
        102.18489756613971,
        93.54178343188764,
        93.58447292929888,
        113.08764231884481,
        117.70786111986638,
        101.38509223705532,
        114.99375012499095,
        85.38765449166299,
        87.89480248010159,
        110.04349498414994,
        136.06124774461986,
        151.39676763296129,
        123.414098626256
    ],
    "actual": [
        75.32,
        80.48200000000001,
        -0.5359999999999985,
        65.877,
        81.728,
        102.029,
        117.09900000000002,
        130.2,
        146.108,
        158.601,
        131.733,
        140.051,
        83.91399999999999,
        98.318,
        82.98100000000001,
        112.977,
        78.58699999999999,
        107.47800000000001,
        97.50400000000002,
        112.13599999999998
    ],
    "mse": 1166.2036993012323,
    "rmse": 34.14972473243719,
    "mape": 675.3963227694948
}