{
    "predictions": [
        523.6677618026733,
        544.3944139480591,
        547.2634906768799,
        546.698896408081,
        506.29578781127924,
        495.8165688514709,
        528.401903629303,
        493.2471771240234,
        477.3780341148376,
        487.7216119766235,
        463.70951843261713,
        460.90102386474604,
        468.62934064865107,
        498.6632223129272,
        426.87060785293573,
        436.5785844326019,
        345.04236173629755,
        358.00269556045527,
        297.51841020584106,
        320.0335342884064
    ],
    "actual": [
        569.9999999999999,
        483.9999999999999,
        780.0,
        597.0,
        657.0,
        282.0,
        471.99999999999994,
        402.0,
        -102.0,
        286.00000000000006,
        349.0,
        345.0,
        345.0,
        486.0,
        486.0,
        230.99999999999994,
        230.99999999999994,
        354.0,
        354.0,
        282.0
    ],
    "mse": 31212.540010246827,
    "rmse": 176.67071067453944,
    "mape": 55.84169774956911
}