{
    "predictions": [
        364.2219526172877,
        331.219160405159,
        364.4621351809502,
        385.49358793330197,
        409.4981805803776,
        381.7960574265719,
        433.34564045691496,
        465.0268948298693,
        448.8644230080843,
        496.80977311420446,
        464.9908140714169,
        478.45833078110223,
        535.1091779680253,
        526.9466002289057,
        592.4594367803336,
        617.2460638546944,
        637.4130728734732,
        714.2253781932593,
        693.3455073255301,
        752.5207266304493
    ],
    "actual": [
        535.177,
        791.1309999999999,
        981.6209999999998,
        1237.0420000000001,
        957.5380000000002,
        1232.9389999999999,
        1411.045,
        1908.887,
        1160.2160000000001,
        1936.1170000000006,
        2013.3750000000002,
        1996.2350000000004,
        909.4760000000002,
        1256.317,
        1598.894,
        1983.4229999999998,
        1030.1179999999997,
        1349.2509999999997,
        1368.5429999999997,
        1524.0929999999998
    ],
    "mse": 892556.1012128865,
    "rmse": 944.7518728284621,
    "mape": 59.88822281887573
}