{
    "predictions": [
        257008895.7726955,
        265800879.35030457,
        277551011.66814566,
        306891625.91695786,
        299627731.05204105,
        309883883.780241,
        326346241.5099144,
        377171558.2460165,
        358278895.4615593,
        344602298.5637188,
        333130526.05986595,
        322988915.9053564,
        312897795.2629328,
        321452229.8246622,
        320856207.94296265,
        332821715.0092125,
        331568581.8731785,
        408785335.2844715,
        489461221.0214138,
        536680262.2795105
    ],
    "actual": [
        777000000.0,
        785000000.0,
        847000000.0,
        825000000.0,
        782000000.0,
        790000000.0,
        800000000.0,
        753000000.0,
        736000000.0,
        778000000.0,
        805000000.0,
        593000000.0,
        652000000.0,
        878000000.0,
        877000000.0,
        786000000.0,
        881000000.0,
        919999999.9999999,
        919999999.9999999,
        976000000.0
    ],
    "mse": 2.234256440401617e+17,
    "rmse": 472679218.96372986,
    "mape": 57.60294072691371
}