{
    "predictions": [
        201.9874894618988,
        201.34282896518707,
        203.74260830879211,
        207.05482606887819,
        198.4109152317047,
        194.47785987854004,
        197.97851185798646,
        210.70530078411102,
        207.02906622886658,
        207.26214895248413,
        215.3266754627228,
        229.48008165359497,
        226.42465641498566,
        229.42422153949738,
        231.490522646904,
        241.18958311080937,
        231.24481449127197,
        226.8143482208252,
        218.82150249481202,
        220.55636126995086
    ],
    "actual": [
        104.5,
        35.2,
        129.9,
        171.8,
        116.3,
        186.4,
        167.0,
        224.3,
        160.0,
        201.9,
        182.9,
        171.5,
        145.5,
        129.2,
        92.8,
        39.9,
        99.5,
        135.8,
        92.6,
        90.0
    ],
    "mse": 9668.593886734443,
    "rmse": 98.32900836850966,
    "mape": 104.68559345713354
}