{
    "predictions": [
        1020.7753991451262,
        750.3131010236739,
        1014.6004651985168,
        494.51268490123744,
        329.6534560008049,
        224.84905648088454,
        406.76447639513015,
        412.61368401050566,
        241.87098008584977,
        256.6624672691822,
        240.26893887639045,
        294.13834157657624,
        218.84314852070807,
        349.5148992967606,
        275.1751825423241,
        374.3386352882385,
        315.0416203570366,
        -5.39647933912277,
        73.37749324798584,
        -25.214650069952008
    ],
    "actual": [
        -85.35,
        2.7200000000000033,
        430.01,
        233.708,
        87.55999999999999,
        106.171,
        443.819,
        317.03899999999993,
        134.963,
        166.869,
        441.20700000000005,
        150.39099999999996,
        -46.842000000000006,
        116.55200000000004,
        523.9229999999999,
        523.9229999999999,
        18.486999999999988,
        131.444,
        545.0,
        204.1
    ],
    "mse": 147335.0515881064,
    "rmse": 383.842482781813,
    "mape": 1623.985299864339
}