{
    "predictions": [
        1020.6153984069825,
        1074.2463989257812,
        1119.3845481872559,
        1159.025375366211,
        1148.0009574890137,
        1195.2009029388428,
        1188.4660358428955,
        1184.3241519927979,
        1155.1654071807861,
        1130.5645771026611,
        1092.9640502929688,
        1067.2433013916016,
        1107.2098369598389,
        1070.5614681243896,
        1054.4056243896484,
        1042.0694274902344,
        1062.6006050109863,
        1063.47385597229,
        1033.5435981750488,
        1048.9179821014404
    ],
    "actual": [
        1128.9999999999998,
        820.0,
        985.0,
        1087.0,
        1294.0,
        1217.0,
        1346.0,
        567.0,
        896.0,
        1219.0,
        1282.0,
        1397.0,
        1328.0,
        1311.0,
        1055.0000000000002,
        1055.0000000000002,
        1410.0,
        1328.0,
        1567.0,
        1405.0
    ],
    "mse": 72777.54952235107,
    "rmse": 269.773144553625,
    "mape": 20.462501949418815
}