{
    "predictions": [
        1603.8106091082095,
        1859.568735051155,
        1898.1764670610428,
        2024.943338471651,
        2442.7943507015707,
        2563.8466756522657,
        2703.774366116524,
        2644.545812469721,
        2917.8762031018737,
        2768.6655418992045,
        2897.5227418065074,
        2792.2180907547477,
        2786.0472093701364,
        2690.9425675392154,
        2697.862731897831,
        2651.2351881861687,
        3057.353549909592,
        2813.8951230406765,
        2894.6334527373315,
        2682.2313884556297
    ],
    "actual": [
        1130.0,
        1304.0,
        1928.0,
        2283.0,
        2681.0,
        2493.0,
        2361.0,
        2419.0,
        2355.0,
        2001.0,
        2222.0,
        2236.0,
        2733.0,
        2152.0,
        2256.0,
        2271.0,
        2985.0,
        2108.0,
        2304.0,
        2438.0
    ],
    "mse": 202386.30396908347,
    "rmse": 449.873653339561,
    "mape": 19.268701314463737
}