{
    "predictions": [
        223.941743514061,
        197.93242368996144,
        183.94227878665924,
        249.68754844772815,
        211.84365146178007,
        209.05602608019115,
        215.47331390446425,
        264.1266452738047,
        206.89916127985717,
        240.73114494132994,
        252.69821709167957,
        314.0297395006418,
        300.63486832582953,
        291.56432363796233,
        326.7769628962278,
        375.26863664603235,
        382.57292623925207,
        340.78302856147286,
        398.8840605175495,
        439.59268582963944
    ],
    "actual": [
        237.1,
        299.9,
        315.5,
        331.3,
        310.6,
        301.8,
        319.5,
        355.9,
        276.1,
        223.0,
        288.6,
        330.3,
        274.6,
        283.8,
        304.9,
        360.2,
        283.5,
        293.0,
        343.0,
        359.1
    ],
    "mse": 5096.902516391562,
    "rmse": 71.39259426853434,
    "mape": 19.533601557244666
}