{
    "predictions": [
        151.36622522374992,
        144.01735993480688,
        136.03967243403198,
        133.40195045673852,
        125.21780708974603,
        116.01353562495116,
        113.27940947884325,
        105.40886329889301,
        102.38892830708626,
        108.3338082031608,
        108.82296522483233,
        97.51621798831228,
        100.48585443800691,
        100.75790065547827,
        107.85543766191604,
        107.24092069089416,
        105.58491641768816,
        110.09146190014485,
        112.0629707258344,
        122.21730749407413
    ],
    "actual": [
        208.206,
        156.85100000000003,
        93.546,
        323.394,
        406.994,
        431.2,
        473.99999999999994,
        465.70000000000005,
        401.9,
        225.90000000000003,
        183.60000000000002,
        198.99999999999997,
        198.99999999999997,
        380.2,
        380.2,
        189.3,
        189.3,
        255.6,
        255.6,
        -3.0000000000000018
    ],
    "mse": 41627.408266580496,
    "rmse": 204.0279595216805,
    "mape": 261.14736993813295
}