{
    "predictions": [
        225.52048598074907,
        283.1820548055171,
        7.75125612342356,
        -181.854008492738,
        125.81452220582959,
        361.0663344101905,
        32.386464821338635,
        -222.40145538735388,
        211.44601364505286,
        344.73720027112955,
        0.06823185014723235,
        -224.10886719834804,
        249.83514245128626,
        417.76799299883834,
        58.56795867466924,
        -194.99724519455432,
        195.9063184663057,
        451.85943570160856,
        -20.574442493200316,
        -269.44857896471024
    ],
    "actual": [
        375.254,
        311.71399999999994,
        -106.521,
        -100.764,
        272.571,
        449.588,
        -89.545,
        -113.082,
        381.5319999999999,
        606.896,
        -59.295,
        -96.141,
        395.345,
        575.904,
        -90.182,
        -144.569,
        420.709,
        615.6889999999999,
        -120.559,
        -145.363
    ],
    "mse": 19511.79724253269,
    "rmse": 139.68463495507547,
    "mape": 68.83025474217035
}