{
    "predictions": [
        3181.8198123574257,
        3132.119356393814,
        2853.367953002453,
        2793.3635795116425,
        2741.8031698465347,
        2405.326501429081,
        2411.916161030531,
        2669.5671314001083,
        2861.8155616521835,
        2914.6319776773453,
        3279.8976531624794,
        3327.3791402578354,
        3502.796866595745,
        3671.2941655516624,
        3876.618037521839,
        3924.406783282757,
        4155.391674339771,
        4440.888918042183,
        4531.207292973995,
        4623.0258774757385
    ],
    "actual": [
        4825.0,
        4825.0,
        3407.9999999999995,
        3407.9999999999995,
        3407.9999999999995,
        1725.0,
        1725.0,
        1725.0,
        -275.0,
        -275.0,
        -275.0,
        307.0,
        307.0,
        562.0000000000001,
        562.0000000000001,
        787.0,
        1905.9999999999998,
        2636.0,
        3513.0,
        4204.0
    ],
    "mse": 5026795.647311273,
    "rmse": 2242.0516602681732,
    "mape": 382.10916892802203
}