{
    "predictions": [
        115.66166127085685,
        120.97127724587918,
        127.51371105104685,
        107.12256037339569,
        107.1689466021955,
        126.82247141629458,
        129.7841026544571,
        130.66184707343578,
        134.94256158024072,
        143.15476568698884,
        158.6554115745425,
        176.52152074426414,
        171.36761561572553,
        181.51752741783858,
        183.52192368805407,
        176.31591903090478,
        176.76700166732073,
        185.88841380685568,
        181.55953842967747,
        166.0479098546505
    ],
    "actual": [
        152.075,
        140.555,
        153.877,
        135.045,
        191.708,
        215.173,
        177.085,
        181.25,
        208.938,
        209.80499999999998,
        202.29,
        170.653,
        199.608,
        198.098,
        216.3,
        192.97900000000004,
        201.33599999999998,
        200.44,
        215.42099999999996,
        177.978
    ],
    "mse": 1965.907000961281,
    "rmse": 44.33854982925446,
    "mape": 19.792457175371688
}