{
    "predictions": [
        98.42540417292716,
        102.59822674641015,
        102.11803174927832,
        101.13417560419441,
        97.62024894720318,
        100.77141701695325,
        100.68253408414127,
        103.26391104736926,
        96.26281506204606,
        99.9672021277547,
        98.47549558266999,
        95.56832899290325,
        89.94345777487756,
        95.4646595323682,
        91.63871548098327,
        89.18527711310983,
        89.40015457475187,
        93.5854022690654,
        97.90561466872694,
        102.67388157439234
    ],
    "actual": [
        89.616,
        131.055,
        48.744,
        119.49299999999998,
        96.512,
        109.132,
        91.835,
        84.461,
        56.67399999999999,
        104.362,
        104.189,
        99.217,
        129.656,
        145.354,
        144.487,
        149.532,
        121.682,
        179.154,
        188.227,
        213.09199999999998
    ],
    "mse": 2271.1822509402496,
    "rmse": 47.65692238217077,
    "mape": 29.8159055816028
}