{
    "predictions": [
        266.2579526215792,
        269.21767960333824,
        245.15621004801991,
        242.034934284091,
        237.1357483749986,
        228.18600783604384,
        224.9377586179972,
        219.5826123313904,
        228.45646749264003,
        234.66357015115025,
        234.0242506378293,
        240.46495514601472,
        246.08312189882994,
        266.13131731247904,
        266.26609628075363,
        277.2545976672173,
        288.0225439659357,
        299.739635150373,
        285.564652369082,
        286.9332661491633
    ],
    "actual": [
        315.0,
        327.0,
        198.0,
        283.0,
        315.0,
        349.0,
        318.0,
        348.0,
        378.0,
        353.0,
        334.0,
        357.0,
        327.0,
        392.0,
        271.0,
        376.0,
        445.0,
        431.0,
        363.0,
        421.0
    ],
    "mse": 10668.705051170185,
    "rmse": 103.28942371399981,
    "mape": 26.8184838329367
}