{
    "predictions": [
        618.7378838878125,
        1298.936025743112,
        570.1011952695845,
        652.3215856493637,
        533.1418472409695,
        970.6339774933009,
        602.5861283860169,
        1331.5534706453084,
        1235.084705342546,
        1320.8685094761029,
        1101.3759134296477,
        1448.2644417678564,
        1623.7889696020482,
        2218.1650498141644,
        2351.804366830647,
        2158.9339026584626,
        2533.683902389809,
        2560.2579576357602,
        2665.5756015452444,
        3070.477521054774
    ],
    "actual": [
        2969.0,
        3279.0000000000005,
        3279.0000000000005,
        3279.0000000000005,
        3711.0,
        1052.0,
        1197.0,
        1197.0,
        1911.0,
        1911.0,
        2705.0,
        7304.0,
        7304.0,
        10950.0,
        10950.0,
        14142.0,
        17458.0,
        19216.0,
        22502.0,
        24739.0
    ],
    "mse": 88050764.6112894,
    "rmse": 9383.536892413724,
    "mape": 66.54563054683246
}