{
    "predictions": [
        23.054853113025427,
        23.920173246294258,
        31.30415364730358,
        31.32608909767866,
        30.999293153107164,
        27.67088717728853,
        35.66743999147415,
        37.6922333611846,
        46.880384647637605,
        49.08289130589366,
        58.8043723487854,
        67.72649581003189,
        63.80363361608982,
        58.94536320644617,
        59.09443361145258,
        56.996268886089325,
        56.914180930078025,
        54.57930200636387,
        48.364157683432104,
        57.478530267834664
    ],
    "actual": [
        82.474,
        91.002,
        121.45999999999998,
        120.85600000000001,
        123.20199999999998,
        191.956,
        206.801,
        126.042,
        102.128,
        91.744,
        91.744,
        111.55699999999999,
        111.55699999999999,
        107.559,
        107.559,
        93.883,
        99.677,
        126.17,
        116.569,
        82.135
    ],
    "mse": 6260.14235354522,
    "rmse": 79.12106137777235,
    "mape": 57.18269047140583
}