{
    "predictions": [
        247.86048065861314,
        264.50325349617003,
        268.7752319586873,
        310.99465390606224,
        355.57241718426343,
        383.52497879526015,
        392.6933815786242,
        419.7341023108363,
        413.01067081445456,
        447.53414559954405,
        437.95009375198185,
        420.2478512050211,
        432.175561817646,
        438.7911145007014,
        428.29846264779565,
        474.182579737842,
        493.00461451247327,
        490.1111345227509,
        554.130023947358,
        553.6852633852063
    ],
    "actual": [
        624.786,
        879.827,
        714.124,
        750.039,
        739.506,
        779.074,
        802.67,
        874.101,
        807.408,
        829.828,
        1240.723,
        1215.22,
        1177.363,
        1804.32,
        1305.504,
        1282.187,
        1494.112,
        1800.132,
        1947.043,
        1570.614
    ],
    "mse": 635168.2043017033,
    "rmse": 796.9744063028018,
    "mape": 61.3598430635762
}