{
    "predictions": [
        510.7152435183525,
        555.3766747713089,
        558.900693655014,
        542.1754133701324,
        628.6899292469025,
        673.3315304517746,
        658.3649023771286,
        652.2691097855568,
        660.2726156711578,
        687.0102797150612,
        660.1793741583824,
        638.2758998274803,
        624.3638005852699,
        647.7669726610184,
        617.2955299019814,
        577.8243339657784,
        577.7656943202019,
        607.7581272721291,
        584.1227690577507,
        574.4818741679192
    ],
    "actual": [
        482.0,
        455.99999999999994,
        733.0,
        614.0,
        693.0000000000001,
        685.0,
        613.0000000000001,
        378.99999999999994,
        533.0,
        652.0000000000001,
        617.0,
        510.0,
        676.0000000000001,
        817.0,
        762.0,
        706.0,
        734.0000000000001,
        889.0,
        807.0,
        593.0
    ],
    "mse": 19255.829035305516,
    "rmse": 138.765374050249,
    "mape": 18.212241072374493
}