{
    "predictions": [
        69.1059311566353,
        61.354268390774735,
        67.83757787406445,
        65.12699704623223,
        63.73229981255532,
        60.063401285529146,
        56.75850844097138,
        63.42498053765298,
        83.7801315034628,
        106.42691086530685,
        115.25818925523758,
        127.4823607455492,
        134.84473683059215,
        150.79857280492783,
        158.70632666039467,
        162.38148185300827,
        181.06437362217903,
        193.20462440609933,
        206.5450969450474,
        222.300438931942
    ],
    "actual": [
        200.71499999999997,
        140.6,
        140.6,
        182.1,
        182.1,
        306.1,
        306.1,
        301.335,
        301.335,
        249.59999999999997,
        249.59999999999997,
        228.7,
        228.7,
        228.7,
        228.7,
        254.0,
        254.0,
        248.1,
        248.1,
        169.8
    ],
    "mse": 18650.163717126266,
    "rmse": 136.56560224714812,
    "mape": 50.58165702488593
}