{
    "predictions": [
        0.13248674198985103,
        0.017178837703540922,
        -0.1090901595769683,
        0.23088398164696994,
        -0.21065486779063944,
        -0.15379174773395063,
        0.06622820256650448,
        0.048460521731525666,
        -0.06622298841923475,
        0.020285402946174147,
        -0.22199469007551673,
        0.08554922527447344,
        -0.16435537309572104,
        0.21101985809952023,
        0.08442889463156462,
        0.15052674351632597,
        0.20033085619658234,
        0.053924533308483666,
        0.12150302226282658,
        0.07735578535683454
    ],
    "actual": [
        37.29,
        63.621,
        60.442,
        52.207,
        53.881,
        37.535,
        51.639,
        46.931,
        50.25,
        53.873,
        51.91,
        49.465,
        61.583,
        0.0,
        51.392,
        0.0,
        45.82,
        0.0,
        46.557,
        0.0
    ],
    "mse": 2113.4377038480875,
    "rmse": 45.972140518449734,
    "mape": Infinity
}