{
    "predictions": [
        256.4985029220581,
        314.918761742115,
        246.12480885982512,
        153.98049969673156,
        162.05615277290343,
        233.81380338668822,
        194.1223664999008,
        157.26582289934157,
        239.02614135742186,
        275.495153260231,
        210.04421563148497,
        174.53383274078368,
        248.06991024017333,
        279.755495262146,
        220.03033943176268,
        176.71363587379454,
        256.0063079714775,
        287.20097066164016,
        51.777161103486996,
        -135.11673923134805
    ],
    "actual": [
        247.59999999999994,
        243.2,
        40.30000000000002,
        287.4,
        307.40000000000003,
        343.99999999999994,
        103.00000000000001,
        239.90000000000003,
        259.0,
        342.1000000000001,
        132.1,
        132.1,
        262.1,
        258.4,
        234.40000000000003,
        375.5,
        179.1,
        281.90000000000003,
        255.39999999999995,
        456.2
    ],
    "mse": 28196.591443044676,
    "rmse": 167.91840710012906,
    "mape": 61.881231953940684
}