{
    "predictions": [
        600.2121296653152,
        611.2450268986821,
        636.8124274504185,
        632.9574435463547,
        592.8245454967023,
        622.6790815770626,
        600.9037931257487,
        649.1448716133833,
        579.2507881239057,
        582.4832381033898,
        675.2119336771965,
        624.7459737166762,
        662.4968107843399,
        591.9932977977395,
        612.124201464355,
        628.8736475044489,
        601.440412068069,
        470.0955454921723,
        361.9935896223784,
        306.20826279968026
    ],
    "actual": [
        493.79999999999995,
        498.05499999999995,
        498.05499999999995,
        730.141,
        762.899,
        610.8209999999999,
        589.6709999999999,
        559.2660000000001,
        613.484,
        549.46,
        662.8209999999999,
        656.1849999999998,
        652.5529999999999,
        652.5529999999999,
        863.12,
        700.2990000000001,
        700.2990000000001,
        767.8279999999999,
        767.8279999999999,
        716.0189999999999
    ],
    "mse": 29821.968974852447,
    "rmse": 172.6903847203209,
    "mape": 17.94864710422413
}