{
    "predictions": [
        141.16379783201216,
        158.54071337118745,
        177.16040026295184,
        172.7858315409124,
        163.47752463540434,
        174.45919509387016,
        195.5054893450737,
        178.3851705802679,
        159.74272539299727,
        180.29645182603596,
        186.3586012005806,
        198.17885087150336,
        181.44731509816646,
        183.6192285873294,
        182.5698535335064,
        187.82685575199127,
        166.38312795105577,
        175.38558130037785,
        202.75439469999074,
        197.75896524071692
    ],
    "actual": [
        88.829,
        231.673,
        293.02,
        223.943,
        106.368,
        264.659,
        232.328,
        182.936,
        103.33699999999999,
        279.242,
        297.682,
        238.118,
        126.45100000000001,
        284.84,
        326.324,
        264.777,
        144.883,
        320.671,
        356.712,
        281.266
    ],
    "mse": 7798.2516624295895,
    "rmse": 88.30771009617217,
    "mape": 34.415141105509115
}