{
    "predictions": [
        83.93588447570801,
        75.5665332376957,
        104.03113853931427,
        93.84995502233505,
        103.76023775339127,
        98.98727345466614,
        124.28393858671188,
        123.94045650959015,
        124.63205569982529,
        138.9740127325058,
        168.15538501739502,
        153.53693389892578,
        171.56534028053284,
        165.28773307800293,
        178.4212371110916,
        186.1169843673706,
        183.99320018291473,
        203.42836260795593,
        211.30203437805176,
        216.57360434532166
    ],
    "actual": [
        147.0,
        175.0,
        165.0,
        173.0,
        173.0,
        160.0,
        160.0,
        188.0,
        188.0,
        170.0,
        170.0,
        178.0,
        178.0,
        125.0,
        125.0,
        165.0,
        165.0,
        169.0,
        169.0,
        195.0
    ],
    "mse": 2604.356948217356,
    "rmse": 51.03290064475422,
    "mape": 27.155876140797826
}