{
    "predictions": [
        1174.8751539707182,
        1166.0844593286513,
        1261.3788406372068,
        1263.1734203815458,
        1279.854910993576,
        1305.7700430154798,
        1262.3903684854506,
        1277.0676142215727,
        1298.8083917379377,
        1300.9804236412047,
        1302.273839187622,
        1313.565961050987,
        1316.4676331043242,
        1339.4370180845258,
        1386.2078579187391,
        1411.045143651962,
        1313.0292347908019,
        854.0519406080246,
        757.6889124631881,
        712.0837942838668
    ],
    "actual": [
        1318.0,
        1776.2999999999995,
        1795.5,
        1516.4,
        1295.4999999999998,
        1646.6999999999998,
        1500.3999999999999,
        1543.5999999999997,
        1543.5999999999997,
        1560.3999999999996,
        1560.3999999999996,
        1885.7999999999997,
        1885.7999999999997,
        1986.4999999999998,
        1986.4999999999998,
        1813.8999999999999,
        1532.1999999999998,
        1952.9999999999998,
        1735.0999999999997,
        1507.4
    ],
    "mse": 280839.0400770881,
    "rmse": 529.9424875183043,
    "mape": 26.04645942704924
}