{
    "predictions": [
        204.15766770112518,
        189.34041130554678,
        164.44970190155507,
        205.78716250371934,
        181.64736153137687,
        154.65982594561578,
        114.28830363714697,
        240.58166006326678,
        229.85370102715495,
        237.1379027026892,
        261.6111498641968,
        317.14552182626727,
        273.52577759242064,
        252.26166497480872,
        277.7373057119847,
        387.12913481616977,
        523.6470436530115,
        477.5309712033272,
        510.8912982645036,
        664.1163672461511
    ],
    "actual": [
        116.78799999999998,
        103.99099999999999,
        149.583,
        296.339,
        157.363,
        169.722,
        170.756,
        389.192,
        471.311,
        384.84,
        389.469,
        490.93699999999995,
        456.264,
        396.962,
        419.415,
        437.291,
        434.84,
        408.12,
        401.723,
        428.374
    ],
    "mse": 16660.72471321225,
    "rmse": 129.0764297353016,
    "mape": 34.60855758757281
}