{
    "predictions": [
        163.8999646759033,
        165.5940968017578,
        167.57225688934324,
        167.39475142669676,
        171.16510362243653,
        174.22094220733644,
        175.75842419433593,
        173.20801486206054,
        177.02671417999267,
        178.79782334136962,
        183.33841125488283,
        183.560707862854,
        188.46019652557374,
        189.1613056716919,
        191.1021001815796,
        192.29537574768065,
        193.2588077392578,
        195.01068022918702,
        195.61791259765624,
        198.37949030303955
    ],
    "actual": [
        187.782,
        187.782,
        172.95899999999997,
        275.157,
        275.157,
        287.515,
        287.515,
        289.759,
        289.759,
        225.753,
        291.941,
        273.777,
        272.757,
        272.757,
        279.626,
        279.626,
        229.649,
        240.291,
        266.899,
        278.361
    ],
    "mse": 7084.232677408999,
    "rmse": 84.167883883397,
    "mape": 28.376715592924246
}