{
    "predictions": [
        216.64847172629837,
        212.42243449866777,
        204.80624441689258,
        214.03109971332555,
        224.22129132014518,
        212.18951598411803,
        218.4986556860805,
        242.1163134220243,
        281.8248706576825,
        308.21692056727414,
        328.65724158418186,
        349.85955358242995,
        359.9293155801297,
        410.5225198509694,
        430.4507841947079,
        446.912364184618,
        460.04792371463776,
        442.9800010881424,
        472.6887853190899,
        438.83236841654787
    ],
    "actual": [
        353.945,
        237.571,
        237.608,
        363.216,
        681.118,
        1042.782,
        1409.452,
        1515.406,
        1582.413,
        1713.764,
        1318.558,
        861.289,
        943.054,
        1174.705,
        840.968,
        630.258,
        893.011,
        694.884,
        516.489,
        363.052
    ],
    "mse": 513718.42765213316,
    "rmse": 716.7415347614042,
    "mape": 51.852344188701124
}