{
    "predictions": [
        31.94599417280406,
        206.0620749607682,
        252.1488035932183,
        269.50292153060434,
        222.2887819126248,
        241.9865163505077,
        307.36967747807506,
        257.3108406752348,
        278.8285012111068,
        228.7423025384545,
        304.7229263201356,
        309.7951493799687,
        399.343577259779,
        310.5849273890257,
        315.37197201848034,
        450.2890109956265,
        235.15836502760646,
        476.5330563426018,
        475.9159014761448,
        484.3139565229416
    ],
    "actual": [
        661.3,
        766.6,
        896.2,
        896.0,
        629.5,
        820.5,
        824.7,
        926.8999999999999,
        769.8,
        921.2,
        916.1,
        838.5,
        678.7,
        899.0,
        1106.8,
        917.2,
        763.8,
        1059.4,
        1161.4,
        929.0
    ],
    "mse": 333169.83990061184,
    "rmse": 577.208662357567,
    "mape": 65.45618291932291
}