{
    "predictions": [
        282.7423880037963,
        323.6635091902613,
        358.4283001685738,
        373.79120221501586,
        362.11065767419336,
        368.80671614253515,
        395.2370706038475,
        385.7417709867954,
        394.5001169165969,
        413.81317812293764,
        431.4642040237784,
        424.7660736619234,
        428.6414939721822,
        464.77546752560136,
        468.3272203983068,
        434.8535204450488,
        394.264486117959,
        383.6544324492216,
        373.282269826591,
        347.6609332759976
    ],
    "actual": [
        249.9,
        358.3,
        657.1,
        463.99999999999994,
        431.3,
        505.9,
        629.8,
        536.4,
        490.7,
        590.9,
        538.8,
        463.8,
        383.8,
        445.0,
        445.0,
        387.3,
        310.8,
        252.3,
        438.6,
        313.2
    ],
    "mse": 14473.024934049952,
    "rmse": 120.3038857811748,
    "mape": 20.62735106542472
}