{
    "predictions": [
        747.869202706039,
        629.460732361883,
        577.0998024793267,
        684.8854257707297,
        832.0077448343038,
        852.3701406202913,
        789.0001978924871,
        819.9582826734782,
        888.2153529108167,
        853.433818246007,
        752.0151253443361,
        838.533226922214,
        961.8883935243488,
        867.6174835352898,
        845.8014702170491,
        936.4884503846168,
        991.4557367348672,
        906.1458963680864,
        592.0137393816411,
        234.49780102799087
    ],
    "actual": [
        557.232,
        418.888,
        444.16,
        788.25,
        871.524,
        802.572,
        739.726,
        1084.804,
        961.785,
        872.092,
        931.5220000000002,
        932.982,
        1417.6619999999998,
        1417.6619999999998,
        1060.302,
        964.342,
        965.616,
        1227.052,
        1108.0,
        1021.0
    ],
    "mse": 88904.89708458717,
    "rmse": 298.1692423517006,
    "mape": 22.7509588052551
}