{
    "predictions": [
        1662.3117869496346,
        1671.9011743664742,
        1640.0149525403976,
        1648.7510988116264,
        1637.017716228962,
        1640.3715697526932,
        1647.87607306242,
        1575.1383221149445,
        1616.7371606826782,
        1531.9995396733284,
        1561.0170218348503,
        1648.11297249794,
        1671.212195634842,
        1596.0560285449028,
        1685.6215729117393,
        1597.3289647102356,
        1658.8806793689728,
        1599.646326303482,
        1667.9876191020012,
        1735.5546805858612
    ],
    "actual": [
        2469.0,
        3082.0,
        3139.0,
        2665.0,
        2788.0,
        2048.0,
        998.0000000000001,
        1702.0,
        1866.0,
        1995.0,
        1913.0,
        2103.0,
        2103.0,
        2598.0,
        2598.0,
        2014.0,
        2014.0,
        2414.0,
        2414.0,
        1923.0
    ],
    "mse": 601642.2785481465,
    "rmse": 775.6560310783037,
    "mape": 29.079520143335046
}