{
    "predictions": [
        118.59945598059892,
        212.8817463489771,
        276.9487989412546,
        203.59442134565114,
        235.87103516727686,
        235.0181719599962,
        274.33013163101674,
        257.4116375182867,
        292.00113092947004,
        393.49605203485487,
        412.8354455922842,
        504.47491759109494,
        451.3283946764469,
        606.8919326550961,
        469.39815213263034,
        470.727231721282,
        352.97458537268636,
        365.2912828193903,
        366.87908213090896,
        322.62042329859736
    ],
    "actual": [
        122.777,
        92.709,
        224.60100000000003,
        224.516,
        244.636,
        318.034,
        381.521,
        398.515,
        446.655,
        556.342,
        432.897,
        269.071,
        126.033,
        249.96400000000003,
        228.66,
        155.99200000000002,
        102.544,
        232.52100000000002,
        218.72500000000002,
        83.987
    ],
    "mse": 35586.31334692391,
    "rmse": 188.64334959633194,
    "mape": 88.79918202511364
}