{
    "predictions": [
        1076.325081074238,
        1190.080811649561,
        1050.50459818542,
        1181.295726621151,
        1198.7609145432712,
        1394.5690635442734,
        1259.0493827432394,
        1322.9190677762033,
        1286.669593563676,
        1708.981796491146,
        1443.7772969365121,
        1575.9571288585664,
        1528.4899808466434,
        1825.0958671867847,
        1620.5617544233799,
        1689.2893884062767,
        1597.3794203996658,
        1995.3735386669637,
        1577.1035548329353,
        2199.3545444607735
    ],
    "actual": [
        2964.0,
        3703.0,
        3708.0,
        2900.0,
        2983.0,
        3378.0,
        3682.0,
        2861.0,
        2603.0,
        2769.0,
        2534.0,
        2565.0,
        2618.0,
        2618.0,
        2801.0,
        2789.0,
        2788.0,
        2910.0,
        2837.0,
        2986.0
    ],
    "mse": 2457507.3666133475,
    "rmse": 1567.643890242088,
    "mape": 48.468950030782025
}