{
    "predictions": [
        159.8580923643112,
        141.59773603522777,
        210.3314865128994,
        189.05369952857495,
        179.12497986024619,
        195.69700963056087,
        194.04972959768773,
        163.43242003649473,
        146.1560394874215,
        156.82602091002462,
        264.42415273463723,
        217.26062494170665,
        153.84661830425262,
        194.56153960847854,
        296.6298463870883,
        248.4627108336091,
        256.7238054625988,
        249.01777775067092,
        293.4660315089226,
        167.8484510486126
    ],
    "actual": [
        122.37999999999997,
        172.75,
        316.693,
        137.25299999999996,
        202.25600000000003,
        310.64,
        473.51399999999995,
        191.97899999999998,
        302.707,
        387.65199999999993,
        735.845,
        248.8,
        455.39399999999995,
        538.631,
        589.109,
        326.029,
        671.694,
        526.595,
        660.911,
        254.55400000000003
    ],
    "mse": 55135.63471460955,
    "rmse": 234.8097841117562,
    "mape": 41.899926256732854
}