{
    "predictions": [
        223229789.26682472,
        257467390.03908634,
        241940148.45114946,
        178166729.97009754,
        195644173.1043458,
        274717013.59665394,
        262194822.34680653,
        239982112.97625303,
        147414986.90283298,
        231469965.4598832,
        310113382.97212124,
        243446753.79133224,
        256020518.4043646,
        347892709.72955227,
        305459891.95525646,
        208368414.42894936,
        240885677.61206627,
        330851681.70022964,
        230288794.56967115,
        15086734.821394084
    ],
    "actual": [
        280000000.0,
        462300000.0,
        247700000.0,
        340200000.0,
        357900000.0,
        524900000.0,
        224300000.0,
        306800000.0,
        298099999.99999994,
        463000000.0,
        268200000.0,
        268200000.0,
        325299999.99999994,
        325299999.99999994,
        297500000.0,
        489100000.0,
        241500000.0,
        334500000.0,
        292900000.0,
        533700000.0
    ],
    "mse": 3.0102257679522104e+16,
    "rmse": 173500022.13118622,
    "mape": 28.99153740926918
}