{
    "predictions": [
        280.4420027878284,
        442.5584593348503,
        331.5160953798294,
        332.56331344270706,
        303.81372034728525,
        347.8307825335264,
        283.5290098145008,
        360.7049289801121,
        457.71118797302245,
        579.2752867519855,
        603.3602241249084,
        660.112863168478,
        588.5134080688953,
        648.7175916018487,
        701.9683884620667,
        572.8520890750884,
        635.1295561928749,
        697.3586215386391,
        757.622545200348,
        873.5935627150536
    ],
    "actual": [
        379.28099999999995,
        379.28099999999995,
        332.232,
        332.232,
        608.395,
        608.395,
        393.648,
        393.648,
        454.03,
        341.673,
        341.673,
        661.611,
        661.611,
        431.168,
        450.709,
        450.709,
        367.418,
        670.723,
        438.149,
        441.269
    ],
    "mse": 40233.383089906376,
    "rmse": 200.5826091412373,
    "mape": 35.576689008835125
}