{
    "predictions": [
        121.97989622390268,
        122.98553726157544,
        127.06611016088723,
        130.0199338405132,
        132.7327215091884,
        137.4405960177183,
        140.9985758356452,
        144.20136169603467,
        133.05353356206416,
        122.93852755725382,
        115.35143559643625,
        101.03371322855352,
        91.87118951104581,
        83.23387015882133,
        71.11716173190624,
        62.22395469155907,
        51.05612814535946,
        55.59923789346963,
        54.994766060177234,
        55.778420765616
    ],
    "actual": [
        200.169,
        185.911,
        187.93,
        183.946,
        177.858,
        176.315,
        176.448,
        232.389,
        212.358,
        217.233,
        234.417,
        245.55900000000003,
        242.627,
        244.41200000000003,
        248.271,
        240.448,
        268.8829999999999,
        254.37700000000004,
        250.206,
        253.465
    ],
    "mse": 17775.65893993192,
    "rmse": 133.32538745464765,
    "mape": 50.959747192332586
}