{
    "predictions": [
        73.55588136306405,
        73.01372055149078,
        29.495671428143975,
        81.06047883957623,
        88.96191424325107,
        69.85662617105245,
        75.0565999724567,
        82.98711760407686,
        93.90503985923527,
        78.88344713562726,
        81.28915256601572,
        80.35750843694805,
        79.77541419619321,
        70.91169325825571,
        54.29822679170966,
        72.85485257738829,
        77.05579721462726,
        81.89750906723737,
        65.48189420866966,
        82.49497234088182
    ],
    "actual": [
        88.156,
        85.881,
        91.108,
        98.242,
        105.657,
        99.896,
        112.466,
        118.726,
        142.847,
        134.763,
        134.08,
        143.024,
        157.967,
        141.5,
        141.5,
        94.24400000000001,
        158.194,
        171.072,
        149.75,
        144.842
    ],
    "mse": 3262.0839390732463,
    "rmse": 57.11465607944467,
    "mape": 38.56258481615657
}