{
    "predictions": [
        97.6045574800372,
        92.71308989632128,
        105.99298542702196,
        107.35468360108135,
        91.98018209391832,
        106.0783748719096,
        97.55043395161627,
        80.90569102156161,
        68.4494936928749,
        49.52138317233323,
        26.06770221501588,
        50.4895919843316,
        39.40395267507433,
        51.92116939401625,
        -2.0518249495625502,
        49.85128856742381,
        43.820280911564815,
        21.758253261119123,
        43.046467014580955,
        18.967060025990005
    ],
    "actual": [
        54.848,
        21.889999999999997,
        45.38,
        45.777,
        44.783,
        23.490999999999996,
        31.256999999999998,
        45.609,
        25.735,
        27.045999999999996,
        23.81,
        39.796,
        51.164,
        26.874999999999996,
        23.676999999999992,
        49.213,
        46.305,
        35.812,
        25.435,
        33.596
    ],
    "mse": 1680.1832024281837,
    "rmse": 40.99003784370275,
    "mape": 104.24954445383712
}