{
    "predictions": [
        1442.3511405587196,
        1773.1596574783325,
        1870.6435098648071,
        2124.1908576488495,
        2319.209837794304,
        2392.890333533287,
        2375.6636822223663,
        2206.79735660553,
        2418.4711228609085,
        2473.046857714653,
        2640.758380174637,
        2420.9389843940735,
        2580.4159545898438,
        2692.023361325264,
        2718.6640688180923,
        2603.27557182312,
        2496.9267015457153,
        2249.6361416578293,
        2329.009055495262,
        2012.2418990135193
    ],
    "actual": [
        1771.0000000000002,
        879.0,
        2388.0,
        1458.0,
        1620.0,
        1622.0,
        1711.0000000000002,
        1870.0000000000002,
        1632.9999999999998,
        816.0,
        204.99999999999997,
        833.0,
        1059.0,
        821.0,
        1579.0,
        729.0,
        1044.0,
        879.0,
        3063.0,
        794.0
    ],
    "mse": 1585714.395636117,
    "rmse": 1259.2515219907884,
    "mape": 156.92457388604936
}