{
    "predictions": [
        102.10201697796582,
        107.34311369806527,
        120.68201506137846,
        106.33946695923804,
        87.76306779682635,
        103.15514416992663,
        107.95269428938626,
        97.59641911834477,
        79.45505601912737,
        98.56410805135964,
        103.8488754481077,
        95.58096368983387,
        88.84977235645054,
        103.92143170535563,
        111.91490532457827,
        104.95106855779885,
        85.3121146634221,
        111.77817144989966,
        108.23822125047444,
        98.76437261700629
    ],
    "actual": [
        81.614,
        107.37,
        245.949,
        189.819,
        229.66,
        303.276,
        321.998,
        295.193,
        356.572,
        430.002,
        457.5249999999999,
        440.446,
        410.3,
        431.3999999999999,
        446.2,
        374.8,
        286.9,
        465.5,
        385.2,
        355.9
    ],
    "mse": 65125.38379172985,
    "rmse": 255.19675505721042,
    "mape": 64.15968515820364
}