{
    "predictions": [
        103.23914622771741,
        102.8513840289116,
        102.0689626312256,
        97.96985300314428,
        94.90607207977773,
        97.87407863974572,
        96.42706330370905,
        99.16266320955755,
        99.72743852210046,
        98.6459790222645,
        100.65348314821722,
        95.23127181339265,
        98.54377734696867,
        99.79447291314604,
        101.11116708433629,
        102.32392173397542,
        97.9578364019394,
        93.9995664818287,
        95.70903615510464,
        104.06536975598337
    ],
    "actual": [
        118.117,
        127.77299999999998,
        108.309,
        104.355,
        105.658,
        127.373,
        129.737,
        116.593,
        116.593,
        124.311,
        124.311,
        144.803,
        144.803,
        140.485,
        140.485,
        122.387,
        127.052,
        146.829,
        130.559,
        139.556
    ],
    "mse": 957.0732003501764,
    "rmse": 30.93659968952917,
    "mape": 21.132563860440218
}