{
    "predictions": [
        8833.150101482868,
        8738.572332441807,
        8723.889365017414,
        8749.314741551876,
        8748.706289052963,
        8609.151099562645,
        8584.921508789062,
        8651.495897889137,
        8669.052902162075,
        8529.770078003407,
        8536.536972820759,
        8475.956805765629,
        8508.988020598888,
        8363.228144943714,
        8299.69128471613,
        8306.107891499996,
        8287.803703188896,
        8275.90920329094,
        8230.562924444675,
        8247.764542937279
    ],
    "actual": [
        8915.0,
        10730.0,
        9149.0,
        9306.0,
        10070.0,
        11195.0,
        8642.0,
        9093.0,
        7998.0,
        9553.0,
        8750.0,
        9172.0,
        9085.0,
        10221.0,
        9188.0,
        10371.0,
        9969.0,
        11151.0,
        9968.0,
        11233.0
    ],
    "mse": 2348996.742417698,
    "rmse": 1532.6437102006773,
    "mape": 12.085946568423916
}