{
    "predictions": [
        61.44991158926486,
        60.74153647261856,
        59.69287352883814,
        61.18270063602923,
        57.97713552612065,
        59.157555317282664,
        63.25131675136088,
        65.85837414127587,
        64.62073087239264,
        70.46553632664678,
        72.5020535161495,
        72.0521083638668,
        71.76206964051723,
        73.60760382324456,
        75.65344818753003,
        74.18366190183161,
        71.58705206805466,
        70.34442310214041,
        67.72103615397214,
        65.17707023912666
    ],
    "actual": [
        57.39699999999999,
        45.19900000000001,
        53.37299999999999,
        74.905,
        99.096,
        148.213,
        145.587,
        109.55100000000002,
        67.608,
        91.32900000000001,
        93.92699999999999,
        26.304000000000006,
        35.76499999999999,
        46.541999999999994,
        23.411000000000005,
        17.922,
        19.926999999999992,
        18.212999999999997,
        8.289000000000003,
        18.068000000000005
    ],
    "mse": 2042.6534805724446,
    "rmse": 45.19572414037023,
    "mape": 135.635501459523
}