{
    "predictions": [
        145.61786726570128,
        154.47318033981324,
        141.44142603302,
        107.36388738250731,
        65.07006121826173,
        58.51414838027954,
        64.32366975784302,
        43.599324376583105,
        21.785800747156145,
        25.06005211424828,
        42.74284034252167,
        53.226252726554875,
        58.01016126060486,
        65.20553881740571,
        59.19246472358704,
        59.63535878944397,
        71.72375629615784,
        79.93140517425537,
        85.10588121223451,
        79.41653359603882
    ],
    "actual": [
        51.675999999999995,
        73.647,
        68.387,
        73.324,
        49.025,
        16.856,
        16.778,
        38.426,
        66.263,
        64.51,
        74.472,
        74.939,
        128.55,
        196.684,
        172.229,
        90.245,
        40.484,
        35.965,
        53.91499999999999,
        42.826
    ],
    "mse": 3617.1939647749505,
    "rmse": 60.14311236355291,
    "mape": 89.26660794841729
}