{
    "predictions": [
        629.1938737630844,
        638.0757712721825,
        549.0649710297585,
        500.1868921518325,
        442.50487792491907,
        394.0079001784324,
        370.85807764530176,
        357.67113408446306,
        354.5957977175712,
        345.28000998497004,
        343.7979323267936,
        329.56237646937365,
        327.8358438909053,
        310.3086704015732,
        323.84036284685135,
        330.91216275095934,
        338.3835452795028,
        320.0410883426666,
        319.00692135095596,
        365.31416082382196
    ],
    "actual": [
        230.00000000000003,
        148.0,
        220.99999999999997,
        322.0,
        160.0,
        206.00000000000003,
        149.0,
        155.0,
        58.0,
        72.00000000000001,
        119.99999999999999,
        232.0,
        171.0,
        159.0,
        118.99999999999999,
        148.0,
        -65.0,
        115.00000000000001,
        129.0,
        144.0
    ],
    "mse": 68968.28442648385,
    "rmse": 262.6181342300715,
    "mape": 197.8957354438257
}