{
    "predictions": [
        340.594898223877,
        326.87427103519445,
        311.1122432649136,
        291.7073875069619,
        274.1979541778565,
        261.5624942183495,
        255.4694578647614,
        236.0966369509697,
        234.52412635087967,
        226.15754547715187,
        219.65977877378464,
        233.44748875498772
    ],
    "actual": [
        466.00000000000006,
        503.00000000000006,
        570.0,
        506.00000000000006,
        473.0,
        518.0,
        509.0,
        461.00000000000006,
        431.0,
        469.00000000000006,
        504.0,
        484.0
    ],
    "mse": 51752.81346291984,
    "rmse": 227.49244704587412,
    "mape": 45.44789035771628
}