{
    "predictions": [
        229.45315989434724,
        241.62691209745412,
        244.89270434713367,
        246.00694501590732,
        244.52375648820404,
        237.26673201942447,
        236.70083062100414,
        239.7264798586369,
        250.3331939171553,
        251.63183693063263,
        253.68278806054596,
        250.51077184796338
    ],
    "actual": [
        190.49199999999996,
        196.38,
        196.38,
        -34.893999999999956,
        73.42799999999998,
        73.42799999999998,
        180.73199999999997,
        180.73199999999997,
        144.483,
        144.483,
        50.15700000000001,
        -436.318
    ],
    "mse": 56949.62251109848,
    "rmse": 238.6412003638485,
    "mape": 175.29771374662425
}