{
    "predictions": [
        45384327.76089906,
        46021312.93141841,
        46571730.72488307,
        48026802.21920013,
        49289406.17139339,
        49481741.35382175,
        49754464.3700242,
        50214459.810304634,
        50291724.782514565,
        50782274.631237976,
        51315369.84956264,
        52478972.88581132
    ],
    "actual": [
        58754000.0,
        59403000.0,
        62732000.0,
        57183000.0,
        59617000.0,
        61315000.0,
        61007000.0,
        59307000.0,
        71355000.0,
        62795000.0,
        71337000.0,
        60752000.0
    ],
    "mse": 184671898357900.6,
    "rmse": 13589403.900020802,
    "mape": 20.648879748184626
}