{
    "predictions": [
        4025.803880512715,
        3936.8119476437573,
        4208.360232770443,
        4221.39884865284,
        4621.352799355984,
        4762.290282964706,
        4752.469907164574,
        5325.267977416515,
        5562.312226176262,
        5814.932029426098,
        6111.576393544674,
        6555.3337033391
    ],
    "actual": [
        7609.0,
        7127.0,
        7127.0,
        7784.0,
        8053.0,
        5760.0,
        7185.0,
        6752.0,
        5716.0,
        4489.0,
        5003.0,
        6034.0
    ],
    "mse": 5686168.2941292925,
    "rmse": 2384.5687857827234,
    "mape": 29.70989566905771
}