{
    "predictions": [
        90.93157453089954,
        87.16250622719528,
        94.84876414239407,
        98.615363201499,
        98.5968486338854,
        87.20422120690347,
        97.59581305980684,
        105.37277042865755,
        110.24590568244459,
        121.14377848207953,
        124.25053627490999,
        139.3800650894642
    ],
    "actual": [
        339.2,
        353.6,
        330.70000000000005,
        318.0,
        293.2,
        304.5,
        281.8,
        262.5,
        281.4,
        122.3,
        255.6,
        277.5
    ],
    "mse": 37142.868595334556,
    "rmse": 192.72485204387772,
    "mape": 59.56149997591006
}