{
    "predictions": [
        2609.8112201690674,
        2476.2375898361206,
        2523.561987876892,
        2907.4036917686462,
        2396.6284189224243,
        2482.489100456238,
        2594.743402481079,
        3262.2183046340942,
        3625.2320613861084,
        3712.0200238227844,
        4337.6852378845215,
        4791.444933891296
    ],
    "actual": [
        3735.0,
        3198.0,
        2585.0,
        2345.0,
        2332.0,
        2342.0,
        2278.0,
        2410.0,
        2382.0,
        2552.0,
        2399.0,
        2664.0
    ],
    "mse": 1177781.213578252,
    "rmse": 1085.2562893520828,
    "mape": 32.95084742697736
}