{
    "predictions": [
        58288608.61506463,
        62535246.96116448,
        63403844.52567101,
        65272606.83894158,
        62543035.92908383,
        67250857.19361305,
        67684514.93189335,
        69704484.20140743,
        66562670.96033097,
        67771736.62290573,
        66128752.266097076,
        65060426.95684434
    ],
    "actual": [
        38600000.0,
        72300000.0,
        61300000.0,
        88000000.0,
        29900000.000000004,
        77200000.0,
        55400000.0,
        62200000.0,
        33300000.0,
        33300000.0,
        53900000.00000001,
        75800000.0
    ],
    "mse": 411276568052638.7,
    "rmse": 20279954.833594643,
    "mape": 40.86123996302311
}