{
    "predictions": [
        56536110.938549034,
        52675471.107274294,
        46722429.12763357,
        55700663.66773843,
        64280273.09894561,
        65400679.57398295,
        59163373.92616271,
        61434139.59372043,
        76931269.78373526,
        76469714.61522578,
        68832403.38245033,
        73534310.01549958
    ],
    "actual": [
        198631000.0,
        59655000.00000001,
        59397000.0,
        37329000.0,
        180082000.0,
        9186999.999999998,
        42456000.00000001,
        92388000.0,
        201251000.0,
        41721000.00000001,
        88827000.0,
        159487000.0
    ],
    "mse": 5249637244472324.0,
    "rmse": 72454380.43674326,
    "mape": 93.69167359739282
}