{
    "predictions": [
        198.20100885009765,
        184.18722883224487,
        197.96179987716675,
        191.6296955947876,
        176.71465692710876,
        187.33276321029663,
        189.88965048217773,
        178.5270764732361,
        189.84152080917357,
        188.24954030609132,
        194.2251123085022,
        196.180976272583
    ],
    "actual": [
        216.65699999999998,
        229.213,
        220.60500000000002,
        222.973,
        238.136,
        250.456,
        256.05,
        251.56800000000004,
        262.712,
        290.602,
        294.367,
        268.845
    ],
    "mse": 4368.912037052967,
    "rmse": 66.0977460814888,
    "mape": 23.529876676808477
}