{
    "predictions": [
        1728.4185729070903,
        1765.7345016616582,
        1761.5995177837015,
        1747.2676854174138,
        1840.1335348783136,
        1819.4440716088413,
        1855.5166819763183,
        1769.735901837945,
        1738.8469012956618,
        1750.7838822125198,
        1679.5155718705057,
        1741.039849474132
    ],
    "actual": [
        1798.0,
        1798.0,
        1844.0,
        1844.0,
        1915.0,
        1915.0,
        1965.0,
        1965.0,
        2119.0,
        2099.0,
        2205.0,
        2175.0
    ],
    "mse": 68092.19542773573,
    "rmse": 260.9448129925861,
    "mape": 9.841704043386954
}