{
    "predictions": [
        33.63758542750775,
        39.39129630102217,
        41.633925115925074,
        44.5883574891597,
        47.93346344418526,
        47.5627187033236,
        51.939688979601854,
        52.413826270955795,
        61.911878521147365,
        65.62988390607833,
        78.89034439730642,
        75.78908826026915
    ],
    "actual": [
        78.23,
        84.298,
        89.586,
        95.299,
        101.153,
        105.375,
        141.684,
        117.548,
        127.372,
        141.084,
        134.345,
        140.463
    ],
    "mse": 3715.28599493075,
    "rmse": 60.953145898556784,
    "mape": 52.95295053877832
}