{
    "predictions": [
        737.7612526741027,
        692.4641454086303,
        713.3500656318664,
        673.1476242866515,
        574.3044383621216,
        614.1606034049987,
        627.0913991928101,
        667.8651305046081,
        596.3064073715209,
        644.0014978103637,
        695.3108372650146,
        743.3137523040771
    ],
    "actual": [
        1540.724,
        1284.567,
        1284.567,
        1127.355,
        1127.355,
        920.397,
        920.397,
        1033.908,
        1033.908,
        1092.712,
        1092.712,
        1070.803
    ],
    "mse": 233800.2052096921,
    "rmse": 483.52890834953405,
    "mape": 40.242357028911194
}