{
    "predictions": [
        773.2029190063478,
        728.0357961654663,
        649.5881567001343,
        820.5650353431703,
        651.4668321609497,
        743.1914267539978,
        782.4127864837648,
        703.1116857528687,
        878.7534646987916,
        1063.919288635254,
        990.3386530876161,
        1183.542712211609
    ],
    "actual": [
        1325.0,
        1530.0,
        1263.0,
        1211.0,
        1463.0,
        1304.0,
        1253.0,
        1074.0,
        1331.0,
        1069.0,
        748.0,
        679.0
    ],
    "mse": 277190.58941645257,
    "rmse": 526.4889262049608,
    "mape": 40.549602350827215
}