{
    "predictions": [
        883.8652000904084,
        874.0729736089706,
        846.6831192493439,
        960.7148123025894,
        985.0566182136536,
        947.065125656128,
        937.3869700908662,
        1040.3834914922713,
        1033.3190912485122,
        1106.009773015976,
        1092.6581581115722,
        1111.330603504181
    ],
    "actual": [
        1313.6,
        959.3,
        1161.6000000000001,
        1223.8000000000002,
        1509.3,
        1181.5,
        1258.9,
        1326.7,
        1753.6,
        1327.2,
        1410.6,
        1450.9
    ],
    "mse": 138298.73341951438,
    "rmse": 371.88537672179905,
    "mape": 24.632259412017447
}