{
    "predictions": [
        -7.332552552223222,
        -109.37120022773743,
        -119.02129314541817,
        -155.1908009648323,
        -188.35850850343704,
        -208.33939471244813,
        -227.2868073940277,
        -245.62711725234985,
        -202.97358827590944,
        -243.44967818260193,
        -211.5723283290863,
        -315.48571238517764
    ],
    "actual": [
        256.00000000000006,
        290.0,
        306.0,
        330.0,
        253.0,
        304.0,
        381.0,
        375.99999999999994,
        354.0,
        402.0,
        405.0,
        434.99999999999994
    ],
    "mse": 294069.3173989248,
    "rmse": 542.2815849712442,
    "mape": 153.09404696989685
}