{
    "predictions": [
        36.710753583908065,
        36.91672239303587,
        36.87168741226194,
        36.73562390804289,
        35.855446231365185,
        35.38629118204115,
        31.00649116039274,
        30.814848494529706,
        31.071472942829114,
        30.704683589935286,
        30.463683700561504,
        30.684728074073774
    ],
    "actual": [
        39.1,
        40.2,
        38.6,
        39.6,
        42.60000000000001,
        44.199999999999996,
        48.599999999999994,
        46.39999999999999,
        41.99999999999999,
        47.6,
        55.29999999999999,
        10.400000000000007
    ],
    "mse": 178.03969292352258,
    "rmse": 13.343151536407078,
    "mape": 36.085245627198724
}