{
    "predictions": [
        208.5544098082781,
        212.79307406878473,
        209.88819748497014,
        217.0179387468696,
        212.74896699225906,
        206.5786191288233,
        215.58175043052438,
        217.2437618199587,
        221.16142457908396,
        224.5458044100404,
        226.21800427621605,
        213.32210105097298
    ],
    "actual": [
        387.697,
        505.9259999999999,
        971.7080000000001,
        884.9979999999998,
        1196.141,
        247.67300000000006,
        -22.24599999999996,
        -775.675,
        -5.853999999999975,
        -320.66599999999994,
        -967.584,
        137.25600000000006
    ],
    "mse": 411293.77421670477,
    "rmse": 641.3218959436086,
    "mape": 481.72470757848515
}