{
    "predictions": [
        94.45241811180114,
        98.50766714954376,
        95.91116183900833,
        98.27130199098586,
        96.31089430475234,
        83.78746628427506,
        75.20873423957825,
        72.5202179493904,
        68.71956212186812,
        62.18231476688385,
        53.58284242534637,
        50.54251902842521
    ],
    "actual": [
        53.714,
        75.455,
        54.32300000000001,
        140.309,
        147.893,
        176.154,
        70.582,
        70.582,
        91.482,
        111.321,
        46.367000000000004,
        129.278
    ],
    "mse": 2174.110356624067,
    "rmse": 46.6273563117626,
    "mape": 37.918064025103945
}