{
    "predictions": [
        335.8645192980767,
        323.4924902915955,
        350.5308009386063,
        353.1012919545174,
        303.59004038572317,
        244.61198908090594,
        186.7322811484337,
        137.0609977245331,
        69.06639739871027,
        77.74288699030878,
        65.02755957841875,
        59.63440012931826
    ],
    "actual": [
        -24.999999999999982,
        437.00000000000006,
        411.0,
        242.00000000000003,
        -17.99999999999998,
        636.0,
        480.00000000000006,
        189.99999999999994,
        -23.0,
        474.0,
        554.0,
        354.0
    ],
    "mse": 82980.12285217998,
    "rmse": 288.0627064584723,
    "mape": 343.5390495916614
}