{
    "predictions": [
        292.92884373664856,
        297.3937407016754,
        289.25419346094134,
        292.2299354374409,
        285.8436667978764,
        258.92138305306435,
        257.63145418167113,
        265.06705223321916,
        267.1493519425392,
        263.6010092496872,
        251.07696565389634,
        248.99339779615403
    ],
    "actual": [
        83.0,
        195.00000000000003,
        260.0,
        323.0,
        232.0,
        402.00000000000006,
        338.00000000000006,
        431.0,
        296.00000000000006,
        307.0,
        321.00000000000006,
        447.0
    ],
    "mse": 13377.696434074736,
    "rmse": 115.66199217579964,
    "mape": 44.77118544647459
}