{
    "predictions": [
        1187.440742662549,
        1348.325077369809,
        1404.0926351767778,
        1568.8793396568296,
        1699.720225408077,
        1853.756270880699,
        1970.959353623986,
        2199.130215642452,
        2398.818022403717,
        2571.4942022681234,
        2670.4128661286827,
        2833.1255114638802
    ],
    "actual": [
        2027.0,
        2054.0,
        2133.0,
        2090.0,
        2040.0,
        1938.0,
        2101.0,
        2058.0,
        2008.0,
        2037.0,
        2156.0,
        2280.0
    ],
    "mse": 264534.6981395252,
    "rmse": 514.3293673702924,
    "mape": 21.898171591311403
}