{
    "predictions": [
        166080193.99642944,
        215271782.1598053,
        230705061.37609482,
        185596943.6764717,
        193669171.78034782,
        134808235.1386547,
        172300740.2420044,
        137320580.4824829,
        189208105.47471046,
        116538777.64940263,
        -46426857.60557651,
        -247726705.10411263
    ],
    "actual": [
        -349300000.0,
        -304700000.0,
        -190600000.0,
        -40399999.99999999,
        121800000.0,
        -65499999.99999999,
        84899999.99999999,
        -13399999.999999989,
        10900000.000000032,
        -12100000.000000002,
        181300000.0,
        192600000.00000003
    ],
    "mse": 9.452441384057606e+16,
    "rmse": 307448229.5290966,
    "mape": 478.6997913116279
}