{
    "predictions": [
        469.1986908316613,
        176.44394922256475,
        340.8734782338143,
        431.29193308949476,
        478.0034046173096,
        827.126736521721,
        571.543477356434,
        816.5610240697862,
        1030.4730920791626,
        996.4097394347192,
        1262.4424200057983,
        1577.3081149458887
    ],
    "actual": [
        1477.0,
        1700.0,
        1092.9999999999998,
        1066.0,
        827.0,
        820.9999999999999,
        1076.0,
        1196.0,
        898.9999999999999,
        1119.0000000000002,
        1522.0,
        1877.9999999999998
    ],
    "mse": 417985.0772287673,
    "rmse": 646.5176542282254,
    "mape": 38.86729937731243
}