{
    "predictions": [
        2972.2565281391144,
        3002.6775285601616,
        3007.677083015442,
        3027.8522157669067,
        3057.0602560043335,
        3061.2848684191704,
        3084.482753276825,
        3083.7786796689034,
        3074.8217636346817,
        2963.6184346675873,
        2986.0340344905853,
        3022.8485628962517
    ],
    "actual": [
        3341.0000000000005,
        3564.0000000000005,
        3502.0,
        3042.0,
        3000.0,
        3649.0,
        2947.0,
        3660.0,
        2155.0,
        3002.0,
        3443.0000000000005,
        2926.0
    ],
    "mse": 205079.18303146842,
    "rmse": 452.85669149463655,
    "mape": 11.69402478167879
}