{
    "predictions": [
        141.09341352248194,
        142.14271697354317,
        146.03890109920502,
        149.07939415597917,
        154.18570232176782,
        154.5653440899849,
        153.1653737194538,
        159.41249021577838,
        157.46662894487383,
        163.7595827019215,
        163.29427173805237,
        167.83838640999795
    ],
    "actual": [
        178.392,
        184.276,
        192.118,
        200.171,
        201.263,
        201.693,
        204.772,
        215.39,
        282.398,
        264.815,
        250.942,
        233.80900000000003
    ],
    "mse": 4665.6948322435555,
    "rmse": 68.30589163639954,
    "mape": 28.064366523556057
}