{
    "predictions": [
        228.02111329364777,
        217.42443087539075,
        206.9958235939145,
        216.00588654386996,
        223.8237198074162,
        238.1935882323384,
        237.0999366040826,
        238.61681342104077,
        235.64537063258885,
        248.53727905359864,
        269.2593381485939,
        294.6375722628236
    ],
    "actual": [
        358.2,
        293.958,
        475.625,
        382.105,
        225.465,
        234.207,
        324.347,
        324.347,
        233.34599999999998,
        247.324,
        300.367,
        283.628
    ],
    "mse": 11552.536480141636,
    "rmse": 107.48272642681538,
    "mape": 19.483499284559024
}