{
    "predictions": [
        18951.046701550484,
        15014.37635359168,
        20227.988342642784,
        23524.299578547478,
        23871.862622737885,
        23143.78220576048,
        30594.515217661858,
        35640.8150126338,
        37190.7512075901,
        36092.85917186737,
        32138.38757264614,
        41653.67220103741
    ],
    "actual": [
        12646.999999999998,
        12911.0,
        12729.0,
        15882.0,
        15897.0,
        19270.0,
        23319.0,
        27029.0,
        25311.0,
        27872.0,
        30853.0,
        36834.0
    ],
    "mse": 49841528.620856695,
    "rmse": 7059.853300236252,
    "mape": 33.34836922604578
}