{
    "predictions": [
        229.16409977674482,
        228.50064716935157,
        233.24103171229362,
        239.6783722579479,
        225.12313899993896,
        235.39356066584585,
        268.69828589558597,
        311.514905834198,
        367.5641129493713,
        502.2663959383964,
        579.1443391084671,
        648.9640650272369
    ],
    "actual": [
        569.0,
        606.9,
        572.6,
        476.3,
        496.1,
        510.3,
        480.2,
        407.3,
        405.6,
        334.8,
        414.1,
        423.5
    ],
    "mse": 61691.99860473046,
    "rmse": 248.378740243062,
    "mape": 46.6305480821343
}