{
    "predictions": [
        676.4527689784766,
        679.4910577356816,
        736.6952736020089,
        745.2468297660351,
        762.6860338807106,
        771.9446815490724,
        785.1543875157834,
        806.1924029290676,
        813.7488613188267,
        829.8127816438675,
        862.1738909006119,
        866.0326427459718
    ],
    "actual": [
        897.8,
        964.6000000000001,
        1033.0,
        973.5,
        985.0,
        1043.1,
        1095.9,
        1016.1,
        1132.1,
        1265.5,
        1229.5999999999997,
        1040.3
    ],
    "mse": 82524.35872337803,
    "rmse": 287.2705322920853,
    "mape": 26.091883357800462
}