{
    "predictions": [
        15.167381262600422,
        14.627441380560398,
        14.464152771174907,
        13.710763452112674,
        13.322363433152438,
        12.737405467927456,
        11.689227514863013,
        11.527357376426457,
        10.53130525663495,
        10.646303572595118,
        10.359273491829633,
        9.973409505784511
    ],
    "actual": [
        13.296,
        4.673,
        5.648,
        25.867999999999995,
        14.141,
        11.75,
        7.134,
        9.83,
        2.387,
        6.717,
        13.41,
        23.974999999999998
    ],
    "mse": 53.37606496928117,
    "rmse": 7.305892482734821,
    "mape": 83.86168581686414
}