{
    "predictions": [
        534.3037670969964,
        601.9423118814826,
        555.2663127198816,
        555.6316429749131,
        568.0230553582311,
        585.2922563403846,
        578.6746550589801,
        564.3913346335293,
        600.2550275325776,
        637.857994914055,
        662.0105873167515,
        721.8112965524198
    ],
    "actual": [
        680.9,
        739.7,
        795.7,
        783.9,
        693.4,
        718.0,
        767.9,
        821.3,
        804.6,
        843.7,
        1032.0,
        1109.5
    ],
    "mse": 54736.99575229934,
    "rmse": 233.95938910909163,
    "mape": 26.047124725340133
}