{
    "predictions": [
        389.30923260676855,
        367.1383555762767,
        360.63760452890386,
        346.24965356844655,
        378.3635235782861,
        274.44024106997244,
        194.5122472840547,
        179.12995262682432,
        170.81278167843814,
        96.51544856339689,
        -6.139042000651399,
        126.51225511014457
    ],
    "actual": [
        -11.95499999999999,
        1260.443,
        995.8999999999999,
        1185.418,
        544.9689999999999,
        103.60500000000003,
        258.98999999999995,
        341.0749999999999,
        262.337,
        130.20799999999994,
        174.93499999999995,
        282.874
    ],
    "mse": 185070.1928927593,
    "rmse": 430.19785319403826,
    "mape": 337.4412326551865
}