{
    "predictions": [
        342.6079144981503,
        458.764434954524,
        430.903636539638,
        403.150886344552,
        460.3944130386114,
        429.706958502531,
        516.8703885716795,
        480.6009063649177,
        617.6157013032436,
        614.2856245089769,
        540.6100246187448,
        571.4608289858102
    ],
    "actual": [
        392.80600000000004,
        404.083,
        408.705,
        443.44900000000007,
        445.666,
        456.184,
        475.147,
        487.46999999999997,
        547.544,
        430.558,
        551.151,
        547.837
    ],
    "mse": 4138.974234390863,
    "rmse": 64.33486018008327,
    "mape": 10.151980788990622
}