{
    "predictions": [
        322876263.2278204,
        327450589.64949846,
        333897015.6585574,
        334422580.4632902,
        337711517.6848769,
        325519175.93336105,
        283408433.8334799,
        262584034.0821147,
        254180044.11032796,
        252472286.28355265,
        217236759.31370258,
        201529514.32201266
    ],
    "actual": [
        274276000.0,
        280861000.0,
        329790000.0,
        336130000.0,
        355072000.0,
        338904000.0,
        420882000.0,
        272494000.0,
        268204000.0,
        269811000.0,
        361155000.0,
        342288000.0
    ],
    "mse": 5421066717824538.0,
    "rmse": 73627893.61257416,
    "mape": 14.485579838050214
}