{
    "predictions": [
        413.88642056936027,
        407.31965312713385,
        331.6968415824473,
        455.15055221670866,
        274.81507837155465,
        311.42560162746906,
        314.60162208506466,
        357.5628927228749,
        323.2009964724779,
        396.342216830492,
        417.430072512269,
        661.6984294822216
    ],
    "actual": [
        563.579,
        582.574,
        552.559,
        570.905,
        471.3910000000001,
        448.847,
        416.447,
        399.5110000000001,
        226.465,
        247.314,
        219.634,
        306.143
    ],
    "mse": 31839.184183264762,
    "rmse": 178.43537817166404,
    "mape": 44.44461970198339
}