{
    "predictions": [
        103.04357471853494,
        112.1737750005722,
        115.96778541177511,
        115.65735612988472,
        113.73878048568963,
        114.5334387087822,
        115.05730998784303,
        110.78766926765442,
        109.03874168276786,
        110.13369119822978,
        116.49824949383735,
        120.0822620254755
    ],
    "actual": [
        120.7,
        129.8,
        133.5,
        116.99999999999999,
        109.1,
        122.8,
        123.4,
        110.7,
        95.4,
        104.89999999999999,
        102.29999999999998,
        99.99999999999999
    ],
    "mse": 159.1142683243377,
    "rmse": 12.614050432923506,
    "mape": 9.463212220021607
}