{
    "predictions": [
        135.85444527864456,
        123.91180628538132,
        128.73005908727646,
        116.14249294996262,
        113.54219686985016,
        118.08049291372299,
        124.16634774208069,
        124.95882791280746,
        117.38764849305153,
        119.19488173723221,
        116.32503363490105,
        120.10833430290222
    ],
    "actual": [
        166.99999999999997,
        174.00000000000003,
        103.00000000000001,
        107.99999999999999,
        147.0,
        130.99999999999997,
        68.00000000000001,
        67.0,
        113.00000000000001,
        5.000000000000022,
        82.99999999999999,
        61.999999999999986
    ],
    "mse": 2462.8575268693485,
    "rmse": 49.62718536114403,
    "mape": 225.2780434547509
}