{
    "predictions": [
        63481078.91302109,
        61823186.62416339,
        61912511.0912174,
        59552493.648287654,
        58727955.86743951,
        57142581.15948439,
        56492779.890066385,
        58221922.35529721,
        56176140.69826007,
        54510461.71334684,
        52927719.30710673,
        53590084.41272974
    ],
    "actual": [
        87864000.0,
        99255000.0,
        75906000.00000001,
        90187000.0,
        83125000.0,
        79923000.0,
        79923000.0,
        85211000.0,
        88984000.0,
        90853999.99999999,
        90308000.0,
        124029000.0
    ],
    "mse": 1189803466417003.8,
    "rmse": 34493527.891722,
    "mape": 34.31369976546148
}