{
    "predictions": [
        65.38549380302429,
        75.01235084533691,
        83.098230355978,
        98.27841263413428,
        105.12694966197013,
        105.96637740135192,
        106.27004734277725,
        104.00876526832579,
        102.02971165776252,
        96.7606909930706,
        95.61031821370123,
        93.7859956562519
    ],
    "actual": [
        129.7,
        139.0,
        146.2,
        144.7,
        148.9,
        168.8,
        164.6,
        167.20000000000002,
        147.9,
        177.2,
        185.2,
        202.89999999999998
    ],
    "mse": 4677.831204896454,
    "rmse": 68.3946723429278,
    "mape": 40.77310726351864
}