{
    "predictions": [
        156.17827321910858,
        170.85691543698312,
        180.15043729794024,
        160.11216886234283,
        173.5677589123249,
        166.2892654864788,
        173.91767846989632,
        184.5760032452345,
        180.07423814857006,
        178.14597310090065,
        186.97241900384427,
        178.92276119303702
    ],
    "actual": [
        156.663,
        160.151,
        155.056,
        147.937,
        154.978,
        180.784,
        188.169,
        174.183,
        178.84200000000004,
        193.27499999999998,
        210.436,
        190.902
    ],
    "mse": 223.6713261411925,
    "rmse": 14.955645293373085,
    "mape": 7.575280371709875
}