{
    "predictions": [
        352.4745386689305,
        354.42249000808596,
        360.34625981938837,
        364.34970102337,
        370.25887885993717,
        367.8463184269071,
        376.39545345532895,
        371.8155983341038,
        375.30399229425194,
        369.64971028754115,
        366.81339519837496,
        366.29998646017907
    ],
    "actual": [
        374.893,
        375.338,
        398.79699999999997,
        413.097,
        428.06,
        418.8539999999999,
        430.11799999999994,
        442.95599999999996,
        438.584,
        440.57,
        517.946,
        641.192
    ],
    "mse": 10510.446391317326,
    "rmse": 102.52046815791141,
    "mape": 15.816913028633502
}