{
    "predictions": [
        92796071.29693031,
        87585480.67212105,
        89046300.08935928,
        86254371.59538269,
        82632984.0183258,
        82865912.39571571,
        81224618.52431297,
        81744912.28461266,
        86506572.1809864,
        87982641.78037643,
        98812351.94802284,
        97370539.39700127
    ],
    "actual": [
        165700000.00000003,
        160300000.0,
        98500000.00000001,
        86100000.00000001,
        105800000.0,
        109800000.0,
        118800000.0,
        126000000.00000001,
        137400000.0,
        116500000.0,
        133500000.0,
        132100000.0
    ],
    "mse": 1761425606372972.0,
    "rmse": 41969341.266845874,
    "mape": 27.17563662159403
}