{
    "predictions": [
        172.97974379539488,
        133.40355376338957,
        103.29575216960906,
        88.79760313796996,
        86.1138959197998,
        94.30830658149719,
        121.1460188012123,
        167.23095416164398,
        220.42212822532653,
        256.57314488983155,
        320.43713967132567,
        349.5612068138122
    ],
    "actual": [
        312.936,
        320.285,
        334.96399999999994,
        334.96399999999994,
        335.27399999999994,
        335.27399999999994,
        282.337,
        284.219,
        210.844,
        201.762,
        188.459,
        176.15
    ],
    "mse": 31598.344741509743,
    "rmse": 177.75923250709016,
    "mape": 57.52904521431361
}