{
    "predictions": [
        279.77884439826016,
        290.9687754690647,
        288.8818987607956,
        276.724115651846,
        286.16630057096484,
        298.0660701453686,
        325.77254021763804,
        324.81015432477,
        333.5516683697701,
        358.45564145445826,
        365.0197932839394,
        381.02146731019025
    ],
    "actual": [
        384.0,
        360.4,
        261.4,
        280.2,
        307.8,
        328.3,
        328.3,
        338.1,
        340.3,
        346.2,
        347.4,
        358.6
    ],
    "mse": 1585.3430251461298,
    "rmse": 39.816366297618494,
    "mape": 7.995472151800674
}