{
    "predictions": [
        213.1043677568436,
        222.5585215687752,
        229.29622006416324,
        233.52272918224338,
        214.339946949482,
        148.70500915050508,
        175.30455861091616,
        197.78716932535173,
        229.10437796115878,
        229.58148785829547,
        217.57391896247867,
        228.60372749567034
    ],
    "actual": [
        175.6,
        189.20000000000002,
        206.1,
        210.90000000000003,
        203.9,
        216.30000000000004,
        245.90000000000003,
        238.20000000000002,
        181.00000000000003,
        274.0,
        278.0,
        264.0
    ],
    "mse": 2004.6210289990433,
    "rmse": 44.772994416266634,
    "mape": 18.412353368619673
}