{
    "predictions": [
        499.95024170070883,
        600.6034227668047,
        964.7547336554528,
        779.8838852559925,
        625.3773767070174,
        700.9189798588753,
        1156.4069615688325,
        1018.6736668795347,
        874.9148484909535,
        928.8501545929909,
        1401.933344788909,
        1268.9513831293584
    ],
    "actual": [
        726.452,
        887.7529999999999,
        1244.672,
        832.2859999999998,
        783.6880000000001,
        974.604,
        1380.9860000000003,
        968.828,
        868.21,
        1029.4050000000002,
        1472.02,
        974.322
    ],
    "mse": 39134.87559347454,
    "rmse": 197.82536640551066,
    "mape": 17.295082671474983
}