{
    "predictions": [
        29.516462868690493,
        32.49391012096405,
        31.98086208486557,
        33.04301324272156,
        31.840619257926942,
        31.2636915473938,
        30.98947723865509,
        32.5003462305069,
        30.482463698863985,
        29.42327830028534,
        29.830647992134097,
        30.0113095870018
    ],
    "actual": [
        20.59,
        27.268000000000004,
        83.997,
        67.931,
        54.972,
        84.02,
        86.91,
        77.681,
        69.455,
        90.07200000000002,
        88.073,
        84.317
    ],
    "mse": 2004.5777421030314,
    "rmse": 44.77251100958077,
    "mape": 54.76314484338695
}