{
    "predictions": [
        184.18632421791554,
        199.54165653690697,
        187.905955696702,
        187.18024744391442,
        253.98115058422084,
        246.99563803195954,
        247.92357670605182,
        295.2887579220533,
        238.84830007314682,
        254.4014097461104,
        307.93901966571804,
        311.78899100810287
    ],
    "actual": [
        205.003,
        252.38999999999996,
        278.905,
        119.782,
        231.524,
        306.986,
        308.976,
        290.623,
        308.179,
        303.83,
        603.785,
        331.721
    ],
    "mse": 9922.835549811947,
    "rmse": 99.6134305694365,
    "mape": 22.030604917235394
}