{
    "predictions": [
        598.3470269441603,
        598.5164059996604,
        627.4014115035533,
        658.9445724487304,
        660.2712016105651,
        641.0989861488341,
        667.4078323245047,
        682.9624245762824,
        676.5864386558532,
        686.5835981965064,
        703.0483197569846,
        724.620061635971
    ],
    "actual": [
        911.0,
        786.9999999999999,
        855.0,
        646.0,
        732.9999999999999,
        661.9999999999999,
        749.0,
        780.0,
        554.0,
        135.0,
        350.0,
        382.0
    ],
    "mse": 64029.17108625584,
    "rmse": 253.03986066676498,
    "mape": 62.0480377239745
}