{
    "predictions": [
        202709445.83415985,
        342735280.6329727,
        614684850.692749,
        577224789.3810272,
        433687173.63476753,
        376103493.72029305,
        371350194.21577454,
        262458970.1741934,
        208315733.79039764,
        506538497.86520004,
        732130590.0216103,
        550661348.8197327
    ],
    "actual": [
        446000000.0,
        485000000.0,
        485000000.0,
        766000000.0,
        766000000.0,
        258000000.0,
        258000000.0,
        254000000.0,
        254000000.0,
        287000000.0,
        287000000.0,
        749000000.0
    ],
    "mse": 4.6412293518025144e+16,
    "rmse": 215435126.00786608,
    "mape": 45.64567756623873
}