{
    "predictions": [
        452.6577746868133,
        893.7834203243254,
        1199.0991814136505,
        981.7146053314208,
        592.1768844127654,
        476.0020936131477,
        764.429409623146,
        1125.8022089004517,
        1177.2597570419312,
        1447.9621155261993,
        1579.3864030838013,
        1240.9317345619202
    ],
    "actual": [
        922.0,
        539.0,
        577.0,
        583.0,
        583.0,
        951.0,
        951.0,
        546.0,
        546.0,
        593.9999999999999,
        593.9999999999999,
        559.0
    ],
    "mse": 337714.8308614663,
    "rmse": 581.1323694834648,
    "mape": 84.7937907902481
}