{
    "predictions": [
        182.84959152936938,
        160.05323182344438,
        142.57745459079743,
        153.97146804332735,
        160.7301270723343,
        203.65071331262587,
        171.91319143772125,
        228.2896914601326,
        250.6313565135002,
        229.93938550949096,
        201.08900089263915,
        265.2431010723114
    ],
    "actual": [
        338.6,
        326.2,
        252.0,
        312.9,
        327.1,
        294.2,
        302.3,
        299.4,
        213.40000000000003,
        185.0,
        235.50000000000003,
        198.1
    ],
    "mse": 13010.670746020442,
    "rmse": 114.06432722819366,
    "mape": 35.82605143453237
}