{
    "predictions": [
        78.17521304839849,
        -26.32721070155501,
        131.19324820441008,
        125.0429068454504,
        159.16966956019402,
        87.64415775582194,
        101.64529021790624,
        243.8028823465109,
        308.606829534173,
        397.03654420936107,
        844.7500301525592,
        634.1615411694049
    ],
    "actual": [
        248.311,
        426.621,
        318.322,
        328.343,
        188.442,
        159.455,
        221.41499999999996,
        217.85599999999997,
        161.074,
        179.644,
        192.107,
        164.62
    ],
    "mse": 87243.80778676865,
    "rmse": 295.3706278335215,
    "mape": 104.96049326409853
}