{
    "predictions": [
        101.71256679320334,
        100.16115584158895,
        104.31212936127184,
        106.55388619267939,
        104.72590050482748,
        104.69886467301843,
        106.05199717485903,
        107.69030271315572,
        103.92125369155404,
        106.14806053721902,
        108.381395504117,
        111.29133789026734
    ],
    "actual": [
        109.464,
        110.96299999999998,
        110.96299999999998,
        123.94999999999999,
        122.533,
        117.919,
        113.098,
        85.61199999999998,
        84.517,
        99.184,
        112.244,
        113.834
    ],
    "mse": 166.58281928506793,
    "rmse": 12.90669668370137,
    "mape": 10.85518374657405
}