{
    "predictions": [
        129.48105870336295,
        173.77026979026198,
        426.51970618855955,
        344.80442731934784,
        261.2799858827591,
        230.61215803003313,
        535.2349531285762,
        477.3783279849887,
        313.59904633051156,
        415.1242212946415,
        441.91142626190185,
        410.19984835487605
    ],
    "actual": [
        156.5,
        322.3,
        275.9,
        256.4,
        105.8,
        280.4,
        300.5,
        230.6,
        89.3,
        265.2,
        316.3,
        237.8
    ],
    "mse": 26186.07597036203,
    "rmse": 161.82112337504654,
    "mape": 76.84841267525121
}