{
    "predictions": [
        386.25483888387674,
        417.60916733741755,
        487.8681030273437,
        567.6453282833099,
        640.0884696245193,
        646.1218122243881,
        670.0511878728867,
        740.1189883947372,
        772.3233957290649,
        781.819153547287,
        767.1130114793777,
        801.7340312004089
    ],
    "actual": [
        555.0,
        546.0,
        540.0,
        421.0,
        526.0,
        511.0,
        541.0,
        392.99999999999994,
        421.0,
        520.0,
        543.0,
        357.0
    ],
    "mse": 56466.16704248188,
    "rmse": 237.6261076617674,
    "mape": 46.5305120585499
}