{
    "predictions": [
        78.97859582352638,
        81.25506419229507,
        83.8294480805397,
        85.42893716919421,
        84.21371592450141,
        84.3254733531475,
        78.88117830383777,
        75.97209051150084,
        71.46978668886423,
        69.77906970667838,
        68.52595981526375,
        66.58629419180751
    ],
    "actual": [
        56.74,
        56.74,
        73.046,
        92.89,
        63.995,
        74.451,
        93.32700000000001,
        93.32700000000001,
        67.57,
        94.52499999999999,
        111.898,
        101.67799999999998
    ],
    "mse": 501.9834301425114,
    "rmse": 22.404986724890318,
    "mape": 24.112495273619402
}