{
    "predictions": [
        74.2118591979146,
        77.46587104195358,
        74.06684483915568,
        71.58058134770394,
        70.356657445848,
        73.94781636595727,
        70.1458619323969,
        73.52029087746143,
        75.65223715853692,
        79.76435315150023,
        80.06383539396525,
        80.82576688861847
    ],
    "actual": [
        83.86699999999999,
        81.215,
        64.299,
        62.35,
        52.392,
        78.485,
        91.79899999999999,
        81.537,
        81.537,
        80.04,
        58.964,
        69.73300000000002
    ],
    "mse": 147.27433735494418,
    "rmse": 12.135663861319832,
    "mape": 14.905612751251663
}