{
    "predictions": [
        1665.1614121377468,
        1709.3059672296047,
        1779.5206691145897,
        1808.1621403217316,
        1826.3513862788677,
        1866.0741586327554,
        1838.7185494661333,
        1734.1089031100273,
        1693.8885453104974,
        1635.4833378911019,
        1610.2840655446053,
        1536.8136760771274
    ],
    "actual": [
        674.7000000000002,
        1075.7,
        992.8000000000001,
        998.8000000000001,
        686.7000000000002,
        795.6,
        410.3,
        652.1,
        681.5000000000001,
        918.9000000000002,
        762.0000000000002,
        535.5
    ],
    "mse": 964412.251836027,
    "rmse": 982.0449337153708,
    "mape": 142.1167153245978
}