{
    "predictions": [
        1170377241.075039,
        1193801492.7506447,
        1247516033.7090492,
        1282933869.3618774,
        1274327527.5826454,
        1193249794.0063477,
        1133285046.7562675,
        1080141127.049923,
        1039488668.5609818,
        969240954.6971321,
        975887513.8759613,
        953960066.5569305
    ],
    "actual": [
        321000000.0,
        1113000000.0,
        2690000000.0,
        1230000000.0,
        571000000.0,
        1795000000.0000002,
        3234000000.0,
        3234000000.0,
        1333000000.0,
        2367000000.0,
        3364000000.0,
        1920000000.0
    ],
    "mse": 1.7830508747544084e+18,
    "rmse": 1335309280.5617762,
    "mape": 68.3685368481662
}