{
    "predictions": [
        -12.095727143518626,
        171.82472981972995,
        234.02878358669582,
        106.92401862304659,
        166.55940330556783,
        225.105520490706,
        216.45487825950983,
        255.61873182113473,
        666.8135697756708,
        1322.697603855014,
        1655.4009926021101,
        1720.9522656685115
    ],
    "actual": [
        975.751,
        1483.727,
        1140.195,
        667.6729999999999,
        603.7319999999999,
        716.0379999999999,
        782.239,
        632.585,
        513.9779999999998,
        632.838,
        569.7279999999998,
        440.63400000000007
    ],
    "mse": 670335.0721585128,
    "rmse": 818.7399295005177,
    "mape": 103.8235350040332
}