{
    "predictions": [
        86.54069269037245,
        84.23384930777549,
        84.31168396282196,
        85.74809765625,
        88.14110272979735,
        77.49309061288832,
        71.92629941385984,
        71.80128400468826,
        77.80998059034347,
        80.90465409207343,
        83.50514114356041,
        88.38404400229453
    ],
    "actual": [
        150.87,
        129.169,
        95.547,
        130.416,
        170.259,
        138.838,
        106.214,
        140.586,
        -9.422,
        95.656,
        83.753,
        18.19
    ],
    "mse": 3120.5581491638845,
    "rmse": 55.86195618812399,
    "mape": 135.3753594280282
}