{
    "predictions": [
        238.7088158130646,
        252.29862636327746,
        228.91892805695537,
        205.64476689696315,
        236.2323880195618,
        230.7481752932072,
        237.3575162291527,
        247.0465193986893,
        248.99303013086322,
        299.128222823143,
        270.8435396552086,
        261.0745567679405
    ],
    "actual": [
        334.5,
        473.4,
        170.80000000000004,
        194.9,
        366.1,
        531.4,
        228.6,
        204.20000000000002,
        425.2,
        566.0,
        212.7,
        338.0
    ],
    "mse": 23524.358297194576,
    "rmse": 153.3765245961538,
    "mape": 30.869422709794332
}