{
    "predictions": [
        615.2333555221558,
        666.2441853284836,
        697.893572807312,
        745.2002832889557,
        768.4557530879974,
        731.8144903182983,
        722.9543606042862,
        730.9943470954895,
        713.2977596521378,
        720.6582061052322,
        721.8808571100235,
        725.5011299848557
    ],
    "actual": [
        1055.0,
        910.0,
        918.0,
        905.0,
        885.0,
        1049.0,
        1013.9999999999999,
        1008.0,
        981.0000000000001,
        808.0,
        1146.0,
        1251.0
    ],
    "mse": 94811.87339396005,
    "rmse": 307.9153672585375,
    "mape": 27.233923210037254
}