{
    "predictions": [
        269.14455252289775,
        246.81690609753133,
        203.7321843415499,
        214.16827005445958,
        174.4697173804045,
        131.9013810053468,
        80.88194800913334,
        71.63554182052613,
        38.09106991142035,
        51.980737830698494,
        68.13546341955661,
        114.99218366444111
    ],
    "actual": [
        -45.70000000000001,
        461.8,
        471.4,
        665.4,
        479.2,
        335.9,
        234.99999999999997,
        329.4,
        160.3,
        343.8,
        208.7,
        129.6
    ],
    "mse": 63778.092476832746,
    "rmse": 252.54324872550592,
    "mape": 113.99887137925869
}