{
    "predictions": [
        5.7758766269013275,
        6.403799818634986,
        6.939843165040015,
        7.072490888759493,
        5.948126116126774,
        7.84158364278823,
        8.915162133961914,
        8.418237585328518,
        7.28444064348936,
        11.065242342069743,
        18.34318798562884,
        18.595691142946478
    ],
    "actual": [
        105.70399999999998,
        164.275,
        77.923,
        109.94299999999997,
        199.90799999999996,
        110.42800000000001,
        110.42800000000001,
        58.806,
        40.233,
        47.04399999999999,
        47.745000000000005,
        33.967
    ],
    "mse": 9583.242207454854,
    "rmse": 97.8940356071546,
    "mape": 84.0034594001249
}