{
    "predictions": [
        140.4967368659377,
        145.7158613925874,
        146.9485796405375,
        151.91087232390046,
        158.789448046267,
        155.80762716424465,
        147.41712140274046,
        150.70226737275718,
        154.1493388481736,
        163.92435156309602,
        173.97904780340193,
        190.2646067739129
    ],
    "actual": [
        293.536,
        313.536,
        311.827,
        307.99,
        346.825,
        350.976,
        306.249,
        282.669,
        326.554,
        282.694,
        293.136,
        290.329
    ],
    "mse": 23938.49232811059,
    "rmse": 154.72069133800622,
    "mape": 48.95915314895841
}