{
    "predictions": [
        129775849.81784225,
        135599246.08525634,
        137976997.2936213,
        160785195.15228269,
        160909549.82089993,
        165366406.96203706,
        179267529.06984088,
        183007555.4426312,
        183592931.15949628,
        218012032.4298739,
        225516241.40572545,
        233197586.7398977
    ],
    "actual": [
        220821000.0,
        221127000.0,
        218494000.0,
        227584999.99999997,
        223261000.00000003,
        225355000.0,
        218431000.0,
        216995000.0,
        198388000.0,
        194810000.00000003,
        200716000.0,
        198623000.00000003
    ],
    "mse": 3274363215311885.5,
    "rmse": 57222051.82717486,
    "mape": 23.61508954134012
}