{
    "predictions": [
        456.52683961391443,
        431.4301064133644,
        438.7599388837814,
        443.2890186309814,
        455.4905642867088,
        511.1819086015224,
        527.5367715597152,
        528.1824426472186,
        501.60969293713566,
        450.7988078653812,
        415.21703560352324,
        439.72815397977826
    ],
    "actual": [
        525.6,
        554.7,
        497.70000000000005,
        658.5,
        596.9,
        516.1,
        606.9,
        596.5,
        582.3,
        564.8,
        515.9,
        597.2
    ],
    "mse": 12932.044277528737,
    "rmse": 113.71914648610733,
    "mape": 17.41569954163922
}