{
    "predictions": [
        765674232.4959104,
        754551405.3985386,
        751531328.8676811,
        751095473.8359625,
        751504881.2247183,
        730745499.5921386,
        732301821.2327523,
        726430497.6027218,
        724931479.1885277,
        704887246.0702801,
        696468185.9425476,
        677126514.8097522
    ],
    "actual": [
        648000000.0,
        597000000.0,
        522999999.99999994,
        573000000.0,
        712000000.0,
        666000000.0,
        679000000.0,
        675000000.0,
        551000000.0,
        578000000.0,
        755000000.0,
        758000000.0
    ],
    "mse": 1.584767154429413e+16,
    "rmse": 125887535.30153067,
    "mape": 18.500680681254604
}