{
    "predictions": [
        2468.7112526595592,
        2572.789857685566,
        2644.081097245217,
        2717.34510165453,
        2654.070639133454,
        2577.1075298190117,
        2617.259056568146,
        2634.394689738751,
        2648.7586133480077,
        2745.0237076282506,
        2609.5303824543957,
        2671.289628565312
    ],
    "actual": [
        2531.0,
        2645.0,
        3176.0,
        3560.0,
        4090.9999999999995,
        4470.0,
        4300.0,
        4300.0,
        4199.0,
        4168.0,
        4096.0,
        3854.0
    ],
    "mse": 1691022.570474875,
    "rmse": 1300.3932368614023,
    "mape": 28.24891263519726
}