{
    "predictions": [
        128.39279288053513,
        129.1285296678543,
        131.19476252794266,
        132.2597440481186,
        131.25579738616943,
        131.61629164218903,
        125.78255587816238,
        125.41762346029282,
        127.88123393058777,
        131.83732324838638,
        135.0462611913681,
        136.11269676685333
    ],
    "actual": [
        161.0,
        190.0,
        209.00000000000003,
        170.0,
        144.0,
        166.0,
        187.00000000000003,
        200.0,
        218.99999999999997,
        200.0,
        213.0,
        191.0
    ],
    "mse": 3744.9574743460926,
    "rmse": 61.196057669968354,
    "mape": 29.360997689427087
}