{
    "predictions": [
        857.7032530701161,
        822.821630139947,
        942.1443275028467,
        1046.4008177727462,
        968.7388521420957,
        1036.7647618973256,
        1016.7497577250004,
        1059.0742968386412,
        1175.1883214819431,
        1194.4284950435163,
        1210.1053805935383,
        1247.6138942432403
    ],
    "actual": [
        950.0000000000001,
        1052.0,
        1030.0,
        1035.0,
        1052.0,
        1059.0,
        1135.0,
        1005.0,
        1043.0,
        993.9999999999999,
        963.0,
        1039.0
    ],
    "mse": 21287.512202115202,
    "rmse": 145.90240643017236,
    "mape": 12.126741768692016
}