{
    "predictions": [
        161.9855140914917,
        156.5460928645134,
        160.45567443466186,
        154.3178466939926,
        148.98150940847398,
        131.9661425228119,
        131.12306871414185,
        105.50402466773987,
        99.78664217090606,
        97.79958613443375,
        100.65281908035278,
        100.92205820560456
    ],
    "actual": [
        213.076,
        66.299,
        177.821,
        121.3,
        198.394,
        139.63,
        139.63,
        128.398,
        128.398,
        128.398,
        128.398,
        132.28
    ],
    "mse": 1562.6106236020087,
    "rmse": 39.52987001751977,
    "mape": 28.569262430930138
}