{
    "predictions": [
        141.45755522029103,
        143.33863196459413,
        153.4413854060322,
        156.880264793694,
        165.04547653609515,
        177.21379663217067,
        198.4322927557826,
        210.54020207959414,
        212.94809899270535,
        196.93516088041662,
        245.97517288702727,
        246.88557087197898
    ],
    "actual": [
        353.766,
        315.769,
        291.254,
        245.04,
        356.863,
        335.36,
        340.839,
        374.455,
        357.374,
        375.768,
        458.644,
        544.239
    ],
    "mse": 33084.21628837735,
    "rmse": 181.89067125165423,
    "mape": 47.782381957949724
}