{
    "predictions": [
        334130793.6012745,
        350946560.17422676,
        355511425.3461361,
        379634747.6840019,
        362571295.1719761,
        388247988.2836342,
        403951815.6051636,
        423344457.2687149,
        426097985.4762554,
        425336968.18351746,
        437881476.04465485,
        467806297.3022461
    ],
    "actual": [
        471500000.0,
        523200000.0,
        553000000.0,
        583500000.0,
        427200000.0,
        491600000.0,
        557500000.0,
        557500000.0,
        395200000.0,
        501400000.0,
        562700000.0,
        485300000.0
    ],
    "mse": 1.7346962573435488e+16,
    "rmse": 131707868.30495545,
    "mape": 22.436788459140445
}