{
    "predictions": [
        74.78814611572027,
        73.13422381454706,
        80.3005343055725,
        83.6268952910304,
        82.98918126827476,
        80.5073669592142,
        70.98317093420027,
        72.53624396347999,
        67.59744620376824,
        61.92275776547193,
        73.04749574387073,
        89.49562909066675
    ],
    "actual": [
        113.37,
        105.59899999999999,
        159.548,
        140.365,
        126.836,
        98.274,
        143.601,
        155.575,
        117.75099999999998,
        78.352,
        158.02199999999996,
        176.486
    ],
    "mse": 3668.5137762505533,
    "rmse": 60.568257167022345,
    "mape": 39.84045531122946
}