{
    "predictions": [
        4049.603108048439,
        4230.707818746567,
        4426.426807522774,
        4382.789800047874,
        4509.154710650444,
        4692.243394732475,
        4677.856046438217,
        4911.573487997054,
        4847.319692850113,
        5026.1386280059805,
        5137.876540899276,
        5265.36395895481
    ],
    "actual": [
        5066.0,
        5405.0,
        5303.0,
        5372.000000000001,
        5142.0,
        5354.0,
        5285.0,
        5421.0,
        5232.0,
        5348.0,
        5336.0,
        5487.999999999999
    ],
    "mse": 497157.47166959493,
    "rmse": 705.093945279347,
    "mape": 11.952198755297779
}