{
    "predictions": [
        166.09882204329966,
        154.4868503654003,
        180.0410554975271,
        201.55939348757266,
        223.89679165172575,
        204.9348013410568,
        186.93248348152636,
        176.0081679663658,
        177.02725829696655,
        192.3248343439102,
        195.9007795217037,
        172.0087852090597
    ],
    "actual": [
        100.636,
        69.142,
        126.29100000000001,
        124.60499999999998,
        148.81799999999998,
        118.45699999999998,
        135.204,
        122.424,
        45.608,
        61.034,
        61.034,
        103.364
    ],
    "mse": 8037.663768867013,
    "rmse": 89.65301873817197,
    "mape": 107.41051267046903
}