{
    "predictions": [
        1120.027175784111,
        1115.648845076561,
        1115.5688347816467,
        1114.1318681240082,
        1102.2531690597534,
        1091.8790551424026,
        1096.8866052627563,
        1097.0357629060745,
        1097.7658333778381,
        1093.5478183031082,
        1095.7826348543167,
        1096.033743262291
    ],
    "actual": [
        1061.0,
        1022.0000000000001,
        1084.0,
        1075.0,
        1067.0,
        1137.0,
        1174.0,
        1224.0,
        1197.0,
        1249.0,
        1215.0,
        1218.0
    ],
    "mse": 8602.386282859707,
    "rmse": 92.74905003750554,
    "mape": 7.171243595879926
}