{
    "predictions": [
        66.75684008002283,
        152.52178573608398,
        150.87008452415466,
        42.521537631750114,
        -27.912830263376232,
        -5.067381531000131,
        -58.733013421297066,
        196.81972408294678,
        596.2886991500854,
        1306.0196294784546,
        2817.6465916633606,
        3071.2856407165527
    ],
    "actual": [
        1427.0,
        1098.0,
        426.99999999999994,
        63.000000000000014,
        212.0,
        732.0,
        575.0,
        239.0,
        233.0,
        291.0,
        63.000000000000014,
        -179.0
    ],
    "mse": 1928313.243565365,
    "rmse": 1388.6371893210137,
    "mape": 609.4420452204347
}