{
    "predictions": [
        114.91179856860637,
        113.41983794435858,
        113.64402892711759,
        114.411470932886,
        116.77021000130475,
        118.83779303647577,
        119.85531704691051,
        122.76557597881555,
        123.53842526590823,
        128.13283733285962,
        132.4921220859289,
        135.7094811107218
    ],
    "actual": [
        171.391,
        299.038,
        297.481,
        214.431,
        205.713,
        279.52,
        247.338,
        245.629,
        222.913,
        320.182,
        292.359,
        246.601
    ],
    "mse": 19261.11016251204,
    "rmse": 138.78440172624602,
    "mape": 50.830113403827625
}