{
    "predictions": [
        49.53687220215798,
        49.84786321520806,
        48.30909027457238,
        47.23288607597352,
        45.60874274969102,
        43.91697517633439,
        45.409942638874064,
        46.55081339478493,
        48.14155495762826,
        50.36518018841744,
        51.74731171131135,
        45.32441740036011
    ],
    "actual": [
        43.099999999999994,
        104.1,
        59.8,
        61.900000000000006,
        76.3,
        27.2,
        65.7,
        71.9,
        79.1,
        62.900000000000006,
        62.900000000000006,
        26.5
    ],
    "mse": 600.1549416861363,
    "rmse": 24.498059957599423,
    "mape": 35.468036546136176
}