{
    "predictions": [
        110.25457292711735,
        122.8681662902832,
        119.23842096042632,
        129.84413704884054,
        120.30738134992123,
        128.14236324739457,
        133.10969095039368,
        131.46448746562004,
        125.75720665419102,
        142.4421363301277,
        157.42931603467466,
        177.2637350884676
    ],
    "actual": [
        307.072,
        467.795,
        404.03,
        402.736,
        297.029,
        374.866,
        312.356,
        305.637,
        197.1,
        243.262,
        227.972,
        200.459
    ],
    "mse": 40718.74575656097,
    "rmse": 201.78886430266903,
    "mape": 52.99312250046645
}