{
    "predictions": [
        23.001248519539832,
        24.81043989944458,
        26.31106933736801,
        26.7513372784853,
        26.61211363649368,
        25.61976714491844,
        26.013964614629746,
        25.207462436914444,
        26.624293875575066,
        27.793300565600397,
        28.21350735139847,
        27.708042418956758
    ],
    "actual": [
        28.98,
        33.286,
        37.796,
        30.666,
        30.666,
        32.338,
        44.943,
        38.482,
        35.368,
        32.125,
        62.352000000000004,
        25.789
    ],
    "mse": 176.26955010118846,
    "rmse": 13.276654326342479,
    "mape": 25.02099468845281
}