{
    "predictions": [
        686.8643628060819,
        687.4420850723983,
        698.0601643770934,
        694.8417577892543,
        700.1076555252076,
        688.9468842744828,
        703.5889367014171,
        710.8333443105222,
        719.9770428985358,
        736.608693227172,
        749.5594778656961,
        732.7417187392713
    ],
    "actual": [
        704.0,
        925.0,
        773.0,
        951.0000000000001,
        1154.0,
        1122.0,
        1090.0,
        981.0000000000001,
        2575.0,
        1349.0,
        1229.0,
        1243.0
    ],
    "mse": 420848.1018304015,
    "rmse": 648.7280646236923,
    "mape": 33.596855658367545
}