{
    "predictions": [
        67.27581177949907,
        68.70216791629792,
        65.92950617074968,
        64.36203909218312,
        68.06125243306161,
        70.48621614575387,
        71.22775857448579,
        68.59032129049302,
        70.5195250093937,
        74.842547672987,
        72.08298255801202,
        66.91307013034822
    ],
    "actual": [
        57.1,
        64.2,
        21.9,
        36.5,
        51.8,
        72.4,
        23.7,
        29.6,
        47.5,
        47.5,
        34.4,
        13.8
    ],
    "mse": 1033.7041686801801,
    "rmse": 32.15127009435522,
    "mape": 105.7467689313936
}