{
    "predictions": [
        228.36779220867157,
        233.18741815948488,
        230.0064968943596,
        226.89502810001375,
        223.87890946865082,
        261.55348000240326,
        280.112689866066,
        290.9852067499161,
        291.68047112083434,
        300.3602471904755,
        288.49261788463593,
        287.9710226221085
    ],
    "actual": [
        269.7,
        295.1,
        252.10000000000002,
        245.8,
        233.50000000000003,
        293.6,
        336.9,
        401.49999999999994,
        304.1,
        246.2,
        243.4,
        273.3
    ],
    "mse": 2356.755262099123,
    "rmse": 48.54642378279911,
    "mape": 13.512825686178061
}