{
    "predictions": [
        824055029.8452377,
        839959449.6526718,
        769631367.3968315,
        787737920.0410843,
        793496092.2141075,
        758237241.5552139,
        723679585.4692459,
        755315964.1275406,
        729752322.9074478,
        851229245.2230453,
        913964997.8365898,
        866547561.7489815
    ],
    "actual": [
        1034351000.0000001,
        834251000.0,
        738219000.0,
        812182000.0,
        944304000.0,
        892877000.0,
        824424000.0,
        1046885000.0,
        1171576000.0,
        987897000.0,
        952616000.0,
        1073248000.0
    ],
    "mse": 3.6664939054300536e+16,
    "rmse": 191480910.41746312,
    "mape": 14.521981265608396
}