{
    "predictions": [
        2100.2246372300388,
        2076.969902575016,
        2568.045846246481,
        2234.21410122931,
        3072.274494741857,
        2997.2320662015677,
        3157.2865052941443,
        3228.329447212517,
        3670.5404981961847,
        3743.4848419141767,
        3691.23417727381,
        3681.029530213475
    ],
    "actual": [
        3091.0,
        2198.0,
        2373.0,
        2151.0,
        2151.0,
        3469.0,
        2485.0,
        2576.0,
        2713.0,
        2713.0,
        3748.0,
        2744.0
    ],
    "mse": 487507.9681568428,
    "rmse": 698.2177082807646,
    "mape": 22.282939389412757
}