{
    "predictions": [
        326.73430466651917,
        322.33274421691897,
        323.92863726615906,
        319.42099928855896,
        299.56050052642826,
        247.74648962020876,
        233.54532771110536,
        213.95922024250032,
        198.05096344947816,
        184.3877223491669,
        171.21562633514407,
        168.421390080452
    ],
    "actual": [
        175.80000000000004,
        80.0,
        277.3999999999999,
        283.40000000000003,
        148.3,
        244.67999999999998,
        331.8,
        424.50000000000006,
        166.59999999999997,
        61.4,
        343.1,
        376.50000000000006
    ],
    "mse": 20899.615119399874,
    "rmse": 144.56699180449138,
    "mape": 77.10520538025332
}