{
    "predictions": [
        392.9295408725739,
        391.8926732540131,
        390.86779808998114,
        388.36359369754797,
        391.95860177278524,
        395.19272691011435,
        394.7689735293389,
        397.7209761738778,
        394.9925428628922,
        398.6880177259446,
        399.5152572393418,
        400.3930149674416
    ],
    "actual": [
        401.0,
        385.0,
        272.0,
        530.0,
        449.0,
        395.0,
        409.0,
        474.0,
        459.0,
        401.0,
        364.0,
        527.0
    ],
    "mse": 5414.233175067127,
    "rmse": 73.58147304224839,
    "mape": 12.904640175912022
}