{
    "predictions": [
        132.08318969401716,
        130.180054038316,
        132.76008161401748,
        134.53827648058532,
        138.1921853482425,
        140.65952364832162,
        140.38380577361582,
        141.5391565493345,
        143.9312379529774,
        144.23176696318387,
        146.77528648513555,
        150.10628646308183
    ],
    "actual": [
        181.845,
        180.32,
        211.72,
        220.268,
        226.02499999999998,
        223.093,
        224.67400000000004,
        227.43600000000004,
        231.377,
        264.003,
        223.99,
        225.90499999999997
    ],
    "mse": 6772.246548580509,
    "rmse": 82.29366043979638,
    "mape": 36.13892916971281
}