{
    "predictions": [
        569.0894711017609,
        569.25984364748,
        578.4022881388664,
        665.7192672491074,
        717.2042627334595,
        792.897581756115,
        667.9760875105858,
        791.5753009915352,
        815.3921418190002,
        885.9672578573227,
        802.2193417549133,
        821.5474545955658
    ],
    "actual": [
        515.0,
        711.0000000000001,
        -139.0,
        2922.9999999999995,
        2296.0,
        986.9999999999999,
        1158.0,
        1273.0,
        1052.0,
        942.0,
        998.0,
        983.0
    ],
    "mse": 729890.2611661345,
    "rmse": 854.3361523230387,
    "mape": 71.4020225341209
}