{
    "predictions": [
        305.8545987606049,
        291.05207353830343,
        315.6689850091935,
        303.58464741706854,
        215.02482226490977,
        222.4384380578995,
        156.34235936403277,
        108.54462090134624,
        52.034150779247305,
        1.6576449722051776,
        -6.881938964128479,
        26.016141965985316
    ],
    "actual": [
        265.00000000000006,
        -194.0,
        326.00000000000006,
        639.0,
        182.0,
        447.0,
        203.0,
        41.0,
        313.00000000000006,
        55.999999999999986,
        116.0,
        715.0
    ],
    "mse": 80722.29497476593,
    "rmse": 284.1166925310196,
    "mape": 79.99358877055874
}