{
    "predictions": [
        1.6088016699478027,
        -35.53879392726719,
        -21.34464919908345,
        -16.393637372478842,
        -1.7800270735919481,
        8.20980582652986,
        46.67469906139374,
        40.56958651903272,
        42.654001871272925,
        49.621405315279965,
        67.31755036205054,
        47.39911298689246
    ],
    "actual": [
        571.051,
        443.498,
        768.299,
        900.143,
        654.753,
        278.83,
        123.758,
        195.457,
        236.335,
        217.48000000000002,
        76.81900000000002,
        146.105
    ],
    "mse": 218920.16544456882,
    "rmse": 467.88905249489306,
    "mape": 82.52082018540932
}