{
    "predictions": [
        972.13850328058,
        1383.3136885069607,
        1335.9906565464437,
        1174.582595382005,
        1087.7255025257766,
        1135.6364015628099,
        1256.4711049523353,
        1753.9515660948755,
        2070.2099544448256,
        1823.3495064834358,
        1736.305202770114,
        1174.0725394910871
    ],
    "actual": [
        926.0,
        1100.0,
        1401.0,
        2217.0,
        2377.0,
        2415.0,
        2418.0,
        2748.0,
        2596.0,
        2789.0,
        2763.0,
        2995.0
    ],
    "mse": 1032362.6956932225,
    "rmse": 1016.0525063662914,
    "mape": 35.55486762911592
}