{
    "predictions": [
        15.772933975040914,
        18.26912183380127,
        37.04765626552701,
        37.8706940535903,
        25.382389376699926,
        58.92883789634705,
        49.3454473131299,
        48.13575025802851,
        72.40258647477627,
        70.8968500442505,
        120.61590559786559,
        133.61793115448953
    ],
    "actual": [
        126.572,
        256.823,
        273.8070000000001,
        237.883,
        248.06400000000002,
        331.13300000000004,
        288.60300000000007,
        232.57399999999998,
        240.75300000000001,
        343.13000000000005,
        288.014,
        217.86500000000007
    ],
    "mse": 43146.715462093,
    "rmse": 207.71787468124404,
    "mape": 77.60056689863013
}