{
    "predictions": [
        67.71908665299418,
        70.08789641857149,
        68.66786984205248,
        73.41975451111796,
        72.39001582264902,
        68.13541318774224,
        65.21607684493067,
        59.437085410952584,
        51.009278970956814,
        42.812958344817176,
        35.835622373223316,
        32.94488925933839
    ],
    "actual": [
        41.00000000000001,
        58.10000000000001,
        40.6,
        55.1,
        72.0,
        96.4,
        102.1,
        103.40000000000002,
        60.8,
        143.9,
        151.2,
        155.5
    ],
    "mse": 3726.365133678977,
    "rmse": 61.04396066507298,
    "mape": 44.8459213470949
}