{
    "predictions": [
        11552719720.239965,
        11598510931.976645,
        11307734081.345964,
        10774459940.731142,
        9960595802.578974,
        9590291041.199488,
        8812838577.137545,
        9118683219.186705,
        9414156478.897533,
        9788593577.005974,
        9603965776.613098,
        9923227931.491928
    ],
    "actual": [
        9702670530.0,
        12195980828.64,
        12195980828.64,
        13772916021.24,
        13772916021.24,
        24297022977.15,
        58119999.99999999,
        29874610885.98,
        66742000.0,
        40388645574.68,
        -390000.0,
        46906988813.53
    ],
    "mse": 2.6963452602985703e+20,
    "rmse": 16420551940.475601,
    "mape": 207674.09290294885
}