{
    "predictions": [
        4099.945610523224,
        4151.757152080536,
        4157.372193336487,
        4148.369611263275,
        4192.282703399658,
        4127.556477069855,
        4094.4725856781006,
        4089.0966353416443,
        4102.45175075531,
        4066.7662625312805,
        4065.399489402771,
        4105.499890327454
    ],
    "actual": [
        4109.0,
        3867.9999999999995,
        3953.0000000000005,
        3976.0,
        4487.0,
        4898.0,
        4800.0,
        3530.0,
        3593.9999999999995,
        3578.0,
        4118.0,
        4127.0
    ],
    "mse": 178626.9647698625,
    "rmse": 422.64283357211025,
    "mape": 8.291871233491445
}