{
    "predictions": [
        43.56181410157681,
        44.53944690316916,
        45.0531687926054,
        45.304608143031594,
        45.703638503372666,
        44.83551756954193,
        45.48474147439003,
        45.84295021879673,
        46.532090935826304,
        47.75647579622269,
        48.40763176321983,
        49.029398615837096
    ],
    "actual": [
        49.529,
        46.01,
        52.727,
        53.503,
        60.615,
        47.367,
        51.661,
        51.661,
        51.916,
        46.308,
        53.432,
        62.03199999999999
    ],
    "mse": 57.50171699043424,
    "rmse": 7.582988658202928,
    "mape": 11.845480228111011
}