{
    "predictions": [
        173.7373601973057,
        184.84851926863195,
        190.3714264959097,
        192.75630845427514,
        185.1810248374939,
        190.1654508292675,
        190.91064322292806,
        191.7245279878378,
        197.218713003397,
        192.04209547042848,
        198.10552555620671,
        203.48076384067537
    ],
    "actual": [
        344.2,
        474.3,
        436.70000000000005,
        304.2,
        216.49999999999997,
        391.1,
        351.6,
        295.3,
        272.3,
        434.50000000000006,
        384.7,
        302.4
    ],
    "mse": 31072.266759738883,
    "rmse": 176.27327295917235,
    "mape": 42.90023961145219
}