{
    "predictions": [
        16.55081052851677,
        17.59387583813071,
        17.55525442484021,
        17.805696659117935,
        16.572515619575977,
        17.196905607283114,
        17.528150460898875,
        17.497091415226457,
        17.22527215781808,
        19.014666431665418,
        19.98263633483648,
        20.89994202828407
    ],
    "actual": [
        32.059,
        32.83,
        28.217999999999996,
        31.095,
        28.714,
        31.039,
        31.039,
        21.362,
        27.607,
        25.965,
        25.965,
        21.295
    ],
    "mse": 124.2895913286065,
    "rmse": 11.148524177154863,
    "mape": 34.42314153852784
}