{
    "predictions": [
        401222484.3993187,
        480562348.870486,
        411470108.3654165,
        253014586.69826388,
        297359785.0121856,
        104781950.59521496,
        108819228.61079872,
        82123982.53163695,
        258693662.69539297,
        58973428.36982756,
        56187220.2360928,
        1047940999.2234708
    ],
    "actual": [
        1186000000.0,
        2037000000.0000002,
        1939000000.0,
        1743000000.0,
        1248000000.0,
        672000000.0,
        834000000.0,
        1033000000.0000001,
        889000000.0,
        764000000.0,
        799000000.0,
        835000000.0
    ],
    "mse": 9.782288948940534e+17,
    "rmse": 989054545.9650106,
    "mape": 77.33963130119123
}