{
    "predictions": [
        108.31921559470894,
        105.2044607281685,
        116.58611862003805,
        119.8783923380971,
        112.31436851251127,
        114.0527929891348,
        117.57203617346288,
        117.29948451942207,
        121.5711786978841,
        127.4870289143324,
        135.5444309846163,
        144.48747911673786
    ],
    "actual": [
        154.43,
        162.42600000000002,
        172.259,
        176.523,
        171.76700000000002,
        172.7,
        177.3,
        180.88700000000003,
        169.524,
        169.003,
        174.757,
        176.827
    ],
    "mse": 2741.668455667527,
    "rmse": 52.36094399137134,
    "mape": 30.040627448327427
}