{
    "predictions": [
        75.43712180608512,
        82.51903850644828,
        76.34812355291844,
        108.62428811120988,
        111.841992133379,
        105.4501088718772,
        105.27603357231618,
        121.01428205519916,
        119.67946379274132,
        128.1291104502678,
        134.14065431541206,
        135.03688035571577
    ],
    "actual": [
        113.377,
        115.366,
        121.391,
        121.308,
        122.485,
        128.565,
        124.902,
        125.42100000000002,
        128.589,
        133.119,
        131.913,
        142.489
    ],
    "mse": 493.7532830250891,
    "rmse": 22.220559917002298,
    "mape": 14.415639737214189
}