{
    "predictions": [
        114.1473304027915,
        156.46626998659968,
        158.18432518911362,
        199.65255325454473,
        149.63427050539852,
        154.88916050878166,
        174.71156574320793,
        98.06999468454718,
        119.25082017728687,
        61.92763320186734,
        76.44994695842266,
        67.65538993394374
    ],
    "actual": [
        288.0,
        475.0,
        179.0,
        320.0,
        398.0,
        297.0,
        262.0,
        233.0,
        203.0,
        104.0,
        51.00000000000001,
        57.0
    ],
    "mse": 21988.078151652353,
    "rmse": 148.2837757532912,
    "mape": 44.03720427888218
}