{
    "predictions": [
        3569.9829038977623,
        3869.509261906147,
        3779.1816524267197,
        4094.4431792497635,
        4113.895123183727,
        4485.034631729126,
        4570.843062520027,
        4541.305109679699,
        4658.406533479691,
        4931.740857064724,
        4793.5968598127365,
        4894.874069392681
    ],
    "actual": [
        5070.0,
        5656.0,
        4825.0,
        4778.0,
        4864.0,
        5002.0,
        4932.0,
        4700.0,
        3434.0,
        4220.0,
        3220.0,
        3578.0
    ],
    "mse": 1183685.508985183,
    "rmse": 1087.9731196059868,
    "mape": 22.650391771492227
}