{
    "predictions": [
        8381.281452536585,
        8909.61604511738,
        8694.78167486191,
        8534.737643301489,
        8349.873560428621,
        7442.134739518166,
        6224.434626579285,
        5327.515095412731,
        5014.969771742821,
        5384.249971628189,
        5465.788214713335,
        6329.416340172291
    ],
    "actual": [
        10823.000000000002,
        17377.0,
        16936.0,
        12718.000000000002,
        12718.000000000002,
        10277.0,
        11655.0,
        8920.0,
        12159.0,
        11334.000000000002,
        9655.0,
        12075.0
    ],
    "mse": 30798986.82585604,
    "rmse": 5549.683488799703,
    "mape": 41.988505701489814
}