{
    "predictions": [
        105.34211844003201,
        106.82763936686516,
        107.39670447468758,
        105.1867759757042,
        104.71063104784488,
        103.61772594892979,
        103.47977877628803,
        101.85668050837516,
        102.29034763967991,
        109.55755104207992,
        111.2949933040142,
        110.67207807910442
    ],
    "actual": [
        -13.447,
        77.258,
        76.184,
        65.823,
        84.666,
        73.094,
        69.062,
        72.455,
        85.818,
        59.386,
        76.834,
        79.578
    ],
    "mse": 2152.867493817912,
    "rmse": 46.39900315543333,
    "mape": 113.82392168710925
}