{
    "predictions": [
        152.72599496841428,
        170.69812751102444,
        184.03552525711055,
        179.19844301128384,
        144.7797817187309,
        72.89086703276634,
        121.92004159045219,
        190.92702780532832,
        356.6520189223289,
        608.5684718170165,
        788.2674645814894,
        784.657140663147
    ],
    "actual": [
        254.99999999999997,
        922.0,
        970.0,
        919.0,
        919.0,
        965.0,
        1017.0000000000001,
        900.0,
        792.0,
        830.0,
        965.0,
        853.0
    ],
    "mse": 392804.5133461295,
    "rmse": 626.7411852959158,
    "mape": 61.21539079415608
}