{
    "predictions": [
        189.42656046152115,
        193.63207644224167,
        199.12222337722778,
        209.02143359184265,
        212.89994609355927,
        215.49856281280518,
        202.59229069948196,
        206.62039232254028,
        206.6217103600502,
        208.4904597401619,
        210.13994300365448,
        211.6950320005417
    ],
    "actual": [
        112.99999999999999,
        161.0,
        156.0,
        184.0,
        165.0,
        185.0,
        231.0,
        218.0,
        141.00000000000003,
        180.0,
        218.0,
        194.0
    ],
    "mse": 1587.1116877646348,
    "rmse": 39.83857035292098,
    "mape": 22.272681547791585
}