{
    "predictions": [
        114.18341083693504,
        108.80803492259979,
        113.41710550355911,
        115.21025998365879,
        111.69676484000682,
        112.37606426358222,
        118.23993761312961,
        119.04888692855835,
        123.50085433769226,
        129.8904867721796,
        141.14425817799568,
        143.32171626377107
    ],
    "actual": [
        243.725,
        310.905,
        271.282,
        267.075,
        288.73299999999995,
        261.168,
        248.774,
        303.811,
        275.88,
        275.969,
        197.855,
        226.248
    ],
    "mse": 22076.391016048216,
    "rmse": 148.5812606490072,
    "mape": 53.188554711493076
}