{
    "predictions": [
        41.836931180953975,
        38.70412950515747,
        47.093102550506586,
        45.89155702590942,
        49.149277114868156,
        53.69856581687927,
        62.52528052330016,
        68.11448955535887,
        66.45403265953063,
        75.85522246360779,
        74.21381740570068,
        77.19077973365783
    ],
    "actual": [
        81.40000000000003,
        67.2,
        75.2,
        97.9,
        5.000000000000002,
        24.39999999999999,
        54.599999999999994,
        61.29999999999999,
        43.5,
        43.5,
        109.70000000000002,
        110.30000000000001
    ],
    "mse": 1059.8480416829145,
    "rmse": 32.55530742725239,
    "mape": 116.6429197020332
}