{
    "predictions": [
        557.5473486924172,
        533.1059207105637,
        523.4012059164048,
        512.4733276128769,
        537.8031538724899,
        568.7609141290188,
        547.375478155613,
        557.8487711286546,
        562.2020564174653,
        530.7406327319146,
        500.83383916854865,
        534.5685906898976
    ],
    "actual": [
        604.387,
        463.86600000000004,
        463.86600000000004,
        513.866,
        513.866,
        802.6300000000001,
        802.6300000000001,
        778.3900000000001,
        778.3900000000001,
        788.755,
        788.755,
        570.816
    ],
    "mse": 31426.387604471787,
    "rmse": 177.2748927639551,
    "mape": 19.421022808783462
}