{
    "predictions": [
        1019144713.5686874,
        822050746.0713387,
        1186873707.997799,
        1161007304.4776917,
        1199191308.7248802,
        1528233681.2496185,
        1497430777.8954506,
        1725134604.9785614,
        1735344933.0210686,
        2496080735.1350784,
        2503949161.9348526,
        3019383197.951317
    ],
    "actual": [
        1917000000.0,
        2218800000.0,
        2133700000.0,
        1287000000.0,
        1295900000.0000002,
        1830200000.0,
        2094500000.0,
        1267500000.0,
        1473400000.0,
        1740800000.0,
        1733300000.0,
        1134000000.0
    ],
    "mse": 7.602915139391985e+17,
    "rmse": 871946967.3891861,
    "mape": 43.70094934056453
}