{
    "predictions": [
        905.5315383330286,
        948.3582031355501,
        1000.728419290811,
        995.0988799376191,
        1091.4962213755548,
        1076.8349865849914,
        1096.9823622580172,
        1237.87665053311,
        1300.2616991220118,
        1367.9952552520037,
        1490.085224065423,
        1554.85097917372
    ],
    "actual": [
        2757.0,
        2554.9999999999995,
        2861.0,
        2323.0,
        1954.0,
        1954.0,
        1956.0,
        1830.0,
        1921.9999999999998,
        1728.0000000000002,
        1655.0,
        2020.0
    ],
    "mse": 1216228.340365825,
    "rmse": 1102.8274300024573,
    "mape": 41.97508219563615
}