{
    "predictions": [
        97.29703972935677,
        93.44496327638626,
        101.17438142895698,
        107.27244385778904,
        98.4632787913084,
        91.29774788618087,
        96.87430728971958,
        93.88821487426758,
        88.25956656038761,
        92.36068278551102,
        94.71148411631584,
        83.54707859158516
    ],
    "actual": [
        114.99999999999997,
        561.3,
        146.20000000000002,
        -64.80000000000001,
        224.5,
        131.59999999999997,
        319.4,
        -12.100000000000017,
        150.49999999999997,
        135.99999999999997,
        -16.30000000000002,
        -97.19999999999999
    ],
    "mse": 31655.8326888833,
    "rmse": 177.9208607468031,
    "mape": 197.32565784466115
}