{
    "predictions": [
        244.39895201158524,
        237.7282272953987,
        236.59745355081557,
        266.7581119627952,
        278.9358262028694,
        287.04060733270643,
        291.60060886120795,
        330.40603721928596,
        345.9136046802997,
        370.1094315896034,
        382.5617156229019,
        388.02183079338073
    ],
    "actual": [
        425.809,
        407.971,
        398.311,
        375.412,
        375.412,
        496.802,
        496.802,
        422.27599999999995,
        422.27599999999995,
        567.838,
        567.838,
        387.18499999999995
    ],
    "mse": 23580.01205282605,
    "rmse": 153.55784595007202,
    "mape": 30.883826609157815
}