{
    "predictions": [
        466.6610023989975,
        466.1351715371012,
        500.8660745725631,
        519.3786235579549,
        528.3782188760936,
        554.2416091023683,
        560.7898184533119,
        586.4419934490919,
        591.9021979491114,
        614.448717262268,
        650.1442547132373,
        651.0794596042036
    ],
    "actual": [
        535.335,
        560.925,
        571.9469999999999,
        932.89,
        610.799,
        605.1969999999999,
        588.304,
        607.664,
        850.887,
        629.7589999999999,
        652.4769999999999,
        636.701
    ],
    "mse": 22321.845079665818,
    "rmse": 149.40497006346817,
    "mape": 12.670632714059735
}