{
    "predictions": [
        596.7477996174097,
        620.3180414569377,
        628.410934481144,
        641.0219481534958,
        663.5132410380841,
        664.693302351594,
        659.708362962842,
        645.2940454143286,
        652.9636180343628,
        674.5057061389684,
        690.7574654985666,
        678.6080147264004
    ],
    "actual": [
        814.6,
        616.1,
        490.4,
        517.5,
        517.5,
        858.1,
        858.1,
        654.6,
        654.6,
        449.7,
        449.7,
        589.5
    ],
    "mse": 24711.928808971217,
    "rmse": 157.20028247102871,
    "mape": 22.807934394212214
}