{
    "predictions": [
        62.749837175577895,
        63.16857004496457,
        65.14919285959752,
        65.72324376341702,
        68.3535508773029,
        67.03915334884825,
        66.4426468715966,
        67.87569505280258,
        67.20090526208283,
        68.38653357468547,
        69.5058986631185,
        71.18554195457699
    ],
    "actual": [
        78.345,
        79.458,
        77.78700000000002,
        79.736,
        77.75,
        79.863,
        91.356,
        83.282,
        302.625,
        513.801,
        452.634,
        397.033
    ],
    "mse": 42396.471588875116,
    "rmse": 205.9040349018812,
    "mape": 39.94485334092559
}