{
    "predictions": [
        325.60119421885906,
        309.2892279470041,
        319.65718464374544,
        322.0566709559709,
        317.6697311255336,
        285.6544187021479,
        310.3456202478558,
        320.5920599253774,
        337.25034012803434,
        347.44428337682785,
        328.66018761746585,
        370.04874670547247
    ],
    "actual": [
        386.51099999999997,
        436.45,
        454.24,
        440.147,
        404.977,
        419.686,
        458.004,
        455.385,
        919.9559999999999,
        471.33200000000005,
        501.259,
        418.617
    ],
    "mse": 42045.01348514435,
    "rmse": 205.04880756820887,
    "mape": 29.362198373646226
}