{
    "predictions": [
        243.89853825569156,
        249.0544993400574,
        253.6820570468903,
        245.30643434524538,
        250.00104010105136,
        226.58489487171175,
        222.8108162879944,
        211.2325480937958,
        214.5941738843918,
        234.70041933059696,
        232.81712584495546,
        256.13749890327455
    ],
    "actual": [
        391.50000000000006,
        434.0,
        334.90000000000003,
        321.2,
        449.5,
        473.4,
        390.6,
        411.3,
        512.5,
        523.9,
        391.7,
        447.49999999999994
    ],
    "mse": 39291.0497592264,
    "rmse": 198.21970073437805,
    "mape": 42.74733690863202
}