{
    "predictions": [
        587.680083190918,
        587.8355227355958,
        584.6668679733276,
        584.7365034790039,
        582.967283126831,
        579.1118938369751,
        575.5415693893433,
        572.551322555542,
        575.7259964447021,
        577.8004293441772,
        580.7197058868409,
        575.914402671814
    ],
    "actual": [
        504.206,
        594.75,
        497.692,
        448.496,
        522.896,
        606.509,
        706.134,
        677.907,
        658.287,
        644.848,
        718.181,
        654.83
    ],
    "mse": 8507.514342718388,
    "rmse": 92.2361878154035,
    "mape": 14.145199237155031
}