{
    "predictions": [
        619.4736616611481,
        622.4177322387695,
        585.2189106941223,
        565.2258752584457,
        623.9167144298553,
        557.1900281906128,
        525.6713328361511,
        531.6135838031769,
        484.1586308479309,
        526.3485695123672,
        597.0112855434418,
        726.7469575405121
    ],
    "actual": [
        1773.9999999999998,
        3103.0,
        3073.0,
        2218.0000000000005,
        1916.0000000000005,
        1582.0,
        1817.0000000000002,
        2178.0,
        1577.0,
        1896.0,
        1991.0,
        1954.0000000000005
    ],
    "mse": 2502030.918953692,
    "rmse": 1581.7809326685197,
    "mape": 71.14422005643961
}