{
    "predictions": [
        348.46072745323187,
        340.0539228916169,
        355.973240017891,
        396.94639539718634,
        378.92117333412176,
        376.33866298198706,
        392.28950858116156,
        415.0526062250138,
        379.8280767202378,
        353.5917893648148,
        382.44934082031256,
        391.3125200271607
    ],
    "actual": [
        506.00000000000006,
        555.0,
        571.9999999999998,
        433.00000000000006,
        459.0000000000001,
        632.9999999999999,
        467.0,
        483.9999999999999,
        424.0000000000001,
        446.00000000000006,
        513.0,
        495.00000000000006
    ],
    "mse": 19991.327270244627,
    "rmse": 141.39069018236182,
    "mape": 23.477149908146075
}