{
    "predictions": [
        770.0166141786577,
        771.7898621978762,
        745.8414939079287,
        751.868362890959,
        744.7410654709341,
        789.9292955628636,
        794.7874878029826,
        826.506159763098,
        834.5101761288645,
        856.1017658386232,
        868.6774523531201,
        879.8978362262251
    ],
    "actual": [
        906.0000000000001,
        724.0,
        741.0000000000001,
        753.0000000000001,
        749.0,
        709.0000000000001,
        637.0000000000001,
        612.0,
        677.9999999999999,
        470.0,
        722.0,
        709.0000000000001
    ],
    "mse": 26880.658364370505,
    "rmse": 163.95322004880083,
    "mape": 20.322516692697757
}