{
    "predictions": [
        52.396548217535006,
        68.59523327946661,
        57.652954757213585,
        61.33940739631652,
        60.875328731536854,
        50.74061865210532,
        55.328446382284156,
        68.25354641675948,
        59.85792021155356,
        70.73244490027426,
        76.79402517080305,
        99.05157924890517
    ],
    "actual": [
        124.1,
        47.699999999999996,
        -1.999999999999996,
        348.29999999999995,
        37.30000000000001,
        -27.499999999999996,
        -7.5999999999999925,
        -22.6,
        -113.5,
        -113.5,
        4.099999999999986,
        -14.799999999999994
    ],
    "mse": 16051.313744126042,
    "rmse": 126.69377942158819,
    "mape": 633.4749712961739
}