{
    "predictions": [
        447.6118430852894,
        448.16859850883526,
        427.3491482436661,
        434.39678503871005,
        462.31511330604593,
        439.21050228476565,
        426.38837561011354,
        446.37170733213463,
        414.3878327131275,
        700.6204766452316,
        677.0734175086026,
        688.3334264218812
    ],
    "actual": [
        686.7999999999998,
        563.5000000000002,
        665.8000000000002,
        740.7,
        738.1999999999999,
        613.5999999999999,
        743.2000000000002,
        839.7999999999997,
        853.4999999999998,
        788.1999999999998,
        905.8999999999999,
        943.1999999999999
    ],
    "mse": 75056.7177307749,
    "rmse": 273.9648111177326,
    "mape": 33.54757486870543
}