{
    "predictions": [
        130.96549800038338,
        140.67166756987572,
        138.04233940839768,
        143.28228999972345,
        143.86174665093424,
        198.03276354074478,
        205.59823955893518,
        231.13017985224724,
        260.15155107975005,
        278.750100672245,
        293.27188341617585,
        302.5364533662796
    ],
    "actual": [
        471.7,
        446.5,
        385.79999999999995,
        320.5,
        357.6,
        406.50000000000006,
        405.4,
        433.0,
        392.90000000000003,
        448.80000000000007,
        423.50000000000006,
        481.90000000000003
    ],
    "mse": 47325.45878625792,
    "rmse": 217.54415364761684,
    "mape": 50.570879441117874
}