{
    "predictions": [
        213119572.56197926,
        217450491.73831937,
        220246032.3989391,
        221242553.24602124,
        223709361.83333394,
        225144552.60038373,
        219742389.9888992,
        227721552.50310895,
        228772366.35684964,
        231140068.66216657,
        238218065.27376172,
        240656434.6671104
    ],
    "actual": [
        245700000.0,
        250100000.0,
        233200000.0,
        209400000.0,
        245400000.0,
        242500000.0,
        257300000.00000003,
        248900000.0,
        266100000.0,
        283900000.0,
        293200000.0,
        288100000.0
    ],
    "mse": 1209765804859758.2,
    "rmse": 34781687.78049389,
    "mape": 12.03819559086079
}