{
    "predictions": [
        275.05096607208253,
        281.1351921081543,
        271.93077316284183,
        269.4104858398438,
        264.35461978912355,
        266.3345008850098,
        258.6518804550171,
        259.1821502685547,
        259.01106357574463,
        251.5850124359131,
        251.46608314514162,
        251.33726043701174
    ],
    "actual": [
        315.2,
        294.59999999999997,
        349.3,
        370.79999999999995,
        348.3,
        334.4,
        348.3,
        330.8,
        371.5,
        277.6000000000001,
        306.6,
        305.4
    ],
    "mse": 5183.148881598666,
    "rmse": 71.99408921292543,
    "mape": 19.498478255069152
}