{
    "predictions": [
        125.47318947911265,
        116.60726722478869,
        137.44421390891077,
        153.8150789320469,
        152.64070606827738,
        135.53742470741273,
        147.86255763173105,
        182.5724375009537,
        183.32120840549473,
        157.7242148935795,
        156.88251262903216,
        167.20798134803775
    ],
    "actual": [
        102.6,
        134.4,
        155.8,
        139.8,
        134.6,
        127.2,
        132.1,
        120.1,
        110.00000000000001,
        11.7,
        184.8,
        129.5
    ],
    "mse": 2901.6428124524296,
    "rmse": 53.866899042477186,
    "mape": 125.01640547980826
}