{
    "predictions": [
        83.59248998439311,
        84.1574560073018,
        83.10948358011245,
        83.82947324359417,
        84.13326911145448,
        83.57573230433464,
        84.27357860964536,
        85.33742620390653,
        84.58825321173667,
        84.96594192552566,
        85.53926329952478,
        85.71561489653587
    ],
    "actual": [
        82.081,
        80.315,
        101.924,
        122.11299999999999,
        118.447,
        118.36899999999999,
        118.36899999999999,
        127.77700000000002,
        101.068,
        113.866,
        121.888,
        167.167
    ],
    "mse": 1354.2197094403216,
    "rmse": 36.79972431201519,
    "mape": 24.754168955895707
}