{
    "predictions": [
        139.69500674366952,
        163.0598457121849,
        163.80900974202157,
        162.4909753341675,
        180.57323403763772,
        196.80863387298587,
        197.5860404801369,
        226.27538846993448,
        249.66345438718798,
        263.7961350083351,
        290.9493557691574,
        282.98504389953615
    ],
    "actual": [
        178.067,
        261.235,
        211.05,
        251.547,
        244.636,
        244.636,
        235.346,
        174.991,
        201.803,
        223.209,
        229.991,
        230.374
    ],
    "mse": 3511.8864294516393,
    "rmse": 59.26117134727966,
    "mape": 24.93733175706461
}