{
    "predictions": [
        1151.9335361521244,
        1157.8112442703248,
        1281.2555450789928,
        1229.9298795959949,
        1405.985395900488,
        1358.1615511369705,
        1292.8209750757217,
        1294.0833594801425,
        1531.1032706627846,
        1538.1064883406161,
        1788.4125822126864,
        2024.0322453701497
    ],
    "actual": [
        1423.0,
        3808.0,
        4685.0,
        3900.0,
        3900.0,
        2880.0,
        3474.0,
        3513.0,
        3407.0,
        3180.0,
        3081.0,
        2910.0
    ],
    "mse": 4391623.856248082,
    "rmse": 2095.620160298159,
    "mape": 54.29917823110594
}