{
    "predictions": [
        556.6406744781733,
        594.0873824997544,
        638.2482657805682,
        648.9369169217348,
        644.8633698523045,
        705.9628311605454,
        664.2702526445985,
        706.4121991462707,
        746.121153060317,
        716.002198119998,
        750.0166610593795,
        778.9491925414801
    ],
    "actual": [
        708.7140000000002,
        756.092,
        771.428,
        1005.197,
        1129.915,
        1080.297,
        843.5800000000002,
        1106.017,
        907.0000000000001,
        947.0000000000001,
        1233.0,
        1211.0000000000002
    ],
    "mse": 105037.48423715436,
    "rmse": 324.09486919288673,
    "mape": 28.961151342604406
}