{
    "predictions": [
        408.195204551816,
        407.09784742069246,
        402.33866044497495,
        412.37011974808576,
        414.89657744136457,
        417.3738798054457,
        419.66374903908377,
        417.5140216636658,
        409.4702488777042,
        405.72516760665184,
        404.30871914774184,
        403.04889550754433
    ],
    "actual": [
        381.264,
        427.364,
        436.217,
        457.294,
        415.255,
        440.881,
        445.935,
        456.104,
        603.172,
        479.025,
        447.51,
        745.186
    ],
    "mse": 14070.947050249115,
    "rmse": 118.62102280055215,
    "mape": 12.679056304908768
}