{
    "predictions": [
        369.3217239755689,
        362.60126055943954,
        395.94931527113897,
        385.26041389426575,
        438.4473644493221,
        403.3235513916312,
        421.15391569003447,
        429.8675388360916,
        430.6707945988177,
        344.6237660315035,
        156.47384810242042,
        334.09281789678323
    ],
    "actual": [
        -1236.094,
        1837.1109999999996,
        1378.9980000000005,
        2818.131,
        2025.639,
        365.79100000000005,
        470.62299999999993,
        1311.3660000000002,
        671.283,
        492.2390000000001,
        609.4219999999999,
        991.2430000000004
    ],
    "mse": 1304462.3510270666,
    "rmse": 1142.13061907431,
    "mape": 61.712993581270325
}