{
    "predictions": [
        333.7550232887268,
        330.4340297460556,
        369.7944630861282,
        396.4667472124099,
        411.6109233677387,
        379.4021103262901,
        378.93238796591754,
        433.1421945273876,
        431.2032576680183,
        481.5713880240917,
        464.0756112813949,
        516.6470501601696
    ],
    "actual": [
        480.6,
        499.70000000000005,
        503.8,
        482.1,
        467.1,
        511.2,
        457.5,
        463.9,
        476.20000000000005,
        416.8,
        428.4,
        333.30000000000007
    ],
    "mse": 12015.209746155882,
    "rmse": 109.61391219254918,
    "mape": 21.54842811139408
}