{
    "predictions": [
        105.77546811419724,
        102.74411663973329,
        108.89778846180437,
        107.38934594354032,
        107.01251392951606,
        109.10966569495199,
        116.5592197446823,
        116.98957470303772,
        120.02673576092718,
        121.84862975126504,
        123.59839287412166,
        133.5012017070055
    ],
    "actual": [
        119.969,
        172.177,
        214.119,
        182.824,
        155.838,
        200.524,
        230.769,
        204.44,
        150.387,
        220.15,
        235.60000000000002,
        196.269
    ],
    "mse": 6690.441080426139,
    "rmse": 81.79511648274693,
    "mape": 38.00869924812879
}