{
    "predictions": [
        197.96939073657992,
        225.36963395214082,
        225.4982635650635,
        220.7877746448517,
        225.00069326496126,
        230.17852011775972,
        223.45933235263826,
        215.60881138420106,
        228.41363953685763,
        242.68976317977908,
        238.36498675918583,
        261.10860286808014
    ],
    "actual": [
        297.09,
        303.216,
        331.94800000000004,
        341.2799999999999,
        349.573,
        342.032,
        352.42499999999995,
        506.304,
        695.046,
        571.374,
        548.051,
        558.509
    ],
    "mse": 56752.64014213172,
    "rmse": 238.22812626163963,
    "mape": 43.598051852731295
}