{
    "predictions": [
        3349.1130571365343,
        3679.1604681015,
        3792.1991214752184,
        3885.699987888335,
        3713.1502637863146,
        3327.8218431472765,
        3542.2055926322923,
        3716.2119956016527,
        3837.0024948120104,
        3687.782028675078,
        3781.0262732505785,
        3257.725821495055
    ],
    "actual": [
        3585.9999999999995,
        4868.0,
        5588.0,
        4607.000000000001,
        5130.0,
        5159.000000000001,
        3519.0,
        4178.0,
        3409.0000000000005,
        4235.000000000001,
        2535.999999999999,
        3161.9999999999995
    ],
    "mse": 1069248.3445380721,
    "rmse": 1034.0446530677832,
    "mape": 19.270386569765073
}