{
    "predictions": [
        1756.4955328711806,
        1559.4357980176567,
        1744.9677509891628,
        1533.0112323966919,
        2559.9100200945436,
        1505.1695065078616,
        1028.7488898133754,
        552.8207946617632,
        1940.7455984697938,
        2199.014756825131,
        2590.5048699090003,
        3240.0682175440666
    ],
    "actual": [
        1973.0,
        2308.0,
        1960.9999999999998,
        1624.0,
        1436.0,
        1434.0000000000002,
        1783.0,
        1783.0,
        1547.0000000000002,
        1665.0,
        1710.0,
        2762.0
    ],
    "mse": 454724.2739157728,
    "rmse": 674.332465417299,
    "mape": 31.739870499292305
}