{
    "predictions": [
        57.726149353623384,
        61.35954199904203,
        63.58104815655946,
        64.89092797511816,
        64.75006808215379,
        66.32998083555698,
        70.75032660537958,
        73.12945371890068,
        77.10273197466135,
        80.98226142251491,
        84.18051585876941,
        84.76846058392525
    ],
    "actual": [
        90.452,
        76.16,
        98.975,
        92.174,
        78.427,
        100.23,
        118.748,
        127.39399999999999,
        112.65400000000001,
        117.82999999999998,
        102.948,
        73.743
    ],
    "mse": 1080.6039868971795,
    "rmse": 32.87254153388782,
    "mape": 29.271816097225052
}