{
    "predictions": [
        1349.0850482583046,
        1234.7115004062653,
        1195.117313861847,
        1120.306572675705,
        1041.9457397460938,
        838.088858217001,
        871.7105930149555,
        963.9875689744949,
        1087.6365090608597,
        1322.28635430336,
        1569.7519640922546,
        1765.0075653791428
    ],
    "actual": [
        3298.0,
        2241.0,
        1469.9999999999995,
        2045.0,
        2000.0000000000002,
        1957.0000000000002,
        2040.0000000000002,
        2395.0,
        2358.0,
        2627.0,
        2541.0,
        1846.9999999999995
    ],
    "mse": 1299181.4905999845,
    "rmse": 1139.8164284655597,
    "mape": 44.68443583651374
}