{
    "predictions": [
        -7.658594224751,
        -4.427390321701769,
        1.9162430587410892,
        1.2944849438667263,
        4.5915729740262,
        7.272056249082086,
        7.211015228450295,
        8.933951672792432,
        6.895303581595417,
        1.311270172834393,
        -1.8232977174520528,
        -12.279012458741668
    ],
    "actual": [
        -3.9790000000000045,
        0.5940000000000037,
        2.701999999999992,
        12.714000000000002,
        3.9549999999999943,
        14.561000000000009,
        16.688999999999993,
        10.828000000000003,
        15.176999999999992,
        15.43299999999999,
        14.449999999999996,
        14.099999999999998
    ],
    "mse": 128.78435990315631,
    "rmse": 11.348319695142374,
    "mape": 136.9114694952558
}