{
    "predictions": [
        79.11785958194733,
        141.66997382044792,
        127.14622920179369,
        106.06332027554514,
        151.48545780277254,
        167.1601252757311,
        195.8220740299225,
        183.9204463375807,
        170.39726307249072,
        201.2370011563301,
        246.3994455664158,
        219.88547027850151
    ],
    "actual": [
        157.48600000000002,
        145.77800000000002,
        138.802,
        142.678,
        163.77500000000003,
        180.37899999999996,
        168.695,
        154.18300000000002,
        202.181,
        198.02000000000004,
        203.71300000000002,
        183.063
    ],
    "mse": 1148.2900345351352,
    "rmse": 33.88642847122038,
    "mape": 16.271139525718024
}