{
    "predictions": [
        101.21150100702049,
        109.60415942001345,
        115.20219784933332,
        126.44497999027374,
        129.99621330824496,
        126.16826360160115,
        124.28736457383636,
        129.52530520862345,
        130.13409894222025,
        131.0940152232051,
        124.4593221498132,
        112.87991384550931
    ],
    "actual": [
        28.454,
        80.79,
        50.015,
        125.08800000000001,
        92.832,
        129.548,
        120.88700000000001,
        143.084,
        134.954,
        137.909,
        119.648,
        147.967
    ],
    "mse": 1107.254320499286,
    "rmse": 33.27543118427297,
    "mape": 42.8305478622794
}