{
    "predictions": [
        1834.989526479691,
        847.6903704112768,
        1850.738855295181,
        1223.034547866583,
        1043.354759709388,
        1576.81792558074,
        1606.3456367924807,
        2123.601153578907,
        2039.3665145148334,
        1565.0958722062408,
        1617.6037278753518,
        2918.4861012668903
    ],
    "actual": [
        5568.0,
        5568.0,
        5568.0,
        5568.0,
        5568.0,
        5568.0,
        5568.0,
        5568.0,
        54.5,
        43.1,
        100.6,
        19.8
    ],
    "mse": 12486152.578390362,
    "rmse": 3533.5750421337257,
    "mape": 1991.9686131824008
}