{
    "predictions": [
        139.0496064630151,
        142.09731865626574,
        143.37851923745873,
        144.38536690133813,
        146.2405752196908,
        143.92451748842004,
        142.9131649655104,
        144.63196708607674,
        147.32342195612193,
        146.32180272966625,
        148.5267094832063,
        155.10494738805295
    ],
    "actual": [
        220.635,
        168.061,
        168.739,
        170.502,
        172.743,
        251.26099999999997,
        181.81500000000003,
        181.81500000000003,
        185.11300000000003,
        244.01599999999996,
        194.726,
        194.676
    ],
    "mse": 3203.950203120503,
    "rmse": 56.60344691907466,
    "mape": 23.932021637660696
}