{
    "predictions": [
        184.42324331218003,
        171.35586915826798,
        243.09983983415367,
        241.60212296819688,
        177.45649863225222,
        333.80213986563683,
        265.1206528427005,
        445.2599900928736,
        443.29792028820515,
        500.6608111457825,
        315.37849064958095,
        425.21106081974506
    ],
    "actual": [
        175.4,
        219.2,
        290.8,
        383.9,
        299.8,
        305.3,
        330.4,
        414.4,
        379.1,
        502.5,
        499.6,
        608.1
    ],
    "mse": 9783.265957327567,
    "rmse": 98.91039357583998,
    "mape": 20.16990552276573
}