{
    "predictions": [
        97.70340248268842,
        95.00925455075502,
        99.35300299268961,
        100.61772640478611,
        102.03823634934425,
        100.99727619868517,
        103.74202527207136,
        110.82547586780785,
        115.02631896746158,
        118.72095273417234,
        120.26881493222713,
        121.7733082575798
    ],
    "actual": [
        101.124,
        134.597,
        134.597,
        141.893,
        141.893,
        161.952,
        161.952,
        114.478,
        114.478,
        144.304,
        153.132,
        133.101
    ],
    "mse": 1257.783228029408,
    "rmse": 35.46523971481665,
    "mape": 20.09217218778472
}