{
    "predictions": [
        64.67870486187935,
        55.52167308002711,
        52.98774199211598,
        66.66773847639561,
        48.1072915353477,
        86.54936723345517,
        84.85804027312993,
        103.20263244265317,
        153.25645650076865,
        148.61638432610036,
        189.99898880755902,
        177.40766740095614
    ],
    "actual": [
        96.756,
        55.253,
        44.508,
        45.837,
        84.972,
        58.11,
        61.905,
        51.484,
        63.131,
        54.948,
        70.46,
        60.071
    ],
    "mse": 4321.511797524875,
    "rmse": 65.73820652805243,
    "mape": 83.8505817654701
}