{
    "predictions": [
        1245.562511920929,
        1312.694693505764,
        1387.6977205872536,
        1198.9854307174683,
        1147.5771549344063,
        1269.4972478151321,
        1381.7493824362755,
        1206.5620121359825,
        1223.0854431390762,
        1277.3521046042442,
        1353.5497037172318,
        1208.3085538744926
    ],
    "actual": [
        1190.0,
        1317.0,
        1467.0,
        1164.0,
        1169.0,
        1265.0,
        1265.0,
        1510.0,
        1247.0,
        1373.0,
        1399.0,
        1663.0
    ],
    "mse": 27944.435093311302,
    "rmse": 167.16589093864604,
    "mape": 7.032869186115491
}