{
    "predictions": [
        37.282857161581525,
        38.12726195541025,
        38.326210681378846,
        39.012742715597156,
        39.76799707913399,
        40.495377323865895,
        43.865384659111506,
        46.9715468376875,
        49.529492706894885,
        51.183383727431305,
        52.02632009541989,
        53.262778605699545
    ],
    "actual": [
        135.192,
        130.031,
        111.942,
        107.953,
        129.205,
        128.096,
        114.278,
        115.719,
        129.802,
        103.27999999999999,
        128.094,
        139.526
    ],
    "mse": 6328.9086895906685,
    "rmse": 79.55443852853635,
    "mape": 63.737570500332055
}