{
    "predictions": [
        79.28053064916283,
        76.1941495223567,
        73.601495887734,
        72.44447553891689,
        70.28505130009353,
        72.3985980893746,
        66.55830947624892,
        70.74712151384354,
        73.75141168056429,
        68.97451744202525,
        71.45882597793639,
        69.39047385989875
    ],
    "actual": [
        74.358,
        73.63,
        93.824,
        103.224,
        63.115,
        92.462,
        173.496,
        173.496,
        238.311,
        124.635,
        210.038,
        875.1149999999999
    ],
    "mse": 60200.6861090627,
    "rmse": 245.3582811096106,
    "mape": 40.596118887968586
}