{
    "predictions": [
        3950.934915363789,
        3705.540165662766,
        3298.3488937020306,
        2970.811692476273,
        2871.1684172153477,
        2367.263429105282,
        2257.8371371030807,
        2175.0357317328453,
        2201.4270864725113,
        1999.2931350469592,
        2066.590836405754,
        1941.2669311761858
    ],
    "actual": [
        3421.9999999999995,
        2553.9999999999995,
        3362.0,
        2700.0000000000005,
        2243.9999999999995,
        2346.0,
        3307.0,
        2728.0000000000005,
        -3542.0,
        2984.0,
        3763.9999999999995,
        3103.0
    ],
    "mse": 3472577.98209472,
    "rmse": 1863.4854391957883,
    "mape": 35.91708389527131
}