{
    "predictions": [
        873.0106563568116,
        873.1623888015748,
        880.2845144271852,
        885.0228004455568,
        875.0528526306153,
        884.6951761245729,
        898.1481008529664,
        902.922369003296,
        904.5646495819093,
        905.4191083908082,
        928.8908138275148,
        925.4377441406251
    ],
    "actual": [
        811.1,
        1118.9,
        814.4999999999999,
        958.4999999999999,
        857.5000000000001,
        995.1,
        1078.2,
        1073.4,
        1032.4,
        992.1,
        975.7,
        1220.0
    ],
    "mse": 21728.209768478046,
    "rmse": 147.40491772148596,
    "mape": 11.760203281091753
}