{
    "predictions": [
        22057575.267910957,
        21199906.508028507,
        22714214.073330164,
        22270627.6088953,
        24459311.15871668,
        23904102.30654478,
        26728512.59791851,
        26873217.050611973,
        28570995.46599388,
        29628899.873375893,
        31031870.907723904,
        32813845.861256123
    ],
    "actual": [
        32106999.999999993,
        47912000.0,
        29766999.999999996,
        11274999.999999998,
        1553999.9999999998,
        -16267000.0,
        9968000.0,
        14374000.0,
        5374999.999999999,
        33484000.000000004,
        33484000.000000004,
        24786999.999999996
    ],
    "mse": 348670636287062.56,
    "rmse": 18672724.393806666,
    "mape": 222.25399450576347
}