{
    "predictions": [
        736.9634878635406,
        733.9505579471588,
        757.6981720924377,
        793.3653054237366,
        783.0502028465271,
        780.2407109737396,
        776.5908737182617,
        821.9965608119965,
        841.537935256958,
        857.4980506896973,
        860.481365442276,
        903.6592266559601
    ],
    "actual": [
        852.0,
        828.9999999999999,
        760.0,
        827.0,
        700.0,
        689.0,
        678.0,
        730.0000000000001,
        716.0000000000001,
        593.0,
        935.0,
        874.0
    ],
    "mse": 12413.483866087343,
    "rmse": 111.41581515246094,
    "mape": 12.923996230159702
}