{
    "predictions": [
        4789.917741179465,
        5057.364253640174,
        5220.967599153518,
        5144.315414547919,
        5206.440356016158,
        5095.848305702209,
        5290.432825326919,
        5413.9708362817755,
        5454.109464168548,
        5457.266974449157,
        5442.808812379836,
        5441.088525295257
    ],
    "actual": [
        5187.000000000001,
        4971.0,
        6166.0,
        4868.000000000001,
        6362.199999999999,
        6171.0,
        5927.999999999999,
        4466.0,
        6731.999999999999,
        7335.000000000001,
        6795.0,
        10904.999999999998
    ],
    "mse": 3481089.7357264534,
    "rmse": 1865.7678675886916,
    "mape": 17.71266934076454
}