{
    "predictions": [
        21.257384952664374,
        23.36519943022728,
        25.133039229393003,
        26.00807140409946,
        27.027210905551907,
        27.70121591055393,
        26.100506485939025,
        27.515588644385335,
        27.576565569162366,
        27.052990793943405,
        27.62734355533123,
        28.435490114092826
    ],
    "actual": [
        36.365,
        38.74,
        35.839,
        39.058,
        41.269,
        34.719,
        38.584,
        38.008,
        29.555,
        38.515,
        25.568,
        29.74
    ],
    "mse": 117.3986178020554,
    "rmse": 10.835064273092957,
    "mape": 25.674406651344743
}