{
    "predictions": [
        311.5447411775589,
        318.82905929684637,
        318.2463086634874,
        321.3999030381441,
        317.14210602045057,
        312.5806470453739,
        323.36801851689813,
        329.67045211195943,
        324.52096896767614,
        334.2498151898384,
        344.7527845740318,
        355.8545445144176
    ],
    "actual": [
        443.389,
        534.153,
        518.565,
        459.20200000000006,
        496.51800000000003,
        544.768,
        549.025,
        507.271,
        433.481,
        507.32400000000007,
        431.447,
        426.77699999999993
    ],
    "mse": 28815.57113801361,
    "rmse": 169.7514981907777,
    "mape": 32.45907961773122
}