{
    "predictions": [
        120.47675529462099,
        118.3855808378458,
        122.3798110551834,
        120.43761876752971,
        124.87669483345746,
        117.10832543507217,
        134.79016604819893,
        138.65279939925668,
        153.24983044049142,
        161.975120455116,
        169.09335163938997,
        186.08460851871965
    ],
    "actual": [
        308.5,
        305.3,
        308.9,
        265.3,
        263.1,
        287.5,
        281.5,
        243.2,
        266.9,
        269.3,
        261.1,
        273.3
    ],
    "mse": 20597.02225570428,
    "rmse": 143.51662710537855,
    "mape": 49.47077959860453
}