{
    "predictions": [
        27.360479085773232,
        27.852061683893204,
        30.783151665568354,
        34.18515076959133,
        33.199892156064514,
        32.45637815621495,
        36.46803408169747,
        39.08800854033232,
        40.88345492619276,
        44.460301416754724,
        43.6497921833396,
        45.749250586390495
    ],
    "actual": [
        40.7,
        51.5,
        60.5,
        60.5,
        71.1,
        164.0,
        185.7,
        154.9,
        175.6,
        230.2,
        249.2,
        272.6
    ],
    "mse": 16924.61694993658,
    "rmse": 130.09464612326127,
    "mape": 65.25465659337617
}