{
    "predictions": [
        372.23508477211,
        370.02969801425934,
        386.596257686615,
        372.8923749923706,
        368.18530678749084,
        371.0886341333389,
        392.67324924468994,
        380.8882337808609,
        397.1771401166916,
        405.6536954641342,
        418.06116223335266,
        423.54219675064087
    ],
    "actual": [
        586.0,
        589.0,
        655.0,
        581.0,
        731.0,
        716.0,
        723.0,
        614.0,
        732.0,
        716.0,
        745.0,
        695.0
    ],
    "mse": 84337.29276351664,
    "rmse": 290.40883726828395,
    "mape": 41.994937317409395
}