{
    "predictions": [
        122.06946742534639,
        114.88444924354555,
        122.90569871664049,
        102.73298990726472,
        98.3908122777939,
        102.6083849668503,
        72.75182306766511,
        56.280743002891555,
        53.74518215656282,
        48.21296024322511,
        43.967255949974074,
        41.53067189455034
    ],
    "actual": [
        141.00000000000003,
        275.00000000000006,
        241.00000000000003,
        167.0,
        174.0,
        206.00000000000003,
        208.0,
        119.0,
        681.0,
        594.9999999999999,
        192.99999999999997,
        161.99999999999997
    ],
    "mse": 67654.37569128927,
    "rmse": 260.10454761747104,
    "mape": 58.841213042495745
}