{
    "predictions": [
        1039.2339378595352,
        966.1029472351074,
        933.3824553489685,
        942.3783090114594,
        879.6047261953354,
        843.8798333406448,
        700.8286593556404,
        660.6116905212402,
        634.7383214235306,
        663.2993548512459,
        553.5847741961479,
        601.8248417973518
    ],
    "actual": [
        765.0,
        956.0,
        1084.0,
        1212.0,
        1218.0,
        1256.0,
        1293.0,
        1314.0,
        1164.0,
        1305.0,
        1257.0,
        1207.0
    ],
    "mse": 232129.41586349337,
    "rmse": 481.7981069529989,
    "mape": 35.82530515559981
}