{
    "predictions": [
        241.97792847156524,
        248.43506565093992,
        199.5424485206604,
        237.42341690063475,
        249.1958641529083,
        264.33346469402306,
        254.95630698204036,
        283.7923264026641,
        279.94808523654933,
        265.01766188144677,
        256.7527516603469,
        251.24405024051666
    ],
    "actual": [
        310.5,
        66.9,
        74.7,
        96.1,
        152.8,
        356.09999999999997,
        374.99999999999994,
        -56.6,
        165.9,
        279.79999999999995,
        357.7,
        102.89999999999999
    ],
    "mse": 22218.389221256948,
    "rmse": 149.05834166948506,
    "mape": 131.3571202914485
}