{
    "predictions": [
        271.28718969368936,
        241.02050704801084,
        251.55169788444044,
        247.44535221600535,
        272.2612198009491,
        261.5530185028315,
        261.25243826651575,
        270.15210842037203,
        269.72755335116386,
        257.0715618773699,
        237.49749928855897,
        225.36600425982473
    ],
    "actual": [
        110.52100000000002,
        87.79099999999998,
        52.904,
        113.56,
        112.72300000000001,
        171.167,
        171.167,
        137.205,
        67.911,
        -44.611,
        144.615,
        145.384
    ],
    "mse": 26074.184146799842,
    "rmse": 161.4750263873638,
    "mape": 187.49346497251898
}