{
    "predictions": [
        87.21250971841812,
        90.12792953300476,
        91.99654976940154,
        95.27440688371658,
        95.65350670957565,
        97.31432286262512,
        98.751741792202,
        100.26278421783447,
        100.65835258817673,
        102.72798257637024,
        103.58016882324218,
        104.86874414253235
    ],
    "actual": [
        101.17300000000002,
        119.998,
        138.005,
        153.112,
        137.671,
        165.031,
        185.285,
        179.456,
        157.957,
        171.01,
        169.61700000000002,
        167.826
    ],
    "mse": 3577.476450938632,
    "rmse": 59.81200925348213,
    "mape": 35.403237818605895
}