{
    "predictions": [
        124.76879660567641,
        140.5654829300642,
        156.5704861562252,
        166.59093789565563,
        156.82859587842225,
        160.99898335301876,
        131.97923556494712,
        116.26560858547688,
        119.34225019091367,
        104.01325880539417,
        105.47286003947258,
        117.80415096127987
    ],
    "actual": [
        122.04400000000001,
        146.262,
        152.566,
        172.305,
        156.494,
        186.814,
        178.898,
        233.176,
        223.715,
        251.984,
        266.756,
        264.831
    ],
    "mse": 8086.887923353804,
    "rmse": 89.92712562599677,
    "mape": 26.985027176160603
}