{
    "predictions": [
        271.01056766510004,
        261.59162211418146,
        262.27049279212946,
        266.76574921607966,
        267.6539220809936,
        257.26069188117975,
        262.34703660011286,
        266.75600767135614,
        265.3196613788604,
        258.89388680458063,
        252.40078926086423,
        247.17055606842038
    ],
    "actual": [
        218.00000000000003,
        251.00000000000003,
        209.0,
        201.0,
        218.00000000000003,
        241.0,
        249.99999999999997,
        390.00000000000006,
        285.0,
        320.0,
        152.0,
        180.0
    ],
    "mse": 3905.842486390098,
    "rmse": 62.49673980608987,
    "mape": 23.514942235006053
}