{
    "predictions": [
        103.90958411574364,
        104.82849374678732,
        106.32540622866155,
        110.63959334802628,
        111.94753406840563,
        112.27496562194825,
        112.88426012670995,
        114.17981442153454,
        115.27210950356722,
        115.45540619558096,
        117.7852515310049,
        117.43154871195556
    ],
    "actual": [
        131.4,
        131.881,
        131.077,
        132.499,
        134.606,
        134.304,
        131.029,
        125.119,
        137.436,
        174.419,
        132.057,
        106.586
    ],
    "mse": 692.9058400962772,
    "rmse": 26.323104681938208,
    "mape": 16.963045679816435
}