{
    "predictions": [
        47.31140791571141,
        50.59448900675775,
        50.87189308381082,
        53.81704906201364,
        56.58844357973338,
        57.2647188512087,
        61.4401767191887,
        64.6609817466736,
        66.57745836144687,
        69.91923690474034,
        72.07453440791369,
        70.8117233709097
    ],
    "actual": [
        70.76599999999999,
        68.229,
        63.722,
        26.943999999999996,
        52.99000000000001,
        72.13800000000002,
        66.821,
        57.76799999999999,
        38.18099999999998,
        59.931999999999995,
        103.37599999999999,
        68.23000000000002
    ],
    "mse": 329.2967015471758,
    "rmse": 18.14653414697076,
    "mape": 29.28221061236549
}