{
    "predictions": [
        32.583974710032344,
        36.46176050338149,
        40.16028669813275,
        41.70449413818121,
        37.62365692655742,
        41.95975976073742,
        40.459751865252855,
        40.424395095050336,
        41.66536643762886,
        38.90667299635708,
        35.97162265591324,
        32.6572470960319
    ],
    "actual": [
        0.511,
        14.182,
        48.932,
        48.932,
        29.098000000000003,
        59.741,
        79.477,
        79.477,
        27.146,
        98.887,
        90.352,
        35.781
    ],
    "mse": 988.8324219934867,
    "rmse": 31.445705938863682,
    "mape": 567.2216366407113
}