{
    "predictions": [
        214.12110786598916,
        224.83767387413974,
        257.618682924807,
        258.65248539930576,
        155.953204560399,
        177.58788427323097,
        171.18252144616838,
        145.96237256991859,
        134.819553661108,
        179.8455053481459,
        204.09722877216333,
        207.404845590949
    ],
    "actual": [
        37.64300000000001,
        328.362,
        315.48199999999997,
        376.199,
        40.63300000000001,
        403.961,
        259.211,
        249.652,
        24.372,
        339.551,
        310.664,
        144.988
    ],
    "mse": 16252.340888787066,
    "rmse": 127.48466923041008,
    "mape": 128.56977831052464
}