{
    "predictions": [
        270.92971245050427,
        289.11966025829315,
        265.8847125172615,
        376.5698520302772,
        538.5454636573791,
        651.8400549650191,
        685.3890565395354,
        699.5567700147628,
        811.10641541481,
        823.0817609548568,
        683.94189953804,
        580.78020362854
    ],
    "actual": [
        349.4,
        342.3,
        342.3,
        308.5,
        308.5,
        264.3,
        264.3,
        315.1,
        317.5,
        344.9,
        320.4,
        301.0
    ],
    "mse": 102536.20929079216,
    "rmse": 320.212756289927,
    "mape": 90.45336180847356
}