{
    "predictions": [
        2262.493819952011,
        2246.066318511963,
        2265.4349431991577,
        2261.0382447242737,
        2290.9431669712067,
        2241.878051519394,
        2231.0847458839417,
        2289.604382276535,
        2284.096106648445,
        2291.317482352257,
        2264.265487551689,
        2284.1767231225967
    ],
    "actual": [
        2271.0,
        2392.0,
        2416.0,
        1632.0,
        2263.0,
        2405.0,
        2468.0,
        2009.0,
        2382.0,
        2533.0,
        2478.0,
        2306.0
    ],
    "mse": 59678.29172368238,
    "rmse": 244.2914073881486,
    "mape": 8.83824031855839
}