{
    "predictions": [
        121.09543542087077,
        160.03247455626723,
        178.34042585045097,
        155.82913605183361,
        158.11927136689422,
        171.13640983790157,
        164.96429393738507,
        115.24715671375392,
        54.08892349049448,
        30.035169592984015,
        6.2183632485196,
        -8.219687913693486
    ],
    "actual": [
        75.719,
        122.926,
        166.737,
        236.117,
        258.367,
        237.61499999999998,
        187.389,
        208.031,
        225.795,
        224.576,
        216.319,
        191.388
    ],
    "mse": 15409.335753390957,
    "rmse": 124.13434558328713,
    "mape": 51.54274436930141
}