{
    "predictions": [
        1241.2224834859371,
        1208.8868526816368,
        1284.3496529459953,
        1270.4060190618038,
        1148.433206498623,
        912.5010679457337,
        1023.789576113224,
        1120.216057419777,
        1223.8374176323414,
        1136.5361822843552,
        1143.8422914296389,
        1202.5539245903492
    ],
    "actual": [
        1187.0,
        954.0,
        1205.0,
        1361.0,
        1361.0,
        1253.0,
        1212.0,
        1232.0,
        1220.0,
        1139.0,
        1266.0,
        1424.0
    ],
    "mse": 29619.63886229198,
    "rmse": 172.1035701613769,
    "mape": 11.47112901519539
}