{
    "predictions": [
        99.58932849407196,
        101.41792274868489,
        103.85866051566602,
        105.21617189216614,
        106.74856523776056,
        108.25738934063912,
        108.58829486489297,
        108.17072971951963,
        110.77859621655942,
        112.5406877616644,
        112.06279532015324,
        107.47135283124447
    ],
    "actual": [
        131.387,
        41.04,
        45.205,
        42.954,
        29.195,
        29.195,
        7.106,
        7.106,
        7.106,
        7.106,
        7.106,
        74.248
    ],
    "mse": 6561.314059152672,
    "rmse": 81.00193861354599,
    "mape": 691.4404803131489
}