{
    "predictions": [
        1324.9900696650147,
        1406.7346274629235,
        1486.3311430066824,
        1466.8916249126196,
        1515.5522359758615,
        1447.648270972073,
        1501.8156613111496,
        1540.0916754305363,
        1596.1212531477213,
        1617.6623938530684,
        1711.1179313957691,
        1734.8784336447716
    ],
    "actual": [
        1585.0,
        1504.0,
        1149.0,
        1177.0,
        1233.0,
        1292.0,
        1372.0,
        1230.0,
        1254.0,
        1216.0,
        1332.0,
        1118.0
    ],
    "mse": 107884.60937514628,
    "rmse": 328.4579263393506,
    "mape": 24.204034679248778
}