{
    "predictions": [
        176.28406137228015,
        181.38439247608187,
        185.21332181692125,
        188.87592784166338,
        182.15379443168644,
        181.05215590000157,
        188.4631152391434,
        190.0730866670609,
        185.6286403179169,
        192.22736202478413,
        193.35460628271105,
        186.8391107797623
    ],
    "actual": [
        179.2,
        226.9,
        248.30000000000004,
        213.5,
        284.9,
        326.5,
        315.0,
        283.0,
        282.4,
        349.6,
        356.0,
        315.0
    ],
    "mse": 11669.5733766626,
    "rmse": 108.02579958816598,
    "mape": 31.491808842057406
}