{
    "predictions": [
        248.89757108688354,
        240.07878917455673,
        238.99766117334366,
        232.5553017258644,
        231.65387785434723,
        206.41266536712646,
        208.77798569202423,
        179.81269073486328,
        178.24700674414635,
        176.81617477536201,
        182.1445433497429,
        181.8794495165348
    ],
    "actual": [
        401.0,
        408.0,
        257.0,
        116.0,
        121.00000000000001,
        131.0,
        110.99999999999999,
        43.0,
        52.0,
        139.0,
        118.0,
        72.00000000000001
    ],
    "mse": 12083.990646514392,
    "rmse": 109.9272061253009,
    "mape": 101.56699119294912
}