{
    "predictions": [
        21.49404203891753,
        21.366019380092613,
        21.956670808792104,
        22.160447466373434,
        22.747513604164116,
        22.537517392635337,
        20.923669385910024,
        21.98099355697631,
        19.989587485790246,
        19.59531068801879,
        15.459269440174095,
        11.698997819423667
    ],
    "actual": [
        -7.200000000000001,
        -4.7,
        -14.000000000000002,
        30.200000000000003,
        53.8,
        70.1,
        69.90000000000002,
        60.0,
        95.5,
        107.99999999999999,
        44.800000000000004,
        66.7
    ],
    "mse": 2277.839555915682,
    "rmse": 47.7267174223797,
    "mape": 150.3713103714845
}