{
    "predictions": [
        4493.7976461052895,
        4364.629890799522,
        4336.682084202766,
        4390.817587375641,
        4441.674069285393,
        4301.259519457817,
        4327.707846939564,
        4411.35434114933,
        4247.028658628464,
        4279.710692405701,
        4173.957849383354,
        4289.339411735535
    ],
    "actual": [
        2992.0,
        3916.0,
        3223.0,
        4578.0,
        2435.0,
        3297.0,
        3251.0,
        5183.0,
        2637.0,
        3801.0,
        3583.9999999999995,
        5193.0
    ],
    "mse": 1209001.1444787215,
    "rmse": 1099.5458810248535,
    "mape": 30.72348261589778
}