{
    "predictions": [
        155.57114381670954,
        159.6366370856762,
        158.61856660485267,
        164.25245116889477,
        162.82200098335744,
        167.14119433641434,
        167.83562400102616,
        171.14752489686012,
        168.02901786088944,
        180.29908626675604,
        182.53457150936126,
        183.0060518312454
    ],
    "actual": [
        213.0,
        221.01000000000002,
        249.2,
        225.1,
        252.79999999999998,
        233.60000000000002,
        223.40000000000003,
        210.9,
        204.69999999999996,
        227.5,
        217.00000000000003,
        224.90000000000003
    ],
    "mse": 3555.692635780635,
    "rmse": 59.62962884154684,
    "mape": 24.920649416032333
}