{
    "predictions": [
        230.25257313251493,
        222.89927649497983,
        -9.761932134628307,
        -7.533621072769175,
        168.6143383979797,
        174.36982631683347,
        222.073025226593,
        198.0385636091232,
        154.22177255153653,
        165.8181606531143,
        248.70996356010434,
        234.06595599651334
    ],
    "actual": [
        0.0,
        0.0,
        42.000000000000036,
        42.000000000000036,
        65.0,
        65.0,
        232.00000000000006,
        18.0,
        32.999999999999986,
        358.0,
        329.0,
        228.99999999999994
    ],
    "mse": 18428.671896066724,
    "rmse": 135.75224453417601,
    "mape": Infinity
}