{
    "predictions": [
        6981.687812805177,
        7345.57228088379,
        7460.003906250001,
        7918.70199584961,
        8049.192550659181,
        8196.62020111084,
        8471.294555664062,
        8517.819282531738,
        8675.437156677246,
        8708.050453186035,
        8755.902374267578,
        8780.068519592285
    ],
    "actual": [
        2535.0,
        3741.0,
        2989.0,
        962.0,
        1460.0,
        3255.0,
        3255.0,
        4259.0,
        2090.0,
        859.0,
        138.0,
        3077.0
    ],
    "mse": 35508724.92571724,
    "rmse": 5958.919778426057,
    "mape": 805.5762940272748
}