{
    "predictions": [
        2123.7202654480934,
        339.51746311783785,
        160.71431323885915,
        251.90822779387233,
        2034.0790316462517,
        468.9411451220512,
        547.6498533189297,
        348.1251849532127,
        2215.6145181655884,
        734.2809364199637,
        685.9290174543856,
        442.5010913461446
    ],
    "actual": [
        2604.0,
        133.0,
        285.0,
        478.99999999999994,
        2971.0,
        211.99999999999997,
        498.00000000000006,
        561.0,
        3303.0,
        280.0,
        481.00000000000006,
        795.9999999999999
    ],
    "mse": 240640.98955481488,
    "rmse": 490.5517195513791,
    "mape": 62.297246597861935
}