{
    "predictions": [
        890.7771999835967,
        898.7576446533202,
        892.3408539295195,
        918.2321274280547,
        927.1520937681197,
        957.0730748176574,
        949.7058326005935,
        962.8673087358474,
        958.2884021997451,
        935.8459801673888,
        920.9817656278609,
        892.2324419021605
    ],
    "actual": [
        873.0,
        597.0,
        820.0,
        766.0,
        623.0,
        542.0,
        564.0,
        590.0,
        1074.0,
        472.00000000000006,
        574.0,
        556.0
    ],
    "mse": 94530.46378094144,
    "rmse": 307.4580683295552,
    "mape": 47.35291771682296
}