{
    "predictions": [
        222.63687479293347,
        243.8757803800106,
        195.76504359698296,
        270.32218845856187,
        250.8882670340538,
        239.24114855647088,
        207.0572438942194,
        243.286072712183,
        362.00204637205593,
        422.59343629527086,
        504.13077626085277,
        427.0002321472167
    ],
    "actual": [
        291.703,
        358.675,
        304.0,
        400.75300000000004,
        325.34,
        345.599,
        297.716,
        297.716,
        328.083,
        369.821,
        299.635,
        377.0
    ],
    "mse": 10247.220872879263,
    "rmse": 101.22855759556818,
    "mape": 27.69547918057902
}