{
    "predictions": [
        121.59525445699691,
        121.97703418731689,
        118.46565453410149,
        106.3302912145853,
        110.6679141163826,
        120.99471499323845,
        129.80186395049094,
        128.70311676859856,
        127.83432722091675,
        133.5657063126564,
        133.59871202111245,
        131.06297549009324
    ],
    "actual": [
        147.7,
        164.50000000000003,
        153.1,
        151.6,
        167.10000000000002,
        160.30000000000004,
        172.40000000000003,
        167.60000000000002,
        186.1,
        193.2,
        193.79999999999998,
        199.5
    ],
    "mse": 2421.2131877884653,
    "rmse": 49.2058247343591,
    "mape": 27.47991286154538
}