{
    "predictions": [
        944.0054842364789,
        953.4715337330699,
        962.2100376757979,
        966.3609115948677,
        964.4750323548317,
        941.5659761013985,
        940.4719473165273,
        947.5340975793005,
        949.2633672801256,
        948.5278644298911,
        947.7114458221794,
        943.4483242911697
    ],
    "actual": [
        1000.9999999999999,
        1029.0,
        1085.0,
        1085.0,
        1002.9999999999999,
        1110.0,
        1167.0,
        1013.0,
        1240.0,
        1179.0,
        1078.0,
        1056.0
    ],
    "mse": 24237.387557845144,
    "rmse": 155.6836136458977,
    "mape": 12.159437209503594
}