{
    "predictions": [
        324.7446757443547,
        373.1925091128945,
        331.0758625208139,
        369.689223933816,
        357.1970757468343,
        393.8390507464409,
        349.76477358776333,
        404.96478481811283,
        386.93664660292865,
        429.2074571202397,
        460.6931915421486,
        483.6761805930138
    ],
    "actual": [
        483.95700000000005,
        510.654,
        528.808,
        453.5539999999999,
        453.30099999999993,
        450.68399999999997,
        429.43,
        397.735,
        377.365,
        390.368,
        412.09,
        412.543
    ],
    "mse": 9855.33121552366,
    "rmse": 99.27402084897972,
    "mape": 17.617105245216045
}