{
    "predictions": [
        477908237.2608185,
        490288961.7347717,
        490275023.79894257,
        515347596.43650055,
        505116463.6917114,
        530974846.2905884,
        523379395.31230927,
        593822628.0536652,
        606133952.4679184,
        602385987.2198105,
        653697176.5861511,
        732599433.0883026
    ],
    "actual": [
        568000000.0,
        565000000.0,
        584000000.0,
        670000000.0,
        610000000.0,
        613000000.0,
        624999999.9999999,
        651000000.0,
        453000000.0,
        534000000.0,
        511000000.0,
        471000000.0
    ],
    "mse": 1.6220673456466586e+16,
    "rmse": 127360407.72730976,
    "mape": 21.159171812225367
}