{
    "predictions": [
        320.5330171585083,
        309.8885428905487,
        315.2516896724701,
        325.52189469337463,
        295.5123677253723,
        239.32301259040833,
        177.08112907409668,
        128.0973677635193,
        101.17276787757874,
        49.48254776000976,
        46.03866553306579,
        26.78217005729675
    ],
    "actual": [
        -224.0,
        75.99999999999996,
        299.0,
        249.99999999999994,
        21.000000000000014,
        414.00000000000006,
        32.99999999999999,
        121.00000000000004,
        -560.0,
        253.99999999999994,
        154.00000000000003,
        185.99999999999997
    ],
    "mse": 83320.77916506647,
    "rmse": 288.6533893185155,
    "mape": 227.72063456609374
}