{
    "predictions": [
        57959988.14584589,
        328744014.8499369,
        423592802.80534774,
        734732897.1748999,
        189242877.95933422,
        92136876.62551251,
        277088193.23408043,
        657768265.6261727,
        115852911.10735811,
        410664224.95412534,
        464908787.363869,
        775449209.4950675
    ],
    "actual": [
        249600000.0,
        323900000.0,
        279300000.0,
        355700000.0,
        111000000.0,
        220900000.0,
        208500000.0,
        373900000.0,
        176900000.0,
        226200000.0,
        285000000.0,
        458900000.0
    ],
    "mse": 3.996229185263915e+16,
    "rmse": 199905707.40386367,
    "mape": 60.18808838009417
}