{
    "predictions": [
        246.62958476543426,
        239.30146610736844,
        231.7755911707878,
        228.76745398044585,
        223.0042192697525,
        213.8403226137161,
        207.48497797250747,
        202.0948020339012,
        193.29266482591626,
        182.98826075792311,
        177.5532225191593,
        169.64013749361035
    ],
    "actual": [
        123.60000000000001,
        163.50000000000003,
        216.20000000000002,
        253.9,
        164.6,
        206.7,
        199.0,
        192.4,
        38.3,
        105.5,
        149.9,
        214.7
    ],
    "mse": 4850.554550370797,
    "rmse": 69.64592271174816,
    "mape": 60.73392151215299
}