{
    "predictions": [
        246689463.97304526,
        221821970.9992408,
        211923762.97712317,
        222809752.70271292,
        207625305.53340903,
        169476503.49140158,
        197357448.69709006,
        174375562.5486373,
        179105463.44518653,
        168322050.33302298,
        195276448.96507254,
        201217499.91178504
    ],
    "actual": [
        337999999.99999994,
        193999999.99999997,
        333000000.00000006,
        222000000.00000003,
        222000000.00000003,
        404000000.0,
        404000000.0,
        132000000.00000007,
        132000000.00000007,
        396000000.0,
        396000000.0,
        246000000.00000003
    ],
    "mse": 1.8319009266829492e+16,
    "rmse": 135347734.62023476,
    "mape": 32.327490281059845
}