{
    "predictions": [
        50.710670608282086,
        50.55833001732826,
        51.236859953403474,
        51.512770199775694,
        51.67247508764267,
        51.054704290628436,
        48.476580530405045,
        45.700384485721585,
        45.555124098062514,
        45.39348589777946,
        43.58147407770157,
        43.412405169010164
    ],
    "actual": [
        53.3,
        25.0,
        28.7,
        27.0,
        46.8,
        63.49999999999999,
        47.9,
        51.2,
        72.7,
        44.3,
        55.4,
        51.7
    ],
    "mse": 243.6937680237552,
    "rmse": 15.610694027613096,
    "mape": 32.96084686214366
}