{
    "predictions": [
        149.0702287197113,
        152.1694188117981,
        134.4874614238739,
        134.71387233734131,
        123.94936854839325,
        124.79852523803712,
        114.61494965553284,
        101.1598913192749,
        103.22220871448518,
        104.95224146842958,
        83.58265595436096,
        87.53164982795715
    ],
    "actual": [
        94.6,
        43.3,
        51.79999999999999,
        51.79999999999999,
        82.3,
        89.2,
        84.4,
        95.3,
        86.8,
        93.2,
        79.7,
        98.5
    ],
    "mse": 2751.9894101506634,
    "rmse": 52.45940726076366,
    "mape": 67.39200257226238
}