{
    "predictions": [
        120.46608299708375,
        92.78423993611344,
        127.54364925456055,
        111.93939855098732,
        111.48616591191299,
        123.13608412075051,
        125.47148258018501,
        136.98437696790702,
        118.26013036966332,
        124.40698178386695,
        137.96097309064874,
        166.78950368428238
    ],
    "actual": [
        180.67699999999996,
        276.973,
        343.85699999999997,
        320.62299999999993,
        174.92000000000002,
        221.44800000000004,
        194.83000000000007,
        199.173,
        172.83300000000008,
        205.719,
        204.58699999999993,
        235.15799999999996
    ],
    "mse": 14080.116593765697,
    "rmse": 118.65966708939351,
    "mape": 42.336990179110906
}