{
    "predictions": [
        100.00084522062541,
        114.1452005814314,
        124.83284099638463,
        132.04326657414438,
        110.9395631697178,
        121.90020115917922,
        97.21370245957375,
        99.41838353300095,
        78.68840598522127,
        62.371818351596595,
        54.77812905189395,
        59.322379280254246
    ],
    "actual": [
        81.156,
        74.809,
        95.406,
        108.949,
        111.686,
        110.329,
        138.525,
        148.44,
        147.245,
        162.434,
        183.06799999999998,
        190.532
    ],
    "mse": 4661.053614446798,
    "rmse": 68.27190940970377,
    "mape": 37.41256145183285
}