{
    "predictions": [
        231.22477674484256,
        287.13331842422485,
        290.98834443092346,
        285.72743904590607,
        282.02820086479187,
        290.37977731227875,
        312.5838295221329,
        337.4667823314667,
        343.7870743274689,
        358.8235800266266,
        417.5774257183075,
        413.21455001831055
    ],
    "actual": [
        392.0,
        419.0,
        438.0,
        384.00000000000006,
        424.0,
        437.0,
        390.0,
        335.0,
        291.0,
        298.0,
        340.0,
        357.99999999999994
    ],
    "mse": 11476.094480626381,
    "rmse": 107.12653490441284,
    "mape": 24.67120893847009
}