{
    "predictions": [
        63.47061083185674,
        115.77240181303026,
        116.39197284847499,
        113.97832263547183,
        115.77627668559552,
        118.83923165005447,
        90.85118526917697,
        73.61154773032666,
        77.16712552428247,
        90.59896269679071,
        107.16905125200749,
        117.8655051700473
    ],
    "actual": [
        146.108,
        158.601,
        131.733,
        140.051,
        83.91399999999999,
        98.318,
        82.98100000000001,
        112.977,
        78.58699999999999,
        107.47800000000001,
        97.50400000000002,
        112.13599999999998
    ],
    "mse": 1086.6184326504897,
    "rmse": 32.96389589612383,
    "mape": 20.794088040502867
}