{
    "predictions": [
        178.44871667623522,
        176.80915748643878,
        176.9899258718491,
        192.99081271314623,
        194.35940345668794,
        189.12453465604784,
        188.7872296380997,
        185.2891170988083,
        182.35525823354723,
        182.0081328496933,
        184.45355126571658,
        189.40102705812455
    ],
    "actual": [
        269.681,
        269.288,
        272.988,
        265.286,
        271.382,
        273.267,
        273.95,
        271.276,
        269.817,
        314.513,
        315.803,
        322.391
    ],
    "mse": 9926.90609922525,
    "rmse": 99.63386020437656,
    "mape": 34.161248027559644
}