{
    "predictions": [
        682.066773914814,
        529.6384621338844,
        690.2259156680108,
        850.7266637210846,
        821.2279296417237,
        869.1038124370575,
        1045.6726954498292,
        1084.1049474830627,
        1337.9198538970948,
        1545.2933415164948,
        1857.7747210540772,
        2120.332461845398
    ],
    "actual": [
        1029.718,
        1120.524,
        1275.339,
        1344.127,
        1033.86,
        895.4999999999999,
        1047.794,
        1111.958,
        881.252,
        1128.88,
        1292.244,
        1406.863
    ],
    "mse": 192775.5854085442,
    "rmse": 439.06216576760994,
    "mape": 31.540669772799294
}