{
    "predictions": [
        1017.5146564245225,
        1017.9064723253251,
        1028.9076680541039,
        1049.4244073033333,
        1046.8251249790192,
        1062.5057800412178,
        1044.5071177482605,
        1076.1193524599075,
        1067.1382417678833,
        1050.624825656414,
        1052.6439971327782,
        1030.5621259212494
    ],
    "actual": [
        881.0,
        813.0,
        843.0,
        898.0000000000001,
        975.0,
        933.9999999999999,
        963.0,
        857.0,
        1033.0,
        837.0000000000001,
        1348.0,
        970.0
    ],
    "mse": 27678.928012488846,
    "rmse": 166.36985307587685,
    "mape": 15.979476286958274
}