{
    "predictions": [
        1572.9480141460895,
        1561.2690921247006,
        1541.469149529934,
        1536.7323513031006,
        1549.4572331368922,
        1552.9827928900718,
        1525.73102979064,
        1523.382686728239,
        1505.7077404916286,
        1567.2849623799323,
        1571.2594206571578,
        1552.5783116936684
    ],
    "actual": [
        1512.0,
        1552.0,
        1538.0,
        1473.0,
        1656.0,
        1759.0,
        1574.0,
        1496.0,
        1669.0,
        1778.0,
        1577.0,
        1603.0
    ],
    "mse": 11532.422492452477,
    "rmse": 107.38911719747247,
    "mape": 4.780663864514334
}