{
    "predictions": [
        107.68400457549096,
        114.42571321564913,
        108.05430711394548,
        107.30820221465827,
        97.28443062198163,
        92.95067104136945,
        81.53655251333117,
        74.02749936303496,
        67.70079187482595,
        70.48912334135176,
        63.650114618703725,
        65.92887906613946
    ],
    "actual": [
        89.4,
        67.872,
        81.349,
        72.107,
        54.641,
        95.374,
        81.749,
        81.749,
        68.745,
        96.38100000000001,
        70.195,
        67.013
    ],
    "mse": 587.7785831443751,
    "rmse": 24.24414533747014,
    "mape": 25.025180740729265
}