{
    "predictions": [
        41.738199323415756,
        42.334046906232835,
        42.8556985527277,
        44.50269550681114,
        43.83010960221291,
        44.97025898694992,
        47.12732537984848,
        48.370516759157184,
        49.58634290099144,
        49.371782916784284,
        47.77573900222778,
        47.75354940891266
    ],
    "actual": [
        49.9,
        42.5,
        59.7,
        39.2,
        62.5,
        68.9,
        67.7,
        51.5,
        50.70000000000001,
        75.7,
        77.69999999999999,
        39.599999999999994
    ],
    "mse": 282.4228776281674,
    "rmse": 16.805441905173673,
    "mape": 21.302930816834305
}