{
    "predictions": [
        132.41062977004052,
        122.78639374923706,
        132.3332968740463,
        133.78380082583428,
        133.2538480796814,
        142.741937394619,
        134.23074823665618,
        145.51651927614213,
        153.86652953910829,
        155.60980481672289,
        153.44995212364196,
        164.83955736923218
    ],
    "actual": [
        168.587,
        170.386,
        170.158,
        173.157,
        183.117,
        174.599,
        83.265,
        83.265,
        182.86399999999998,
        178.727,
        186.228,
        176.631
    ],
    "mse": 1593.17260908095,
    "rmse": 39.91456637721309,
    "mape": 27.406611087117245
}