{
    "predictions": [
        59.25336712002755,
        61.08290805816651,
        64.69553635716439,
        68.03941943943501,
        67.25885671377182,
        68.28093509972096,
        68.63333969712258,
        71.5720844000578,
        70.66763524413109,
        67.69811830520631,
        63.50893808007241,
        59.80220639705659
    ],
    "actual": [
        64.8,
        97.70000000000002,
        66.4,
        37.10000000000001,
        -1.400000000000001,
        -12.5,
        1.300000000000003,
        -9.6,
        13.3,
        24.6,
        58.099999999999994,
        52.99999999999999
    ],
    "mse": 2493.1694524635127,
    "rmse": 49.931647804408705,
    "mape": 1028.0131136373059
}