{
    "predictions": [
        471.3741846084594,
        436.6874356269836,
        428.69224262237543,
        429.50652194023127,
        409.3591768741607,
        396.3572616577148,
        422.71659922599787,
        417.36278843879694,
        448.1635851860046,
        412.3334462642669,
        434.17001080512995,
        429.04255700111383
    ],
    "actual": [
        -102.0,
        286.00000000000006,
        349.0,
        345.0,
        345.0,
        486.0,
        486.0,
        230.99999999999994,
        230.99999999999994,
        354.0,
        354.0,
        282.0
    ],
    "mse": 41206.852034610485,
    "rmse": 202.9947093759108,
    "mape": 81.51870384576445
}