{
    "predictions": [
        10.340184107989073,
        11.869918986916542,
        11.158359703153371,
        10.320822372198105,
        11.678656632661818,
        12.852415243804455,
        12.050303252518177,
        12.39666682356596,
        13.594901697576045,
        14.705395220100879,
        16.186444623947143,
        17.93804225629568
    ],
    "actual": [
        28.058,
        29.463,
        11.651,
        5.586,
        17.746,
        19.373,
        19.373,
        19.373,
        18.795,
        18.795,
        18.795,
        6.737
    ],
    "mse": 83.64619405053892,
    "rmse": 9.145829325465183,
    "mape": 48.58952413396145
}