{
    "predictions": [
        295.83071517944336,
        295.40990447998047,
        309.9237480163574,
        303.837854385376,
        334.9002208709717,
        342.8321781158447,
        365.8014488220215,
        354.817232131958,
        378.8942451477051,
        383.8240509033203,
        419.38836288452154,
        404.46628570556646
    ],
    "actual": [
        359.0,
        362.0,
        384.0,
        344.0,
        413.99999999999994,
        430.0,
        445.0,
        486.0,
        548.0,
        586.0,
        586.0,
        493.0
    ],
    "mse": 13160.895720441384,
    "rmse": 114.72094717374584,
    "mape": 21.906181190699144
}