{
    "predictions": [
        489.2428641676904,
        489.7079896092416,
        498.4809074819089,
        494.2218798756601,
        486.61773095130934,
        445.8610054612161,
        442.7212783217431,
        448.2717028081418,
        448.0051902770997,
        439.09303905963907,
        423.27638321518907,
        409.4811973154546
    ],
    "actual": [
        305.0,
        335.19999999999993,
        350.0,
        419.90000000000003,
        396.1,
        440.70000000000005,
        405.69999999999993,
        355.69999999999993,
        338.29999999999995,
        407.30000000000007,
        369.5,
        377.79999999999995
    ],
    "mse": 10040.85734412134,
    "rmse": 100.20407848047573,
    "mape": 24.08102738725111
}