{
    "predictions": [
        149.16537727117543,
        154.84651072025304,
        149.0479698300362,
        158.65897069573407,
        157.52053452730183,
        150.96420718431477,
        155.9977045476437,
        156.5240504264832,
        158.3422017216683,
        161.95442191958432,
        162.11074946522717,
        165.8429193913937
    ],
    "actual": [
        183.30000000000007,
        186.79999999999998,
        158.7,
        131.00000000000003,
        134.40000000000003,
        140.4,
        135.1,
        -322.0,
        96.89999999999998,
        -579.3,
        114.09999999999997,
        77.8
    ],
    "mse": 66366.86422178702,
    "rmse": 257.61767063186295,
    "mape": 49.861442996166836
}