{
    "predictions": [
        1117.8270906937123,
        1220.8169470009805,
        1498.1024861068727,
        1635.0849002841712,
        1376.7347140105962,
        1372.8194179794789,
        1623.6370520653725,
        1786.0026000573637,
        1885.299622761369,
        1925.9619970504048,
        2382.6942275891306,
        2901.0777995424273
    ],
    "actual": [
        1160.2160000000001,
        1936.1170000000006,
        2013.3750000000002,
        1996.2350000000004,
        909.4760000000002,
        1256.317,
        1598.894,
        1983.4229999999998,
        1030.1179999999997,
        1349.2509999999997,
        1368.5429999999997,
        1524.0929999999998
    ],
    "mse": 430783.14402692305,
    "rmse": 656.3407225115039,
    "mape": 37.22057166069443
}