{
    "predictions": [
        72504236.44545674,
        48299730.43623567,
        90774905.5941701,
        77566605.08859158,
        79440650.13873577,
        126526679.3282628,
        97312388.37140799,
        160036640.89220762,
        190311285.52603725,
        212952040.79794887,
        233625656.8412781,
        227688755.09130958
    ],
    "actual": [
        96068000.0,
        159388000.0,
        94981000.00000001,
        41246000.0,
        26533000.000000004,
        68299000.0,
        83836000.0,
        83836000.0,
        19406000.0,
        77660000.0,
        81135000.0,
        46415000.0
    ],
    "mse": 1.0836391050296244e+16,
    "rmse": 104097987.7341356,
    "mape": 184.3105399066451
}