{
    "predictions": [
        132.093573474884,
        141.20959260463712,
        150.93600418567655,
        148.1406960725784,
        135.80487291812895,
        137.91377162933347,
        150.73992698192595,
        149.76309027671812,
        144.51399357318877,
        152.87395920753477,
        162.01034960746765,
        156.32315626144407
    ],
    "actual": [
        131.4,
        246.40000000000003,
        202.4,
        151.3,
        159.5,
        298.3,
        231.8,
        197.6,
        190.0,
        344.7,
        323.2,
        271.4
    ],
    "mse": 10579.94363765665,
    "rmse": 102.85885298629695,
    "mape": 30.866627679037435
}