{
    "predictions": [
        309.44221491968636,
        369.30411386555437,
        354.93214818781615,
        362.6694055528045,
        383.20952065056565,
        366.7114625019431,
        401.63841523146635,
        388.3984570140243,
        440.57324277496343,
        444.4746260926724,
        457.6297129494548,
        497.94459553545715
    ],
    "actual": [
        444.99999999999994,
        474.99999999999994,
        420.0,
        369.0,
        448.0,
        485.00000000000006,
        421.0,
        391.0,
        395.0,
        432.0,
        418.0,
        413.0
    ],
    "mse": 5284.3078106554485,
    "rmse": 72.6932446012382,
    "mape": 13.209305523996035
}