{
    "predictions": [
        1886.3417219564321,
        1888.972276386619,
        1825.3022491753104,
        1791.8639273613694,
        1859.2668085962537,
        2050.1623805582526,
        2133.1049385190013,
        1909.9820363640788,
        2260.5643410503867,
        2020.793875333667,
        2022.4284605801108,
        2225.021875214577
    ],
    "actual": [
        2844.0,
        3005.6,
        1999.4,
        2308.3,
        2489.6,
        1961.2999999999997,
        1961.2999999999997,
        3836.5,
        3836.5,
        3116.3,
        4115.2,
        4901.2
    ],
    "mse": 1819376.407725287,
    "rmse": 1348.8426178488307,
    "mape": 31.034865990138332
}