{
    "predictions": [
        2192.6265740394592,
        2266.2050080299377,
        2470.757646560669,
        2421.393460035324,
        2469.0836441516876,
        2579.031247496605,
        2650.8742243051533,
        2739.0647041797642,
        2803.04114997387,
        2827.1370756626134,
        2809.934753775597,
        2830.035905838013
    ],
    "actual": [
        2262.0,
        2306.0,
        2452.0,
        2732.0,
        2362.0,
        2469.0,
        2392.0,
        2806.0,
        2441.0,
        2568.0,
        2564.0,
        1242.0
    ],
    "mse": 248238.5271081767,
    "rmse": 498.23541334210347,
    "mape": 16.79171386137703
}