{
    "predictions": [
        515.8856878280641,
        467.60530281066906,
        526.0737380981446,
        641.3048248291017,
        710.0756425857545,
        757.420343399048,
        731.7199106216432,
        738.3777899742128,
        880.1093063354493,
        777.0861387252809,
        523.1684517860414,
        641.2575149536134
    ],
    "actual": [
        -342.0000000000001,
        1756.0,
        -2736.0,
        7005.0,
        8288.0,
        2616.0000000000005,
        3052.9999999999995,
        2739.0,
        1516.0,
        1933.0000000000005,
        1953.0,
        2046.9999999999998
    ],
    "mse": 10797065.042594435,
    "rmse": 3285.888775140515,
    "mape": 90.78926644279774
}