{
    "predictions": [
        2695.4459151029587,
        2508.817196726799,
        648.4101695641875,
        743.4885182157159,
        1398.8770520687103,
        1309.8206544816494,
        -155.85189562290907,
        2731.2475458979607,
        4250.8939173817635,
        3737.0443077087402,
        4722.787522494793,
        3559.001885354519
    ],
    "actual": [
        4362.0,
        4362.0,
        3182.0,
        3182.0,
        2105.0,
        2105.0,
        3139.0,
        3139.0,
        3948.9999999999995,
        3948.9999999999995,
        3030.0,
        2274.9999999999995
    ],
    "mse": 2948382.5978100966,
    "rmse": 1717.0854951953024,
    "mape": 45.96192058692595
}