{
    "predictions": [
        90.52063949704171,
        30.808027727901937,
        -44.27844819277525,
        86.43193483352661,
        67.41980876922608,
        92.1179763197899,
        243.86375309824948,
        343.33856549263004,
        548.7381013035774,
        835.3291729927064,
        843.5879937887192,
        647.9134854316711
    ],
    "actual": [
        665.0,
        484.00000000000006,
        208.00000000000003,
        84.0,
        60.0,
        82.0,
        188.0,
        125.00000000000001,
        183.0,
        236.00000000000003,
        147.00000000000003,
        113.00000000000001
    ],
    "mse": 159528.06921137092,
    "rmse": 399.4096508741006,
    "mape": 161.1958739724666
}