{
    "predictions": [
        2036554772.734642,
        2148325951.576233,
        2209376255.0354004,
        2235594871.2825775,
        2223410381.436348,
        2200273377.597332,
        2180318352.639675,
        2205904931.3664436,
        2193671252.9063225,
        2187681906.223297,
        2153305665.7910347,
        2133499743.8192368
    ],
    "actual": [
        1890999999.9999998,
        1738999999.9999998,
        1599000000.0000002,
        1303000000.0,
        1208000000.0,
        1136000000.0,
        1008000000.0,
        937000000.0,
        1141000000.0,
        1075000000.0,
        886000000.0,
        993999999.9999999
    ],
    "mse": 9.858261258973743e+17,
    "rmse": 992887771.0483569,
    "mape": 85.3238100512655
}