{
    "predictions": [
        1113.6259055137637,
        1125.4219469428065,
        1095.7660111784937,
        1057.8953617811205,
        979.5489090681077,
        821.4166328310968,
        676.5120792388917,
        512.4385789036752,
        415.2109321951867,
        343.9409306645394,
        276.7437839508057,
        283.281963467598
    ],
    "actual": [
        189.00000000000009,
        1498.0,
        734.0000000000001,
        -24.99999999999991,
        81.0000000000001,
        1162.0,
        492.00000000000017,
        160.9999999999998,
        168.00000000000017,
        937.0000000000001,
        580.9999999999999,
        690.0000000000002
    ],
    "mse": 337420.762270649,
    "rmse": 580.8793009486989,
    "mape": 550.9276858088143
}