{
    "predictions": [
        1072.1833292245865,
        1043.8443658351898,
        1061.880411863327,
        1086.628407895565,
        1102.7689591646194,
        992.2030044198036,
        895.896927177906,
        862.0754212737083,
        766.1679185032845,
        752.3377273082733,
        648.6703935861588,
        537.0348775982857
    ],
    "actual": [
        -31.999999999999982,
        109.00000000000001,
        85.0,
        90.99999999999996,
        680.0,
        842.9999999999999,
        1005.0000000000001,
        1048.0,
        1118.0,
        1012.0,
        920.9999999999999,
        947.0000000000001
    ],
    "mse": 393303.1469118441,
    "rmse": 627.1388577594631,
    "mape": 565.8376938955629
}