{
    "predictions": [
        78.87861160853505,
        75.90441647842526,
        75.51304597601295,
        73.97948852419853,
        72.36571591866017,
        70.9339709726572,
        69.53486782121658,
        67.17082547360658,
        68.91611321362853,
        67.94132831329108,
        67.60298317229748,
        64.82338991484046
    ],
    "actual": [
        61.93899999999999,
        54.925000000000004,
        56.777,
        57.067,
        58.799,
        60.511,
        62.405,
        62.113,
        60.774,
        17.835,
        23.492,
        22.829
    ],
    "mse": 668.2928773227371,
    "rmse": 25.851361227655637,
    "mape": 71.17585862096684
}