{
    "predictions": [
        7.584611860752103,
        7.959884390324351,
        12.46450823330879,
        10.842875240087507,
        8.616485674023625,
        8.239556517541406,
        14.397100468069311,
        13.8618504294157,
        12.952210686445232,
        11.35074971848726,
        15.20361718022823,
        16.86947120958566
    ],
    "actual": [
        87.307,
        99.67900000000002,
        149.654,
        29.863999999999994,
        99.8,
        47.9764,
        44.56399999999999,
        6.049000000000002,
        21.912,
        21.912,
        21.912,
        15.953999999999999
    ],
    "mse": 3754.417164234362,
    "rmse": 61.27329895014926,
    "mape": 69.59810929152287
}