{
    "predictions": [
        89.03420443612333,
        93.64558395749327,
        94.79416142767664,
        126.43926223832365,
        100.83282861292359,
        96.24942880910632,
        61.75430189096924,
        21.16672231614586,
        -1.8681941025257451,
        -28.231247600853475,
        -29.691346012651955,
        -31.87589768683914
    ],
    "actual": [
        5.91099999999997,
        141.27100000000002,
        445.23400000000004,
        580.552,
        53.209999999999994,
        258.465,
        540.7009999999999,
        788.57,
        788.57,
        216.48200000000006,
        674.091,
        867.1579999999999
    ],
    "mse": 264444.35949939856,
    "rmse": 514.2415380921678,
    "mape": 196.36684100356177
}