{
    "predictions": [
        673.8681727647781,
        678.3745930790901,
        662.5725917220116,
        643.5091539025307,
        656.8892323374748,
        644.0837051868439,
        666.6071170568466,
        635.46735060215,
        665.2183849215508,
        684.0479372143745,
        685.5085434913635,
        671.6234313845634
    ],
    "actual": [
        895.9999999999999,
        453.0,
        339.0,
        328.0,
        328.0,
        1126.0,
        1126.0,
        359.00000000000006,
        359.00000000000006,
        398.0,
        398.0,
        203.00000000000003
    ],
    "mse": 117510.93067165936,
    "rmse": 342.7986736725499,
    "mape": 82.2766167375237
}