{
    "predictions": [
        2428.3227565407756,
        2461.09712561965,
        2498.5337673574686,
        2511.5991845309736,
        2502.6938720852136,
        2451.612872540951,
        2447.8727067887785,
        2484.488021838665,
        2484.851857686043,
        2524.329395142198,
        2592.047796609998,
        2615.1369298934937
    ],
    "actual": [
        2852.8,
        3060.1,
        3242.0,
        3060.3,
        2631.7,
        3560.5,
        3681.5,
        2892.4,
        3291.0,
        3430.0,
        3338.0,
        3015.0
    ],
    "mse": 542812.5797592454,
    "rmse": 736.7581555430828,
    "mape": 20.456953079099343
}