{
    "predictions": [
        617.4076138706804,
        632.587437006712,
        654.8190118750334,
        771.8782535483838,
        640.7711509480476,
        556.5271584811808,
        651.9646374211908,
        737.9044740743637,
        798.2013094242812,
        737.5568335354329,
        770.5681474943161,
        875.8846206173301
    ],
    "actual": [
        815.3,
        854.8,
        943.8,
        1011.2,
        1059.2,
        1093.7,
        1127.7,
        1106.4,
        750.1,
        471.4,
        410.3000000000001,
        335.7
    ],
    "mse": 129151.7449281913,
    "rmse": 359.3768842429787,
    "mape": 48.354856473498224
}