{
    "predictions": [
        1076.3810939788818,
        1055.615665435791,
        1022.112295150757,
        1011.8684692382814,
        1023.9177436828614,
        985.8704442977906,
        974.5900125503541,
        978.8701505661012,
        1011.6331501007081,
        1047.300121307373,
        1080.077974319458,
        1036.3660259246826
    ],
    "actual": [
        896.0,
        1219.0,
        1282.0,
        1397.0,
        1328.0,
        1311.0,
        1055.0000000000002,
        1055.0000000000002,
        1410.0,
        1328.0,
        1567.0,
        1405.0
    ],
    "mse": 91334.09137927853,
    "rmse": 302.2153063285818,
    "mape": 20.88434018543702
}