{
    "predictions": [
        1314.452270627022,
        1351.4127001762392,
        1309.852249979973,
        1332.451159179211,
        1363.075015306473,
        1333.176680326462,
        1386.0074143409731,
        1391.1119512319567,
        1473.7052786350253,
        1448.1064269542696,
        1466.5360968112948,
        1527.6843851804736
    ],
    "actual": [
        1757.0,
        1278.0,
        1350.0,
        1292.0,
        1971.0,
        1835.0,
        1883.0,
        1620.0,
        3123.0,
        1297.0,
        1596.0,
        2042.0000000000002
    ],
    "mse": 345797.0449789948,
    "rmse": 588.0451045447065,
    "mape": 19.459208572226462
}