{
    "predictions": [
        2417.5003399014477,
        2443.112761640549,
        2353.2110369324687,
        2517.7336320936683,
        1990.9362763166428,
        1393.604750265181,
        1522.8431758135557,
        1816.6610199570655,
        2234.886736083031,
        2443.0085385382176,
        2484.5000676214695,
        2669.1565690636635
    ],
    "actual": [
        2355.0,
        2001.0,
        2222.0,
        2236.0,
        2733.0,
        2152.0,
        2256.0,
        2271.0,
        2985.0,
        2108.0,
        2304.0,
        2438.0
    ],
    "mse": 243886.59900449077,
    "rmse": 493.84876126653467,
    "mape": 18.040699443639983
}