{
    "predictions": [
        553.7592554883959,
        568.9038792409898,
        583.309839129448,
        611.138076880932,
        618.7152572236063,
        596.056491374016,
        516.4577376184465,
        458.3329496622087,
        415.80630828332914,
        391.70269912767424,
        363.2314041190149,
        360.71944334650055
    ],
    "actual": [
        605.3470000000001,
        496.0019999999999,
        506.147,
        365.37700000000007,
        399.3649999999999,
        613.263,
        596.684,
        561.4829999999998,
        561.4829999999998,
        649.998,
        575.963,
        641.937
    ],
    "mse": 29340.96519957417,
    "rmse": 171.2920465158093,
    "mape": 28.474972643273112
}