{
    "predictions": [
        81.19399068778753,
        65.16626481735706,
        49.97885626977682,
        105.06637967312336,
        85.1827007446289,
        97.94320385992528,
        103.66683109867573,
        124.42246727979183,
        183.83310595214368,
        192.5460192196369,
        234.36616400170325,
        250.85160404849051
    ],
    "actual": [
        143.796,
        126.44900000000001,
        186.506,
        171.001,
        168.101,
        138.323,
        154.256,
        175.631,
        134.325,
        176.978,
        190.58999999999997,
        186.809
    ],
    "mse": 4421.6994917318925,
    "rmse": 66.49586071126453,
    "mape": 37.26135930496972
}