{
    "predictions": [
        156.99950980746746,
        158.108581956625,
        149.1364798280597,
        130.7102167374194,
        133.53543669238687,
        132.91050815731288,
        138.8893710189164,
        154.29548717093468,
        179.7984679082036,
        184.77667498952152,
        207.87553033161166,
        230.58765887725355
    ],
    "actual": [
        203.0,
        197.0,
        218.0,
        270.0,
        122.0,
        251.0,
        213.0,
        213.0,
        194.0,
        193.0,
        219.0,
        226.0
    ],
    "mse": 4266.9435160302355,
    "rmse": 65.32184562633113,
    "mape": 21.927328038613307
}