{
    "predictions": [
        27.46900120598078,
        24.56212905687094,
        24.782646292567257,
        26.600945670276882,
        24.17777892586589,
        20.268765723079444,
        23.814713514566424,
        18.696969642981887,
        19.61080859144032,
        20.39785025019944,
        21.928879615783693,
        18.878718627288936
    ],
    "actual": [
        39.921,
        36.044,
        0.687,
        25.222,
        30.794,
        29.203,
        26.116,
        29.133,
        29.133,
        29.133,
        29.133,
        23.075
    ],
    "mse": 111.97266387485878,
    "rmse": 10.58171365492654,
    "mape": 314.84846564506614
}