{
    "predictions": [
        2129.1569467782974,
        2125.988510131836,
        2136.3831040859222,
        2136.8217153549194,
        2136.2480288743973,
        2117.89965736866,
        2122.5358624458313,
        2175.5473853349686,
        2187.0078539848328,
        2219.9455478191376,
        2214.1820944547653,
        2217.5405826568604
    ],
    "actual": [
        2118.0,
        2288.0,
        2305.0,
        2275.0,
        1894.0,
        2206.0,
        2456.0,
        2145.0,
        2052.0,
        2033.0,
        2306.9999999999995,
        1466.0
    ],
    "mse": 73256.54311280961,
    "rmse": 270.659459677303,
    "mape": 10.320436352258211
}