{
    "predictions": [
        2439.033424139023,
        2476.1698409318924,
        2543.440752387047,
        2563.15092921257,
        2582.682425260544,
        2674.926284313202,
        2732.8140536546707,
        2750.239431619644,
        2762.9436225891113,
        2827.9863810539246,
        2896.9555603265762,
        2900.2843672037125
    ],
    "actual": [
        3015.0,
        3210.0,
        3210.0,
        3210.0,
        2744.0,
        3239.0,
        3190.0,
        2837.0,
        3058.0,
        5451.0,
        3271.0,
        3020.0
    ],
    "mse": 784600.6532372986,
    "rmse": 885.7768642481574,
    "mape": 16.394339308900676
}