{
    "predictions": [
        1181.4547342061996,
        1637.30919611454,
        1533.180778324604,
        1569.7747147083282,
        1774.098974108696,
        1258.7490597963333,
        1572.0119414329529,
        1762.0906314849854,
        1574.456651210785,
        1490.3477388620377,
        1795.9208059310913,
        1913.9101979732513
    ],
    "actual": [
        1372.0,
        1373.0,
        1427.0,
        1467.0,
        1365.0,
        1492.0,
        1485.0,
        1518.0,
        1665.0,
        1568.0,
        1741.0,
        1597.0
    ],
    "mse": 44549.956280238635,
    "rmse": 211.068605624424,
    "mape": 12.376453839447121
}