{
    "predictions": [
        154.19748318368204,
        158.60155080670125,
        168.6241730498672,
        168.3340869941116,
        185.9109922123552,
        188.99706824600702,
        198.3547650672794,
        204.00492366909987,
        221.7284241736532,
        236.714485888362,
        244.82093823283918,
        262.0285301249624
    ],
    "actual": [
        359.77799999999996,
        340.233,
        306.755,
        329.894,
        301.377,
        277.115,
        261.98299999999995,
        -155.83099999999996,
        -678.529,
        -99.81500000000004,
        -479.18,
        193.24300000000002
    ],
    "mse": 143973.91737817123,
    "rmse": 379.43895079204935,
    "mape": 98.86323978073108
}