{
    "predictions": [
        5089.880906581878,
        5119.663758516311,
        5060.2018060684195,
        5078.555742144584,
        5075.44707083702,
        5061.418175339698,
        5063.911306500434,
        4826.388687729835,
        4669.360137820243,
        4642.680537343024,
        4575.232822537421,
        4737.546500802039
    ],
    "actual": [
        5687.0,
        6179.0,
        6651.0,
        6490.0,
        6442.000000000001,
        6792.000000000001,
        -3501.0000000000005,
        7513.999999999999,
        6129.999999999999,
        6957.0,
        7448.0,
        6072.000000000001
    ],
    "mse": 9080666.638737807,
    "rmse": 3013.414448551312,
    "mape": 43.1712294973199
}