{
    "predictions": [
        844.1135845184326,
        811.5265212059021,
        854.4358096122742,
        843.576916217804,
        852.4469754695892,
        823.4207055568695,
        554.0436706542969,
        503.3573797941208,
        376.5342376232147,
        407.2918943166733,
        426.2507519721985,
        463.98815727233887
    ],
    "actual": [
        1282.0000000000002,
        1228.0000000000002,
        1731.0,
        1609.0,
        1230.0,
        1120.0,
        1013.0000000000001,
        1251.0000000000002,
        1060.0,
        957.0,
        1065.0,
        1120.0
    ],
    "mse": 360600.3751606988,
    "rmse": 600.5001042137285,
    "mape": 47.41627766588631
}