{
    "predictions": [
        94.73419394969943,
        48.0537925373316,
        32.80796570135655,
        9.318686298847217,
        -32.96599414032696,
        -4.905063966870291,
        5.752735063850898,
        -2.366648313567025,
        29.331340007394573,
        36.132840743094704,
        35.48855407266321,
        86.75912085500363
    ],
    "actual": [
        401.9,
        225.90000000000003,
        183.60000000000002,
        198.99999999999997,
        198.99999999999997,
        380.2,
        380.2,
        189.3,
        189.3,
        255.6,
        255.6,
        -3.0000000000000018
    ],
    "mse": 57834.99082433934,
    "rmse": 240.48906591431415,
    "mape": 333.22104163751675
}