{
    "predictions": [
        22924.011967241764,
        21603.346809715033,
        20855.618384063244,
        24282.526352763176,
        25467.585481524467,
        27672.58670783043,
        27650.166906774044,
        27061.270929157734,
        31715.562654018402,
        38889.61743664741,
        35340.25378918647,
        30352.796401262283
    ],
    "actual": [
        24137.0,
        24513.0,
        24308.0,
        25218.0,
        25901.0,
        28128.0,
        30816.0,
        32991.0,
        33554.0,
        34331.0,
        37935.0,
        36786.0
    ],
    "mse": 11715880.67595818,
    "rmse": 3422.846867149943,
    "mape": 9.119387447115164
}