{
    "predictions": [
        406.14376413822134,
        406.2944828271862,
        447.6290832757946,
        445.883336961269,
        501.4858162999149,
        466.8810408115383,
        480.82204854488333,
        517.4756562113758,
        497.5278022289272,
        499.67530804872473,
        513.8949098587033,
        497.86197382211645
    ],
    "actual": [
        379.99999999999983,
        491.9999999999998,
        515.0000000000001,
        836.0000000000001,
        517.0,
        610.0,
        733.0000000000001,
        863.0000000000001,
        53.99999999999994,
        749.9999999999998,
        806.0,
        898.9999999999995
    ],
    "mse": 72839.98029054188,
    "rmse": 269.8888295030787,
    "mape": 93.3780353203025
}