{
    "predictions": [
        110.0727331648469,
        125.88805953967571,
        125.76509815597534,
        171.8360133860111,
        207.61404067301746,
        147.40098260802029,
        147.80708939152956,
        157.54582102572917,
        156.78303011471033,
        178.0449625455141,
        230.19577100062367,
        275.3031355760097
    ],
    "actual": [
        405.15999999999997,
        715.0129999999999,
        602.144,
        503.301,
        377.75800000000004,
        429.782,
        532.804,
        532.804,
        531.841,
        587.433,
        636.988,
        653.303
    ],
    "mse": 148775.89791682022,
    "rmse": 385.7147883045453,
    "mape": 67.96370404698585
}