{
    "predictions": [
        145.55533520162106,
        125.47768671137094,
        134.87985987350345,
        215.7383971322775,
        166.47668804648518,
        218.62962828403712,
        276.23967313075065,
        232.71770986956358,
        346.9333206887245,
        344.2550867742896,
        439.5327916944027,
        556.6037440209388
    ],
    "actual": [
        290.509,
        336.138,
        333.975,
        347.534,
        170.252,
        251.307,
        290.559,
        264.209,
        240.053,
        304.135,
        257.741,
        225.406
    ],
    "mse": 23370.860154549893,
    "rmse": 152.87530917237711,
    "mape": 43.112800729537184
}