{
    "predictions": [
        354.68631763076775,
        439.8029250316619,
        -46.29625814712048,
        -85.6578681986034,
        388.08335525369637,
        434.6737264957427,
        -91.1873827803135,
        -106.98112915122509,
        353.07777280902854,
        443.29549952292433,
        -95.72215460038186,
        -135.5955725636929
    ],
    "actual": [
        381.5319999999999,
        606.896,
        -59.295,
        -96.141,
        395.345,
        575.904,
        -90.182,
        -144.569,
        420.709,
        615.6889999999999,
        -120.559,
        -145.363
    ],
    "mse": 7111.500300048322,
    "rmse": 84.32971184611223,
    "mape": 16.022161551716753
}