{
    "predictions": [
        174.00378567939998,
        185.76267815405132,
        208.46930033999683,
        199.93145583844185,
        190.18177748918535,
        215.6251791341901,
        211.18295092189314,
        224.167000823617,
        210.53782045531273,
        226.6182487872243,
        232.3968886088729,
        228.85133269917966
    ],
    "actual": [
        133.957,
        183.747,
        235.437,
        277.557,
        100.461,
        257.707,
        257.043,
        215.092,
        147.647,
        249.435,
        298.567,
        247.123
    ],
    "mse": 2462.9320113298195,
    "rmse": 49.62793579557606,
    "mape": 23.28433140063679
}