{
    "predictions": [
        2686.981736123562,
        2720.0639814138412,
        2533.0675603449345,
        2638.536193072796,
        2293.3750024437904,
        2540.695630311966,
        2571.327095925808,
        2934.701836705208,
        3298.6808893084526,
        3527.5109604001045,
        3765.7588922977448,
        4127.236866652966
    ],
    "actual": [
        -275.0,
        -275.0,
        -275.0,
        307.0,
        307.0,
        562.0000000000001,
        562.0000000000001,
        787.0,
        1905.9999999999998,
        2636.0,
        3513.0,
        4204.0
    ],
    "mse": 4198343.382896264,
    "rmse": 2048.9859401411873,
    "mape": 474.3516091388427
}