{
    "predictions": [
        269.8681777309477,
        263.71979277411106,
        276.5312330866456,
        312.9817897780538,
        337.50060345312954,
        368.89639003622534,
        353.8494427896738,
        332.6597827633023,
        327.99298318970204,
        312.8776511573195,
        312.5337196598947,
        317.4788064351082
    ],
    "actual": [
        521.061,
        134.27100000000002,
        757.142,
        945.724,
        535.27,
        502.158,
        408.671,
        620.06,
        438.23500000000007,
        376.742,
        426.11000000000007,
        406.655
    ],
    "mse": 74230.3199134332,
    "rmse": 272.4524177052448,
    "mape": 40.74504545150309
}