{
    "predictions": [
        41.94969396591187,
        41.69304059743882,
        42.11201252341271,
        42.814154314994816,
        44.107983398437504,
        44.43968685269356,
        43.688742417097096,
        44.755739647150044,
        46.26434217691422,
        47.058042782545094,
        46.39450861811638,
        48.028596389293675
    ],
    "actual": [
        49.6,
        52.4,
        37.6,
        45.1,
        49.1,
        55.3,
        50.6,
        45.8,
        80.3,
        82.3,
        64.8,
        63.50000000000001
    ],
    "mse": 280.7516747250882,
    "rmse": 16.755646055138794,
    "mape": 19.720422450960854
}