{
    "predictions": [
        589.9709111452103,
        594.1813763380051,
        612.8235799670219,
        683.6752132773399,
        707.965600669384,
        770.0358347296715,
        788.8947097063065,
        877.1412751078605,
        935.4503470659255,
        985.6429678201674,
        1084.1834750175476,
        1118.3064923286438
    ],
    "actual": [
        54.0,
        1390.0,
        1156.0,
        875.0000000000001,
        561.0,
        972.0,
        887.0,
        745.0,
        189.99999999999997,
        1175.0,
        1741.0,
        1776.0
    ],
    "mse": 233102.77301327887,
    "rmse": 482.8071799520787,
    "mape": 139.8028595044132
}