{
    "predictions": [
        92.89324062728883,
        96.08931240752341,
        97.96676295682789,
        99.9924697097838,
        99.88256127488614,
        103.76953739300372,
        96.95720604097845,
        98.37286683166029,
        96.30887042063476,
        99.35626865684988,
        95.7507278648913,
        96.97834776443244
    ],
    "actual": [
        56.67399999999999,
        104.362,
        104.189,
        99.217,
        129.656,
        145.354,
        144.487,
        149.532,
        121.682,
        179.154,
        188.227,
        213.09199999999998
    ],
    "mse": 3163.1138765433293,
    "rmse": 56.24156715938248,
    "mape": 30.52358444455659
}