{
    "predictions": [
        66.06559756469726,
        68.59292007446288,
        69.14224264526366,
        70.97395178222656,
        71.80119622802734,
        74.4163109436035,
        73.02174606323241,
        73.95711431884766,
        74.3918989868164,
        74.66699600219727,
        74.56055603027343,
        74.74916802978515
    ],
    "actual": [
        58.117,
        43.016,
        59.644,
        53.26800000000001,
        64.012,
        60.244,
        62.654,
        61.55500000000001,
        62.209999999999994,
        66.423,
        60.076,
        75.447
    ],
    "mse": 172.54636873634786,
    "rmse": 13.135690645578856,
    "mape": 20.976470526555037
}