{
    "predictions": [
        135.004802344203,
        138.23199153488875,
        141.50175311517717,
        142.17424882781506,
        146.10767355024814,
        149.69321703076363,
        150.93307786047458,
        152.41488910365106,
        154.02312714010478,
        156.061590382576,
        155.91064645421505,
        160.32445097887518
    ],
    "actual": [
        172.039,
        174.87,
        177.47200000000004,
        180.696,
        185.011,
        185.064,
        188.448,
        197.464,
        199.055,
        215.74599999999998,
        200.092,
        198.635
    ],
    "mse": 1725.2333999259918,
    "rmse": 41.535929024472196,
    "mape": 21.54839751436424
}