{
    "predictions": [
        1071.5317407250404,
        1112.1758335232735,
        1112.006910264492,
        1124.6223066449165,
        1210.8081698417664,
        1199.2853898406029,
        1247.3582170009613,
        1257.676496386528,
        1242.9524511098862,
        1299.1623136401176,
        1338.821386396885,
        1325.6628229618073
    ],
    "actual": [
        1200.0,
        1284.0,
        1171.0,
        1288.0,
        1245.0,
        1290.0,
        1333.0,
        7.0,
        1576.0,
        1626.0,
        1680.0,
        1503.0
    ],
    "mse": 168559.9493575682,
    "rmse": 410.56053068648504,
    "mape": 1499.846723910887
}