{
    "predictions": [
        128.15057897567746,
        164.0474896430969,
        166.09960842132566,
        181.06065082550046,
        134.658896446228,
        121.06873512268065,
        185.12501525878903,
        38.94712829589842,
        -22.304293155670184,
        -22.164575576782244,
        -6.256869792938249,
        24.61505746841429
    ],
    "actual": [
        59.99999999999999,
        58.00000000000004,
        136.0,
        132.0,
        241.0,
        207.0,
        252.0,
        260.0,
        239.00000000000006,
        272.0,
        400.99999999999994,
        280.99999999999994
    ],
    "mse": 39803.07345986653,
    "rmse": 199.50707621502184,
    "mape": 80.26677238333441
}