{
    "predictions": [
        49.2367663385868,
        44.82785211855172,
        66.9658651791811,
        84.08172286486625,
        120.63724516129493,
        130.22823029792306,
        149.9029892811775,
        144.45765035152434,
        163.9227359755039,
        169.55291672396658,
        199.88910129022597,
        186.61922711801526
    ],
    "actual": [
        188.0,
        127.00000000000001,
        200.0,
        273.0,
        270.0,
        253.0,
        377.0,
        436.0,
        561.0,
        476.00000000000006,
        666.0,
        549.0
    ],
    "mse": 71125.59917964709,
    "rmse": 266.6938304116672,
    "mape": 64.69466121810729
}