{
    "predictions": [
        1178.2014641463757,
        1187.1921909451485,
        1181.6162793934345,
        1215.9390013813972,
        1238.0217739343643,
        1237.7125090658665,
        1236.3794593214989,
        1230.9644640386105,
        1262.9863422513008,
        1270.4807648658752,
        1302.5293232798576,
        1307.0150208473206
    ],
    "actual": [
        1427.0,
        1387.0,
        1575.0,
        1578.0,
        1490.0000000000002,
        1419.0000000000002,
        1313.0,
        1245.0,
        1288.0,
        568.0,
        1482.9999999999998,
        1969.0000000000002
    ],
    "mse": 121248.94671043775,
    "rmse": 348.2081944906492,
    "mape": 23.98497287521844
}