{
    "predictions": [
        100.28117818999289,
        107.96839714205264,
        96.53578460752962,
        110.92653389143942,
        106.21918725740908,
        110.91644265615939,
        97.47778151941299,
        120.27329667854308,
        134.38935051918028,
        126.68571867632865,
        135.5827073805332,
        134.31366235232352
    ],
    "actual": [
        94.535,
        145.343,
        106.43999999999998,
        130.203,
        95.97699999999999,
        129.43199999999996,
        114.62699999999998,
        155.722,
        122.635,
        156.107,
        127.995,
        106.93099999999998
    ],
    "mse": 475.7624756366791,
    "rmse": 21.811980094358216,
    "mape": 14.881030077788706
}