{
    "predictions": [
        279.3355139269233,
        286.57412796169524,
        281.5231431184411,
        280.39982536989453,
        278.6347647354007,
        277.421134088397,
        271.2348555272222,
        269.51950221031905,
        279.23502849918606,
        280.8266770971418,
        284.5823410928846,
        294.30877255856996
    ],
    "actual": [
        378.0,
        353.0,
        334.0,
        357.0,
        327.0,
        392.0,
        271.0,
        376.0,
        445.0,
        431.0,
        363.0,
        421.0
    ],
    "mse": 10150.34980329421,
    "rmse": 100.7489444276922,
    "mape": 23.191874141639982
}