{
    "predictions": [
        596.8289107829331,
        1017.3950523421167,
        102.96529304701833,
        190.45297810239714,
        265.4054926274344,
        -410.519074025005,
        413.2797664331272,
        2054.130933223664,
        3893.2125760406248,
        5953.707960766553,
        6660.268288528919,
        7163.740813431143
    ],
    "actual": [
        3788.7000000000003,
        2646.707,
        1961.885,
        1888.165,
        1888.196,
        2334.495,
        2334.495,
        1825.849,
        1350.179,
        1584.449,
        1296.87,
        863.738
    ],
    "mse": 10592146.604753159,
    "rmse": 3254.5578201582407,
    "mape": 186.32170143360335
}