{
    "predictions": [
        3594.151129747748,
        3550.895503439933,
        3322.108555750936,
        4553.954790190518,
        6106.569400378942,
        7582.853516639351,
        6502.768245931029,
        8237.504905383705,
        8367.272895905495,
        6682.086103109538,
        3527.429291893661,
        1829.1421273631006
    ],
    "actual": [
        1911.0,
        1911.0,
        2705.0,
        7304.0,
        7304.0,
        10950.0,
        10950.0,
        14142.0,
        17458.0,
        19216.0,
        22502.0,
        24739.0
    ],
    "mse": 100459542.73737891,
    "rmse": 10022.950799908125,
    "mape": 54.84114592387256
}