{
    "predictions": [
        293.68859325042365,
        286.75280372998117,
        295.7608437505662,
        296.05015286883713,
        333.64284458744527,
        306.03869469726084,
        297.7791344703436,
        314.93353849220273,
        335.2258776705861,
        345.0888382350206,
        403.7532527052164,
        415.229931671679
    ],
    "actual": [
        444.755,
        583.571,
        590.8,
        549.963,
        585.78,
        445.256,
        482.188,
        554.216,
        498.469,
        481.899,
        544.822,
        554.243
    ],
    "mse": 43437.46915247441,
    "rmse": 208.41657600218466,
    "mape": 37.39820466806257
}