{
    "predictions": [
        299.9802303314209,
        298.36022663116455,
        305.48574352264404,
        320.34487533569336,
        320.5135407447815,
        317.16405487060547,
        319.51920890808105,
        296.12765550613403,
        309.03058099746704,
        318.3830280303955,
        325.02025270462036,
        327.91589975357056
    ],
    "actual": [
        312.0,
        392.00000000000006,
        288.0,
        130.0,
        105.0,
        260.0,
        229.00000000000006,
        171.0,
        95.0,
        241.0,
        -49.00000000000001,
        194.00000000000003
    ],
    "mse": 27386.343154105358,
    "rmse": 165.48819641927747,
    "mape": 134.15916456911708
}