{
    "predictions": [
        280.09000396728516,
        291.72219371795654,
        280.2025308609009,
        286.8180642127991,
        299.38640785217285,
        300.89636421203613,
        281.2802166938782,
        292.90944242477417,
        312.4115810394287,
        312.76207637786865,
        289.9884009361267,
        303.03908586502075
    ],
    "actual": [
        588.0,
        367.00000000000006,
        278.0,
        333.0,
        412.00000000000006,
        333.99999999999994,
        345.0,
        346.0,
        480.99999999999994,
        275.0,
        320.0,
        411.0
    ],
    "mse": 13806.142543085056,
    "rmse": 117.49954273564241,
    "mape": 20.252001079606703
}