{
    "predictions": [
        305.4389045019149,
        304.92510900923605,
        306.96329618020354,
        329.4329329939037,
        353.530587905243,
        341.1050451790988,
        356.59609816324706,
        355.0837116784751,
        353.13557183070475,
        381.78671125030513,
        400.4990406225621,
        424.61996920055145
    ],
    "actual": [
        741.603,
        743.313,
        769.543,
        801.044,
        859.567,
        905.9940000000001,
        950.788,
        956.387,
        969.989,
        1123.693,
        1196.892,
        1194.876
    ],
    "mse": 355590.93969467544,
    "rmse": 596.3144637644432,
    "mape": 61.99871365033639
}