{
    "predictions": [
        323.9791343510151,
        315.39167338609695,
        324.24618178606033,
        336.73519068956375,
        345.7152063548565,
        336.31354743242264,
        344.66584572196007,
        360.6729003190994,
        355.6459310054779,
        389.9666460752487,
        397.9777874946594,
        422.0378460884094
    ],
    "actual": [
        547.0,
        661.0,
        615.0,
        429.0,
        488.0,
        693.0,
        663.0,
        555.0,
        534.0,
        625.0,
        694.0,
        592.0
    ],
    "mse": 62697.581551982854,
    "rmse": 250.39485128888504,
    "mape": 38.98877699461309
}