{
    "predictions": [
        208.97436233043672,
        210.02886758804323,
        209.75158055639267,
        211.66449655151368,
        213.44359569883346,
        214.58682140779496,
        204.92226469230653,
        205.8744303393364,
        210.17874958181383,
        212.69514750146865,
        214.9500504398346,
        212.8466205739975
    ],
    "actual": [
        227.503,
        223.71999999999997,
        212.907,
        60.55400000000001,
        197.736,
        211.13700000000003,
        215.12,
        215.12,
        204.206,
        247.118,
        259.762,
        254.031
    ],
    "mse": 2395.6725832043267,
    "rmse": 48.94560841591743,
    "mape": 27.852245278404997
}