{
    "predictions": [
        293.39064171314243,
        290.34655756950383,
        288.5932227313519,
        296.60427547693257,
        294.57269490957265,
        288.3942163050175,
        277.620920753479,
        276.0254220068455,
        275.04324015975,
        271.49033417105676,
        271.74762405157094,
        274.1447952151299
    ],
    "actual": [
        206.0,
        274.0,
        298.00000000000006,
        297.0,
        209.00000000000003,
        425.0,
        368.0,
        329.0,
        329.0,
        320.0,
        316.00000000000006,
        157.0
    ],
    "mse": 5491.431985522242,
    "rmse": 74.10419681450061,
    "mape": 23.80033261123022
}