{
    "predictions": [
        64.88687393844127,
        61.58158236989379,
        54.702594069510695,
        54.04952316975593,
        46.58524976104498,
        41.318039524093265,
        36.23532074573636,
        40.62464041136205,
        42.65875871992111,
        43.04662609837949,
        40.884364555895324,
        40.685201855272055
    ],
    "actual": [
        30.979999999999997,
        53.74999999999999,
        77.175,
        70.018,
        54.571,
        75.245,
        83.529,
        73.75,
        68.44,
        90.8,
        103.327,
        78.782
    ],
    "mse": 1234.6091111321728,
    "rmse": 35.137004868545255,
    "mape": 44.68762855109183
}