{
    "predictions": [
        521.9628085671364,
        532.06460501194,
        534.5939306154846,
        569.8465870332717,
        576.7286996340752,
        619.793953705281,
        618.7053635966778,
        671.3237413501739,
        678.7437156775593,
        705.1083301469683,
        766.5052183204889,
        729.1316701307892
    ],
    "actual": [
        814.744,
        841.258,
        854.673,
        816.647,
        878.0,
        907.0,
        1039.0,
        1039.0,
        1401.0,
        1583.0,
        1511.0,
        1968.0
    ],
    "mse": 350931.89175148355,
    "rmse": 592.3950470349018,
    "mape": 41.78429880590444
}