{
    "predictions": [
        294.220292532444,
        290.29424406290053,
        299.52989511489864,
        277.296670627594,
        263.2470396518707,
        229.4938023328781,
        241.32241843938826,
        223.2502180933952,
        252.333567404747,
        313.4734139323234,
        360.19768143892287,
        403.5239468574524
    ],
    "actual": [
        701.3,
        722.8,
        558.3,
        414.09999999999997,
        431.6,
        385.7,
        315.8,
        224.5,
        234.6,
        272.2,
        153.4,
        176.0
    ],
    "mse": 49441.18369753159,
    "rmse": 222.35373551512822,
    "mape": 48.976908809349325
}