{
    "predictions": [
        65.95998770713805,
        52.61262739086151,
        61.13978565502167,
        51.20965561389923,
        58.4975712223053,
        55.99666466331482,
        49.86333423233032,
        48.2190003490448,
        47.04639299678802,
        54.52109000968933,
        56.21714026355743,
        64.97804405784606
    ],
    "actual": [
        97.609,
        118.732,
        155.848,
        127.297,
        24.724,
        118.59499999999998,
        134.067,
        157.89,
        198.99600000000004,
        82.63799999999999,
        82.973,
        135.795
    ],
    "mse": 6159.976118470975,
    "rmse": 78.48551534181944,
    "mape": 60.423765021144064
}