{
    "predictions": [
        4175.247605204582,
        4261.061893224716,
        4220.910305023193,
        4196.466614723206,
        4200.836806535721,
        4268.507878899574,
        4271.625649690628,
        4262.446475982666,
        4293.454964399339,
        4366.088824748994,
        4372.512934565545,
        4354.9442781209955
    ],
    "actual": [
        4636.0,
        5441.0,
        4274.0,
        4768.0,
        4933.0,
        5907.0,
        4920.0,
        5305.0,
        5552.0,
        6433.000000000001,
        5505.0,
        5834.0
    ],
    "mse": 1332352.6956244013,
    "rmse": 1154.2758316903294,
    "mape": 18.41558389091027
}