{
    "predictions": [
        567.8157775131463,
        635.1919095636009,
        572.1491395243107,
        631.3507295525669,
        690.0749752960204,
        633.2365693387984,
        707.5575737950801,
        692.5197668013572,
        694.7198085007667,
        834.8314843768476,
        837.551522751212,
        835.4318077061175
    ],
    "actual": [
        766.444,
        752.453,
        883.672,
        894.197,
        782.102,
        810.3919999999999,
        951.6989999999998,
        1002.1319999999998,
        831.214,
        867.186,
        979.624,
        1019.5259999999998
    ],
    "mse": 40700.70990267746,
    "rmse": 201.74416943911282,
    "mape": 20.75288284785356
}