{
    "predictions": [
        163.32940824031832,
        174.32807366251947,
        182.3569228768349,
        185.25276557803156,
        182.73857901692392,
        179.166203391552,
        182.27225406169893,
        180.38912872672083,
        186.04777399897577,
        185.91016103029253,
        181.96734745502474,
        184.68880434036257
    ],
    "actual": [
        55.7,
        96.3,
        136.3,
        199.3,
        161.9,
        268.7,
        296.80000000000007,
        270.7,
        305.9,
        309.00000000000006,
        318.1,
        277.6000000000001
    ],
    "mse": 8866.207817555916,
    "rmse": 94.16054278494744,
    "mape": 49.043138635055186
}