{
    "predictions": [
        1818.4431726932523,
        1846.1328060030935,
        1924.26799210906,
        2210.0407477021213,
        2283.439064800739,
        2333.095882117748,
        2255.660502582788,
        2139.021230459213,
        2310.06910726428,
        2473.9391230940814,
        2688.421312332153,
        2684.964128375053
    ],
    "actual": [
        4703.0,
        6490.0,
        5333.0,
        4218.0,
        3589.0,
        3289.0,
        3403.0,
        3055.0,
        2987.0,
        3662.0,
        3755.0,
        2135.0
    ],
    "mse": 4468412.221074852,
    "rmse": 2113.861921004977,
    "mape": 40.23490906642163
}