{
    "predictions": [
        466.60961723327637,
        446.53288173675537,
        463.0210771560669,
        462.3926124572754,
        533.8825540542603,
        508.609655380249,
        551.9181184768677,
        567.6886606216431,
        499.67234230041504,
        511.7015390396118,
        536.7232551574707,
        559.1224908828735
    ],
    "actual": [
        661.0,
        589.0,
        405.0,
        588.0,
        546.0,
        552.0,
        640.0,
        709.0,
        714.0,
        760.0000000000001,
        757.0,
        712.0
    ],
    "mse": 23872.239714389987,
    "rmse": 154.50643907096554,
    "mape": 20.5264313893758
}