{
    "predictions": [
        215.1113846987486,
        262.6567897439003,
        262.0403011679649,
        245.85197700560093,
        230.59442721009253,
        194.01075490415096,
        258.55835326910017,
        286.74970787763596,
        293.59179506301876,
        473.95418602228165,
        553.6475238323212,
        618.0271407604217
    ],
    "actual": [
        433.90000000000003,
        419.30000000000007,
        394.20000000000005,
        367.7,
        407.4,
        414.9,
        366.9,
        344.0,
        398.7,
        430.6,
        358.0,
        374.8
    ],
    "mse": 25845.931126314306,
    "rmse": 160.76669781492157,
    "mape": 37.76928831353645
}