{
    "predictions": [
        96.34643839240074,
        104.16025753200054,
        110.5333841906786,
        100.79819852924346,
        82.95988582909108,
        86.53942224103213,
        85.57596463131905,
        79.04215161114931,
        64.56821626359225,
        73.41233734601737,
        58.69029168736935,
        62.18575382429362
    ],
    "actual": [
        73.744,
        93.334,
        69.767,
        63.59400000000001,
        74.369,
        52.015,
        52.657,
        66.91800000000002,
        80.488,
        85.32400000000001,
        46.802,
        21.856
    ],
    "mse": 694.4723850732449,
    "rmse": 26.35284396556176,
    "mape": 46.784112504554
}