{
    "predictions": [
        904.2915417671202,
        915.6106410980224,
        947.0106791496275,
        950.3436308860778,
        952.0409152984618,
        937.7631905555724,
        932.8676978111266,
        934.3818900108336,
        937.5702979087828,
        941.760360431671,
        922.1127516746519,
        919.5201599121092
    ],
    "actual": [
        967.4,
        1137.6,
        1182.1,
        1398.0,
        1763.7000000000003,
        1827.0,
        1864.7,
        2079.2,
        1657.0,
        1573.2999999999997,
        1715.1,
        1606.8
    ],
    "mse": 496248.454263218,
    "rmse": 704.4490430564996,
    "mape": 37.51987090278575
}