{
    "predictions": [
        37.18196422000229,
        12.576531239569189,
        59.24504252877831,
        20.52080190871656,
        38.14030354578793,
        31.021677762836216,
        116.27266130280496,
        256.7870008225441,
        346.1791473670006,
        499.4090998811722,
        372.56408049535753,
        212.52941553723812
    ],
    "actual": [
        235.083,
        168.217,
        94.623,
        47.848,
        47.555,
        40.97,
        50.579,
        31.373999999999995,
        26.042,
        47.298,
        46.308,
        53.685
    ],
    "mse": 46605.68774804779,
    "rmse": 215.88350503928686,
    "mape": 362.4372893170873
}