{
    "predictions": [
        74.4576909865737,
        74.40209080535173,
        73.62254331636429,
        73.64519524204731,
        73.35847952234744,
        73.20657982724904,
        72.78323592889308,
        71.77557119268178,
        70.93072026121615,
        70.23905400681495,
        70.59491164076327,
        70.79726335215568
    ],
    "actual": [
        74.932,
        75.648,
        78.471,
        79.53,
        76.885,
        77.425,
        80.096,
        116.95799999999998,
        77.482,
        76.673,
        76.62,
        71.976
    ],
    "mse": 192.25679681797246,
    "rmse": 13.865669721220554,
    "mape": 8.333541018198423
}