{
    "predictions": [
        231.82310755252837,
        242.38536319732665,
        241.52622960209845,
        248.25892457962036,
        245.54615973234175,
        220.05763837099073,
        227.7173012971878,
        225.17872586250303,
        238.49575355648992,
        252.7332839488983,
        259.1560192584991,
        266.9835417449474
    ],
    "actual": [
        408.4,
        469.4,
        421.4,
        414.8,
        311.5,
        308.8,
        247.79999999999998,
        247.79999999999998,
        100.30000000000001,
        198.19999999999996,
        176.1,
        148.1
    ],
    "mse": 16587.43701374289,
    "rmse": 128.79222419751468,
    "mape": 44.52590299413577
}