{
    "predictions": [
        4815.811108469963,
        4786.827908337116,
        4587.235791444778,
        4373.798817574978,
        4234.96283864975,
        4447.023554980755,
        4150.829423606396,
        3872.268530726433,
        3856.7555124759674,
        4098.712362766266,
        4583.561036884785,
        4715.503973603249
    ],
    "actual": [
        11182.0,
        13300.0,
        10883.0,
        7328.0,
        8011.0,
        3690.0,
        -905.0000000000001,
        1141.9999999999998,
        5947.000000000001,
        2406.0,
        6850.000000000001,
        4262.0
    ],
    "mse": 18482544.913861226,
    "rmse": 4299.1330421215425,
    "mape": 102.80982461574413
}