{
    "predictions": [
        380.5515111163855,
        319.41414447629455,
        369.4687631788254,
        398.508687112093,
        387.7855298730135,
        465.5756415433884,
        516.9733850922585,
        448.87415035367013,
        515.6337341951132,
        556.6594480718375,
        606.9930175032616,
        680.3462677855491
    ],
    "actual": [
        618.061,
        885.3399999999999,
        853.529,
        853.529,
        717.442,
        958.442,
        849.895,
        967.999,
        889.819,
        1070.259,
        928.4,
        1205.29
    ],
    "mse": 194385.51327792683,
    "rmse": 440.8917251184545,
    "mape": 47.56329693232404
}