{
    "predictions": [
        163.08355741080643,
        203.66108953797817,
        243.30974934995174,
        237.20621976286174,
        154.1700558027625,
        179.62349919840693,
        231.59534032893183,
        274.7239870154262,
        279.58137494349484,
        334.6291262735129,
        346.1417267980576,
        305.8449959032536
    ],
    "actual": [
        144.7,
        240.0,
        298.4,
        307.8,
        208.9,
        236.8,
        249.0,
        201.3,
        102.5,
        190.0,
        145.6,
        163.2
    ],
    "mse": 11206.282397221386,
    "rmse": 105.85972981838461,
    "mape": 53.08955021221683
}