{
    "predictions": [
        343.8111800014377,
        350.8184892195464,
        351.0705405645967,
        358.7881288551689,
        360.4213871257306,
        358.0842169561387,
        360.2979839980007,
        355.8709979087115,
        366.00811210393914,
        374.9147700331808,
        383.4036474432946,
        383.5297122582794
    ],
    "actual": [
        479.7,
        545.1,
        484.30000000000007,
        411.2,
        417.1,
        427.20000000000005,
        390.40000000000003,
        396.1,
        325.5,
        405.6,
        472.09999999999997,
        439.90000000000003
    ],
    "mse": 8404.10610926183,
    "rmse": 91.6739118248034,
    "mape": 16.955974147372874
}