{
    "predictions": [
        810.1424550674557,
        720.8949440683424,
        785.5263585733175,
        931.4256336722373,
        928.7697519780098,
        1168.7294887696505,
        1262.351728010118,
        1329.1570076933504,
        1406.624930086851,
        1337.714942646444,
        1428.9959749130605,
        1415.4629892312885
    ],
    "actual": [
        807.408,
        829.828,
        1240.723,
        1215.22,
        1177.363,
        1804.32,
        1305.504,
        1282.187,
        1494.112,
        1800.132,
        1947.043,
        1570.614
    ],
    "mse": 106948.94937090889,
    "rmse": 327.03050220263685,
    "mape": 17.070414548797217
}