{
    "predictions": [
        11.46287857311964,
        25.11657735651732,
        16.96439643482864,
        18.604631654143336,
        36.264890919983394,
        23.852379688948396,
        39.95018648406864,
        46.49091352772713,
        39.28866021421552,
        40.934510848969225,
        39.67656222677231,
        58.441622798740866
    ],
    "actual": [
        64.6,
        53.2,
        19.8,
        18.8,
        37.6,
        44.900000000000006,
        49.199999999999996,
        73.5,
        125.2,
        84.4,
        81.3,
        109.4
    ],
    "mse": 1539.951632200941,
    "rmse": 39.242217473034586,
    "mape": 39.52293964817714
}