{
    "predictions": [
        251.45262510776521,
        258.87904479503635,
        261.1879406213761,
        263.73790855407714,
        268.45008568763734,
        276.6403489351273,
        283.5053412914276,
        278.9631814479828,
        278.4217248916626,
        281.7980371952057,
        277.3531255960465,
        270.88542308807376
    ],
    "actual": [
        192.70000000000002,
        199.8,
        236.4,
        242.6,
        231.9,
        264.8,
        309.0,
        330.99999999999994,
        325.5,
        331.1,
        254.60000000000002,
        257.1
    ],
    "mse": 1516.0132117738776,
    "rmse": 38.936014328303784,
    "mape": 13.926142948150735
}