{
    "predictions": [
        210.7859528220296,
        235.8465111308694,
        256.7022582131028,
        247.36966015791896,
        185.465478489846,
        194.0980410295725,
        200.72431630516053,
        212.88412468189003,
        290.0992158623338,
        303.5493820608854,
        340.6366110818386,
        412.06502887845045
    ],
    "actual": [
        622.295,
        433.004,
        51.448,
        158.648,
        251.846,
        251.846,
        322.113,
        312.384,
        371.5930000000001,
        566.322,
        633.666,
        535.801
    ],
    "mse": 38954.64598764855,
    "rmse": 197.3693136930069,
    "mape": 68.58590093072769
}