{
    "predictions": [
        596.2162335515022,
        609.7381329536438,
        601.2820274829865,
        596.5501661896706,
        609.5670036673546,
        596.7854857444763,
        601.0026162862778,
        599.4623184204102,
        614.6850361227989,
        631.912603020668,
        638.1103211641312,
        602.2891969680786
    ],
    "actual": [
        533.0,
        652.0000000000001,
        617.0,
        510.0,
        676.0000000000001,
        817.0,
        762.0,
        706.0,
        734.0000000000001,
        889.0,
        807.0,
        593.0
    ],
    "mse": 17719.879754662954,
    "rmse": 133.11603868303382,
    "mape": 14.877430360173568
}