{
    "predictions": [
        496.5219282848835,
        495.62898101544374,
        505.3848024872541,
        512.8570020581484,
        516.5388418703079,
        519.8915254135131,
        528.2655987756252,
        544.3602097576857,
        543.6848372349739,
        553.5317313607931,
        556.7674479595422,
        586.6233619697093
    ],
    "actual": [
        689.607,
        748.995,
        782.688,
        797.938,
        780.978,
        815.65,
        826.909,
        868.879,
        866.1569999999999,
        879.862,
        839.844,
        834.106
    ],
    "mse": 80283.80196841079,
    "rmse": 283.3439640585463,
    "mape": 34.52200596450827
}