{
    "predictions": [
        86.7224211654067,
        82.39271562498807,
        83.30769623547792,
        77.55234696123004,
        71.66098346579075,
        69.33785597929358,
        62.71819332396984,
        48.398126108318564,
        42.805256713047626,
        31.803923211827875,
        24.674075910039242,
        22.166614075586196
    ],
    "actual": [
        182.908,
        112.823,
        169.502,
        131.691,
        162.149,
        138.567,
        149.067,
        145.14,
        211.98800000000003,
        129.97,
        220.92,
        141.562
    ],
    "mse": 11780.090149484902,
    "rmse": 108.53612370766197,
    "mape": 60.864762143168036
}