{
    "predictions": [
        113.97829192167524,
        116.74932984399798,
        113.62398181343082,
        118.34946774661545,
        124.07990710347894,
        125.42412366425994,
        122.34575903338197,
        131.4998449466825,
        120.93699403721098,
        118.22159920001033,
        100.10105389112238,
        94.74537624001506
    ],
    "actual": [
        64.60099999999996,
        98.92499999999994,
        149.26600000000005,
        198.38400000000001,
        238.04599999999996,
        254.71899999999997,
        237.11800000000002,
        277.9920000000001,
        414.473,
        364.9940000000001,
        314.957,
        -615.92
    ],
    "mse": 64419.843069054456,
    "rmse": 253.81064412087696,
    "mape": 56.70337476029928
}