{
    "predictions": [
        176.09597170376776,
        172.02082698369026,
        171.25532134622333,
        182.86233022761343,
        210.1952416693568,
        201.94673315000531,
        201.87769843304156,
        213.97256613337993,
        216.2669682369232,
        217.32124642646312,
        228.62885354256628,
        245.4802022079229
    ],
    "actual": [
        330.204,
        304.2,
        388.68600000000004,
        430.2130000000001,
        403.001,
        286.913,
        422.088,
        545.637,
        498.25399999999996,
        354.665,
        475.269,
        624.6
    ],
    "mse": 54625.78735234516,
    "rmse": 233.7216022372454,
    "mape": 50.15688046158699
}