{
    "predictions": [
        -1.1279527781903744,
        2.3490051039084796,
        1.7681879671588543,
        -1.5918419513963165,
        33.56381105697155,
        63.48115088206531,
        67.46040226507188,
        51.35117861598731,
        52.94407595819236,
        53.48600598460437,
        70.97655773627758,
        71.4794518121481
    ],
    "actual": [
        50.25,
        53.873,
        51.91,
        49.465,
        61.583,
        0.0,
        51.392,
        0.0,
        45.82,
        0.0,
        46.557,
        0.0
    ],
    "mse": 2228.5515995417295,
    "rmse": 47.20753752889182,
    "mape": Infinity
}