{
    "predictions": [
        317.4725403938293,
        301.6936109532118,
        316.7207565592527,
        310.0964409726858,
        347.13205200994014,
        417.70910775113106,
        454.41894699835774,
        490.26190505421164,
        518.4231628552675,
        536.5926036667823,
        531.9441380881071,
        490.1475306707621
    ],
    "actual": [
        357.821,
        130.188,
        -16.85,
        -16.85,
        60.496,
        60.496,
        292.78399999999993,
        164.01899999999998,
        128.58,
        92.521,
        77.575,
        150.78
    ],
    "mse": 105193.85273803078,
    "rmse": 324.3360182558064,
    "mape": 581.2785145603141
}