{
    "predictions": [
        513.4408651708364,
        517.6948125799298,
        535.4547664369941,
        540.2957549475432,
        544.8372852779031,
        570.8417216650248,
        580.1218724130988,
        568.7276454999447,
        580.5583441938758,
        610.1406784620881,
        612.7739331051112,
        636.3455098435282
    ],
    "actual": [
        644.668,
        685.527,
        694.328,
        685.88,
        618.0,
        664.0,
        670.0,
        717.0,
        669.0,
        736.0,
        746.0,
        750.0
    ],
    "mse": 15853.893392334887,
    "rmse": 125.91224480698804,
    "mape": 17.686769817911184
}