{
    "predictions": [
        204.36514425736667,
        207.5194842092395,
        210.8475477553606,
        202.5138921506405,
        195.50783899855614,
        185.79349972498417,
        163.7718979151249,
        156.68437570285798,
        149.11139990699292,
        162.18321548861266,
        188.35165920060874,
        188.35702214342356
    ],
    "actual": [
        199.138,
        199.371,
        195.264,
        198.237,
        203.69499999999996,
        194.597,
        206.804,
        215.336,
        255.627,
        252.945,
        227.708,
        231.363
    ],
    "mse": 2397.73966228187,
    "rmse": 48.966719946121266,
    "mape": 15.571757143446282
}