{
    "predictions": [
        1440.6274627002479,
        1491.508797313154,
        1439.272044865489,
        2086.149343921185,
        1977.7337080339198,
        1669.885363233179,
        2812.474773804963,
        2001.067499128819,
        2675.1160436192754,
        4194.092595339418,
        4484.715528183819,
        5305.073484095693
    ],
    "actual": [
        1360.9,
        1381.3,
        1331.9,
        1297.7,
        1102.3,
        1119.6,
        1316.4,
        1316.4,
        830.9,
        1763.6000000000001,
        1628.5,
        1055.7
    ],
    "mse": 3329288.355409013,
    "rmse": 1824.6337592538985,
    "mape": 109.54661873988243
}