{
    "predictions": [
        73.21987304431201,
        77.14721850252153,
        81.4257499587536,
        75.49844283849002,
        80.87425627937914,
        81.92195400232077,
        73.4653676326871,
        64.9733098422289,
        64.28789046603443,
        56.09529166957738,
        48.78590715655686,
        52.58768275240065
    ],
    "actual": [
        87.21,
        64.371,
        162.683,
        144.974,
        164.207,
        154.007,
        170.497,
        160.009,
        180.398,
        160.93599999999998,
        232.07,
        174.917
    ],
    "mse": 9617.226788472806,
    "rmse": 98.06746039575414,
    "mape": 52.17015225688143
}