{
    "predictions": [
        246.82856703996657,
        254.80707688331603,
        127.06634808778762,
        33.920333695411664,
        139.00274087190627,
        211.6164011478424,
        154.4903184890747,
        169.05632729530333,
        230.2573352575302,
        248.23353816270827,
        196.91977537870406,
        180.61328686475753
    ],
    "actual": [
        259.0,
        342.1000000000001,
        132.1,
        132.1,
        262.1,
        258.4,
        234.40000000000003,
        375.5,
        179.1,
        281.90000000000003,
        255.39999999999995,
        456.2
    ],
    "mse": 13908.120582578036,
    "rmse": 117.93269513827808,
    "mape": 32.19185129929115
}