{
    "predictions": [
        99.78540677356719,
        103.69890432167053,
        104.44879438686371,
        101.77554703998564,
        99.85576502132415,
        89.80067333030699,
        83.29327975082397,
        76.8184662132263,
        71.97616902160644,
        69.09088295269011,
        65.39430503177641,
        57.817358706474295
    ],
    "actual": [
        47.461,
        104.09600000000003,
        85.618,
        69.821,
        75.52199999999999,
        106.43899999999998,
        80.441,
        71.51399999999998,
        76.08600000000001,
        110.079,
        86.41200000000002,
        79.07599999999998
    ],
    "mse": 634.126816683179,
    "rmse": 25.181874765060265,
    "mape": 27.587328344332345
}