{
    "predictions": [
        23144860.45730114,
        22685882.675409317,
        22611141.13509655,
        23262869.91238594,
        23269572.677850723,
        22846402.497529984,
        22519627.88939476,
        21951237.815499306,
        22038544.927954674,
        20616965.923786163,
        19665846.77964449,
        20367799.28135872
    ],
    "actual": [
        26061000.0,
        23065000.0,
        21579000.0,
        28810000.0,
        25009000.0,
        24940000.0,
        15020000.0,
        21150000.0,
        21617000.0,
        21617000.0,
        24341000.0,
        23035000.0
    ],
    "mse": 11243959277077.033,
    "rmse": 3353201.3475300036,
    "mape": 11.941807469997679
}