{
    "predictions": [
        1173347.0100760357,
        889836.6514444249,
        1103758.2073211567,
        -2460804.456114779,
        -2055402.7374982934,
        -3034539.3832922084,
        -4589789.379775534,
        -4902239.12113906,
        -7914040.228366862,
        -13488973.900318155,
        -19781542.811930187,
        -26232379.307240255
    ],
    "actual": [
        -42542000.0,
        -46464000.0,
        -120559000.0,
        -12767999.999999994,
        2986999.999999993,
        12937999.999999993,
        5025000.0000000065,
        13716999.999999996,
        47696000.000000015,
        60767000.00000001,
        58947000.0,
        70365999.99999999
    ],
    "mse": 3659750589713522.5,
    "rmse": 60495872.50146511,
    "mape": 126.27397749740197
}