{
    "predictions": [
        47.154054036176205,
        48.906223971909284,
        50.03111045770049,
        50.35785200731754,
        51.491287752193216,
        52.20684694076181,
        52.64227873692513,
        51.112984227085114,
        52.19102819482088,
        51.99605560951233,
        51.689148150670526,
        51.081713064056636
    ],
    "actual": [
        47.002,
        50.443,
        50.947,
        51.143,
        51.993,
        50.758,
        53.277,
        53.977,
        56.058,
        56.85300000000001,
        54.173,
        79.776
    ],
    "mse": 73.57262038393372,
    "rmse": 8.577448360901611,
    "mape": 6.08454070429252
}