{
    "predictions": [
        343.0919187247753,
        343.2187888503075,
        327.26826959848404,
        332.67394105196,
        341.0537196278572,
        333.7499082684517,
        334.7958472937346,
        339.73367328643803,
        343.635207810998,
        347.0200484842062,
        345.39818693399434,
        343.75226755142216
    ],
    "actual": [
        273.9,
        436.4,
        495.00000000000006,
        417.9,
        385.0,
        481.1000000000001,
        578.7,
        361.7,
        430.4,
        374.5,
        396.4,
        330.0
    ],
    "mse": 11963.028436805735,
    "rmse": 109.37562999501185,
    "mape": 19.640492588185168
}