{
    "predictions": [
        461.9248447217941,
        483.49150700521466,
        484.70721676522487,
        501.83072963857643,
        517.2072778282761,
        536.0750102455615,
        536.6940392519831,
        550.7236388866901,
        572.8459456043242,
        554.0976971529722,
        605.9279410935044,
        615.4792324132919
    ],
    "actual": [
        580.2,
        513.8,
        549.6,
        643.2,
        584.7,
        619.5,
        637.3,
        661.9,
        731.2999999999998,
        694.3,
        702.6,
        736.9
    ],
    "mse": 11829.463578740457,
    "rmse": 108.76333747518258,
    "mape": 15.813344461401918
}