{
    "predictions": [
        162.1381316870451,
        195.42020862025024,
        213.2844316507578,
        210.2666007385254,
        177.8097061355114,
        197.24135345488787,
        233.56838315176964,
        227.38138577073812,
        211.76370506578684,
        238.9674032585025,
        252.15724080997705,
        244.997006411314
    ],
    "actual": [
        103.33699999999999,
        279.242,
        297.682,
        238.118,
        126.45100000000001,
        284.84,
        326.324,
        264.777,
        144.883,
        320.671,
        356.712,
        281.266
    ],
    "mse": 5174.269647551435,
    "rmse": 71.93239637014351,
    "mape": 29.56094651821913
}