{
    "predictions": [
        295.76301277321573,
        344.71534558409445,
        444.51624776202436,
        372.86281835320585,
        392.5005287620723,
        298.5182879749536,
        281.6061925006359,
        197.46506584486363,
        408.51342728015777,
        497.5350130876302,
        593.7291125707029,
        700.5998101201652
    ],
    "actual": [
        783.2999999999998,
        846.7999999999998,
        608.9,
        517.6,
        574.7,
        572.1,
        450.1,
        390.2,
        469.5,
        425.99999999999994,
        343.4,
        246.39999999999998
    ],
    "mse": 82427.62121762875,
    "rmse": 287.10210939250993,
    "mape": 52.48829603101552
}