{
    "predictions": [
        2441621448.934078,
        2379371294.0633297,
        2322773035.8302593,
        2394351855.1945686,
        2369246799.15905,
        2265802285.0632668,
        2185820992.8035736,
        2128192836.3919258,
        2074474395.6625462,
        2086776056.7903519,
        2074774651.9714594,
        2105950686.7438555
    ],
    "actual": [
        2127999999.9999998,
        2352000000.0,
        2527000000.0,
        3105000000.0,
        3201000000.0,
        3011000000.0,
        240000000.0,
        3330000000.0,
        3330000000.0,
        1988000000.0,
        3548000000.0,
        3990999999.9999995
    ],
    "mse": 1.20278624563281e+18,
    "rmse": 1096716118.9810288,
    "mape": 89.65669140312133
}