{
    "predictions": [
        63.856164830207824,
        44.277625859916206,
        29.1743984028399,
        31.563099012374877,
        22.46090384359658,
        14.035019217208028,
        20.40103225774318,
        32.876403159201146,
        54.76004232701659,
        38.33994931021333,
        38.57501729041338,
        31.09078025051951
    ],
    "actual": [
        30.547999999999995,
        11.601,
        11.601,
        60.65400000000001,
        54.33299999999999,
        51.85099999999999,
        51.85099999999999,
        21.32,
        47.190999999999995,
        47.447,
        67.776,
        53.216
    ],
    "mse": 698.6068273966149,
    "rmse": 26.431171510105543,
    "mape": 79.70799134841369
}