{
    "predictions": [
        80.27745917415619,
        77.14336590242385,
        80.82437289762497,
        75.15659066963195,
        68.49804208111763,
        72.85147899723053,
        67.02539601540565,
        62.74960201835632,
        60.453207436084746,
        63.590591421127314,
        73.71853480958939,
        90.27407575750351
    ],
    "actual": [
        63.33200000000001,
        93.51,
        70.108,
        57.256,
        98.621,
        50.703,
        58.108,
        73.87799999999999,
        189.1,
        53.293,
        49.43999999999999,
        61.123000000000005
    ],
    "mse": 1723.9055081746849,
    "rmse": 41.51994109069382,
    "mape": 31.633198766097358
}