{
    "predictions": [
        166.57294178009033,
        174.07266855239868,
        180.7187179327011,
        182.1828875541687,
        173.13105297088623,
        171.7773756980896,
        171.06125235557556,
        166.58042693138123,
        175.46287500858307,
        165.83378720283508,
        164.6248118877411,
        167.12174320220947
    ],
    "actual": [
        188.0,
        170.0,
        170.0,
        178.0,
        178.0,
        125.0,
        125.0,
        165.0,
        165.0,
        169.0,
        169.0,
        195.0
    ],
    "mse": 488.3246071461735,
    "rmse": 22.09806795052847,
    "mape": 10.459355830497902
}