{
    "predictions": [
        110.81526986819506,
        85.1729573636949,
        91.22302924248575,
        108.95947256815434,
        125.16243945896626,
        126.07957588803768,
        123.42489664572477,
        112.50675488048792,
        116.1642640503645,
        121.90560716861486,
        143.0641220036745,
        145.00774965316057
    ],
    "actual": [
        152.914,
        150.687,
        150.687,
        137.559,
        137.559,
        134.11,
        134.11,
        120.492,
        112.923,
        111.90800000000002,
        124.214,
        121.89100000000002
    ],
    "mse": 984.5464002196431,
    "rmse": 31.377482375417618,
    "mape": 17.233302496813856
}