{
    "predictions": [
        135.35828685438625,
        139.3010886037349,
        139.09403764522068,
        138.44844332617515,
        144.62499604767555,
        147.6170286290645,
        153.06221815651648,
        140.27734372133008,
        98.8945777652263,
        72.08207549828285,
        53.21933924961084,
        17.163047238230643
    ],
    "actual": [
        29.501000000000012,
        -19.68800000000001,
        -7.861000000000026,
        -108.162,
        59.77900000000001,
        66.12700000000002,
        139.82499999999996,
        -29.720999999999982,
        101.627,
        -119.23,
        -83.758,
        -82.454
    ],
    "mse": 18925.336823080183,
    "rmse": 137.5693891208367,
    "mape": 379.8251665373957
}