{
    "predictions": [
        301.9476198227406,
        300.5612911629677,
        308.87355935406686,
        318.92532007026676,
        325.4498485732079,
        327.4220100784302,
        336.40501896429066,
        340.1692147591114,
        344.49785986304283,
        352.8794903409481,
        355.5224372763634,
        366.1334803593159
    ],
    "actual": [
        404.71799999999996,
        422.721,
        432.18800000000005,
        443.323,
        439.003,
        460.867,
        467.953,
        463.203,
        353.053,
        315.904,
        457.169,
        473.976
    ],
    "mse": 11892.704731061747,
    "rmse": 109.05367820968601,
    "mape": 23.291093847560486
}