{
    "predictions": [
        861.3151834118365,
        806.7238781124353,
        715.9415137380361,
        697.6655036729574,
        583.4898372465371,
        572.9836299353838,
        510.82262920141216,
        448.1688670587539,
        549.030749425888,
        539.5606075024604,
        689.949624454975,
        679.9721084749698
    ],
    "actual": [
        1737.1,
        1666.7,
        1017.5,
        979.2,
        1570.1,
        1557.4,
        1109.9,
        1281.7,
        1076.9,
        1398.7,
        1816.9,
        1663.4
    ],
    "mse": 660567.8521116582,
    "rmse": 812.753254137846,
    "mape": 53.08727373214575
}