{
    "predictions": [
        45.484063827991484,
        43.422001445293425,
        48.74522666931152,
        51.68579689264297,
        55.92998749017715,
        50.43249425888061,
        56.385868835449216,
        53.291487264633176,
        51.130482196807854,
        50.57269372940063,
        48.35769093036651,
        49.238643920421595
    ],
    "actual": [
        23.1,
        11.8,
        52.9,
        54.6,
        55.4,
        35.8,
        70.2,
        67.0,
        50.9,
        44.1,
        84.3,
        63.00000000000001
    ],
    "mse": 303.5891429023989,
    "rmse": 17.42380965525045,
    "mape": 44.971096091825785
}