{
    "predictions": [
        215.49209282398223,
        215.56387988328933,
        228.41826797127723,
        234.5776877492666,
        238.61900995373725,
        245.2678666949272,
        240.7625696480274,
        261.4129185795784,
        259.1188336551189,
        263.1474816977978,
        262.27763496041297,
        279.76490570902826
    ],
    "actual": [
        306.0,
        283.5,
        281.0,
        283.9,
        248.4,
        281.0,
        310.7,
        275.3,
        243.9,
        259.3,
        230.59999999999997,
        243.6
    ],
    "mse": 2251.571999424185,
    "rmse": 47.450732338122926,
    "mape": 14.17840664749899
}