{
    "predictions": [
        189.69980827069284,
        182.99370489788058,
        190.03509781348708,
        197.62870814037325,
        242.96897653079037,
        241.36127431678776,
        215.1153132104874,
        227.29640064001086,
        221.55893526053433,
        251.79766198015216,
        322.37900151991846,
        307.049125112772
    ],
    "actual": [
        129.482,
        155.024,
        172.048,
        142.926,
        139.11,
        203.882,
        209.14300000000003,
        182.354,
        168.237,
        258.457,
        218.05400000000003,
        191.276
    ],
    "mse": 4095.498308637558,
    "rmse": 63.99608041620641,
    "mape": 31.371855106695
}