{
    "predictions": [
        67917994.6236304,
        68318792.09101194,
        68437403.71117467,
        68367843.03263241,
        68506170.31804407,
        68665501.93359089,
        66090626.97697574,
        65456327.06225014,
        65210201.14408386,
        64451735.64503795,
        63426430.30104524,
        62816837.359226525
    ],
    "actual": [
        56495000.0,
        56643000.0,
        53841000.0,
        57999999.99999999,
        58689999.99999999,
        58361000.0,
        58625000.0,
        61651000.0,
        61651000.0,
        71519000.0,
        75789000.0,
        74539000.0
    ],
    "mse": 101080710198368.17,
    "rmse": 10053890.30168761,
    "mape": 15.566660022123777
}