{
    "predictions": [
        1302.186679750681,
        1520.7374349236488,
        1504.7470140010118,
        1416.0437910705805,
        1426.7105645984411,
        1355.4253180027008,
        1111.4139335006475,
        1070.214065514505,
        986.0546272099019,
        998.0821701474489,
        983.8864616379143,
        919.3148745484651
    ],
    "actual": [
        1244.0,
        1497.0,
        1714.0000000000002,
        1843.0,
        1749.0000000000002,
        1899.0,
        2030.0,
        2122.0,
        2070.0,
        2184.0,
        2283.0,
        1532.0
    ],
    "mse": 601986.9349582257,
    "rmse": 775.8781701776547,
    "mape": 32.25555078024318
}