{
    "predictions": [
        209.19211624085906,
        201.27384990167621,
        195.05042367959027,
        188.23967316460613,
        174.0305936713219,
        167.03715816855433,
        157.92130436336998,
        147.65923728787902,
        150.3098217184544,
        134.32915852755312,
        130.90513351565602,
        119.98455854463579
    ],
    "actual": [
        85.15500000000002,
        85.214,
        102.98599999999999,
        105.42100000000002,
        107.49400000000001,
        94.789,
        106.72,
        58.69199999999999,
        -80.341,
        100.55199999999999,
        92.724,
        91.88800000000002
    ],
    "mse": 10080.121399017866,
    "rmse": 100.39980776384915,
    "mape": 98.32730294748274
}