{
    "predictions": [
        164.92938329459727,
        158.86297311961653,
        131.85121483770013,
        147.91945285125078,
        162.38045495167376,
        159.89497819820048,
        162.6245318387002,
        172.99546650786698,
        196.06170300835373,
        229.72349212348465,
        290.45023940390354,
        334.04653341513875
    ],
    "actual": [
        680.738,
        776.254,
        631.646,
        476.103,
        374.907,
        355.509,
        460.305,
        418.512,
        351.329,
        465.34100000000007,
        447.611,
        567.79
    ],
    "mse": 116334.41171901509,
    "rmse": 341.0783073122873,
    "mape": 59.126276832118165
}