{
    "predictions": [
        252.12407795500758,
        340.1721980633736,
        355.57228855776793,
        377.9536077761651,
        254.04221695351603,
        177.42498127961161,
        137.4601957600117,
        177.67680423319342,
        152.3360339639187,
        169.5771161979437,
        164.93309331035616,
        276.05892705059057
    ],
    "actual": [
        471.311,
        384.84,
        389.469,
        490.93699999999995,
        456.264,
        396.962,
        419.415,
        437.291,
        434.84,
        408.12,
        401.723,
        428.374
    ],
    "mse": 42993.42394096602,
    "rmse": 207.34855664066248,
    "mape": 44.497204918328784
}