{
    "predictions": [
        225.44320068359374,
        221.2246487121582,
        229.0087984161377,
        217.2054438934326,
        220.84020866394042,
        212.01032861328125,
        208.34900782775878,
        235.5286693572998,
        247.9948013153076,
        292.2171420898437,
        306.9165893859863,
        324.4601302490234
    ],
    "actual": [
        289.759,
        225.753,
        291.941,
        273.777,
        272.757,
        272.757,
        279.626,
        279.626,
        229.649,
        240.291,
        266.899,
        278.361
    ],
    "mse": 2623.979698496103,
    "rmse": 51.22479573893978,
    "mape": 17.511706038317744
}