{
    "predictions": [
        1026.1070209761858,
        1038.287053686887,
        1034.9841660642028,
        1041.5875061770678,
        1052.856995011747,
        1045.9186502416135,
        1028.6603878596425,
        1004.9965094271898,
        991.2298791791796,
        968.8719275207519,
        970.4281076440215,
        965.5470367365182
    ],
    "actual": [
        932.311,
        944.515,
        942.1,
        968.5,
        1020.551,
        995.1150000000001,
        996.9819999999999,
        1027.592,
        1027.592,
        1444.143,
        1128.329,
        1084.362
    ],
    "mse": 25246.115964975786,
    "rmse": 158.89026390869827,
    "mape": 9.37014382041972
}