{
    "predictions": [
        490.0165322711467,
        489.4234487383365,
        514.2203578358292,
        606.3558407350778,
        616.0991138932704,
        551.1932994705438,
        578.7919509892463,
        598.797665010929,
        620.854637366414,
        626.1832281168698,
        695.6079475190638,
        655.0846304087638
    ],
    "actual": [
        478.5,
        451.5,
        494.3,
        397.0,
        463.5,
        453.6,
        496.1,
        520.7,
        506.19999999999993,
        485.3,
        511.3,
        550.2
    ],
    "mse": 14125.802328001075,
    "rmse": 118.85201861138529,
    "mape": 21.70552786730814
}