{
    "predictions": [
        664.0073514336348,
        748.9023379216195,
        607.2046751636267,
        311.9453579510451,
        427.58062871742254,
        265.164904980898,
        442.0702233225108,
        249.88147743648295,
        748.8140140812397,
        1364.4488040862084,
        2549.1931416492466,
        3291.528533441067
    ],
    "actual": [
        1582.413,
        1713.764,
        1318.558,
        861.289,
        943.054,
        1174.705,
        840.968,
        630.258,
        893.011,
        694.884,
        516.489,
        363.052
    ],
    "mse": 1429665.11668327,
    "rmse": 1195.6860443625117,
    "mape": 148.7196329891213
}