{
    "predictions": [
        144.54010808467865,
        148.4427253305912,
        149.3367941081524,
        163.06718719005585,
        156.16613456606865,
        139.01636630296707,
        149.35997366905212,
        158.2379244863987,
        160.11481687426567,
        169.93728685379028,
        179.63455140590668,
        177.0839303135872
    ],
    "actual": [
        216.00000000000003,
        306.0,
        217.0,
        201.99999999999997,
        133.0,
        247.99999999999997,
        177.0,
        386.0,
        4.000000000000002,
        343.0,
        823.0,
        200.0
    ],
    "mse": 47487.10883540025,
    "rmse": 217.91537081032226,
    "mape": 359.4974526716562
}