{
    "predictions": [
        409.9652198194265,
        375.38192671287055,
        377.1263103678226,
        315.4528400575816,
        305.66342573863267,
        308.1765007223785,
        405.7839126850366,
        421.9758358322978,
        415.66503654503816,
        460.6614404242038,
        534.1957288463116,
        538.7285421329141
    ],
    "actual": [
        490.7,
        590.9,
        538.8,
        463.8,
        383.8,
        445.0,
        445.0,
        387.3,
        310.8,
        252.3,
        438.6,
        313.2
    ],
    "mse": 20257.545679066683,
    "rmse": 142.3290050519102,
    "mape": 32.82643635304705
}