{
    "predictions": [
        1011.8809283971788,
        1017.5833187997342,
        1075.1256387829783,
        1089.3483141660693,
        1118.9596264362337,
        1003.1161302924157,
        1062.0651759803297,
        1145.5745305716994,
        1132.3067198991778,
        1154.0252521932127,
        1071.5093623399737,
        1163.372753351927
    ],
    "actual": [
        1012.0,
        1156.0,
        1092.0,
        1481.0000000000002,
        992.0,
        1318.0,
        1265.0000000000002,
        1685.0,
        1232.0,
        1309.0,
        1437.0,
        1978.0000000000002
    ],
    "mse": 120952.06972198875,
    "rmse": 347.7816408639029,
    "mape": 17.605896588504002
}