{
    "predictions": [
        33.8533340667188,
        34.64386753079294,
        34.2069696831107,
        33.670122121512875,
        33.09816472938655,
        35.13828153091668,
        34.49491211104392,
        35.752751598894584,
        36.64094045993684,
        40.137807247430075,
        45.452400321304786,
        50.2999021104276
    ],
    "actual": [
        142.8,
        157.09999999999997,
        153.9,
        87.1,
        76.3,
        4.499999999999999,
        4.499999999999999,
        3.2999999999999985,
        8.499999999999996,
        7.699999999999998,
        39.699999999999996,
        17.6
    ],
    "mse": 4312.5441695940635,
    "rmse": 65.66996398349906,
    "mape": 302.785348496393
}