{
    "predictions": [
        930.0170509618521,
        860.179755284071,
        628.5673956771791,
        399.2965042039454,
        443.9223289937675,
        527.7694472645223,
        476.83820625302195,
        615.7142806756497,
        760.8526997298003,
        784.1764132454396,
        732.7038397733868,
        871.615087382555
    ],
    "actual": [
        961.785,
        872.092,
        931.5220000000002,
        932.982,
        1417.6619999999998,
        1417.6619999999998,
        1060.302,
        964.342,
        965.616,
        1227.052,
        1108.0,
        1021.0
    ],
    "mse": 248419.30391194546,
    "rmse": 498.41679738141397,
    "mape": 35.23604653957641
}