{
    "predictions": [
        13484.161777853964,
        13637.85965490341,
        13847.086879014967,
        14049.218160271643,
        14073.481670856474,
        14136.942826509474,
        13962.256918072699,
        14079.823105573652,
        14213.296375274656,
        14156.723867774008,
        14230.95431756973,
        14362.887365341185
    ],
    "actual": [
        11638.0,
        10345.0,
        10723.0,
        10231.0,
        10678.0,
        11057.0,
        11203.0,
        10555.0,
        11640.0,
        11862.0,
        11586.0,
        10847.0
    ],
    "mse": 9240668.849441538,
    "rmse": 3039.846846379195,
    "mape": 27.376792016341877
}