{
    "predictions": [
        483.8310034155846,
        515.211200672388,
        551.2896254241466,
        574.2963881373405,
        566.5565056681633,
        609.1905147910118,
        628.9760589182376,
        604.9413092017173,
        572.8336467921733,
        606.2189785718917,
        630.996499466896,
        596.724772709608
    ],
    "actual": [
        425.6,
        284.1,
        493.9,
        517.4,
        327.2,
        652.4,
        768.0999999999999,
        554.1,
        485.29999999999995,
        776.4,
        693.2,
        706.8
    ],
    "mse": 16420.205130186452,
    "rmse": 128.14134824554662,
    "mape": 24.10122064499627
}