{
    "predictions": [
        258.9412754015923,
        261.42484567403795,
        258.39734255421166,
        262.93082676470283,
        267.73709479844575,
        271.30919296276574,
        275.2822514790297,
        277.4844914467335,
        280.1579467413426,
        284.27085301041603,
        284.6707786793709,
        289.8900093877316
    ],
    "actual": [
        325.0,
        302.0,
        228.0,
        227.0,
        272.0,
        263.0,
        283.0,
        283.0,
        349.00000000000006,
        319.0,
        209.99999999999997,
        323.0
    ],
    "mse": 1751.6382608500962,
    "rmse": 41.852577708548566,
    "mape": 12.395445522763527
}