{
    "predictions": [
        167.3866360902786,
        161.03093173503873,
        155.59385185241698,
        169.06154841780662,
        182.97860571742058,
        186.8517478644848,
        177.9959017753601,
        195.85269299149513,
        208.1246398627758,
        231.65166544914246,
        234.84103857278825,
        296.0613116145134
    ],
    "actual": [
        351.1000000000001,
        310.4,
        312.20000000000005,
        326.0,
        355.6,
        324.6,
        336.1,
        341.2,
        348.8999999999999,
        315.0,
        333.8,
        347.6
    ],
    "mse": 19943.842788160455,
    "rmse": 141.22267094259496,
    "mape": 40.88752436216101
}