{
    "predictions": [
        88.30583623945714,
        88.13197930455209,
        90.55568132698536,
        93.26218976080418,
        81.59099701642991,
        82.27477488517762,
        80.45748196840287,
        75.07863950431347,
        75.44878372251988,
        74.74324204027653,
        77.67743010222912,
        87.93852479457856
    ],
    "actual": [
        86.2,
        115.69999999999999,
        132.39999999999998,
        132.9,
        159.79999999999998,
        222.7,
        175.59999999999997,
        134.79999999999998,
        166.39999999999998,
        204.79999999999998,
        136.99999999999997,
        90.0
    ],
    "mse": 5937.622163568835,
    "rmse": 77.05596773494467,
    "mape": 38.49472246600723
}