{
    "predictions": [
        201.91207797765736,
        244.66651036727433,
        201.737008181572,
        229.60576982033257,
        182.71073095774653,
        209.98342732167248,
        202.98174821001294,
        237.00236102122074,
        239.49413833075766,
        217.36016882383828,
        214.3315403196216,
        202.1607555775643
    ],
    "actual": [
        205.546,
        177.022,
        177.022,
        205.56500000000003,
        205.56500000000003,
        223.13499999999996,
        223.13499999999996,
        199.109,
        62.917,
        186.79400000000004,
        212.825,
        212.60100000000003
    ],
    "mse": 3378.3468403840093,
    "rmse": 58.12354807119064,
    "mape": 34.445428543795245
}