{
    "predictions": [
        1832.2285736203194,
        1872.0503087639809,
        1876.6027056574821,
        1860.529179751873,
        1880.1612694263458,
        1932.0221519470215,
        1973.191281080246,
        2046.250988960266,
        2073.1045771837234,
        2060.0948119163513,
        2039.883251786232,
        2015.639394044876
    ],
    "actual": [
        1866.0,
        1995.0,
        1913.0,
        2103.0,
        2103.0,
        2598.0,
        2598.0,
        2014.0,
        2014.0,
        2414.0,
        2414.0,
        1923.0
    ],
    "mse": 103189.27373413787,
    "rmse": 321.2308729467606,
    "mape": 10.099748878662746
}