{
    "predictions": [
        581.0224264860152,
        582.435392141342,
        590.3075516223906,
        587.8763809800147,
        595.1655888557433,
        563.361518383026,
        573.9959883689879,
        586.6010707616805,
        590.661819577217,
        629.1336077451705,
        639.6485537290572,
        649.7750961780547
    ],
    "actual": [
        904.9999999999999,
        694.9999999999999,
        736.0,
        791.9999999999999,
        870.0,
        880.0,
        880.9999999999999,
        937.0,
        3510.0,
        997.9999999999999,
        912.0,
        969.0000000000001
    ],
    "mse": 784002.2859426978,
    "rmse": 885.4390357007634,
    "mape": 35.026468136374355
}