{
    "predictions": [
        63.167221275568004,
        70.12977970591187,
        190.33943210422993,
        192.56215230977534,
        176.61240877985955,
        83.75303403583169,
        124.7760679784119,
        213.21876418328284,
        290.4375683801174,
        409.7786653817892,
        436.3461333273649,
        439.9239182215929
    ],
    "actual": [
        446.655,
        556.342,
        432.897,
        269.071,
        126.033,
        249.96400000000003,
        228.66,
        155.99200000000002,
        102.544,
        232.52100000000002,
        218.72500000000002,
        83.987
    ],
    "mse": 61098.20276517566,
    "rmse": 247.18050644250985,
    "mape": 102.43512431442106
}