{
    "predictions": [
        124.2955020904541,
        125.2377058982849,
        124.41170439720153,
        129.6432163953781,
        128.14604830741882,
        125.50451724529265,
        119.96881613731384,
        120.75779049396513,
        124.2700361251831,
        120.35218963623046,
        119.24419870376586,
        119.21600160598754
    ],
    "actual": [
        55.2,
        67.1,
        55.2,
        122.10000000000001,
        94.4,
        78.7,
        89.39999999999999,
        78.3,
        36.9,
        72.4,
        104.5,
        127.4
    ],
    "mse": 2440.435119046045,
    "rmse": 49.40076030838033,
    "mape": 70.87968666503683
}