{
    "predictions": [
        36.278442611455915,
        35.2381479883194,
        36.46621825456619,
        38.10857404923439,
        39.49299197721482,
        39.41964045906067,
        38.94071810913086,
        38.54667433142662,
        38.31620096325875,
        38.06052923369408,
        38.140304483175285,
        38.32548219418526
    ],
    "actual": [
        44.51,
        40.31900000000001,
        46.772,
        37.762,
        32.861,
        32.861,
        32.861,
        42.732,
        46.621,
        46.621,
        46.621,
        53.388
    ],
    "mse": 65.20290304485074,
    "rmse": 8.074831456126546,
    "mape": 17.088573454296988
}