{
    "predictions": [
        1944.6060357391834,
        2229.8842875123023,
        1801.6040919780733,
        2392.6325426340104,
        3768.8071077108384,
        4976.81915435791,
        4962.440862464905,
        3997.530483007431,
        3898.586281132698,
        4364.932529568672,
        4656.679270172119,
        3482.0859140753746
    ],
    "actual": [
        2603.0,
        2769.0,
        2534.0,
        2565.0,
        2618.0,
        2618.0,
        2801.0,
        2789.0,
        2788.0,
        2910.0,
        2837.0,
        2986.0
    ],
    "mse": 1768213.703030201,
    "rmse": 1329.7419685902228,
    "mape": 42.127442312206206
}