{
    "predictions": [
        94.09519497680665,
        87.44327485948803,
        83.08455590045453,
        96.81318894326688,
        101.9028878453374,
        117.4125695706606,
        144.71683433771133,
        134.80262564069034,
        119.69482606098056,
        132.9412018468976,
        144.54340648651123,
        154.98910038405657
    ],
    "actual": [
        110.0,
        235.00000000000003,
        151.0,
        160.0,
        103.0,
        204.0,
        122.0,
        136.0,
        108.0,
        160.0,
        117.0,
        93.0
    ],
    "mse": 3676.4450790239916,
    "rmse": 60.633695904373106,
    "mape": 28.555437290576386
}