{
    "predictions": [
        254.7978748972416,
        247.75398682916165,
        270.9091948482394,
        223.38276062572,
        157.0925975368023,
        196.0522391476631,
        224.3351968922019,
        190.2482318649888,
        202.45511690688133,
        234.6783985322118,
        307.35974575513603,
        297.3098829817176
    ],
    "actual": [
        302.707,
        387.65199999999993,
        735.845,
        248.8,
        455.39399999999995,
        538.631,
        589.109,
        326.029,
        671.694,
        526.595,
        660.911,
        254.55400000000003
    ],
    "mse": 85728.77853176021,
    "rmse": 292.79477203625106,
    "mape": 46.13101729175206
}