{
    "predictions": [
        80.33681083917618,
        78.92920336917042,
        93.17439943045378,
        115.85313397336006,
        96.46009555864333,
        96.88350983199477,
        103.44288118636608,
        114.884934471488,
        109.60611811110377,
        116.31382414966822,
        132.9633800289631,
        150.89827534085512
    ],
    "actual": [
        124.511,
        191.487,
        206.051,
        285.255,
        103.147,
        90.197,
        94.965,
        94.965,
        122.624,
        156.89300000000003,
        153.21,
        176.871
    ],
    "mse": 4959.790075948703,
    "rmse": 70.42577707025109,
    "mape": 26.383789843546367
}