{
    "predictions": [
        246112643.1247592,
        321410045.4291105,
        246289250.11128187,
        123464451.041162,
        190749479.54946756,
        330430642.398119,
        327102047.37353325,
        284921736.3587618,
        319325086.5674019,
        394465586.9643688,
        353799594.96068954,
        292034565.56129456
    ],
    "actual": [
        298099999.99999994,
        463000000.0,
        268200000.0,
        268200000.0,
        325299999.99999994,
        325299999.99999994,
        297500000.0,
        489100000.0,
        241500000.0,
        334500000.0,
        292900000.0,
        533700000.0
    ],
    "mse": 1.4719802482381158e+16,
    "rmse": 121325193.10671283,
    "mape": 26.751376552667654
}