{
    "predictions": [
        119.54731639623643,
        112.73251512050629,
        114.52813353538514,
        108.5594319343567,
        102.36638073325157,
        104.90537421703338,
        101.64918972849846,
        112.88346391916275,
        119.02158107757569,
        137.11190353631974,
        163.25904068946838,
        178.56425380706787
    ],
    "actual": [
        271.4,
        212.1,
        172.2,
        228.1,
        174.2,
        182.6,
        189.6,
        243.30000000000004,
        170.3,
        171.0,
        214.4,
        263.4
    ],
    "mse": 8339.987390632663,
    "rmse": 91.3235314178808,
    "mape": 39.872052899275914
}