{
    "predictions": [
        334.696019923687,
        417.33736865520484,
        497.61490567922596,
        504.5101305603982,
        616.8324773430825,
        734.0476102471353,
        699.9326043009759,
        738.8361835360528,
        828.5922530412674,
        716.9809457063676,
        939.0177099585534,
        813.4352663874627
    ],
    "actual": [
        504.4,
        721.7,
        733.7,
        889.4,
        1160.9,
        981.2,
        845.8,
        976.2,
        979.9,
        977.8,
        1089.4,
        1080.9
    ],
    "mse": 78758.15977436445,
    "rmse": 280.6388422409921,
    "mape": 28.795853681735128
}