{
    "predictions": [
        174.0597207789421,
        184.96773956090212,
        219.97549810540676,
        214.526577057302,
        207.3102285358906,
        215.19835962831974,
        233.56375937485694,
        224.9854198446274,
        223.88168750995396,
        238.06972624409198,
        266.7375982728004,
        268.66434816408156
    ],
    "actual": [
        180.8,
        158.0,
        163.6,
        199.9,
        223.6,
        223.6,
        163.8,
        159.6,
        136.2,
        140.6,
        140.6,
        243.3
    ],
    "mse": 3948.789422018172,
    "rmse": 62.83939387055044,
    "mape": 32.58454422305476
}