{
    "predictions": [
        31.419930145740505,
        31.396641848087306,
        31.87115936040878,
        32.907890764474864,
        32.018430540561674,
        32.30454233050346,
        29.68053929567337,
        31.147816423177716,
        31.728131136894223,
        31.389794085025784,
        31.270541176795955,
        31.9555720603466
    ],
    "actual": [
        31.28,
        35.69,
        43.3,
        29.57,
        22.65,
        23.38,
        39.81,
        37.29,
        37.29,
        26.31,
        32.13,
        22.4
    ],
    "mse": 51.395506475590715,
    "rmse": 7.169065941640564,
    "mape": 20.93044120882162
}