{
    "predictions": [
        441.60451319670676,
        494.28705392241477,
        473.2922834460735,
        476.22724496769905,
        462.77709141159056,
        447.92109314537043,
        411.71314757823944,
        399.7489135532379,
        436.7635181457996,
        512.9938555347919,
        483.03256385397907,
        453.11171850800514
    ],
    "actual": [
        454.03,
        341.673,
        341.673,
        661.611,
        661.611,
        431.168,
        450.709,
        450.709,
        367.418,
        670.723,
        438.149,
        441.269
    ],
    "mse": 12575.95658495326,
    "rmse": 112.14257258041327,
    "mape": 18.59670452577676
}