{
    "predictions": [
        1239.0729841986895,
        1099.1019936980904,
        1301.0638611597417,
        2406.655835762501,
        3056.993797745526,
        3231.7769098609688,
        2876.939624982119,
        3759.177658380568,
        4992.77782440269,
        4000.92621094358,
        5951.181777445078,
        8598.081150586368
    ],
    "actual": [
        4483.0,
        3528.0,
        4644.0,
        4890.0,
        3709.9999999999995,
        3553.0,
        2998.9999999999995,
        3296.0,
        2875.0,
        3251.0000000000005,
        4224.0,
        3086.0
    ],
    "mse": 6078119.1388211,
    "rmse": 2465.3841767199488,
    "mape": 52.081232809856125
}