{
    "predictions": [
        23.033216906547544,
        23.304388672590257,
        24.1276147377491,
        25.026945348739623,
        25.378560303211213,
        24.671411087751387,
        17.618841886520386,
        14.762388892054558,
        15.378897127866745,
        16.153737752676008,
        22.960651953458786,
        25.664729112386702
    ],
    "actual": [
        24.730000000000004,
        22.036000000000005,
        32.662,
        31.416999999999998,
        28.214,
        18.869000000000003,
        27.730999999999998,
        26.01,
        24.195,
        15.872999999999998,
        19.129000000000005,
        23.809
    ],
    "mse": 40.37969781361617,
    "rmse": 6.354502168826144,
    "mape": 20.468888012302997
}