{
    "predictions": [
        177.30954186004408,
        151.39392535901078,
        152.47462756764895,
        170.14176721793422,
        188.1074885163904,
        199.47373860156543,
        199.47083446395405,
        183.19731784993417,
        225.4977157372237,
        219.3229746496082,
        244.21034492760904,
        260.6940485012532
    ],
    "actual": [
        207.0260000000001,
        193.19999999999993,
        151.20000000000013,
        231.50000000000006,
        224.59999999999988,
        172.99999999999991,
        124.39999999999998,
        249.70000000000007,
        -2267.1,
        115.80000000000015,
        57.2000000000001,
        104.40000000000009
    ],
    "mse": 525137.4291502185,
    "rmse": 724.6636662274565,
    "mape": 71.4885803419802
}