{
    "predictions": [
        1787.0683212280273,
        1839.1275177001953,
        1977.56005859375,
        1764.7296829223633,
        1834.401611328125,
        1836.9151458740234,
        1674.0716705322266,
        1818.0538864135742,
        2005.868392944336,
        2000.241195678711,
        2175.3848266601562,
        2227.4342041015625
    ],
    "actual": [
        2843.0,
        3029.0,
        3017.0,
        2487.0,
        2215.0,
        2271.9999999999995,
        2212.0,
        1870.0,
        1771.0,
        1759.0,
        2087.0,
        1812.0
    ],
    "mse": 421072.93493489333,
    "rmse": 648.9013291209176,
    "mape": 21.45719301515053
}