{
    "predictions": [
        391.3251242637634,
        382.29418313503265,
        383.9815759062767,
        380.97712111473083,
        371.1416473388672,
        348.0375038385391,
        342.6130883693695,
        336.4234136939049,
        334.1783916950226,
        325.64159870147705,
        323.41529923677444,
        314.6740942001343
    ],
    "actual": [
        297.0,
        333.0,
        333.0,
        317.0,
        280.0,
        390.0,
        357.0,
        412.0,
        345.0,
        438.0,
        379.0,
        243.0
    ],
    "mse": 4581.178795087295,
    "rmse": 67.68440584866867,
    "mape": 18.3907617879538
}