{
    "predictions": [
        21.307078443884855,
        21.119597329407934,
        22.485485353112225,
        24.409210490375763,
        22.60062506628037,
        22.33840208858252,
        23.255387701094154,
        22.978159545928246,
        23.69181137517095,
        20.04369564107061,
        23.44381938016415,
        27.910838494390255
    ],
    "actual": [
        93.157,
        122.937,
        147.241,
        10.19,
        121.315,
        124.755,
        86.545,
        33.324000000000005,
        38.036,
        39.358,
        53.76899999999999,
        35.732
    ],
    "mse": 4766.766927419351,
    "rmse": 69.0417766820883,
    "mape": 68.07757886104558
}