{
    "predictions": [
        429.4908923874497,
        433.830913334012,
        421.16718477523324,
        423.6529841063618,
        422.04580827289817,
        428.2304821602404,
        426.9780816028416,
        435.74021978724,
        439.3920869582891,
        449.45096696102615,
        447.56289912450313,
        451.5947567803859
    ],
    "actual": [
        376.641,
        377.284,
        421.754,
        409.73699999999997,
        420.32099999999997,
        423.872,
        422.552,
        476.677,
        528.974,
        577.48,
        534.873,
        623.953
    ],
    "mse": 5804.06793061137,
    "rmse": 76.18443365026329,
    "mape": 10.556809624213797
}