{
    "predictions": [
        64.18492347598075,
        73.71880942881107,
        78.07937449812889,
        81.61640820205211,
        87.6715759128332,
        84.14797674119473,
        92.46810460686683,
        80.22245861589909,
        79.6137097865343,
        84.28278951048851,
        86.76642354130745,
        83.49832938313484
    ],
    "actual": [
        82.8,
        86.5,
        69.2,
        92.4,
        23.8,
        76.9,
        30.4,
        104.99999999999999,
        85.8,
        32.4,
        18.100000000000005,
        79.4
    ],
    "mse": 1397.1220543830175,
    "rmse": 37.378095917034315,
    "mape": 93.26654019247012
}