{
    "predictions": [
        2525.838752746582,
        2531.897392272949,
        2550.15047454834,
        2591.5357055664062,
        2618.525344848633,
        2606.116668701172,
        2610.9276962280273,
        2626.8578338623047,
        2632.9908599853516,
        2657.0560150146484,
        2679.703659057617,
        2723.3127517700195
    ],
    "actual": [
        2932.0,
        3054.0,
        3196.0,
        2981.0,
        2866.0,
        2781.0,
        2757.0,
        2996.0,
        3058.0,
        3099.0,
        3105.0,
        3131.0
    ],
    "mse": 164902.18367818437,
    "rmse": 406.0814988129653,
    "mape": 12.636780188129013
}