{
    "predictions": [
        2582.6887873411174,
        2665.6398571729655,
        2616.893279790878,
        2553.1809273362155,
        2511.7288609147067,
        2633.839209079742,
        2760.518370211124,
        2824.874429941177,
        2880.123875677585,
        3174.540328919887,
        3298.622030615806,
        3269.9561028480525
    ],
    "actual": [
        4070.0000000000005,
        4338.000000000001,
        3923.000000000001,
        4129.0,
        3378.0,
        3747.000000000001,
        2274.0,
        3543.000000000001,
        2628.9999999999995,
        2968.0,
        2888.0,
        4000.0
    ],
    "mse": 1062271.4457453955,
    "rmse": 1030.6655353437386,
    "mape": 24.379119953464055
}