{
    "predictions": [
        182.97115889698267,
        187.13621319240332,
        185.82389424180985,
        187.05029732620716,
        191.51577688783408,
        193.5289721543193,
        199.5651174533963,
        200.44930672204495,
        202.5307707937956,
        207.95678780663013,
        211.7469435327053,
        213.5007289363742
    ],
    "actual": [
        243.0,
        218.00000000000003,
        163.99999999999997,
        163.0,
        163.0,
        198.0,
        218.00000000000003,
        218.00000000000003,
        260.0,
        242.0,
        127.00000000000001,
        198.0
    ],
    "mse": 1581.3096041569017,
    "rmse": 39.76568375065242,
    "mape": 17.826005441947036
}