{
    "predictions": [
        71.78374481201172,
        72.37507176399231,
        73.43684047460556,
        72.6169401705265,
        69.6850153207779,
        63.53565610945225,
        62.68944638967514,
        62.349896758794785,
        62.58842357993126,
        55.753526985645294,
        56.650038704276085,
        55.580780386924744
    ],
    "actual": [
        64.0,
        61.0,
        88.99999999999999,
        94.0,
        90.00000000000001,
        68.0,
        118.0,
        107.0,
        88.99999999999999,
        128.0,
        80.0,
        108.0
    ],
    "mse": 1298.7553051168206,
    "rmse": 36.03824780863826,
    "mape": 29.385539952782608
}