{
    "predictions": [
        415.49863175797475,
        431.78553888344777,
        459.8904261031152,
        442.4835134750606,
        383.47924013650425,
        389.33438690292843,
        401.51190958285343,
        403.7720220794679,
        376.511136442423,
        376.0315070246459,
        412.27775934040557,
        420.0552091237308
    ],
    "actual": [
        136.21599999999998,
        440.77199999999993,
        588.684,
        221.86500000000007,
        58.783,
        438.953,
        364.456,
        364.456,
        -347.817,
        -170.508,
        332.5180000000001,
        384.13100000000003
    ],
    "mse": 90429.77109948867,
    "rmse": 300.71543209401256,
    "mape": 122.92766432162361
}