{
    "predictions": [
        1396.8515375554564,
        1180.704829245806,
        1370.0439029037955,
        1330.4307336211207,
        1247.090625047684,
        1342.2539442479613,
        1293.7078315615656,
        1123.8095914125445,
        1065.3194920718672,
        951.6720885634423,
        787.283227056265,
        695.9628365039827
    ],
    "actual": [
        2192.0,
        1989.9999999999998,
        6714.0,
        4401.0,
        4401.0,
        4703.0,
        3428.0,
        4185.0,
        4185.0,
        2518.0,
        2039.0,
        1315.0
    ],
    "mse": 7381426.816646378,
    "rmse": 2716.878137982338,
    "mape": 62.504244788154764
}