{
    "predictions": [
        251.68882088816164,
        246.0393062877655,
        250.75338077712058,
        230.09974071657655,
        232.86744619601964,
        211.46557779875397,
        213.10212605705857,
        198.56553187802433,
        188.78399720957873,
        167.59997447788714,
        183.72328571553527,
        177.59830082146823
    ],
    "actual": [
        186.329,
        206.877,
        207.261,
        207.261,
        171.827,
        208.044,
        179.789,
        171.3,
        199.604,
        251.648,
        166.424,
        183.561
    ],
    "mse": 1777.1305557107805,
    "rmse": 42.15602632733285,
    "mape": 17.507435539384506
}