{
    "predictions": [
        71.67647646224498,
        73.21894879943132,
        66.34654955416917,
        64.07089761328696,
        64.36016433119772,
        54.78441189122199,
        48.04684362280368,
        46.330532439351074,
        41.51283260330557,
        37.14833511981367,
        36.337556246995916,
        37.4661935801804
    ],
    "actual": [
        25.735,
        27.045999999999996,
        23.81,
        39.796,
        51.164,
        26.874999999999996,
        23.676999999999992,
        49.213,
        46.305,
        35.812,
        25.435,
        33.596
    ],
    "mse": 696.2546563384248,
    "rmse": 26.386637836951202,
    "mape": 74.64790885793077
}