{
    "predictions": [
        201.90896764481067,
        203.26472527956963,
        211.93509613621234,
        209.9032231273651,
        213.5424591180086,
        215.4704322913885,
        217.64447746324538,
        217.2721479101181,
        222.70334138453006,
        227.2162607103586,
        230.74039308094976,
        232.6035737336874
    ],
    "actual": [
        236.7,
        247.9,
        248.2,
        257.2,
        252.9,
        260.0,
        265.1,
        266.7,
        282.6,
        287.0,
        288.8,
        272.6
    ],
    "mse": 2259.518909080665,
    "rmse": 47.53439711493841,
    "mape": 17.63572697459971
}