{
    "predictions": [
        125.45783765757086,
        126.92582817375663,
        126.9379922063947,
        127.26811255246403,
        124.37053837853672,
        121.6958133018613,
        125.290935295105,
        126.41938238716128,
        129.9252140169144,
        132.25891075313095,
        131.93427231621746,
        138.3841459527016
    ],
    "actual": [
        186.903,
        197.801,
        223.436,
        177.998,
        201.869,
        179.009,
        161.346,
        128.293,
        100.285,
        95.078,
        36.122,
        65.175
    ],
    "mse": 4006.584082600462,
    "rmse": 63.29758354471726,
    "mape": 56.73705978203656
}