{
    "predictions": [
        481.43830090671776,
        484.52040823435783,
        484.5025386320352,
        485.2255702337026,
        487.7103317854404,
        481.23523925948143,
        474.8699139805436,
        471.3254362354874,
        463.3860118308663,
        454.60208243608474,
        448.24039315563437,
        446.91462829250094
    ],
    "actual": [
        426.81299999999993,
        426.854,
        430.279,
        479.1460000000001,
        422.81000000000006,
        458.405,
        531.286,
        464.96,
        441.942,
        525.595,
        486.26199999999994,
        310.522
    ],
    "mse": 3565.9574593115526,
    "rmse": 59.715638314528235,
    "mape": 11.883246896468707
}