{
    "predictions": [
        967182211.3543748,
        926464966.8067693,
        901429471.0934161,
        927085939.5265578,
        963642396.6705798,
        926556263.7895344,
        894142407.2384833,
        961317469.0008162,
        922226512.4469994,
        1081410504.0729043,
        1198461462.384462,
        1343190407.568216
    ],
    "actual": [
        1371399999.9999998,
        1608799999.9999998,
        1488400000.0,
        1475000000.0,
        1222600000.0,
        1293299999.9999998,
        1246300000.0,
        1270400000.0,
        530500000.0,
        1034000000.0,
        540300000.0,
        1209300000.0
    ],
    "mse": 1.9180207461559043e+17,
    "rmse": 437952137.3570295,
    "mape": 38.492200670283914
}