{
    "predictions": [
        25.892917273521427,
        26.415361228942874,
        22.959823258399965,
        26.65381482934952,
        31.621362542629246,
        28.586787886142734,
        23.871394770145418,
        20.906494605064395,
        20.29662259745598,
        18.172475852489473,
        9.372897729396822,
        8.195596456527712
    ],
    "actual": [
        50.03600000000001,
        -4.194999999999997,
        -12.807,
        45.901,
        80.229,
        -7.282,
        3.267000000000003,
        42.101,
        84.401,
        14.565,
        14.565,
        62.39199999999999
    ],
    "mse": 1231.6013428927097,
    "rmse": 35.09417819087248,
    "mape": 213.0463807893992
}