{
    "predictions": [
        2099.2797144651413,
        1926.4108434915543,
        1866.266875743866,
        1515.8355633616447,
        1491.206860601902,
        1163.1734315752983,
        1451.9399759173393,
        1362.3511680960655,
        1571.3087875843048,
        1408.224484205246,
        1489.1150468587875,
        1572.6741434335709
    ],
    "actual": [
        1632.9999999999998,
        816.0,
        204.99999999999997,
        833.0,
        1059.0,
        821.0,
        1579.0,
        729.0,
        1044.0,
        879.0,
        3063.0,
        794.0
    ],
    "mse": 753270.4009582236,
    "rmse": 867.9115167793452,
    "mape": 124.54723240801763
}