{
    "predictions": [
        104.4769907966256,
        115.98232670128344,
        122.33221769332884,
        104.06366759538649,
        92.0362683162093,
        105.92061033844946,
        183.4171120971441,
        157.16170838475227,
        189.00011259317395,
        231.55011162161824,
        255.70410975813863,
        231.04513213038442
    ],
    "actual": [
        356.572,
        430.002,
        457.5249999999999,
        440.446,
        410.3,
        431.3999999999999,
        446.2,
        374.8,
        286.9,
        465.5,
        385.2,
        355.9
    ],
    "mse": 67332.69114555426,
    "rmse": 259.4854353245173,
    "mape": 59.70166123296923
}