{
    "predictions": [
        -44.91435575798155,
        -129.38154061828556,
        -7.211939086437237,
        -65.25798788020016,
        -34.78833722068371,
        99.04656634205578,
        212.7401078377366,
        215.04337091034648,
        256.652295568943,
        289.5308824928999,
        355.1853224182129,
        205.15647850394245
    ],
    "actual": [
        30.156999999999996,
        57.922,
        61.67900000000001,
        1.0419999999999985,
        49.20000000000002,
        106.25699999999998,
        155.855,
        148.68800000000002,
        148.0,
        195.99999999999994,
        251.99999999999997,
        233.0
    ],
    "mse": 8048.39802614651,
    "rmse": 89.71286432918365,
    "mape": 623.2843762847423
}