{
    "predictions": [
        842.9811943769455,
        628.9540591239929,
        566.6329211592674,
        356.1846236586571,
        256.5754089951515,
        240.17554712295532,
        185.71028995513916,
        182.46133613586426,
        341.0249923467636,
        338.1410341858864,
        335.2325809597969,
        631.9354219436646
    ],
    "actual": [
        747.0000000000001,
        937.0,
        398.0,
        -30.999999999999975,
        -219.0,
        -412.0,
        -392.0,
        -79.0,
        426.0,
        343.0,
        925.0000000000001,
        895.9999999999999
    ],
    "mse": 146739.15675004254,
    "rmse": 383.0654731896919,
    "mape": 192.12190554363465
}