{
    "predictions": [
        507506881.5040648,
        511898593.2409346,
        515263009.52365994,
        516135169.1619873,
        516380820.59569955,
        510882233.5125923,
        499659575.0953138,
        487916451.8751383,
        479927359.7573936,
        470675120.29829025,
        475662805.4209769,
        484063099.7652054
    ],
    "actual": [
        484656000.0,
        552409000.0,
        520091999.99999994,
        510542000.0,
        539570000.0,
        675048000.0,
        605717000.0,
        631584000.0,
        667182000.0,
        620921000.0,
        741906000.0,
        805567000.0
    ],
    "mse": 2.4456904867217948e+16,
    "rmse": 156387035.48318174,
    "mape": 17.583843493996866
}