{
    "predictions": [
        90.45315870809556,
        90.61232367110253,
        102.37547866356374,
        116.872485827446,
        121.8837669761181,
        129.10051098513605,
        123.95446888232233,
        115.93080552911759,
        110.0416821215153,
        118.26036989402772,
        128.68691346454622,
        129.58274230861664
    ],
    "actual": [
        116.593,
        124.311,
        124.311,
        144.803,
        144.803,
        140.485,
        140.485,
        122.387,
        127.052,
        146.829,
        130.559,
        139.556
    ],
    "mse": 438.2083052812571,
    "rmse": 20.933425550570004,
    "mape": 14.071819685466021
}