{
    "predictions": [
        47.7663147880733,
        63.75567214813829,
        66.84878247749806,
        49.072895550638435,
        44.07909358718992,
        -6.443520050268621,
        56.23560916292668,
        76.95486959409713,
        159.5424085344672,
        177.42758384889365,
        201.7925429713726,
        273.1607718433142
    ],
    "actual": [
        150.729,
        191.721,
        139.24599999999998,
        96.9,
        88.39999999999999,
        96.39999999999999,
        73.0,
        54.099999999999994,
        49.8,
        58.00000000000001,
        28.7,
        14.4
    ],
    "mse": 14256.1883684462,
    "rmse": 119.39928127273714,
    "mape": 273.73099612548856
}