{
    "predictions": [
        504.1268739700317,
        490.0161528587341,
        469.7785491943359,
        476.1122870445251,
        467.2981176376342,
        439.3044641017914,
        452.24824976921076,
        494.7130451202392,
        505.2212834358215,
        520.0599584579468,
        553.8412766456604,
        558.4654273986816
    ],
    "actual": [
        534.0,
        906.0000000000001,
        369.0,
        228.0,
        310.0,
        427.0,
        394.0,
        333.0,
        2.0,
        211.0,
        350.0,
        334.0
    ],
    "mse": 61731.23042503928,
    "rmse": 248.45770349304783,
    "mape": 2144.7994907145885
}