{
    "predictions": [
        514.6175099400282,
        476.8449626848697,
        399.71146456372736,
        454.91950342094896,
        402.7547713361978,
        381.41116371065374,
        359.89209313160177,
        423.5364630656242,
        481.88005718088147,
        561.2081922482251,
        655.2865840616225,
        759.0718552504778
    ],
    "actual": [
        1300.0,
        1446.0000000000002,
        786.0,
        607.0,
        806.0000000000001,
        670.0,
        626.0,
        626.0,
        546.0,
        744.0,
        536.0,
        355.0
    ],
    "mse": 191763.09585359052,
    "rmse": 437.90763392933735,
    "mape": 45.165268484677725
}