{
    "predictions": [
        8015.906271874905,
        8031.042574644089,
        8048.668216437101,
        8261.920621812344,
        8551.597537636757,
        9213.020359933376,
        9568.88387197256,
        9791.105944991112,
        10047.940626740456,
        10619.607420265675,
        10152.425866782665,
        9931.799024403095
    ],
    "actual": [
        7998.0,
        9553.0,
        8750.0,
        9172.0,
        9085.0,
        10221.0,
        9188.0,
        10371.0,
        9969.0,
        11151.0,
        9968.0,
        11233.0
    ],
    "mse": 619535.2617161353,
    "rmse": 787.1056229732674,
    "mape": 6.546202636191448
}