{
    "predictions": [
        51.033692119121525,
        51.17215344357488,
        45.307965194463705,
        51.14669842386243,
        43.4581066458225,
        37.85202784752843,
        40.377413679599734,
        37.2841679883003,
        35.478831889867756,
        34.470673281431175,
        36.65255935311315,
        34.695510066032384
    ],
    "actual": [
        33.73899999999998,
        47.971000000000004,
        65.16499999999999,
        67.428,
        79.59599999999998,
        113.78199999999997,
        90.303,
        73.82300000000001,
        42.43399999999998,
        57.63900000000001,
        -419.382,
        20.177000000000003
    ],
    "mse": 18385.928914818167,
    "rmse": 135.5947230345568,
    "mape": 47.22911921857153
}