{
    "predictions": [
        211.04274732136724,
        219.58724606293438,
        227.0555718452334,
        241.95985523116585,
        258.9603655425906,
        288.80641572660204,
        278.41644262528416,
        288.9587690292,
        312.96214010119434,
        313.5193397250175,
        299.6687519860863,
        327.8829577895402
    ],
    "actual": [
        286.811,
        284.365,
        320.303,
        328.205,
        342.383,
        370.984,
        361.13,
        334.385,
        364.04,
        362.1019999999999,
        319.141,
        256.707
    ],
    "mse": 4925.188980384056,
    "rmse": 70.17969065466202,
    "mape": 20.739056709740122
}