{
    "predictions": [
        62.70362475514411,
        62.956175923347466,
        61.79874928593635,
        61.14082975387573,
        62.077836960554116,
        58.66168293356895,
        55.050859791040416,
        52.00312314033508,
        51.3228839457035,
        49.865989923477166,
        47.622424793243404,
        53.29398787021636
    ],
    "actual": [
        58.2,
        5.500000000000001,
        28.099999999999998,
        86.2,
        67.19999999999999,
        -16.6,
        33.70000000000001,
        33.70000000000001,
        19.000000000000004,
        -61.2,
        38.50000000000001,
        46.60000000000001
    ],
    "mse": 2089.5778799331197,
    "rmse": 45.71190085670382,
    "mape": 180.8104150556393
}