{
    "predictions": [
        425.3233121782541,
        602.5156959295273,
        436.585690677166,
        480.55894389748573,
        310.14639952778816,
        392.6557367295027,
        350.70891013741493,
        571.5832742452621,
        798.1745064258575,
        1106.267411828041,
        1217.991191983223,
        1154.4772973656654
    ],
    "actual": [
        1469.0,
        1167.0,
        570.0,
        372.0,
        397.0,
        468.0,
        520.0,
        318.0,
        326.0,
        399.0,
        207.0,
        294.0
    ],
    "mse": 335781.04686542565,
    "rmse": 579.4661740476537,
    "mape": 118.78844650709766
}