{
    "predictions": [
        661.0284910798073,
        385.0337102115154,
        568.4811536669731,
        589.4772310256958,
        -40.307094767689705,
        -205.83720525354147,
        324.7653777599335,
        -110.15972835943103,
        295.3627723455429,
        252.89292119443417,
        1507.971956372261,
        1882.3696805238724
    ],
    "actual": [
        1295.0,
        1523.0,
        758.0,
        318.99999999999994,
        425.99999999999994,
        754.0,
        499.0,
        174.0,
        421.0,
        457.99999999999994,
        271.00000000000006,
        125.00000000000003
    ],
    "mse": 644341.5116740955,
    "rmse": 802.7088585994896,
    "mape": 217.11853797428145
}