{
    "predictions": [
        8806.098690748215,
        8497.624888807535,
        8640.055998980999,
        7182.302737057209,
        6913.125067740679,
        5217.355798482895,
        5044.6099054813385,
        4452.358496062458,
        5303.833807677031,
        6191.048309117556,
        8635.226807385683,
        10788.19199514389
    ],
    "actual": [
        14861.0,
        25162.0,
        25715.000000000004,
        21848.0,
        18286.0,
        14028.000000000002,
        16826.0,
        17167.0,
        17402.0,
        19723.0,
        18010.0,
        15568.0
    ],
    "mse": 147387074.3265529,
    "rmse": 12140.30783491724,
    "mape": 60.87264072561529
}