{
    "predictions": [
        341.4789109539986,
        356.16138723373416,
        377.1588230443001,
        390.14297516584395,
        380.937435375452,
        364.23313629031185,
        369.47102086782456,
        381.0420606815815,
        365.3957660508156,
        374.638601205349,
        370.4005181527138,
        362.00212119221686
    ],
    "actual": [
        306.00000000000006,
        388.0,
        335.0,
        248.00000000000003,
        202.0,
        239.0,
        274.0,
        260.00000000000006,
        265.00000000000006,
        325.0,
        318.0,
        261.0
    ],
    "mse": 10101.068831402865,
    "rmse": 100.50407370551139,
    "mape": 35.03461180308738
}