{
    "predictions": [
        263.5380924642086,
        270.4341057538986,
        281.40008369088173,
        301.89767920970917,
        284.00411543250084,
        262.7470792531967,
        240.79943004250524,
        255.93064790964124,
        215.70222640037534,
        177.72172269225118,
        172.38054466247556,
        137.76705829799175
    ],
    "actual": [
        58.0,
        72.00000000000001,
        119.99999999999999,
        232.0,
        171.0,
        159.0,
        118.99999999999999,
        148.0,
        -65.0,
        115.00000000000001,
        129.0,
        144.0
    ],
    "mse": 20601.97187089267,
    "rmse": 143.53387011744883,
    "mape": 135.46390695139053
}