{
    "predictions": [
        202.91817021369934,
        209.64385026693344,
        229.0927842259407,
        236.33196672797203,
        236.69023391604424,
        231.54654696583748,
        243.01912507414818,
        245.25562626123428,
        243.90502589941025,
        246.77807587385178,
        244.75953623652458,
        248.977717846632
    ],
    "actual": [
        173.0,
        224.00000000000003,
        261.0,
        281.0,
        235.00000000000003,
        314.0,
        395.0,
        395.0,
        344.0,
        403.0,
        443.0,
        456.99999999999994
    ],
    "mse": 14452.86141165457,
    "rmse": 120.2200541160025,
    "mape": 26.109919111605546
}