{
    "predictions": [
        472.6432558298111,
        485.9814774990082,
        477.0638136565685,
        495.21059112250805,
        488.05600084364414,
        450.1491923034191,
        472.7097851186991,
        491.0150950849056,
        508.81671038269997,
        527.516918823123,
        550.9918969273567,
        546.5988357663155
    ],
    "actual": [
        532.0,
        557.0,
        567.0,
        658.0,
        558.0,
        604.0,
        639.0,
        736.0,
        535.0,
        649.0,
        661.0,
        728.0
    ],
    "mse": 18319.99207634859,
    "rmse": 135.35136525483807,
    "mape": 18.916542535382437
}