{
    "predictions": [
        111480709.91444586,
        113363559.132874,
        117627057.53558873,
        131052654.21676634,
        128115131.11197947,
        130880691.257596,
        134312196.51395082,
        144798581.64852858,
        141856358.8681221,
        153105468.0171013,
        156248981.0230732,
        156037893.53322983
    ],
    "actual": [
        89633000.0,
        105759000.0,
        112339999.99999999,
        151978000.0,
        80937999.99999999,
        95751000.00000001,
        99385000.00000001,
        150353000.0,
        69724999.99999999,
        89027999.99999999,
        19414000.0,
        140931000.0
    ],
    "mse": 2831033121037957.5,
    "rmse": 53207453.622946076,
    "mape": 89.56880068733187
}