{
    "predictions": [
        597.0705360174179,
        628.0807712674141,
        651.6238495111465,
        641.2960393428802,
        658.7226130962372,
        682.6810327172279,
        767.280932366848,
        763.1810223460197,
        803.3534049987793,
        816.2824914455414,
        853.5160800814629,
        849.4643340110779
    ],
    "actual": [
        908.0,
        854.0,
        840.0,
        817.0,
        877.0,
        958.0,
        918.9999999999999,
        859.0,
        931.0,
        965.9999999999999,
        1039.0,
        822.0
    ],
    "mse": 36965.59570522604,
    "rmse": 192.26439011222553,
    "mape": 19.6936593268195
}