{
    "predictions": [
        7962.6454641819,
        7976.311309993267,
        8161.700519680978,
        7971.781589150429,
        8401.076235175133,
        6908.989138901234
    ],
    "actual": [
        7185.0,
        6752.0,
        5716.0,
        4489.0,
        5003.0,
        6034.0
    ],
    "mse": 5421236.229115039,
    "rmse": 2328.35483316333,
    "mape": 38.624870993954815
}