{
    "predictions": [
        59790688.102841385,
        62258384.040308006,
        62291877.16965676,
        63075085.40778161,
        59958579.221248634,
        63117473.73137475
    ],
    "actual": [
        55400000.0,
        62200000.0,
        33300000.0,
        33300000.0,
        53900000.00000001,
        75800000.0
    ],
    "mse": 323986509718044.1,
    "rmse": 17999625.26604496,
    "mape": 35.411438603191854
}