{
    "predictions": [
        141.1520758551359,
        141.64492423748968,
        142.82580067217347,
        144.5578298385143,
        144.15467962408064,
        145.56035783839224
    ],
    "actual": [
        167.718,
        160.425,
        162.405,
        171.685,
        166.132,
        143.003
    ],
    "mse": 444.5351114374418,
    "rmse": 21.08400131468033,
    "mape": 11.736596452207754
}