{
    "predictions": [
        1797.2347118032574,
        1802.9365237282514,
        1785.310441503942,
        1798.7167209216952,
        1801.50511264503,
        1815.0719858267307
    ],
    "actual": [
        1965.0,
        1965.0,
        2119.0,
        2099.0,
        2205.0,
        2175.0
    ],
    "mse": 91380.80515277432,
    "rmse": 302.29258203398626,
    "mape": 13.614366482506096
}