{
    "predictions": [
        37.61243790388105,
        37.68642145395277,
        37.19092338085173,
        36.76885986328123,
        37.4624403953552,
        37.18656628131865
    ],
    "actual": [
        48.599999999999994,
        46.39999999999999,
        41.99999999999999,
        47.6,
        55.29999999999999,
        10.400000000000007
    ],
    "mse": 228.79874204616922,
    "rmse": 15.12609473876748,
    "mape": 60.9018695366658
}