{
    "predictions": [
        349.6103539577126,
        353.48659836804865,
        354.0992084085345,
        340.3338414735794,
        340.93773302888866,
        325.9096609523296
    ],
    "actual": [
        343.172,
        326.81,
        351.263,
        330.265,
        244.318,
        330.123
    ],
    "mse": 1702.6073309060039,
    "rmse": 41.26266267348732,
    "mape": 9.119667725939355
}