{
    "predictions": [
        160.28661989492178,
        163.1906184553802,
        165.81337286663054,
        149.8217243374586,
        135.83960997235775,
        123.0959815082401
    ],
    "actual": [
        164.822,
        87.987,
        87.987,
        87.987,
        87.987,
        114.111
    ],
    "mse": 2987.8722538025418,
    "rmse": 54.661432965140435,
    "mape": 51.53535076670022
}