{
    "predictions": [
        1721.2129731774332,
        1939.4276701211932,
        1682.8932564258578,
        1581.3525833487513,
        1037.638409614563,
        1095.6389881968498
    ],
    "actual": [
        1076.0,
        1196.0,
        898.9999999999999,
        1119.0000000000002,
        1522.0,
        1877.9999999999998
    ],
    "mse": 440656.32221464114,
    "rmse": 663.8194952053165,
    "mape": 54.020221453531924
}