{
    "predictions": [
        204.66160222339633,
        209.71203032374385,
        218.3107238302231,
        221.8632133214474,
        230.95831316518786,
        240.66644820165635
    ],
    "actual": [
        204.772,
        215.39,
        282.398,
        264.815,
        250.942,
        233.80900000000003
    ],
    "mse": 1071.7764680674916,
    "rmse": 32.73799731302285,
    "mape": 8.749990413331375
}