{
    "predictions": [
        718.0647998571395,
        745.1798624038696,
        677.232179903984,
        498.5733261108398,
        519.1123793721199,
        537.2238500833511
    ],
    "actual": [
        480.2,
        407.3,
        405.6,
        334.8,
        414.1,
        423.5
    ],
    "mse": 49218.15363885121,
    "rmse": 221.85164781639827,
    "mape": 50.098380197274594
}