{
    "predictions": [
        901.4120526432991,
        919.192606908083,
        957.0204502224923,
        968.3461415708066,
        955.6509316265584,
        1015.8510208964349
    ],
    "actual": [
        1095.9,
        1016.1,
        1132.1,
        1265.5,
        1229.5999999999997,
        1040.3
    ],
    "mse": 40302.61891240485,
    "rmse": 200.75512175883546,
    "mape": 15.143323484712473
}