{
    "predictions": [
        783.9909580469132,
        834.474561738968,
        879.3396788895132,
        924.4998373568059,
        839.5486050188542,
        850.1350017726422
    ],
    "actual": [
        767.9,
        821.3,
        804.6,
        843.7,
        1032.0,
        1109.5
    ],
    "mse": 19475.810510156913,
    "rmse": 139.5557612933157,
    "mape": 10.765098320666432
}