{
    "predictions": [
        415630823.6743211,
        451179258.6883306,
        415772386.7282867,
        407962880.4164528,
        377464783.31637377,
        342209006.29484653
    ],
    "actual": [
        420882000.0,
        272494000.0,
        268204000.0,
        269811000.0,
        361155000.0,
        342288000.0
    ],
    "mse": 1.218073043689043e+16,
    "rmse": 110366346.48700857,
    "mape": 29.59748584704532
}