{
    "predictions": [
        557.5746860882044,
        597.7983042141199,
        618.0159266313315,
        613.9068258365393,
        559.6848700707554,
        497.084664190352
    ],
    "actual": [
        416.447,
        399.5110000000001,
        226.465,
        247.314,
        219.634,
        306.143
    ],
    "mse": 83171.77004224101,
    "rmse": 288.39516300077054,
    "mape": 103.64064127201257
}