{
    "predictions": [
        137.403086155653,
        138.37663647532463,
        134.40233260393143,
        137.4742822945118,
        130.37569984793663,
        132.85580042004585
    ],
    "actual": [
        68.00000000000001,
        67.0,
        113.00000000000001,
        5.000000000000022,
        82.99999999999999,
        61.999999999999986
    ],
    "mse": 5863.984883673682,
    "rmse": 76.57666017575905,
    "mape": 508.0640206645138
}