{
    "predictions": [
        72270707.35484064,
        82962358.1740439,
        86388445.09512186,
        91621053.9787054,
        93703480.15800714,
        93708795.6271708
    ],
    "actual": [
        79923000.0,
        85211000.0,
        88984000.0,
        90853999.99999999,
        90308000.0,
        124029000.0
    ],
    "mse": 166963888095439.22,
    "rmse": 12921450.69624302,
    "mape": 7.363431645383188
}