{
    "predictions": [
        160.5423116441965,
        167.40854151129722,
        165.88473348367214,
        159.12646213150023,
        161.31122654628754,
        175.50362221324443
    ],
    "actual": [
        188.169,
        174.183,
        178.84200000000004,
        193.27499999999998,
        210.436,
        190.902
    ],
    "mse": 798.9156661329299,
    "rmse": 28.265096251966487,
    "mape": 12.482497227402845
}