{
    "predictions": [
        102754691.61868095,
        107966078.26948166,
        106134408.49781036,
        107387702.54254341,
        105958375.030756,
        105749355.36384583
    ],
    "actual": [
        118800000.0,
        126000000.00000001,
        137400000.0,
        116500000.0,
        133500000.0,
        132100000.0
    ],
    "mse": 516023834942736.2,
    "rmse": 22716158.014566112,
    "mape": 16.49559873605426
}