{
    "predictions": [
        244.66877177238464,
        215.51546165084838,
        171.92872982025145,
        157.08003077602385,
        160.79880269908904,
        128.8938300189972
    ],
    "actual": [
        282.337,
        284.219,
        210.844,
        201.762,
        188.459,
        176.15
    ],
    "mse": 2108.030057065833,
    "rmse": 45.91328845841727,
    "mape": 19.936896897730705
}