{
    "predictions": [
        367.86138540506363,
        375.38159617185596,
        347.9896231353283,
        301.23355069160465,
        287.84090654253964,
        282.454859662056
    ],
    "actual": [
        328.3,
        338.1,
        340.3,
        346.2,
        347.4,
        358.6
    ],
    "mse": 2396.916751036146,
    "rmse": 48.958316464479715,
    "mape": 12.783942235169027
}