{
    "predictions": [
        895.0200572439433,
        961.992362609148,
        1330.2269931069613,
        1067.3333270926476,
        926.5970942804814,
        1032.402591580391
    ],
    "actual": [
        1380.9860000000003,
        968.828,
        868.21,
        1029.4050000000002,
        1472.02,
        974.322
    ],
    "mse": 125327.89742913638,
    "rmse": 354.016803879613,
    "mape": 22.63475498832066
}