{
    "predictions": [
        29.0969804186821,
        28.86196974039078,
        39.89953718423843,
        55.867259792327886,
        50.213276578903205,
        52.549074603080754
    ],
    "actual": [
        86.91,
        77.681,
        69.455,
        90.07200000000002,
        88.073,
        84.317
    ],
    "mse": 1701.9487208454775,
    "rmse": 41.25468119917396,
    "mape": 48.426316016720605
}