{
    "predictions": [
        806.8120009899138,
        667.5277308225631,
        661.9023627042769,
        644.7289643287658,
        601.0638232231139,
        641.4774818420409
    ],
    "actual": [
        951.0,
        546.0,
        546.0,
        593.9999999999999,
        593.9999999999999,
        559.0
    ],
    "mse": 9736.397754874752,
    "rmse": 98.67318660545402,
    "mape": 13.855164008107524
}