{
    "predictions": [
        294.67640704619885,
        428.78821426355836,
        402.1474761799574,
        407.2690671637058,
        324.5095584703684,
        164.72034417557717
    ],
    "actual": [
        221.41499999999996,
        217.85599999999997,
        161.074,
        179.644,
        192.107,
        164.62
    ],
    "mse": 29553.278742289916,
    "rmse": 171.91067082147612,
    "mape": 79.21119150316581
}