{
    "predictions": [
        74.11528088200092,
        75.03463069605827,
        75.78435242342948,
        77.01868485587835,
        76.88394707131386,
        76.51048891144991
    ],
    "actual": [
        93.32700000000001,
        93.32700000000001,
        67.57,
        94.52499999999999,
        111.898,
        101.67799999999998
    ],
    "mse": 489.50584979456863,
    "rmse": 22.124779090299832,
    "mape": 21.150999751332265
}