{
    "predictions": [
        880.499605664611,
        814.7396590471268,
        822.6228912740946,
        781.8264134585858,
        685.4039461016655,
        623.9983717173338
    ],
    "actual": [
        410.3,
        652.1,
        681.5000000000001,
        918.9000000000002,
        762.0000000000002,
        535.5
    ],
    "mse": 49990.513950070635,
    "rmse": 223.58558529133902,
    "mape": 33.623832303071445
}