{
    "predictions": [
        149.81494221735,
        151.94838725185394,
        145.91733606767653,
        151.22056577062608,
        153.79382990694046,
        174.5243349637985
    ],
    "actual": [
        129.84900000000005,
        136.7669999999999,
        540.455,
        -2737.617,
        106.86099999999995,
        126.10699999999987
    ],
    "mse": 1417703.0819807202,
    "rmse": 1190.6733733399433,
    "mape": 47.88577458064992
}