{
    "predictions": [
        1403896283.507347,
        1253505177.3786545,
        1229303743.1836128,
        1089674445.092678,
        839119253.6354065,
        884501885.831356
    ],
    "actual": [
        3234000000.0,
        3234000000.0,
        1333000000.0,
        2367000000.0,
        3364000000.0,
        1920000000.0
    ],
    "mse": 2.7268719950427745e+18,
    "rmse": 1651324315.5245957,
    "mape": 51.42673927947959
}