{
    "predictions": [
        1246.7019998918772,
        1610.8992006428243,
        1454.8885808142425,
        1008.8832556241751,
        619.2756662457883,
        500.06611888360976
    ],
    "actual": [
        782.239,
        632.585,
        513.9779999999998,
        632.838,
        569.7279999999998,
        440.63400000000007
    ],
    "mse": 367589.07613316947,
    "rmse": 606.2912469541099,
    "mape": 79.78341578252275
}