{
    "predictions": [
        382.0555808901787,
        388.0061613321305,
        364.42161298990254,
        303.287784793973,
        237.79628407359124,
        151.57553368508817
    ],
    "actual": [
        234.99999999999997,
        329.4,
        160.3,
        343.8,
        208.7,
        129.6
    ],
    "mse": 11616.069385861694,
    "rmse": 107.77787057583618,
    "mape": 41.731275377977134
}