{
    "predictions": [
        395.15182304358484,
        386.1788681674004,
        407.29908829486374,
        415.10332718586926,
        441.4012140835524,
        500.6648520035744
    ],
    "actual": [
        306.249,
        282.669,
        326.554,
        282.694,
        293.136,
        290.329
    ],
    "mse": 18148.958051337115,
    "rmse": 134.71806876338866,
    "mape": 43.373257887244336
}