{
    "predictions": [
        38286348.11335803,
        39987669.215679176,
        44690469.520568855,
        59168359.93134976,
        48603090.22712708,
        49240198.583364494
    ],
    "actual": [
        51121999.99999999,
        65842000.00000001,
        22497999.999999996,
        22497999.999999996,
        22497999.999999996,
        65211000.000000015
    ],
    "mse": 601160602372051.5,
    "rmse": 24518576.679164138,
    "mape": 77.75580768882784
}