{
    "predictions": [
        998.3176203519107,
        1021.4349886995554,
        1051.6066919279099,
        1063.9163291138411,
        1088.0947043871881,
        1106.9451813441515
    ],
    "actual": [
        1135.0,
        1005.0,
        1043.0,
        993.9999999999999,
        963.0,
        1039.0
    ],
    "mse": 7363.297119353909,
    "rmse": 85.80965632930777,
    "mape": 6.844404592259738
}