{
    "predictions": [
        9.757906040728093,
        16.089262252390387,
        28.21730083113909,
        37.96696839660407,
        53.851746942400936,
        63.3321304974556
    ],
    "actual": [
        21.074,
        27.779,
        44.12700000000001,
        34.026,
        49.126,
        120.7
    ],
    "mse": 641.1264743457035,
    "rmse": 25.32047539730847,
    "mape": 33.42727749063941
}