{
    "predictions": [
        4.854628470540051,
        -8.500237214565272,
        -18.90520309954881,
        -20.035704079270356,
        -9.244118782877917,
        0.20556841492653394
    ],
    "actual": [
        1.600000000000001,
        51.3,
        22.4,
        29.899999999999995,
        89.6,
        69.9
    ],
    "mse": 3735.6381557195214,
    "rmse": 61.11986711143539,
    "mape": 146.90237033759252
}