{
    "predictions": [
        259.7663982682228,
        404.95721999502183,
        176.83116440749168,
        43.59368586802482,
        116.28376811429858,
        220.9495365149975
    ],
    "actual": [
        138.927,
        127.659,
        151.011,
        203.144,
        265.532,
        208.688
    ],
    "mse": 23340.80443576538,
    "rmse": 152.77697613110877,
    "mape": 76.98665017681243
}