{
    "predictions": [
        144.3999006127119,
        137.30213457250593,
        137.8792915472984,
        134.2859600228071,
        133.78381633782385,
        133.15988898098468
    ],
    "actual": [
        135.204,
        122.424,
        45.608,
        61.034,
        61.034,
        103.364
    ],
    "mse": 3394.349190796702,
    "rmse": 58.26104350933565,
    "mape": 81.55138409275571
}