{
    "predictions": [
        210.40382357597352,
        360.05962287652494,
        423.5270565856696,
        508.57953540408613,
        406.444126844883,
        427.43874706304075
    ],
    "actual": [
        247.338,
        245.629,
        222.913,
        320.182,
        292.359,
        246.601
    ],
    "mse": 22652.63980269534,
    "rmse": 150.50793933442628,
    "mape": 53.78519607902517
}