{
    "predictions": [
        48.80091072320939,
        51.842840445041666,
        52.257203489542015,
        52.7671107530594,
        53.88844681978227,
        52.089861738681805
    ],
    "actual": [
        65.7,
        71.9,
        79.1,
        62.900000000000006,
        62.900000000000006,
        26.5
    ],
    "mse": 374.52152521922653,
    "rmse": 19.35255862203307,
    "mape": 35.75910104950619
}