{
    "predictions": [
        29.134331309795378,
        28.567094031214715,
        28.36247412657738,
        28.084300179362298,
        27.898268938422202,
        29.065605628967287
    ],
    "actual": [
        44.943,
        38.482,
        35.368,
        32.125,
        62.352000000000004,
        25.789
    ],
    "mse": 268.569957073586,
    "rmse": 16.38810413298579,
    "mape": 26.88130252264285
}