{
    "predictions": [
        70.61704588234426,
        69.13598855137826,
        61.055885750055324,
        61.66239981651307,
        67.68962328433992,
        61.04271558225156
    ],
    "actual": [
        23.7,
        29.6,
        47.5,
        47.5,
        34.4,
        13.8
    ],
    "mse": 1248.1187310151354,
    "rmse": 35.32872388036589,
    "mape": 138.16578543803277
}