{
    "predictions": [
        197.85552680808306,
        193.30418197131158,
        233.77095910781622,
        254.65833873313665,
        270.5082791776657,
        285.1651003489494
    ],
    "actual": [
        224.67400000000004,
        227.43600000000004,
        231.377,
        264.003,
        223.99,
        225.90499999999997
    ],
    "mse": 1275.4958386183646,
    "rmse": 35.714084597233686,
    "mape": 13.086403798072926
}