{
    "predictions": [
        855.7149522900581,
        845.0025617480278,
        -224.41000659763813,
        2285.6528235673904,
        3233.037151098251,
        2678.1513818502426
    ],
    "actual": [
        1158.0,
        1273.0,
        1052.0,
        942.0,
        998.0,
        983.0
    ],
    "mse": 1929685.4577701048,
    "rmse": 1389.1311881064742,
    "mape": 120.01560551764878
}