{
    "predictions": [
        878.8115709612667,
        1002.3501238173246,
        1475.9791365156768,
        2799.112481848359,
        3347.185918639779,
        3482.9757177420856
    ],
    "actual": [
        2418.0,
        2748.0,
        2596.0,
        2789.0,
        2763.0,
        2995.0
    ],
    "mse": 1208389.499312587,
    "rmse": 1099.2677104839327,
    "mape": 34.68711415163507
}