{
    "predictions": [
        243.67108839726453,
        328.62288000345234,
        328.6919348471165,
        357.64272282361986,
        347.76960771799094,
        428.1391272032261
    ],
    "actual": [
        288.60300000000007,
        232.57399999999998,
        240.75300000000001,
        343.13000000000005,
        288.014,
        217.86500000000007
    ],
    "mse": 11162.346773469859,
    "rmse": 105.652007900796,
    "mape": 35.81439200021227
}