{
    "predictions": [
        102.45962460637095,
        117.08841691017153,
        116.28294728994372,
        112.94068496227267,
        106.63768259882929,
        110.72609806060792
    ],
    "actual": [
        102.1,
        103.40000000000002,
        60.8,
        143.9,
        151.2,
        155.5
    ],
    "mse": 1369.1401903315134,
    "rmse": 37.00189441544194,
    "mape": 30.77096545188594
}