{
    "predictions": [
        9158064136.58285,
        12603453705.37817,
        16838847221.767542,
        19321278614.245464,
        20331376323.94199,
        43434629317.01365
    ],
    "actual": [
        58119999.99999999,
        29874610885.98,
        66742000.0,
        40388645574.68,
        -390000.0,
        46906988813.53
    ],
    "mse": 2.5527955336434375e+20,
    "rmse": 15977470180.361588,
    "mape": 875696.2864557256
}