{
    "predictions": [
        159.99301659578086,
        166.12930361801386,
        157.4197434388399,
        164.91770275342463,
        153.88245348614453,
        148.44233846002817
    ],
    "actual": [
        88.719,
        108.885,
        -14.6,
        22.699999999999996,
        59.20000000000001,
        96.5
    ],
    "mse": 11639.389395080798,
    "rmse": 107.88600184954858,
    "mape": 358.566658022873
}