{
    "predictions": [
        51.65741982448101,
        50.409443736910816,
        51.431511416792866,
        52.65287572932243,
        56.15489314353466,
        55.90706705546379
    ],
    "actual": [
        51.661,
        51.661,
        51.916,
        46.308,
        53.432,
        62.03199999999999
    ],
    "mse": 14.497922291885054,
    "rmse": 3.807613726717175,
    "mape": 5.339011991132452
}