{
    "predictions": [
        330.34153579473497,
        467.6107807636261,
        521.4665635704995,
        482.3830010175705,
        418.5601922750473,
        454.550125348568
    ],
    "actual": [
        351.6,
        295.3,
        272.3,
        434.50000000000006,
        384.7,
        302.4
    ],
    "mse": 19802.643153367582,
    "rmse": 140.72186451780541,
    "mape": 37.672982221155124
}