{
    "predictions": [
        34.46916473579406,
        37.18023041772842,
        36.71162958693504,
        37.1181298623085,
        36.22732241272926,
        36.59446914994716
    ],
    "actual": [
        31.039,
        21.362,
        27.607,
        25.965,
        25.965,
        21.295
    ],
    "mse": 134.77634114613906,
    "rmse": 11.609321304285581,
    "mape": 45.40042202587326
}