{
    "predictions": [
        171.9255232410431,
        185.98843914008143,
        199.74203002500536,
        206.7757810661793,
        210.1888895286322,
        204.61080425572396
    ],
    "actual": [
        177.3,
        180.88700000000003,
        169.524,
        169.003,
        174.757,
        176.827
    ],
    "mse": 737.0300973812904,
    "rmse": 27.148298240981706,
    "mape": 13.669079654512409
}