{
    "predictions": [
        76.99234324079752,
        75.07536096376181,
        71.59171935683489,
        67.23818108290433,
        71.51065359926224,
        67.03998438632489
    ],
    "actual": [
        69.062,
        72.455,
        85.818,
        59.386,
        76.834,
        79.578
    ],
    "mse": 86.55671610418221,
    "rmse": 9.303586195880715,
    "mape": 11.26383633450818
}