{
    "predictions": [
        2178.44530916214,
        2445.6760258078575,
        2060.8886821866035,
        2149.669939517975,
        1633.3013052344322,
        1764.158535182476
    ],
    "actual": [
        2578.0,
        1931.9999999999998,
        1229.0000000000002,
        2886.9999999999995,
        2040.0,
        2351.9999999999995
    ],
    "mse": 361693.80403061846,
    "rmse": 601.4098469684533,
    "mape": 30.040634401178306
}