{
    "predictions": [
        2725.4012391924857,
        2827.8392825305464,
        3720.177616262436,
        3785.849118775129,
        4490.774521142244,
        5008.7528860569
    ],
    "actual": [
        4332.0,
        3537.0,
        4478.0,
        3748.0,
        2936.9999999999995,
        2273.0
    ],
    "mse": 2259725.823105873,
    "rmse": 1503.2384451928685,
    "mape": 41.38862825241015
}