{
    "predictions": [
        605.5777791535855,
        505.5662427389622,
        503.5882304370404,
        531.7014223194122,
        520.2951997148991,
        731.492299131155
    ],
    "actual": [
        802.6300000000001,
        778.3900000000001,
        778.3900000000001,
        788.755,
        788.755,
        570.816
    ],
    "mse": 58790.41201524308,
    "rmse": 242.467342162286,
    "mape": 31.613106962616854
}