{
    "predictions": [
        622.7800045013428,
        618.9800624847412,
        673.943286895752,
        594.9485893249512,
        770.2290687561035,
        848.8488674163818
    ],
    "actual": [
        459.0,
        387.0,
        431.0,
        478.0,
        479.0,
        513.0
    ],
    "mse": 58490.98078185095,
    "rmse": 241.8490867914348,
    "mape": 50.4542790578515
}