{
    "predictions": [
        1677.5926265335083,
        1791.3206765835287,
        1429.665500776887,
        1397.0615779464842,
        1597.4193807762863,
        1098.3165153582097
    ],
    "actual": [
        1956.0,
        1830.0,
        1921.9999999999998,
        1728.0000000000002,
        1655.0,
        2020.0
    ],
    "mse": 213956.03792477175,
    "rmse": 462.55382165189354,
    "mape": 18.370247438644668
}