{
    "predictions": [
        92.37507368096709,
        88.7905783201307,
        84.7511827889979,
        84.99770757061243,
        90.24509153598547,
        88.19753516221047
    ],
    "actual": [
        94.462,
        95.824,
        105.407,
        105.407,
        102.1,
        118.996
    ],
    "mse": 331.01842919420596,
    "rmse": 18.193911871673063,
    "mape": 14.333473240398556
}