{
    "predictions": [
        24.196565434396266,
        17.82714183908701,
        14.274499201059339,
        10.12211018425226,
        9.211752723529933,
        7.992554520748555
    ],
    "actual": [
        42.823,
        43.839,
        38.624,
        38.624,
        38.624,
        51.278
    ],
    "mse": 861.2544703377134,
    "rmse": 29.347137344853817,
    "mape": 66.70506634127908
}