{
    "predictions": [
        92.43609436941146,
        95.64996502351761,
        110.2628030962944,
        107.65039775323868,
        105.23778441619874,
        108.83529589366913
    ],
    "actual": [
        161.937,
        88.102,
        126.23199999999999,
        150.622,
        149.655,
        100.768
    ],
    "mse": 1504.4819686875487,
    "rmse": 38.78765227089091,
    "mape": 21.725240636584527
}