{
    "predictions": [
        406.0669257640839,
        408.54539215564733,
        419.8126831054688,
        439.89618897438055,
        453.12737536430365,
        444.3026871681214
    ],
    "actual": [
        467.0,
        483.9999999999999,
        424.0000000000001,
        446.00000000000006,
        513.0,
        495.00000000000006
    ],
    "mse": 2602.6627036227924,
    "rmse": 51.01629841161344,
    "mape": 8.81777717542081
}