{
    "predictions": [
        89.1673123908043,
        104.24367431855202,
        106.43970044612885,
        149.89288021469116,
        145.95802457523345,
        133.01032281017302
    ],
    "actual": [
        100.12700000000001,
        105.895,
        113.157,
        110.06499999999998,
        113.245,
        116.577
    ],
    "mse": 515.7366433554624,
    "rmse": 22.70983582845685,
    "mape": 16.268453296124466
}