{
    "predictions": [
        504.76719945669174,
        508.70456194877625,
        505.58438789844513,
        498.63721084594727,
        491.8369156718254,
        494.74063420295715
    ],
    "actual": [
        379.0,
        287.0,
        394.0,
        467.0,
        485.99999999999994,
        488.00000000000006
    ],
    "mse": 13083.632619146287,
    "rmse": 114.38370783964946,
    "mape": 24.685116144867894
}