{
    "predictions": [
        271.5629463195801,
        274.3800361633301,
        278.89879379272463,
        284.60991649627687,
        284.29431648254393,
        287.67515754699707
    ],
    "actual": [
        348.3,
        330.8,
        371.5,
        277.6000000000001,
        306.6,
        305.4
    ],
    "mse": 3084.6039340624316,
    "rmse": 55.53921077997446,
    "mape": 13.269661502916943
}