{
    "predictions": [
        145.4181867182255,
        146.01566379070283,
        148.2322880625725,
        150.2452410578728,
        148.5620506823063,
        145.8273439407349
    ],
    "actual": [
        132.1,
        120.1,
        110.00000000000001,
        11.7,
        184.8,
        129.5
    ],
    "mse": 3847.5430880614426,
    "rmse": 62.02856670971402,
    "mape": 213.79692576552821
}