{
    "predictions": [
        238.65932351255418,
        260.2688032345772,
        252.71371602582934,
        280.41789646577837,
        278.9595985016823,
        283.429330493927
    ],
    "actual": [
        235.346,
        174.991,
        201.803,
        223.209,
        229.991,
        230.374
    ],
    "mse": 3060.138735224613,
    "rmse": 55.318520725202085,
    "mape": 24.220044432029788
}