{
    "predictions": [
        84.7368887901306,
        82.33943598121404,
        84.69669907689094,
        81.8093132764101,
        81.14639662355184,
        81.60170140266418
    ],
    "actual": [
        85.9,
        57.6,
        89.8,
        103.0,
        77.7,
        48.8
    ],
    "mse": 362.7184448467696,
    "rmse": 19.04516854340674,
    "mape": 23.702167097414794
}