{
    "predictions": [
        117.0457660327554,
        125.97735308265688,
        129.93478475391868,
        130.39840738826993,
        130.4028210834861,
        130.13563426291944
    ],
    "actual": [
        147.357,
        147.357,
        135.176,
        119.953,
        180.43799999999996,
        176.791
    ],
    "mse": 1032.1132268263812,
    "rmse": 32.12651905865902,
    "mape": 16.963981265997617
}