{
    "predictions": [
        296.81051967000946,
        382.9855421257018,
        426.734668820679,
        511.587715184152,
        644.1432680988311,
        637.178267339587
    ],
    "actual": [
        470.62299999999993,
        1311.3660000000002,
        671.283,
        492.2390000000001,
        609.4219999999999,
        991.2430000000004
    ],
    "mse": 179807.78555258407,
    "rmse": 424.03748130629214,
    "mape": 31.584127114999582
}