{
    "predictions": [
        168.1954874782562,
        190.64640692383048,
        209.46581904280183,
        213.36918323737382,
        212.7687973027229,
        229.2111694706082
    ],
    "actual": [
        230.769,
        204.44,
        150.387,
        220.15,
        235.60000000000002,
        196.269
    ],
    "mse": 1541.4073934591067,
    "rmse": 39.26076149871659,
    "mape": 17.116950091116404
}