{
    "predictions": [
        2778.033524930477,
        2945.148495912552,
        3109.994442343712,
        3044.4389097690582,
        3436.0299988389015,
        3319.441049873829
    ],
    "actual": [
        2258.0,
        2196.0,
        2429.0,
        2977.0,
        2286.0,
        2441.0
    ],
    "mse": 565697.9082277261,
    "rmse": 752.1289172925916,
    "mape": 28.956788881535246
}