{
    "predictions": [
        160.87807550442218,
        166.4635534397364,
        160.45275679266453,
        157.8120889042616,
        168.57651107466222,
        182.05409540331365
    ],
    "actual": [
        168.695,
        154.18300000000002,
        202.181,
        198.02000000000004,
        203.71300000000002,
        183.063
    ],
    "mse": 800.9049066157886,
    "rmse": 28.30026336654464,
    "mape": 11.890311474129666
}