{
    "predictions": [
        114.41571462056044,
        115.56184688150886,
        113.07880396234991,
        106.53766424158216,
        103.5967001334429,
        100.14314062246682
    ],
    "actual": [
        120.88700000000001,
        143.084,
        134.954,
        137.909,
        119.648,
        147.967
    ],
    "mse": 801.1328514768389,
    "rmse": 28.30429033692311,
    "mape": 18.21356930545137
}