{
    "predictions": [
        4702.219504317343,
        4805.954852752686,
        4864.056773425638,
        4695.550257951021,
        4501.09645854801,
        4338.252276545763
    ],
    "actual": [
        5568.0,
        5568.0,
        54.5,
        43.1,
        100.6,
        19.8
    ],
    "mse": 14020136.263192916,
    "rmse": 3744.347241268218,
    "mape": 7638.879056024841
}