{
    "predictions": [
        142.45562742471697,
        163.96564058279992,
        184.41084322309496,
        183.1048512530327,
        191.99728651785853,
        191.12292783474925
    ],
    "actual": [
        114.278,
        115.719,
        129.802,
        103.27999999999999,
        128.094,
        139.526
    ],
    "mse": 3203.6204400522074,
    "rmse": 56.600533920204384,
    "mape": 45.42976725526653
}