{
    "predictions": [
        3128.915597200394,
        3115.416891098023,
        3168.8321062326436,
        3160.064249813557,
        3138.252933800221,
        3156.725587844849
    ],
    "actual": [
        3307.0,
        2728.0000000000005,
        -3542.0,
        2984.0,
        3763.9999999999995,
        3103.0
    ],
    "mse": 7607086.318296786,
    "rmse": 2758.094689871395,
    "mape": 38.884544564606074
}