{
    "predictions": [
        9070717.3320055,
        12375610.700666904,
        10930079.808831215,
        2756560.3997409334,
        2482348.76564145,
        -1613652.0795077095
    ],
    "actual": [
        9968000.0,
        14374000.0,
        5374999.999999999,
        33484000.000000004,
        33484000.000000004,
        24786999.999999996
    ],
    "mse": 439654990254674.25,
    "rmse": 20967951.503536873,
    "mape": 69.51980438171489
}