{
    "predictions": [
        999.5003032684327,
        985.7012486457825,
        951.8688855171204,
        912.3608467578888,
        869.5645174980164,
        791.4375395774841
    ],
    "actual": [
        678.0,
        730.0000000000001,
        716.0000000000001,
        593.0,
        935.0,
        874.0
    ],
    "mse": 56244.9028998329,
    "rmse": 237.16007863852823,
    "mape": 30.948190743729416
}