{
    "predictions": [
        30.449412910461422,
        33.08050316262245,
        35.33898377871513,
        39.08482789599895,
        40.93318938529491,
        40.39854610085487
    ],
    "actual": [
        38.584,
        38.008,
        29.555,
        38.515,
        25.568,
        29.74
    ],
    "mse": 78.98742570219665,
    "rmse": 8.88748702964998,
    "mape": 25.17189716102165
}