{
    "predictions": [
        470.1503891289234,
        527.5666935384273,
        575.3590641856193,
        578.5622636914253,
        599.5087082028389,
        640.5634539365768
    ],
    "actual": [
        549.025,
        507.271,
        433.481,
        507.32400000000007,
        431.447,
        426.77699999999993
    ],
    "mse": 17631.130062988257,
    "rmse": 132.7822656192771,
    "mape": 25.697575017576902
}