{
    "predictions": [
        383173118.033427,
        297544976.690948,
        213308432.76835084,
        187268502.31660903,
        164320223.500818,
        204559957.46589303
    ],
    "actual": [
        315000000.0,
        341000000.0,
        464999999.99999994,
        171000000.0,
        171000000.0,
        214000000.0
    ],
    "mse": 1.1713826012243974e+16,
    "rmse": 108230430.15826914,
    "mape": 17.72402799463393
}