{
    "predictions": [
        125.33309483528139,
        124.59947937726976,
        129.20694577693942,
        142.80483412742618,
        164.10838180780414,
        169.90955734252933
    ],
    "actual": [
        208.0,
        119.0,
        681.0,
        594.9999999999999,
        192.99999999999997,
        161.99999999999997
    ],
    "mse": 86119.7501342109,
    "rmse": 293.4616672313624,
    "mape": 36.8879016957033
}