{
    "predictions": [
        194.41404404187202,
        202.25899648213385,
        197.57276940190792,
        187.80357417309284,
        177.85198120766879,
        186.82352219963073
    ],
    "actual": [
        171.167,
        137.205,
        67.911,
        -44.611,
        144.615,
        145.384
    ],
    "mse": 13070.514527901405,
    "rmse": 114.32635097781004,
    "mape": 137.39852978649364
}