{
    "predictions": [
        124.47413496497273,
        146.8172668377161,
        152.63151266735792,
        167.7189282670617,
        159.5122737981081,
        186.41017660450936
    ],
    "actual": [
        178.898,
        233.176,
        223.715,
        251.984,
        266.756,
        264.831
    ],
    "mse": 6704.049119327604,
    "rmse": 81.87825791580818,
    "mape": 33.747822533412624
}