{
    "predictions": [
        109.68767254948617,
        110.13419319391252,
        114.23077849149705,
        112.59448718428612,
        111.55770253539086,
        117.30484497547151
    ],
    "actual": [
        150.70000000000002,
        114.09999999999997,
        84.80000000000001,
        -186.4,
        143.6,
        78.29999999999998
    ],
    "mse": 15751.616579018708,
    "rmse": 125.50544441982869,
    "mape": 49.654891396060634
}