{
    "predictions": [
        28.00861838003993,
        26.266078915551304,
        28.05436526684463,
        26.901580970197916,
        27.24207649573684,
        30.51794615741074
    ],
    "actual": [
        79.477,
        79.477,
        27.146,
        98.887,
        90.352,
        35.781
    ],
    "mse": 2445.6140483419026,
    "rmse": 49.45315003457214,
    "mape": 48.735010666421914
}