{
    "predictions": [
        624.9230824708937,
        783.5032199382781,
        842.4459541559219,
        931.6968876838683,
        965.1641608715056,
        929.9888751983642
    ],
    "actual": [
        264.3,
        315.1,
        317.5,
        344.9,
        320.4,
        301.0
    ],
    "mse": 296782.8757511903,
    "rmse": 544.7778223745808,
    "mape": 171.79553005030473
}