{
    "predictions": [
        261.24031616091725,
        256.3003378379345,
        236.43232543408868,
        187.26045688837763,
        106.22139595359563,
        22.692109895870086
    ],
    "actual": [
        187.389,
        208.031,
        225.795,
        224.576,
        216.319,
        191.388
    ],
    "mse": 8311.555679816996,
    "rmse": 91.16773376484137,
    "mape": 37.16334222036886
}