{
    "predictions": [
        179.87900054454806,
        219.26307543516162,
        274.32793912887576,
        265.9514039516449,
        314.75278959274294,
        403.9933624744416
    ],
    "actual": [
        315.0,
        283.0,
        282.4,
        349.6,
        356.0,
        315.0
    ],
    "mse": 6500.579460880009,
    "rmse": 80.62617106672008,
    "mape": 22.006819243461997
}