{
    "predictions": [
        92.75250494480133,
        16.880325958132747,
        4.980881661176684,
        15.940965294837955,
        47.080438286066055,
        71.77024000883102
    ],
    "actual": [
        110.99999999999999,
        43.0,
        52.0,
        139.0,
        118.0,
        72.00000000000001
    ],
    "mse": 3899.8614971865777,
    "rmse": 62.44887106414797,
    "mape": 52.759351398133624
}