{
    "predictions": [
        -5.402513688802724,
        -8.725554454326634,
        -12.91079877018929,
        -10.758856248855595,
        -10.93664796352387,
        0.45035799741744387
    ],
    "actual": [
        69.90000000000002,
        60.0,
        95.5,
        107.99999999999999,
        44.800000000000004,
        66.7
    ],
    "mse": 7290.971103685651,
    "rmse": 85.38718348608093,
    "mape": 111.58158915890193
}