{
    "predictions": [
        637.7046157382727,
        690.5733338228464,
        738.8950367654562,
        714.2126260023117,
        536.4136638936401,
        492.4432923784256
    ],
    "actual": [
        465.0,
        506.0,
        450.0,
        476.0,
        508.0,
        417.0
    ],
    "mse": 35099.80399519553,
    "rmse": 187.34941685309707,
    "mape": 35.257740828339585
}