{
    "predictions": [
        185.50578737258908,
        174.15534663200376,
        171.71350491046903,
        167.9425284862518,
        166.57563257217404,
        168.767281293869
    ],
    "actual": [
        232.00000000000006,
        18.0,
        32.999999999999986,
        358.0,
        329.0,
        228.99999999999994
    ],
    "mse": 18653.189758235232,
    "rmse": 136.57668087281675,
    "mape": 239.44575862707552
}