{
    "predictions": [
        245.74385857582092,
        247.67369866371155,
        248.12031602859497,
        247.9887568950653,
        250.40441167354584,
        251.92982923984528
    ],
    "actual": [
        279.0,
        257.0,
        348.0,
        294.0,
        341.0,
        311.0
    ],
    "mse": 4163.797049863265,
    "rmse": 64.52749065214968,
    "mape": 17.57684358784611
}