{
    "predictions": [
        4816.249607086182,
        4302.997928619385,
        2834.2495918273926,
        3030.722854614258,
        2232.912027359009,
        718.3664116859436
    ],
    "actual": [
        3255.0,
        4259.0,
        2090.0,
        859.0,
        138.0,
        3077.0
    ],
    "mse": 2943588.7619725615,
    "rmse": 1715.68900502759,
    "mape": 322.0222504454482
}