{
    "predictions": [
        -1007.842815130949,
        1743.6969915032387,
        1774.8222888708115,
        1293.0125016868114,
        -1009.8388442695141,
        2298.2675989866257
    ],
    "actual": [
        498.00000000000006,
        561.0,
        3303.0,
        280.0,
        481.00000000000006,
        795.9999999999999
    ],
    "mse": 1917877.4335843388,
    "rmse": 1384.8745190754066,
    "mape": 236.65447145197578
}