{
    "predictions": [
        488.6825042517185,
        501.16069369304176,
        498.29816182947155,
        518.9191603751182,
        506.5441377459764,
        511.3311584652662
    ],
    "actual": [
        480.94399999999996,
        503.568,
        471.368,
        461.20500000000004,
        397.991,
        559.039
    ],
    "mse": 3030.276559012662,
    "rmse": 55.04794781835797,
    "mape": 9.35386985904606
}