{
    "predictions": [
        320.0495867350101,
        360.8478452690839,
        353.7830731276273,
        388.4595346821546,
        388.3460087343454,
        372.14433735060686
    ],
    "actual": [
        297.716,
        297.716,
        328.083,
        369.821,
        299.635,
        377.0
    ],
    "mse": 2230.9213746371424,
    "rmse": 47.232630401419975,
    "mape": 12.079108495599282
}