{
    "predictions": [
        168.79464557170868,
        184.4383939385414,
        188.55045875310898,
        191.16559526920318,
        197.475872528553,
        204.41682263612748
    ],
    "actual": [
        172.40000000000003,
        167.60000000000002,
        186.1,
        193.2,
        193.79999999999998,
        199.5
    ],
    "mse": 57.39347089563168,
    "rmse": 7.57584786645242,
    "mape": 3.1448504387653946
}