{
    "predictions": [
        605.6596104688645,
        644.877296541214,
        665.0756980735064,
        534.6130191600323,
        535.6999123959541,
        524.2787514374852
    ],
    "actual": [
        429.43,
        397.735,
        377.365,
        390.368,
        412.09,
        412.543
    ],
    "mse": 37247.425045988406,
    "rmse": 192.99591976512977,
    "mape": 45.574832901337494
}