{
    "predictions": [
        349640539.2978132,
        363078576.32294834,
        352784629.28598636,
        353214396.5220804,
        346568306.36593163,
        335490999.0926901
    ],
    "actual": [
        208500000.0,
        373900000.0,
        176900000.0,
        226200000.0,
        285000000.0,
        458900000.0
    ],
    "mse": 1.435437544005376e+16,
    "rmse": 119809746.84913477,
    "mape": 45.776693620998735
}