{
    "predictions": [
        221.01535716056821,
        224.23316562175748,
        219.80211035013198,
        227.50660152435302,
        223.37356592416762,
        227.8787186861038
    ],
    "actual": [
        199.0,
        192.4,
        38.3,
        105.5,
        149.9,
        214.7
    ],
    "mse": 9149.782796217307,
    "rmse": 95.65449699944747,
    "mape": 112.05057845249587
}