{
    "predictions": [
        298869316.8759345,
        285175338.98353565,
        274764496.564865,
        267997486.2933158,
        253371428.90691748,
        263547837.13817587
    ],
    "actual": [
        404000000.0,
        132000000.00000007,
        132000000.00000007,
        396000000.0,
        396000000.0,
        246000000.00000003
    ],
    "mse": 1.532205431363089e+16,
    "rmse": 123782285.94443911,
    "mape": 54.28229026497441
}