{
    "predictions": [
        273.4110525422097,
        298.64265616345415,
        391.8754827678205,
        416.2312086305619,
        333.8903635432721,
        311.5461804420949
    ],
    "actual": [
        194.83000000000007,
        199.173,
        172.83300000000008,
        205.719,
        204.58699999999993,
        235.15799999999996
    ],
    "mse": 21819.784581730517,
    "rmse": 147.7152144558255,
    "mape": 69.1711423478465
}