{
    "predictions": [
        97.34126714545489,
        95.91415377050639,
        99.68495834311844,
        101.6404514027238,
        101.64697446012498,
        90.70688450264932
    ],
    "actual": [
        138.525,
        148.44,
        147.245,
        162.434,
        183.06799999999998,
        190.532
    ],
    "mse": 4501.219095239504,
    "rmse": 67.09112530908618,
    "mape": 38.61844029773366
}