{
    "predictions": [
        454.8909862041474,
        485.22628426551825,
        503.28205895423895,
        474.7019584178925,
        469.9163210391999,
        499.348085641861
    ],
    "actual": [
        390.0,
        335.0,
        291.0,
        298.0,
        340.0,
        357.99999999999994
    ],
    "mse": 23320.59383738668,
    "rmse": 152.7108176829221,
    "mape": 45.23681497578112
}