{
    "predictions": [
        153.5058713141084,
        174.0930297138691,
        165.981656170249,
        154.04712774825097,
        121.57514209806921,
        100.72335889774563
    ],
    "actual": [
        82.98100000000001,
        112.977,
        78.58699999999999,
        107.47800000000001,
        97.50400000000002,
        112.13599999999998
    ],
    "mse": 3204.184067840224,
    "rmse": 56.60551269832492,
    "mape": 54.747753268081844
}