{
    "predictions": [
        1254.6771135482788,
        1346.1442054767608,
        1536.5311800727845,
        1554.0976572704315,
        1319.6553956747055,
        981.326499704361
    ],
    "actual": [
        1047.794,
        1111.958,
        881.252,
        1128.88,
        1292.244,
        1406.863
    ],
    "mse": 148279.55984919067,
    "rmse": 385.07085042780204,
    "mape": 30.866453731990422
}