{
    "predictions": [
        1593.7416238129138,
        1588.436430799961,
        1550.760141414404,
        1555.2870336413382,
        1571.8578470170498,
        1588.037409889698
    ],
    "actual": [
        1574.0,
        1496.0,
        1669.0,
        1778.0,
        1577.0,
        1603.0
    ],
    "mse": 12127.712638755285,
    "rmse": 110.12589449695874,
    "mape": 4.717189001247791
}