{
    "predictions": [
        452.26550001823904,
        536.9646860456467,
        563.0294781668186,
        555.3605122730733,
        576.7516786599159,
        477.50767792201043
    ],
    "actual": [
        351.196,
        369.777,
        265.958,
        247.20900000000006,
        233.82799999999997,
        133.69
    ],
    "mse": 76197.13814882794,
    "rmse": 276.03829109170334,
    "mape": 119.02905499254135
}