{
    "predictions": [
        187.15057532787324,
        196.36744858646392,
        196.62859300231935,
        206.40404238080978,
        212.9490906085968,
        212.97112742328645
    ],
    "actual": [
        83.265,
        83.265,
        182.86399999999998,
        178.727,
        186.228,
        176.631
    ],
    "mse": 4429.080146229852,
    "rmse": 66.55133466903465,
    "mape": 53.08913808772211
}