{
    "predictions": [
        31.286151182651523,
        35.4477951258421,
        39.56186594367028,
        45.186322146654135,
        53.0247383594513,
        56.68090634346009
    ],
    "actual": [
        1.300000000000003,
        -9.6,
        13.3,
        24.6,
        58.099999999999994,
        52.99999999999999
    ],
    "mse": 680.2104538411929,
    "rmse": 26.080844576838246,
    "mape": 512.1162085637407
}