{
    "predictions": [
        166.96286619901662,
        172.18061004281049,
        171.9766261696816,
        166.3514230370522,
        168.5522116541863,
        170.38959188461308
    ],
    "actual": [
        135.1,
        -322.0,
        96.89999999999998,
        -579.3,
        114.09999999999997,
        77.8
    ],
    "mse": 136400.0229897159,
    "rmse": 369.3237373764593,
    "mape": 91.66404686350256
}