{
    "predictions": [
        160.20039854049682,
        166.24552574157713,
        215.77274637222288,
        212.18885436058042,
        178.44736976623534,
        192.12584753036498
    ],
    "actual": [
        231.8,
        197.6,
        190.0,
        344.7,
        323.2,
        271.4
    ],
    "mse": 8595.126561465351,
    "rmse": 92.70990541180242,
    "mape": 28.79331641862248
}