{
    "predictions": [
        2518.339091059566,
        2726.8272193789485,
        2419.9290873229506,
        2382.638217774034,
        2303.118738678098,
        2281.0660651594403
    ],
    "actual": [
        1961.2999999999997,
        3836.5,
        3836.5,
        3116.3,
        4115.2,
        4901.2
    ],
    "mse": 2372556.5540830735,
    "rmse": 1540.3105381977603,
    "mape": 35.88079052023643
}