{
    "predictions": [
        -2572.7465970516205,
        372.34226894378673,
        -5536.204507827759,
        8134.133829116821,
        11929.170398712156,
        6795.398397445679
    ],
    "actual": [
        3052.9999999999995,
        2739.0,
        1516.0,
        1933.0000000000005,
        1953.0,
        2046.9999999999998
    ],
    "mse": 41251500.99034243,
    "rmse": 6422.7331402092705,
    "mape": 299.9075405767984
}