{
    "predictions": [
        81.56055555343629,
        158.4655227839947,
        -58.178287784755234,
        45.83601422160864,
        232.69515668153767,
        443.73242619037626
    ],
    "actual": [
        188.0,
        125.00000000000001,
        183.0,
        236.00000000000003,
        147.00000000000003,
        113.00000000000001
    ],
    "mse": 37251.03369127593,
    "rmse": 193.00526855833738,
    "mape": 107.78968435267069
}