{
    "predictions": [
        1675201471.209526,
        1672530818.8199997,
        1478580656.7668915,
        1312833473.6824036,
        1126562883.9731216,
        1063117235.1688147
    ],
    "actual": [
        1008000000.0,
        937000000.0,
        1141000000.0,
        1075000000.0,
        886000000.0,
        993999999.9999999
    ],
    "mse": 2.0322275716467107e+17,
    "rmse": 450802348.224442,
    "mape": 38.41742488433573
}