{
    "predictions": [
        145805822.92675972,
        192021370.01752853,
        205763877.29644775,
        221260698.8310814,
        216141343.68896484,
        230473748.63624573
    ],
    "actual": [
        431700000.0,
        372999999.99999994,
        310600000.0,
        305800000.0,
        280600000.0,
        232700000.0
    ],
    "mse": 2.2797687604819956e+16,
    "rmse": 150989031.4056619,
    "mape": 33.34523882357168
}