{
    "predictions": [
        56.37352873125673,
        60.99368183809519,
        54.83082776507735,
        55.04636492514611,
        57.431325005427006,
        51.66056619501114
    ],
    "actual": [
        62.405,
        62.113,
        60.774,
        17.835,
        23.492,
        22.829
    ],
    "mse": 573.4625809501513,
    "rmse": 23.947078756085286,
    "mape": 83.44234187802307
}