{
    "predictions": [
        74.16655870759487,
        105.7922950156927,
        166.3126785674095,
        73.96558300638199,
        94.2190728315115,
        44.14318214738368
    ],
    "actual": [
        44.56399999999999,
        6.049000000000002,
        21.912,
        21.912,
        21.912,
        15.953999999999999
    ],
    "mse": 6734.851771459101,
    "rmse": 82.06614266223983,
    "mape": 519.7646864372434
}