{
    "predictions": [
        639.0930987787247,
        350.324513317585,
        118.75819467949867,
        180.86479180574418,
        402.3497715802193,
        180.07613668847083
    ],
    "actual": [
        523.9229999999999,
        523.9229999999999,
        18.486999999999988,
        131.444,
        545.0,
        204.1
    ],
    "mse": 12803.924508818847,
    "rmse": 113.1544277031122,
    "mape": 112.1745921641845
}