{
    "predictions": [
        1610.4124546051028,
        1567.1268134117129,
        1569.482733011246,
        1551.0622591972353,
        1599.7957562208178,
        1635.5337117910387
    ],
    "actual": [
        1883.0,
        1620.0,
        3123.0,
        1297.0,
        1596.0,
        2042.0000000000002
    ],
    "mse": 453382.0542267808,
    "rmse": 673.3365089067878,
    "mape": 17.869331710447668
}