{
    "predictions": [
        445.37099368906036,
        442.2662551655771,
        433.92363439369217,
        424.78720178508775,
        425.9589912786485,
        443.4581900372507
    ],
    "actual": [
        596.684,
        561.4829999999998,
        561.4829999999998,
        649.998,
        575.963,
        641.937
    ],
    "mse": 27665.76569182606,
    "rmse": 166.3302909629694,
    "mape": 26.820075073333754
}