{
    "predictions": [
        213.723946605742,
        212.00902788698676,
        210.7346668660641,
        233.25938297295573,
        198.92472719264032,
        208.62833837360145
    ],
    "actual": [
        213.0,
        213.0,
        194.0,
        193.0,
        219.0,
        226.0
    ],
    "mse": 434.52738714166657,
    "rmse": 20.845320509449273,
    "mape": 7.857399033540506
}