{
    "predictions": [
        28.232182133316996,
        29.35726612520218,
        27.82139767569304,
        27.81871292051673,
        28.728286708861592,
        29.90510842201114
    ],
    "actual": [
        26.116,
        29.133,
        29.133,
        29.133,
        29.133,
        23.075
    ],
    "mse": 9.131724534193157,
    "rmse": 3.0218743412314746,
    "mape": 8.145843287412657
}