{
    "predictions": [
        135.62436365014315,
        132.75394775211814,
        123.17953865987064,
        134.19137575399878,
        132.60753255808356,
        124.80654168283941
    ],
    "actual": [
        95.06,
        140.749,
        142.012,
        158.162,
        172.00200000000004,
        144.605
    ],
    "mse": 763.7573170710712,
    "rmse": 27.63615959338546,
    "mape": 18.89409315498022
}