{
    "predictions": [
        1406.3709560632706,
        1504.898166358471,
        1539.5010794997215,
        1571.7310878634453,
        1553.0947679877281,
        1579.3922013044357
    ],
    "actual": [
        1485.0,
        1518.0,
        1665.0,
        1568.0,
        1741.0,
        1597.0
    ],
    "mse": 9622.749241840605,
    "rmse": 98.09561275531442,
    "mape": 4.304818562245537
}