{
    "predictions": [
        262.11688467490677,
        268.5534794886709,
        281.76692416447406,
        286.15888417172437,
        290.4572119503618,
        293.18248103410014
    ],
    "actual": [
        261.98299999999995,
        -155.83099999999996,
        -678.529,
        -99.81500000000004,
        -479.18,
        193.24300000000002
    ],
    "mse": 308929.2739122628,
    "rmse": 555.8140641547881,
    "mape": 168.82255680427545
}