{
    "predictions": [
        5275.267662048339,
        5348.54791009426,
        5325.940165758132,
        5508.836112856864,
        5521.469784021377,
        5679.196720361709
    ],
    "actual": [
        -3501.0000000000005,
        7513.999999999999,
        6129.999999999999,
        6957.0,
        7448.0,
        6072.000000000001
    ],
    "mse": 14720260.130038729,
    "rmse": 3836.699119039533,
    "mape": 57.627668040705146
}