{
    "predictions": [
        778.3638916015625,
        602.2228620052338,
        361.5606418848038,
        71.46019852161407,
        -56.66728550195694,
        45.04414266347885
    ],
    "actual": [
        1013.0000000000001,
        1251.0000000000002,
        1060.0,
        957.0,
        1065.0,
        1120.0
    ],
    "mse": 693605.2916172022,
    "rmse": 832.8296894426868,
    "mape": 72.45760906327732
}