{
    "predictions": [
        222.61145120573045,
        235.20826363277436,
        245.6591752381325,
        248.10564227056506,
        240.99337895822526,
        253.78713245344164
    ],
    "actual": [
        240.676,
        271.358,
        293.442,
        225.1,
        247.095,
        243.062
    ],
    "mse": 766.307921091051,
    "rmse": 27.682267267892833,
    "mape": 9.035524572770287
}