{
    "predictions": [
        511.4553551664352,
        770.0857195663452,
        791.6173522500992,
        686.7745217597484,
        418.87768787431713,
        441.6410751333236
    ],
    "actual": [
        532.804,
        532.804,
        531.841,
        587.433,
        636.988,
        653.303
    ],
    "mse": 37747.29148405516,
    "rmse": 194.2866219894081,
    "mape": 30.156142366347822
}