{
    "predictions": [
        -59.86345595926047,
        -115.31537649260461,
        448.3417758948802,
        568.9049773805141,
        -63.88735829871894,
        -140.21345791964978
    ],
    "actual": [
        -90.182,
        -144.569,
        420.709,
        615.6889999999999,
        -120.559,
        -145.363
    ],
    "mse": 1327.582738989267,
    "rmse": 36.4360088235425,
    "mape": 19.761844478679446
}