{
    "predictions": [
        42.82996316432953,
        43.16685021686554,
        37.831267453670506,
        47.85870357751846,
        48.104124163150786,
        39.72043637943268
    ],
    "actual": [
        -0.75,
        -14.501999999999997,
        -54.676,
        -25.020000000000003,
        -67.701,
        -26.305999999999997
    ],
    "mse": 6144.021087505726,
    "rmse": 78.38380628360507,
    "mape": 1181.8073736942445
}