{
    "predictions": [
        715.9099259376526,
        636.9307050704956,
        695.2088313102722,
        601.8295361995697,
        651.6941220760345,
        540.1308560371399
    ],
    "actual": [
        887.0,
        745.0,
        189.99999999999997,
        1175.0,
        1741.0,
        1776.0
    ],
    "mse": 556445.1610725842,
    "rmse": 745.9525193151266,
    "mape": 80.10491188767723
}