{
    "predictions": [
        91.61579874026776,
        112.89803382855655,
        111.89464192801715,
        107.51314917051793,
        122.35283232122661,
        124.7910404070616
    ],
    "actual": [
        144.487,
        149.532,
        121.682,
        179.154,
        188.227,
        213.09199999999998
    ],
    "mse": 3583.6801196839624,
    "rmse": 59.86384651593951,
    "mape": 30.92639891678319
}