{
    "predictions": [
        217.79768361639978,
        221.016026755929,
        227.03906279277803,
        233.80805696713924,
        237.3523728427887,
        240.164388196826
    ],
    "actual": [
        234.903,
        322.9,
        375.628,
        65.202,
        -84.486,
        337.363
    ],
    "mse": 29034.519821586262,
    "rmse": 170.39518720194613,
    "mape": 124.45510926828977
}