{
    "predictions": [
        5648.5337897987965,
        5565.111525205076,
        5453.257625823021,
        5211.613467510462,
        5074.82233291328,
        5018.558214567781
    ],
    "actual": [
        5580.407,
        5336.755,
        6545.932,
        6532.759,
        6689.912,
        6567.911
    ],
    "mse": 1334193.2424248355,
    "rmse": 1155.072829922354,
    "mape": 15.024578905746107
}