{
    "predictions": [
        48.501894409179684,
        42.216792236328125,
        40.677758865356445,
        39.19871960449219,
        42.24664343261719,
        41.38612103271485
    ],
    "actual": [
        62.654,
        61.55500000000001,
        62.209999999999994,
        66.423,
        60.076,
        75.447
    ],
    "mse": 542.8461091882099,
    "rmse": 23.299058118048674,
    "mape": 34.07095159567389
}