{
    "predictions": [
        1342.856797516346,
        1351.892696082592,
        1329.6243426203728,
        1306.898679792881,
        1334.2596606612206,
        1305.7173138856888
    ],
    "actual": [
        1333.0,
        7.0,
        1576.0,
        1626.0,
        1680.0,
        1503.0
    ],
    "mse": 354969.4963378872,
    "rmse": 595.7931657361363,
    "mape": 3213.742642634021
}