{
    "predictions": [
        144.53924083709714,
        130.25226974487302,
        71.89434385299681,
        23.346661090850812,
        16.280443191528303,
        26.804792404174787
    ],
    "actual": [
        252.0,
        260.0,
        239.00000000000006,
        272.0,
        400.99999999999994,
        280.99999999999994
    ],
    "mse": 55126.56874813413,
    "rmse": 234.7904784017745,
    "mape": 73.38040865739379
}