{
    "predictions": [
        299.16035797357557,
        236.59502335357664,
        260.6814491841793,
        303.8656348922253,
        301.0907128767967,
        399.98858066511156
    ],
    "actual": [
        377.0,
        436.0,
        561.0,
        476.00000000000006,
        666.0,
        549.0
    ],
    "mse": 53501.00285304938,
    "rmse": 231.30283797015846,
    "mape": 39.66852097082299
}