{
    "predictions": [
        1425.1606305837633,
        1453.4017280340197,
        1526.6925332546236,
        1542.4418686032298,
        1570.960540354252,
        1581.85023778677
    ],
    "actual": [
        1313.0,
        1245.0,
        1288.0,
        568.0,
        1482.9999999999998,
        1969.0000000000002
    ],
    "mse": 203357.39384335824,
    "rmse": 450.9516535543009,
    "mape": 40.160603035698756
}