{
    "predictions": [
        118.46008198297022,
        139.45216930580136,
        142.0077336667776,
        149.42579837977885,
        136.52258926939962,
        140.54366166377065
    ],
    "actual": [
        114.62699999999998,
        155.722,
        122.635,
        156.107,
        127.995,
        106.93099999999998
    ],
    "mse": 316.9786626651168,
    "rmse": 17.80389459261981,
    "mape": 11.994220691906762
}