{
    "predictions": [
        3872.314927142858,
        3075.0805934205646,
        1962.7121114283796,
        1571.385285772383,
        1339.2872891217469,
        1989.8936088681216
    ],
    "actual": [
        2334.495,
        1825.849,
        1350.179,
        1584.449,
        1296.87,
        863.738
    ],
    "mse": 928477.1428908113,
    "rmse": 963.5751879800617,
    "mape": 52.35610966719607
}