{
    "predictions": [
        493.6892000079155,
        610.2413845355511,
        630.9581087321043,
        670.9043442437649,
        686.6424510718584,
        614.5659643294811
    ],
    "actual": [
        482.188,
        554.216,
        498.469,
        481.899,
        544.822,
        554.243
    ],
    "mse": 13383.23429450518,
    "rmse": 115.68592954419816,
    "mape": 19.20145967651228
}