{
    "predictions": [
        284.65873742699625,
        291.0489738941193,
        291.7842572927475,
        300.37706960439687,
        288.87878323793416,
        311.48742564916614
    ],
    "actual": [
        368.0,
        329.0,
        329.0,
        320.0,
        316.00000000000006,
        157.0
    ],
    "mse": 5793.007069112716,
    "rmse": 76.11180637136866,
    "mape": 26.434764644289228
}