{
    "predictions": [
        640.4809737205505,
        601.0748965740204,
        458.62245693206785,
        341.686432659626,
        258.65021147727964,
        364.4801069736481
    ],
    "actual": [
        315.8,
        224.5,
        234.6,
        272.2,
        153.4,
        176.0
    ],
    "mse": 58140.528450051635,
    "rmse": 241.12347137939855,
    "mape": 94.5455210095111
}