{
    "predictions": [
        53.45476934242248,
        45.51107769012451,
        29.52721732091904,
        23.134146839618683,
        -3.8611506891250627,
        1.6552085046768177
    ],
    "actual": [
        134.067,
        157.89,
        198.99600000000004,
        82.63799999999999,
        82.973,
        135.795
    ],
    "mse": 12820.230690515295,
    "rmse": 113.22645755526972,
    "mape": 81.98428518216895
}