{
    "predictions": [
        742356681.4661026,
        853465281.0335158,
        921232963.7050627,
        922301550.1976012,
        847472837.8534316,
        826083756.828308
    ],
    "actual": [
        851800000.0,
        783800000.0,
        708700000.0,
        577400000.0,
        632100000.0,
        606100000.0
    ],
    "mse": 4.5956123982748904e+16,
    "rmse": 214373795.00010934,
    "mape": 30.30447612507075
}