{
    "predictions": [
        147.7035245716572,
        119.71917396485806,
        138.31782574653627,
        153.9122509479523,
        179.60553814172746,
        207.63720954656603
    ],
    "actual": [
        296.80000000000007,
        270.7,
        305.9,
        309.00000000000006,
        318.1,
        277.6000000000001
    ],
    "mse": 20206.078643733515,
    "rmse": 142.1480870210131,
    "mape": 46.62052939020687
}