{
    "predictions": [
        633.9270334243774,
        604.4294662475586,
        536.731466293335,
        442.8020544052124,
        392.469277381897,
        391.574107170105
    ],
    "actual": [
        640.0,
        709.0,
        714.0,
        760.0000000000001,
        757.0,
        712.0
    ],
    "mse": 63094.3246187793,
    "rmse": 251.185836819633,
    "mape": 29.236717592530198
}