{
    "predictions": [
        411.5442692399025,
        426.5897176086903,
        420.36082170009615,
        402.07149043083194,
        396.1031875193119,
        399.34481549263
    ],
    "actual": [
        366.9,
        344.0,
        398.7,
        430.6,
        358.0,
        374.8
    ],
    "mse": 2025.2566920514475,
    "rmse": 45.0028520435255,
    "mape": 10.904480900763613
}