{
    "predictions": [
        145.03856896471976,
        158.97103113663195,
        115.62614044439793,
        70.02746028047801,
        28.342862114727495,
        44.538539718806746
    ],
    "actual": [
        50.579,
        31.373999999999995,
        26.042,
        47.298,
        46.308,
        53.685
    ],
    "mse": 5691.993837099835,
    "rmse": 75.44530361195345,
    "mape": 173.55665733573534
}