{
    "predictions": [
        74.1304077272415,
        74.83175253170728,
        74.48870353209972,
        75.16433222311734,
        75.11229869055748,
        74.944468513906
    ],
    "actual": [
        80.096,
        116.95799999999998,
        77.482,
        76.673,
        76.62,
        71.976
    ],
    "mse": 305.4216479478212,
    "rmse": 17.476316772930765,
    "mape": 9.23153578076464
}