{
    "predictions": [
        6989.544751405716,
        6097.731825351715,
        4380.247637152672,
        1211.0404687523844,
        521.2244369983675,
        -4518.788621336222
    ],
    "actual": [
        -905.0000000000001,
        1141.9999999999998,
        5947.000000000001,
        2406.0,
        6850.000000000001,
        4262.0
    ],
    "mse": 34653567.49066548,
    "rmse": 5886.7280802382475,
    "mape": 280.11740245278605
}