{
    "predictions": [
        456.96258441430336,
        487.10611429119115,
        500.1876025847793,
        488.852389890194,
        468.00154087942843,
        481.2368590393663
    ],
    "actual": [
        390.40000000000003,
        396.1,
        325.5,
        405.6,
        472.09999999999997,
        439.90000000000003
    ],
    "mse": 8647.490447323782,
    "rmse": 92.99188377123986,
    "mape": 20.74726597005665
}