{
    "predictions": [
        979.5949328978658,
        1005.4631901636124,
        1614.3220817689298,
        1552.2868041608333,
        1573.6675507894754,
        2523.7574997410775
    ],
    "actual": [
        1305.504,
        1282.187,
        1494.112,
        1800.132,
        1947.043,
        1570.614
    ],
    "mse": 217760.3748301711,
    "rmse": 466.64802027885116,
    "mape": 24.703790525880727
}