{
    "predictions": [
        3321.9152588248253,
        3351.6108214259148,
        3386.4627915620804,
        3399.857522726059,
        3400.6557265520096,
        3487.620317399502
    ],
    "actual": [
        3799.0,
        3345.0,
        3397.0000000000005,
        3875.0,
        4137.0,
        3748.0
    ],
    "mse": 177254.23797409594,
    "rmse": 421.01572176594067,
    "mape": 8.3456478330989
}