{
    "predictions": [
        763.0004032554626,
        853.5216416690349,
        894.6927150917053,
        962.3836363286972,
        1005.8588220772742,
        1056.154165555954
    ],
    "actual": [
        826.909,
        868.879,
        866.1569999999999,
        879.862,
        839.844,
        834.106
    ],
    "mse": 14801.762277839278,
    "rmse": 121.66249330767177,
    "mape": 11.426331769473169
}