{
    "predictions": [
        1372.1119987666607,
        741.6169177889823,
        258.58939760923386,
        -270.6907371021807,
        -1256.9152783155441,
        -1557.0061843246222
    ],
    "actual": [
        2424.0,
        2889.0,
        2889.0,
        1704.0,
        2049.0,
        579.9999999999999
    ],
    "mse": 5338676.195418914,
    "rmse": 2310.5575507697085,
    "mape": 142.40855622019825
}