{
    "predictions": [
        252.01109547638896,
        251.375194437027,
        257.4534992747307,
        258.46178891110424,
        253.0737112822533,
        252.21399456334117
    ],
    "actual": [
        228.7,
        254.0,
        254.0,
        248.1,
        248.1,
        169.8
    ],
    "mse": 1247.7324011728708,
    "rmse": 35.3232558121823,
    "mape": 11.217167103314578
}