{
    "predictions": [
        282.09956923633814,
        212.8378731278181,
        40.04227734090388,
        -5.556318127162755,
        146.15599896103146,
        202.1395846582055
    ],
    "actual": [
        292.78399999999993,
        164.01899999999998,
        128.58,
        92.521,
        77.575,
        150.78
    ],
    "mse": 4549.4480756075955,
    "rmse": 67.4495965562997,
    "mape": 55.12426924516745
}