{
    "predictions": [
        186.477775475204,
        188.19067557495833,
        185.19816540193557,
        185.4891467614174,
        191.20575777840614,
        188.38131031554937
    ],
    "actual": [
        206.804,
        215.336,
        255.627,
        252.945,
        227.708,
        231.363
    ],
    "mse": 2306.7293759823688,
    "rmse": 48.0284225847817,
    "mape": 18.543708524498058
}