{
    "predictions": [
        89.8679566078186,
        77.72621695327757,
        77.64824449348448,
        72.68884218502043,
        65.76786510753631,
        63.55010382938384
    ],
    "actual": [
        80.441,
        71.51399999999998,
        76.08600000000001,
        110.079,
        86.41200000000002,
        79.07599999999998
    ],
    "mse": 365.8595695009624,
    "rmse": 19.127455907698817,
    "mape": 16.65837159235122
}