{
    "predictions": [
        21943649.659514427,
        21569907.091736794,
        22280729.875206947,
        23852313.896656036,
        23830086.15708351,
        23991424.806952477
    ],
    "actual": [
        15020000.0,
        21150000.0,
        21617000.0,
        21617000.0,
        24341000.0,
        23035000.0
    ],
    "mse": 9121032250574.781,
    "rmse": 3020104.6754334164,
    "mape": 11.290593023611779
}