{
    "predictions": [
        337.72462039589885,
        346.0113834947348,
        356.1473024189472,
        363.7342444777489,
        362.9906091451645,
        375.92246068716054
    ],
    "actual": [
        578.7,
        361.7,
        430.4,
        374.5,
        396.4,
        330.0
    ],
    "mse": 11194.948441012179,
    "rmse": 105.80618337796794,
    "mape": 14.741516539660196
}