{
    "predictions": [
        276.7688891201019,
        235.03484867191312,
        132.1514566555023,
        -56.74825679183005,
        -160.73609873771665,
        -344.0631135292053
    ],
    "actual": [
        165.018,
        508.00000000000006,
        227.955,
        123.126,
        186.667,
        185.776
    ],
    "mse": 88324.95024507579,
    "rmse": 297.1951383267832,
    "mape": 130.14706236979586
}