{
    "predictions": [
        822.2695863824486,
        871.9972370402812,
        764.8675145435928,
        601.033905986607,
        502.91084592062225,
        515.8358262107968
    ],
    "actual": [
        450.1,
        390.2,
        469.5,
        425.99999999999994,
        343.4,
        246.39999999999998
    ],
    "mse": 97759.49832542114,
    "rmse": 312.66515367949324,
    "mape": 77.65977773746086
}