{
    "predictions": [
        1000.4531089603902,
        1129.901509165764,
        1178.9056434690954,
        1266.9140669703484,
        1338.376702272892,
        1370.639843630791
    ],
    "actual": [
        1121.1,
        1140.7,
        1164.0,
        1222.1,
        1303.3,
        1252.7
    ],
    "mse": 5340.490047577951,
    "rmse": 73.07865658027623,
    "mape": 4.793647059982091
}