{
    "predictions": [
        2311197768.741846,
        2285199447.387457,
        2285122395.414114,
        2362489744.2758083,
        2398932639.8074627,
        2408368594.6941376
    ],
    "actual": [
        240000000.0,
        3330000000.0,
        3330000000.0,
        1988000000.0,
        3548000000.0,
        3990999999.9999995
    ],
    "mse": 1.7397596887389716e+18,
    "rmse": 1318999502.9335575,
    "mape": 169.43850496533247
}