{
    "predictions": [
        170.3993593454361,
        171.91837620735168,
        172.7132499217987,
        171.83258485794067,
        171.8379067182541,
        167.54852843284607
    ],
    "actual": [
        125.0,
        165.0,
        165.0,
        169.0,
        169.0,
        195.0
    ],
    "mse": 489.6867542333034,
    "rmse": 22.128866989371677,
    "mape": 10.436689643644401
}