{
    "predictions": [
        1589.2017388343809,
        1611.1553395032881,
        1596.3848634958265,
        1715.8273954391477,
        1758.4512045145034,
        1836.5788584232328
    ],
    "actual": [
        1986.4999999999998,
        1813.8999999999999,
        1532.1999999999998,
        1952.9999999999998,
        1735.0999999999997,
        1507.4
    ],
    "mse": 61370.974387734714,
    "rmse": 247.73165802483686,
    "mape": 11.782268349806397
}