{
    "predictions": [
        272.0761607825756,
        277.12244017720224,
        278.7282133281231,
        277.3002577662468,
        279.10384836196897,
        281.3369000613689
    ],
    "actual": [
        310.7,
        275.3,
        243.9,
        259.3,
        230.59999999999997,
        243.6
    ],
    "mse": 1134.805483256023,
    "rmse": 33.68687404993261,
    "mape": 11.806648183210006
}