{
    "predictions": [
        61442303.83106381,
        61000740.99277401,
        60969690.5215891,
        60872006.093170464,
        60355278.69910425,
        60612095.09076339
    ],
    "actual": [
        58625000.0,
        61651000.0,
        61651000.0,
        71519000.0,
        75789000.0,
        74539000.0
    ],
    "mse": 92390188842514.19,
    "rmse": 9611981.525289891,
    "mape": 10.15009089650183
}