{
    "predictions": [
        1588.277303814888,
        1405.6757899075747,
        1348.6673763394356,
        1175.6514184176922,
        1129.9150703325868,
        1010.499472308904
    ],
    "actual": [
        2030.0,
        2122.0,
        2070.0,
        2184.0,
        2283.0,
        1532.0
    ],
    "mse": 641149.0976056438,
    "rmse": 800.7178639231448,
    "mape": 36.8469185810417
}