{
    "predictions": [
        137.71123989108204,
        8.642036140304059,
        -51.60989423396439,
        -66.33296763352305,
        -85.67192562146485,
        -67.96296051767469
    ],
    "actual": [
        460.305,
        418.512,
        351.329,
        465.34100000000007,
        447.611,
        567.79
    ],
    "mse": 234278.26454126634,
    "rmse": 484.0230000126712,
    "mape": 104.67863742228378
}