{
    "predictions": [
        526.0560199460984,
        480.9215939347745,
        432.8937164158822,
        553.6502755818368,
        548.2018577485086,
        477.1852231159211
    ],
    "actual": [
        419.415,
        437.291,
        434.84,
        408.12,
        401.723,
        428.374
    ],
    "mse": 9716.22937705676,
    "rmse": 98.57093576230652,
    "mape": 19.89451284963084
}