{
    "predictions": [
        303.4379031677246,
        276.6706337890625,
        285.8400969848633,
        292.3773482055664,
        281.9880483703613,
        277.94781118774415
    ],
    "actual": [
        279.626,
        279.626,
        229.649,
        240.291,
        266.899,
        278.361
    ],
    "mse": 1112.3363462302243,
    "rmse": 33.35170679635788,
    "mape": 10.253174000472047
}