{
    "predictions": [
        537.6956843811869,
        645.0479461168648,
        577.912455950141,
        493.75681262195104,
        402.5673545119762,
        458.19739397513865
    ],
    "actual": [
        445.0,
        387.3,
        310.8,
        252.3,
        438.6,
        313.2
    ],
    "mse": 37833.25765267899,
    "rmse": 194.50773160128878,
    "mape": 53.92284379564496
}