{
    "predictions": [
        59.0061582684517,
        60.70363909602166,
        61.885865277051934,
        61.884118741750726,
        62.48052490353585,
        64.13794234991074
    ],
    "actual": [
        83.29999999999997,
        58.8,
        67.09999999999998,
        74.0,
        65.4,
        62.3
    ],
    "mse": 129.94962239648945,
    "rmse": 11.399544832864576,
    "mape": 10.65990662857802
}