{
    "predictions": [
        2637.550159215927,
        3070.1610428094864,
        3279.8637988567352,
        3070.813670516014,
        2414.480370402336,
        1967.630159497261
    ],
    "actual": [
        2598.0,
        2014.0,
        2014.0,
        2414.0,
        2414.0,
        1923.0
    ],
    "mse": 525474.6333946042,
    "rmse": 724.8962914752732,
    "mape": 24.39429903082082
}