{
    "predictions": [
        472.46919329512116,
        548.0914564911127,
        455.5123043116331,
        335.22614499115946,
        149.86769022780658,
        193.94237935125827
    ],
    "actual": [
        228.66,
        155.99200000000002,
        102.544,
        232.52100000000002,
        218.72500000000002,
        83.987
    ],
    "mse": 60858.56528824522,
    "rmse": 246.69528833815457,
    "mape": 151.46107943431915
}