{
    "predictions": [
        39.90159184885025,
        38.98950325632096,
        38.86381164479256,
        38.0845584127903,
        37.827710729599,
        37.065417412281036
    ],
    "actual": [
        32.861,
        42.732,
        46.621,
        46.621,
        46.621,
        53.388
    ],
    "mse": 90.06161002240162,
    "rmse": 9.490079558275664,
    "mape": 19.09454747291829
}