{
    "predictions": [
        131.0795540201664,
        250.33697868657114,
        243.71601464998724,
        212.2832181789875,
        130.1687810547948,
        208.9330691521764
    ],
    "actual": [
        122.0,
        136.0,
        108.0,
        160.0,
        117.0,
        93.0
    ],
    "mse": 7986.941308253023,
    "rmse": 89.36968897927878,
    "mape": 64.29468928433529
}