{
    "predictions": [
        327.641150308311,
        479.23481196224697,
        999.1087181780339,
        596.5208745994569,
        508.5522990250588,
        766.1736053631306
    ],
    "actual": [
        589.109,
        326.029,
        671.694,
        526.595,
        660.911,
        254.55400000000003
    ],
    "mse": 81482.5462023674,
    "rmse": 285.45147784232506,
    "mape": 62.906346014357304
}