{
    "predictions": [
        313945273.5489607,
        342724790.7356024,
        338607614.5927906,
        342318216.71390533,
        345023705.1819563,
        344680111.82296276
    ],
    "actual": [
        297500000.0,
        489100000.0,
        241500000.0,
        334500000.0,
        292900000.0,
        533700000.0
    ],
    "mse": 1.1605426833689842e+16,
    "rmse": 107728486.63974558,
    "mape": 21.869229076479257
}