{
    "predictions": [
        31.00181444048881,
        31.214641145467755,
        31.747043654918667,
        32.50267364740371,
        32.165912023782724,
        32.21934007167816
    ],
    "actual": [
        39.81,
        37.29,
        37.29,
        26.31,
        32.13,
        22.4
    ],
    "mse": 46.664736520927875,
    "rmse": 6.831159236976392,
    "mape": 20.127943351157608
}