{
    "predictions": [
        456.78029029774666,
        437.28560300469394,
        414.8629430787563,
        443.5615135688781,
        491.6711649117469,
        515.7451356773377
    ],
    "actual": [
        450.709,
        450.709,
        367.418,
        670.723,
        438.149,
        441.269
    ],
    "mse": 10413.621436064286,
    "rmse": 102.0471530032283,
    "mape": 13.366632406393277
}