{
    "predictions": [
        72.77081870114804,
        70.92293823558093,
        70.1261881993413,
        69.5877452016473,
        68.96443823993206,
        69.20784294933081
    ],
    "actual": [
        78.729,
        59.466,
        59.466,
        78.796,
        89.47100000000002,
        120.004
    ],
    "mse": 560.9935955560662,
    "rmse": 23.68530336635075,
    "mape": 20.282593078788555
}