{
    "predictions": [
        2846.2828063964844,
        3036.6676330566406,
        3175.489501953125,
        3048.329071044922,
        2796.0391693115234,
        2641.760498046875
    ],
    "actual": [
        2212.0,
        1870.0,
        1771.0,
        1759.0,
        2087.0,
        1812.0
    ],
    "mse": 1098271.2144645427,
    "rmse": 1047.9843579293265,
    "mape": 53.90562430882157
}