{
    "predictions": [
        1519.0009870529173,
        1204.6679705977438,
        1549.1076326966283,
        1831.2312800884245,
        2042.7182484865186,
        1973.3659186363218
    ],
    "actual": [
        3055.9999999999995,
        2431.0,
        1729.0,
        229.00000000000009,
        2105.9999999999995,
        1612.0000000000005
    ],
    "mse": 1100058.743012075,
    "rmse": 1048.8368524284772,
    "mape": 139.37180881551922
}