{
    "predictions": [
        170.68449524348972,
        155.0298087079525,
        139.76349789908528,
        167.19902471280096,
        142.03468844628333,
        162.54739172035454
    ],
    "actual": [
        248.271,
        240.448,
        268.8829999999999,
        254.37700000000004,
        250.206,
        253.465
    ],
    "mse": 9592.470410073784,
    "rmse": 97.94115789632968,
    "mape": 38.028331917764625
}