{
    "predictions": [
        109.27701744437219,
        118.81651882529259,
        114.2524324297905,
        113.72240886688233,
        64.34388562142848,
        63.829955571889876
    ],
    "actual": [
        30.4,
        104.99999999999999,
        85.8,
        32.4,
        18.100000000000005,
        79.4
    ],
    "mse": 2702.7130682191205,
    "rmse": 51.9876241832527,
    "mape": 138.64660055131043
}