{
    "predictions": [
        4628.353210389614,
        4740.243867397308,
        5005.490658402443,
        5099.286687135696,
        4812.724636077881,
        4981.878000378609
    ],
    "actual": [
        2274.0,
        3543.000000000001,
        2628.9999999999995,
        2968.0,
        2888.0,
        4000.0
    ],
    "mse": 3639185.3403134835,
    "rmse": 1907.6648920377718,
    "mape": 65.12033274312633
}