{
    "predictions": [
        200.67092906665803,
        201.56120686125755,
        200.08291276037693,
        199.6622825961113,
        199.30841360211372,
        198.99078583401442
    ],
    "actual": [
        218.00000000000003,
        218.00000000000003,
        260.0,
        242.0,
        127.00000000000001,
        198.0
    ],
    "mse": 1863.759768624422,
    "rmse": 43.171284074305945,
    "mape": 18.910993272179365
}