{
    "predictions": [
        65.9711862206459,
        63.14615646004677,
        64.89487938582897,
        65.99076345562935,
        63.023983642458916,
        64.26803360879421
    ],
    "actual": [
        118.0,
        107.0,
        88.99999999999999,
        128.0,
        80.0,
        108.0
    ],
    "mse": 1876.1715548276507,
    "rmse": 43.31479602661948,
    "mape": 37.05313645448248
}