{
    "predictions": [
        404.61582794636496,
        446.08928652286534,
        486.36774744617946,
        478.45803715920454,
        463.4107805729509,
        537.4177498571873
    ],
    "actual": [
        605.2,
        420.5,
        323.5,
        601.7,
        585.0,
        511.6
    ],
    "mse": 16342.300119133915,
    "rmse": 127.83700606293122,
    "mape": 22.647943253458724
}