{
    "predictions": [
        115.93539068078994,
        114.6760713738799,
        112.48975184857845,
        125.86413054347037,
        123.517657038033,
        133.29811115926503
    ],
    "actual": [
        141.5,
        94.24400000000001,
        158.194,
        171.072,
        149.75,
        144.842
    ],
    "mse": 1004.174289499669,
    "rmse": 31.688709180079726,
    "mape": 20.091955449778276
}