{
    "predictions": [
        245.30530057895183,
        247.69281585776804,
        251.76919884717464,
        258.3646512311697,
        263.31782071745397,
        267.78174996852874
    ],
    "actual": [
        265.1,
        266.7,
        282.6,
        287.0,
        288.8,
        272.6
    ],
    "mse": 532.6969445629267,
    "rmse": 23.080228433941606,
    "mape": 7.678639789405577
}