{
    "predictions": [
        437.4195286325812,
        435.12199883222576,
        433.8266522003412,
        439.75044754099844,
        438.77172099691626,
        441.9086565212607
    ],
    "actual": [
        531.286,
        464.96,
        441.942,
        525.595,
        486.26199999999994,
        310.522
    ],
    "mse": 6109.024488180118,
    "rmse": 78.16024877250659,
    "mape": 15.722029987498079
}