{
    "predictions": [
        11865.56856739521,
        11892.708336293697,
        11863.680370926857,
        11861.742525279522,
        11873.261898636818,
        11870.101919353008
    ],
    "actual": [
        11904.0,
        11678.0,
        12155.0,
        12215.0,
        10432.0,
        11259.0
    ],
    "mse": 451319.33845240047,
    "rmse": 671.803050344668,
    "mape": 4.44892860096538
}