{
    "predictions": [
        83.4119919670224,
        81.27901542913912,
        84.86193404006957,
        53.615141720205536,
        55.14087535125016,
        79.75594568645953
    ],
    "actual": [
        155.855,
        148.68800000000002,
        148.0,
        195.99999999999994,
        251.99999999999997,
        233.0
    ],
    "mse": 16048.179832363605,
    "rmse": 126.68141076086738,
    "mape": 58.5019602961125
}