{
    "predictions": [
        287.8093032836914,
        407.62496411800385,
        606.4351636767387,
        818.5546897649765,
        872.645933508873,
        949.2483340501785
    ],
    "actual": [
        -392.0,
        -79.0,
        426.0,
        343.0,
        925.0000000000001,
        895.9999999999999
    ],
    "mse": 160538.33152328298,
    "rmse": 400.67234933706493,
    "mape": 163.66764262479157
}