{
    "predictions": [
        499.2575035095214,
        520.7160868644714,
        503.44892311096186,
        501.1793341636657,
        495.07082557678217,
        489.2561926841735
    ],
    "actual": [
        394.0,
        333.0,
        2.0,
        211.0,
        350.0,
        334.0
    ],
    "mse": 71186.92826298212,
    "rmse": 266.8087859553769,
    "mape": 4230.1651505566
}