{
    "predictions": [
        1407.736765384674,
        1476.01136302948,
        1545.2901239395142,
        1547.5071892738342,
        1588.4245109558105,
        1633.1576647758484
    ],
    "actual": [
        1540.0,
        1558.0,
        1513.0,
        1573.0,
        1684.0,
        1706.0
    ],
    "mse": 6724.819205480904,
    "rmse": 82.00499500323687,
    "mape": 4.591842614430766
}