{
    "predictions": [
        44.649439703226065,
        43.77167054033277,
        43.65323001790044,
        44.907326700687385,
        46.346218564033485,
        47.789559494495364
    ],
    "actual": [
        90.303,
        73.82300000000001,
        42.43399999999998,
        57.63900000000001,
        -419.382,
        20.177000000000003
    ],
    "mse": 36802.68983426114,
    "rmse": 191.8402716695875,
    "mape": 60.68797704438066
}