{
    "predictions": [
        128.32276282691956,
        115.00263151741028,
        103.33699905490874,
        89.48791530227662,
        65.5763497505188,
        48.37648988294602
    ],
    "actual": [
        172.229,
        90.245,
        40.484,
        35.965,
        53.91499999999999,
        42.826
    ],
    "mse": 1587.115824941051,
    "rmse": 39.83862227714521,
    "mape": 65.2649689957116
}