{
    "predictions": [
        56.46481960415839,
        54.41398363709449,
        51.200605684518806,
        53.12096453905105,
        54.897001147270196,
        51.70491161942481
    ],
    "actual": [
        33.70000000000001,
        33.70000000000001,
        19.000000000000004,
        -61.2,
        38.50000000000001,
        46.60000000000001
    ],
    "mse": 2558.0649730970413,
    "rmse": 50.57731678427634,
    "mape": 89.80623555388611
}