{
    "predictions": [
        189.33368868380785,
        270.7727278023958,
        -10.346012145280849,
        249.53546795994043,
        369.84291039407253,
        883.8276188373566
    ],
    "actual": [
        520.0,
        318.0,
        326.0,
        399.0,
        207.0,
        294.0
    ],
    "mse": 103575.55738527146,
    "rmse": 321.83156679429607,
    "mape": 83.06068937492918
}