{
    "predictions": [
        2723.4818070977926,
        -634.3394949436187,
        -1882.6913964450357,
        -1084.113892197609,
        -1424.7848781943321,
        -879.7370795607566
    ],
    "actual": [
        16826.0,
        17167.0,
        17402.0,
        19723.0,
        18010.0,
        15568.0
    ],
    "mse": 328140489.37907165,
    "rmse": 18114.648475172562,
    "mape": 102.89774794031065
}