{
    "predictions": [
        317.420076867342,
        324.9046353471279,
        329.33365666747096,
        329.31516936421394,
        316.9876955854893,
        317.868670989275
    ],
    "actual": [
        274.0,
        260.00000000000006,
        265.00000000000006,
        325.0,
        318.0,
        261.0
    ],
    "mse": 2248.404221978908,
    "rmse": 47.41734094167352,
    "mape": 14.753626369111872
}