{
    "predictions": [
        49.43381986021995,
        15.989414058625696,
        34.11508520692586,
        124.08728820085524,
        139.47105991840363,
        100.32279670238493
    ],
    "actual": [
        118.99999999999999,
        148.0,
        -65.0,
        115.00000000000001,
        129.0,
        144.0
    ],
    "mse": 5698.328054327144,
    "rmse": 75.48727080989975,
    "mape": 57.748424143761014
}