{
    "predictions": [
        140044359.67940092,
        139091616.05739594,
        134743157.843709,
        134259822.5545287,
        127931349.06011818,
        122398680.134356
    ],
    "actual": [
        99385000.00000001,
        150353000.0,
        69724999.99999999,
        89027999.99999999,
        19414000.0,
        140931000.0
    ],
    "mse": 3362123807578924.0,
    "rmse": 57983823.671597615,
    "mape": 127.42849330120742
}