{
    "predictions": [
        388.6556491255761,
        358.69786810874945,
        322.7420909404755,
        288.67581492662435,
        279.62221631407743,
        251.952550649643,
        240.65334993600848,
        228.04037582874298
    ],
    "actual": [
        473.0,
        518.0,
        509.0,
        461.00000000000006,
        431.0,
        469.00000000000006,
        504.0,
        484.0
    ],
    "mse": 37721.29852086623,
    "rmse": 194.21971712693392,
    "mape": 38.63691119600998
}