{
    "predictions": [
        -234.6950221061707,
        228.90069293975822,
        689.1291027069091,
        870.2051653861998,
        647.8583164215087,
        372.54761695861805,
        1222.5732293128965,
        1586.4230799674986
    ],
    "actual": [
        1032.0,
        2732.0,
        1293.9999999999998,
        1224.0000000000002,
        83.99999999999976,
        1514.0000000000002,
        223.9999999999998,
        1735.0
    ],
    "mse": 1375141.9183301062,
    "rmse": 1172.6644525737556,
    "mape": 186.37756639999367
}