{
    "predictions": [
        221.2317932466269,
        229.49415410089497,
        235.61727595317367,
        241.84142776501182,
        234.87603961312774,
        231.9725617011786,
        222.09792113327984,
        227.69036128962043
    ],
    "actual": [
        73.42799999999998,
        73.42799999999998,
        180.73199999999997,
        180.73199999999997,
        144.483,
        144.483,
        50.15700000000001,
        -436.318
    ],
    "mse": 67405.68383400148,
    "rmse": 259.6260461394455,
    "mape": 137.01511899536933
}