{
    "predictions": [
        29405.07406616211,
        41296.39211368561,
        41347.00523662567,
        38419.64590549469,
        38928.423961639404,
        42777.655195236206,
        43441.856056213386,
        43960.02607822419
    ],
    "actual": [
        26049.999999999996,
        26049.999999999996,
        29622.0,
        43221.0,
        30736.0,
        28202.0,
        32502.0,
        45912.00000000001
    ],
    "mse": 100911741.359129,
    "rmse": 10045.483629926883,
    "mape": 29.793188643439382
}