{
    "predictions": [
        50994993.20676326,
        52643483.578515045,
        53399749.65206384,
        53438717.17364787,
        54891356.55856132,
        55344018.44446658,
        57481333.85266065,
        57506676.59809589
    ],
    "actual": [
        59617000.0,
        61315000.0,
        61007000.0,
        59307000.0,
        71355000.0,
        62795000.0,
        71337000.0,
        60752000.0
    ],
    "mse": 96365186156767.03,
    "rmse": 9816577.110009732,
    "mape": 13.834038689049896
}