{
    "predictions": [
        7006.034782707691,
        8060.284911870956,
        8835.333665966988,
        9081.868454098701,
        9318.004792451859,
        10233.822425246239,
        9600.475529789925,
        10137.05205476284
    ],
    "actual": [
        8053.0,
        5760.0,
        7185.0,
        6752.0,
        5716.0,
        4489.0,
        5003.0,
        6034.0
    ],
    "mse": 12311071.962249795,
    "rmse": 3508.713719050016,
    "mape": 57.66211393821208
}