{
    "predictions": [
        171.48448740541937,
        196.7664917647839,
        267.72710916996004,
        280.1756866455078,
        334.6605888426304,
        394.9856454014778,
        423.6119889259339,
        426.26180299520496
    ],
    "actual": [
        293.2,
        304.5,
        281.8,
        262.5,
        281.4,
        122.3,
        255.6,
        277.5
    ],
    "mse": 19310.488117831228,
    "rmse": 138.9621823296944,
    "mape": 56.2315727045184
}