{
    "predictions": [
        3365.8935866355896,
        3130.4905614852905,
        4122.048241615295,
        3907.738101005554,
        4342.97061252594,
        4270.819086074829,
        3412.649435520172,
        3066.2587838172913
    ],
    "actual": [
        2332.0,
        2342.0,
        2278.0,
        2410.0,
        2382.0,
        2552.0,
        2399.0,
        2664.0
    ],
    "mse": 1915428.5939724725,
    "rmse": 1383.9900989430787,
    "mape": 53.51609744522419
}