{
    "predictions": [
        62488167.10336209,
        64027801.55663491,
        61440145.30189038,
        61952662.7947569,
        56359656.243801124,
        60748254.6286583,
        62341050.34804345,
        65595953.95727158
    ],
    "actual": [
        29900000.000000004,
        77200000.0,
        55400000.0,
        62200000.0,
        33300000.0,
        33300000.0,
        53900000.00000001,
        75800000.0
    ],
    "mse": 341571036601418.75,
    "rmse": 18481640.52787032,
    "mape": 39.76889777713638
}