{
    "predictions": [
        143.1655366693735,
        143.22963148212432,
        143.11942902386187,
        143.21102853798865,
        142.11835944294927,
        140.49351866900918,
        141.5934906619787,
        142.52362706565856
    ],
    "actual": [
        143.682,
        167.12,
        167.718,
        160.425,
        162.405,
        171.685,
        166.132,
        143.003
    ],
    "mse": 432.406435188712,
    "rmse": 20.794384703296995,
    "mape": 10.72707426809995
}