{
    "predictions": [
        81005426.41937731,
        76507605.37713765,
        64972356.99018835,
        61573425.47297477,
        95403954.23227547,
        92576249.2417693,
        78600288.29234837,
        71699843.2625532
    ],
    "actual": [
        180082000.0,
        9186999.999999998,
        42456000.00000001,
        92388000.0,
        201251000.0,
        41721000.00000001,
        88827000.0,
        159487000.0
    ],
    "mse": 4675722458725719.0,
    "rmse": 68379254.59322965,
    "mape": 139.40392041421813
}