{
    "predictions": [
        1530.3499427185056,
        1624.1252575988767,
        1638.1779042129515,
        1791.7663449935912,
        1683.498588859558,
        1449.0162061538695,
        1338.3325860137938,
        973.206563053131
    ],
    "actual": [
        1127.355,
        920.397,
        920.397,
        1033.908,
        1033.908,
        1092.712,
        1092.712,
        1070.803
    ],
    "mse": 295746.52989567,
    "rmse": 543.8258268008885,
    "mape": 48.81511442488037
}