{
    "predictions": [
        1170.479472208023,
        1086.3324800014495,
        1131.9562884330749,
        1170.149694108963,
        1258.6492134571076,
        1236.4744350910187,
        1299.947043323517,
        1367.6554289340972
    ],
    "actual": [
        1509.3,
        1181.5,
        1258.9,
        1326.7,
        1753.6,
        1327.2,
        1410.6,
        1450.9
    ],
    "mse": 54607.506969693444,
    "rmse": 233.68249179109128,
    "mape": 12.628733878455536
}