{
    "predictions": [
        -7.134825181961076,
        -27.83468332290651,
        -31.71886997222902,
        -53.924357593059554,
        -91.67350640296937,
        -108.73629342317582,
        -100.19120594263077,
        -85.12373213768007
    ],
    "actual": [
        253.0,
        304.0,
        381.0,
        375.99999999999994,
        354.0,
        402.0,
        405.0,
        434.99999999999994
    ],
    "mse": 189772.4362793978,
    "rmse": 435.6287826572044,
    "mape": 116.48694067393468
}