{
    "predictions": [
        27.507522380352,
        27.450914943218212,
        26.76706817150114,
        26.731505525112134,
        26.63930929899214,
        27.55328063964842,
        27.07539396286009,
        27.293745648860913
    ],
    "actual": [
        42.60000000000001,
        44.199999999999996,
        48.599999999999994,
        46.39999999999999,
        41.99999999999999,
        47.6,
        55.29999999999999,
        10.400000000000007
    ],
    "mse": 386.4612652500431,
    "rmse": 19.658618091057242,
    "mape": 56.60023698831772
}