{
    "predictions": [
        336.34900692892074,
        350.905218655467,
        368.30908531868454,
        378.53685682082175,
        370.8188583865165,
        379.6885819895267,
        349.0119206756949,
        344.17152392071483
    ],
    "actual": [
        313.586,
        300.607,
        343.172,
        326.81,
        351.263,
        330.265,
        244.318,
        330.123
    ],
    "mse": 2542.363270493554,
    "rmse": 50.42185310451763,
    "mape": 14.347880965931317
}