{
    "predictions": [
        263.66504121458536,
        270.05605342870956,
        268.64088690614705,
        260.90847789978983,
        279.0738870892525,
        291.9982922557593,
        361.64297918564085,
        415.9600701186657
    ],
    "actual": [
        1196.141,
        247.67300000000006,
        -22.24599999999996,
        -775.675,
        -5.853999999999975,
        -320.66599999999994,
        -967.584,
        137.25600000000006
    ],
    "mse": 541274.3323955544,
    "rmse": 735.7134852614531,
    "mape": 865.8683398250881
}