{
    "predictions": [
        45.82550036096573,
        38.661376463413234,
        23.722346196413035,
        22.5011523797512,
        21.9472237291336,
        32.6351568903923,
        25.61850606703758,
        30.85597343587875
    ],
    "actual": [
        147.893,
        176.154,
        70.582,
        70.582,
        91.482,
        111.321,
        46.367000000000004,
        129.278
    ],
    "mse": 6871.691675299431,
    "rmse": 82.89566740969899,
    "mape": 68.6439157180115
}