{
    "predictions": [
        -305.1617169678211,
        -123.18160200119017,
        164.0777592658997,
        304.0645173192025,
        295.6809237003327,
        438.5929397940636,
        539.1879327297211,
        499.96016556024557
    ],
    "actual": [
        -17.99999999999998,
        636.0,
        480.00000000000006,
        189.99999999999994,
        -23.0,
        474.0,
        554.0,
        354.0
    ],
    "mse": 111996.38639010447,
    "rmse": 334.65861170766914,
    "mape": 409.68831992154395
}