{
    "predictions": [
        273.9485297083855,
        273.3267882406712,
        263.7226246833801,
        264.9250513136387,
        264.43015639185904,
        257.7551620602608,
        249.6846655011177,
        246.29744106531143
    ],
    "actual": [
        232.0,
        402.00000000000006,
        338.00000000000006,
        431.0,
        296.00000000000006,
        307.0,
        321.00000000000006,
        447.0
    ],
    "mse": 12525.449352629155,
    "rmse": 111.91715396948385,
    "mape": 25.55252724039191
}