{
    "predictions": [
        2077.090335382819,
        2214.5187398356197,
        2301.3321380269526,
        2222.519057281017,
        2333.6703093361853,
        2199.2642470294236,
        2271.315086982846,
        2194.965033509135
    ],
    "actual": [
        2040.0,
        1938.0,
        2101.0,
        2058.0,
        2008.0,
        2037.0,
        2156.0,
        2280.0
    ],
    "mse": 37244.64290666125,
    "rmse": 192.98871186331402,
    "mape": 8.359783754178428
}