{
    "predictions": [
        1868.7732179186344,
        2184.891213918507,
        2516.9176366660595,
        2642.7152228993177,
        2840.7928588157893,
        3161.2702741880416,
        3206.2080217984912,
        3128.956644465685
    ],
    "actual": [
        2424.8000000000006,
        2438.8,
        2791.5,
        2416.7,
        1946.9999999999998,
        1955.5,
        2123.1,
        1581.0000000000005
    ],
    "mse": 790269.2747365908,
    "rmse": 888.9709076997913,
    "mape": 38.627829549854695
}