{
    "predictions": [
        20396.019109368324,
        19985.25863367319,
        19922.1351249218,
        19994.277209579945,
        15149.786531209946,
        14686.740926921368,
        13859.89753729105,
        12194.908186465502
    ],
    "actual": [
        15897.0,
        19270.0,
        23319.0,
        27029.0,
        25311.0,
        27872.0,
        30853.0,
        36834.0
    ],
    "mse": 156841309.5329414,
    "rmse": 12523.630046154405,
    "mape": 35.2535180458603
}