{
    "predictions": [
        309.93016873598094,
        397.8851609587669,
        436.2648287415504,
        498.6470276355743,
        557.5182500839232,
        629.7819160938262,
        666.1707168102264,
        689.9618035554885
    ],
    "actual": [
        496.1,
        510.3,
        480.2,
        407.3,
        405.6,
        334.8,
        414.1,
        423.5
    ],
    "mse": 37775.738174889375,
    "rmse": 194.3598162555454,
    "mape": 42.56070562073134
}