{
    "predictions": [
        989.212278187275,
        991.3737823486329,
        1043.7201573073864,
        1003.5823085784913,
        1021.9522430300714,
        1071.0139147162438,
        1069.6912145614624,
        1057.9634801447392
    ],
    "actual": [
        985.0,
        1043.1,
        1095.9,
        1016.1,
        1132.1,
        1265.5,
        1229.5999999999997,
        1040.3
    ],
    "mse": 10176.619673469037,
    "rmse": 100.87923311301012,
    "mape": 6.397566568874158
}