{
    "predictions": [
        650.4815599277616,
        697.3260426431895,
        798.4021817356349,
        855.1854180663825,
        881.4803161263467,
        931.8843200176955,
        963.4704251140357,
        1080.462541666627
    ],
    "actual": [
        693.4,
        718.0,
        767.9,
        821.3,
        804.6,
        843.7,
        1032.0,
        1109.5
    ],
    "mse": 2946.817948047055,
    "rmse": 54.2846013897777,
    "mape": 5.803968645618115
}