{
    "predictions": [
        362.651408979535,
        -620.7615158027709,
        -578.8726072761118,
        1623.681802044153,
        43.87701044654842,
        1449.0092878686187,
        1139.6072303892372,
        1556.9868820080756
    ],
    "actual": [
        544.9689999999999,
        103.60500000000003,
        258.98999999999995,
        341.0749999999999,
        262.337,
        130.20799999999994,
        174.93499999999995,
        282.874
    ],
    "mse": 905744.7828294871,
    "rmse": 951.7062481824353,
    "mape": 441.2695049621986
}