{
    "predictions": [
        378.79671540153026,
        394.6135155898928,
        427.05171466487644,
        432.13290505397316,
        446.04935110849135,
        512.6424554853439,
        511.08407425105565,
        529.8612423617839
    ],
    "actual": [
        445.666,
        456.184,
        475.147,
        487.46999999999997,
        547.544,
        430.558,
        551.151,
        547.837
    ],
    "mse": 4075.6605386642823,
    "rmse": 63.840900202489955,
    "mape": 12.265901378058208
}