{
    "predictions": [
        300070958.88376236,
        300060490.4603362,
        282877333.0433965,
        281149876.6822815,
        273866913.33800554,
        272645271.2173462,
        267634101.44037008,
        260776722.17291594
    ],
    "actual": [
        355072000.0,
        338904000.0,
        420882000.0,
        272494000.0,
        268204000.0,
        269811000.0,
        361155000.0,
        342288000.0
    ],
    "mse": 4885561702672731.0,
    "rmse": 69896793.22166884,
    "mape": 14.473504867947417
}