{
    "predictions": [
        107.56867100596428,
        111.191252990067,
        113.62942392081023,
        118.42711084365844,
        119.62641790002584,
        120.74351705670357,
        127.49002255260945,
        126.73000764340162
    ],
    "actual": [
        109.1,
        122.8,
        123.4,
        110.7,
        95.4,
        104.89999999999999,
        102.29999999999998,
        99.99999999999999
    ],
    "mse": 309.90590954350677,
    "rmse": 17.60414466946653,
    "mape": 14.700839433464235
}