{
    "predictions": [
        134.15031602978706,
        132.80186226963997,
        129.42032313346863,
        129.08554035425186,
        128.35127121210098,
        127.20081263780594,
        128.36850145459175,
        127.92509323358536
    ],
    "actual": [
        147.0,
        130.99999999999997,
        68.00000000000001,
        67.0,
        113.00000000000001,
        5.000000000000022,
        82.99999999999999,
        61.999999999999986
    ],
    "mse": 3671.06880999151,
    "rmse": 60.589345680503186,
    "mape": 351.4623535485351
}