{
    "predictions": [
        59523487.46368885,
        56029104.81759906,
        60361241.85765684,
        62965173.20974469,
        67372163.4156406,
        69813019.22573149,
        78144466.09431505,
        81705872.82207608
    ],
    "actual": [
        83125000.0,
        79923000.0,
        79923000.0,
        85211000.0,
        88984000.0,
        90853999.99999999,
        90308000.0,
        124029000.0
    ],
    "mse": 606810226984555.9,
    "rmse": 24633518.363899134,
    "mape": 25.488801375248027
}