{
    "predictions": [
        78.63894386291503,
        91.50636009573935,
        109.72399197816847,
        115.4833403289318,
        114.2180663526058,
        123.13953542113303,
        120.72849448323248,
        124.46716240048407
    ],
    "actual": [
        148.9,
        168.8,
        164.6,
        167.20000000000002,
        147.9,
        177.2,
        185.2,
        202.89999999999998
    ],
    "mse": 3870.2754306642933,
    "rmse": 62.211537761610536,
    "mape": 35.499523256170484
}