{
    "predictions": [
        158.37425172257423,
        157.096695417881,
        159.39698327517507,
        159.5812742421627,
        164.0295932921171,
        163.1538862736225,
        162.39088667833803,
        165.43459529852868
    ],
    "actual": [
        154.978,
        180.784,
        188.169,
        174.183,
        178.84200000000004,
        193.27499999999998,
        210.436,
        190.902
    ],
    "mse": 712.1590958208529,
    "rmse": 26.68630914571839,
    "mape": 12.375782476108036
}