{
    "predictions": [
        364.80608667385576,
        356.64132033586503,
        354.9604608732462,
        352.9089590693116,
        356.9194180238545,
        357.7050196467042,
        366.98942635121944,
        373.90217343324423
    ],
    "actual": [
        428.06,
        418.8539999999999,
        430.11799999999994,
        442.95599999999996,
        438.584,
        440.57,
        517.946,
        641.192
    ],
    "mse": 16174.505970272876,
    "rmse": 127.17903117366824,
    "mape": 21.961573223033255
}