{
    "predictions": [
        5514.393193244934,
        5871.664244651794,
        6083.758456230164,
        6634.2990465164185,
        6859.609848976135,
        7103.685528755188,
        7192.1582288742065,
        7350.3265209198
    ],
    "actual": [
        5186.0,
        5140.0,
        5140.0,
        5840.0,
        5840.0,
        6673.0,
        6673.0,
        7606.999999999999
    ],
    "mse": 465658.308194191,
    "rmse": 682.3916091176612,
    "mape": 10.949558400491464
}