{
    "predictions": [
        148.8041007385254,
        171.3378355951309,
        190.46640920448303,
        230.0704667301178,
        253.8556150417328,
        266.7373301811218,
        292.11861403656,
        304.237149438858
    ],
    "actual": [
        335.27399999999994,
        335.27399999999994,
        282.337,
        284.219,
        210.844,
        201.762,
        188.459,
        176.15
    ],
    "mse": 13280.223054123317,
    "rmse": 115.23985011324562,
    "mape": 42.053334294383575
}