{
    "predictions": [
        347.6957281589508,
        369.95863487720493,
        374.1069083094597,
        374.46612443923954,
        411.6503452420235,
        413.7287716627121,
        375.23213081359864,
        344.9906892418862
    ],
    "actual": [
        307.8,
        328.3,
        328.3,
        338.1,
        340.3,
        346.2,
        347.4,
        358.6
    ],
    "mse": 2169.840806766689,
    "rmse": 46.58155006831234,
    "mape": 12.829854867197637
}