{
    "predictions": [
        206.01849132776263,
        212.44079731702809,
        211.50959196090702,
        210.01539722681048,
        204.78234090805057,
        198.7737235784531,
        198.5643087267876,
        200.01818685531617
    ],
    "actual": [
        203.9,
        216.30000000000004,
        245.90000000000003,
        238.20000000000002,
        181.00000000000003,
        274.0,
        278.0,
        264.0
    ],
    "mse": 2328.0934142604915,
    "rmse": 48.25032035396751,
    "mape": 15.255601664949053
}