{
    "predictions": [
        763.2214358195067,
        1031.4686521606445,
        1734.9557785794734,
        1448.0290123142004,
        1185.5754340287447,
        1248.9696182608604,
        1838.8347592909336,
        1472.239625023365
    ],
    "actual": [
        783.6880000000001,
        974.604,
        1380.9860000000003,
        968.828,
        868.21,
        1029.4050000000002,
        1472.02,
        974.322
    ],
    "mse": 111248.14406451571,
    "rmse": 333.53881942663844,
    "mape": 27.180779185307596
}