{
    "predictions": [
        42.05944663238525,
        41.07808152151108,
        38.8466617474556,
        38.25356652975083,
        35.0220396938324,
        34.26955293607712,
        34.501554089546204,
        33.42779476451874
    ],
    "actual": [
        54.972,
        84.02,
        86.91,
        77.681,
        69.455,
        90.07200000000002,
        88.073,
        84.317
    ],
    "mse": 1954.3127839147185,
    "rmse": 44.20761002265016,
    "mape": 51.670796798645036
}