{
    "predictions": [
        256.58198059678074,
        272.72652026772494,
        300.04364923536775,
        290.8556361541152,
        275.41438275873656,
        290.87364235937594,
        313.65259595721955,
        237.3231431594491
    ],
    "actual": [
        231.524,
        306.986,
        308.976,
        290.623,
        308.179,
        303.83,
        603.785,
        331.721
    ],
    "mse": 12026.326243861002,
    "rmse": 109.6646079820696,
    "mape": 14.54491392740298
}