{
    "predictions": [
        693.3534348011016,
        709.3771097064017,
        745.7609183788298,
        813.6502107977866,
        825.1845143437384,
        873.0202325582503,
        833.3654553890227,
        832.585773050785
    ],
    "actual": [
        732.9999999999999,
        661.9999999999999,
        749.0,
        780.0,
        554.0,
        135.0,
        350.0,
        382.0
    ],
    "mse": 132480.48447713512,
    "rmse": 363.9786868446216,
    "mape": 108.62534862021944
}