{
    "predictions": [
        347930230.7367325,
        460373142.62986183,
        503052026.3314247,
        463574158.0426693,
        448184224.81417656,
        413543222.3379612,
        339031962.51392365,
        443466667.2050953
    ],
    "actual": [
        766000000.0,
        258000000.0,
        258000000.0,
        254000000.0,
        254000000.0,
        287000000.0,
        287000000.0,
        749000000.0
    ],
    "mse": 5.86859608770411e+16,
    "rmse": 242251854.22828263,
    "mape": 61.24654828259385
}