{
    "predictions": [
        217.8123529434204,
        204.97660897970198,
        209.8889733314514,
        231.8204596042633,
        247.13503358364105,
        258.93405680656434,
        258.6473995447159,
        271.7550735473633
    ],
    "actual": [
        327.1,
        294.2,
        302.3,
        299.4,
        213.40000000000003,
        185.0,
        235.50000000000003,
        198.1
    ],
    "mse": 5697.070580759324,
    "rmse": 75.4789413065613,
    "mape": 27.45775255680104
}