{
    "predictions": [
        109.61232275271414,
        108.0393219515085,
        112.69755989694593,
        110.4482457360029,
        111.45598769390581,
        110.98398688518999,
        106.32365523600576,
        104.50797887945173
    ],
    "actual": [
        122.533,
        117.919,
        113.098,
        85.61199999999998,
        84.517,
        99.184,
        112.244,
        113.834
    ],
    "mse": 233.5656617417705,
    "rmse": 15.282855156735947,
    "mape": 13.19070109240755
}