{
    "predictions": [
        1540.7414824962614,
        1527.5653154850004,
        1486.3797397613523,
        1419.8219479322433,
        1399.6993691921234,
        1362.8760142326355,
        1447.7730960845947,
        1354.1784859895706
    ],
    "actual": [
        1293.0,
        1316.0,
        1035.0,
        1114.0,
        1329.0,
        1205.0,
        1757.0,
        1254.0
    ],
    "mse": 67373.33775052856,
    "rmse": 259.56374506184136,
    "mape": 18.788834693819524
}