{
    "predictions": [
        240.70830981555582,
        264.0197079043388,
        284.56787467074395,
        289.5297681400776,
        267.2257475218177,
        298.1648679881692,
        293.9119961605668,
        303.43217793917654
    ],
    "actual": [
        105.8,
        280.4,
        300.5,
        230.6,
        89.3,
        265.2,
        316.3,
        237.8
    ],
    "mse": 7468.521983326105,
    "rmse": 86.42061087105382,
    "mape": 51.32052048808434
}