{
    "predictions": [
        592.3747458457947,
        596.3944096565247,
        582.8406291007996,
        551.3983993530273,
        548.9423289299011,
        548.2468398213387,
        553.9119532108307,
        489.3207138180732
    ],
    "actual": [
        526.0,
        511.0,
        541.0,
        392.99999999999994,
        421.0,
        520.0,
        543.0,
        357.0
    ],
    "mse": 9166.683595991399,
    "rmse": 95.74279918610797,
    "mape": 19.033158311249558
}