{
    "predictions": [
        80.00703323590756,
        83.36623773413896,
        88.94080694544316,
        89.29392329263686,
        81.43595041114092,
        81.59357469040155,
        85.04297982323169,
        86.13794919866324
    ],
    "actual": [
        63.995,
        74.451,
        93.32700000000001,
        93.32700000000001,
        67.57,
        94.52499999999999,
        111.898,
        101.67799999999998
    ],
    "mse": 211.69283729850545,
    "rmse": 14.549667944613219,
    "mape": 14.93763688680728
}