{
    "predictions": [
        81.5537471113801,
        86.02810046887399,
        87.1740667140484,
        90.65762280881405,
        93.35984280508757,
        93.93406981253625,
        89.59287998348475,
        82.42480575573445
    ],
    "actual": [
        52.392,
        78.485,
        91.79899999999999,
        81.537,
        81.537,
        80.04,
        58.964,
        69.73300000000002
    ],
    "mse": 305.48957974065286,
    "rmse": 17.478260203482865,
    "mape": 22.93750652710664
}