{
    "predictions": [
        168.7156356844902,
        161.43781164884567,
        180.97976957273482,
        180.19450392627715,
        167.06401823997498,
        167.61696717739105,
        167.5728094177246,
        185.46119601392746
    ],
    "actual": [
        165.77999999999997,
        135.81700000000004,
        129.84900000000005,
        136.7669999999999,
        540.455,
        -2737.617,
        106.86099999999995,
        126.10699999999987
    ],
    "mse": 1074022.427666127,
    "rmse": 1036.3505332010627,
    "mape": 46.35704682431128
}