{
    "predictions": [
        1129908795.4759598,
        987367017.5075531,
        1006666049.182415,
        981157035.7084274,
        924567066.7290688,
        980579729.2590141,
        1092793939.4712448,
        1088934201.1213303
    ],
    "actual": [
        571000000.0,
        1795000000.0000002,
        3234000000.0,
        3234000000.0,
        1333000000.0,
        2367000000.0,
        3364000000.0,
        1920000000.0
    ],
    "mse": 2.367374248230367e+18,
    "rmse": 1538627390.9658463,
    "mape": 60.177784991725524
}