{
    "predictions": [
        455.8451360088885,
        702.6072457867862,
        1112.8702554069162,
        1089.912896781981,
        1074.4264966493845,
        1474.2485666790606,
        1374.0383219097257,
        965.3789539360405
    ],
    "actual": [
        603.7319999999999,
        716.0379999999999,
        782.239,
        632.585,
        513.9779999999998,
        632.838,
        569.7279999999998,
        440.63400000000007
    ],
    "mse": 285607.9202068053,
    "rmse": 534.422978741376,
    "mape": 80.39952830634373
}