{
    "predictions": [
        65.35477615839243,
        63.5295361495614,
        78.61159658002853,
        88.36372372162342,
        97.12162590694426,
        98.62673764657973,
        100.11900030720233,
        101.89034588921069
    ],
    "actual": [
        170.259,
        138.838,
        106.214,
        140.586,
        -9.422,
        95.656,
        83.753,
        18.19
    ],
    "mse": 4849.910386646176,
    "rmse": 69.64129799656362,
    "mape": 224.0722132116407
}