{
    "predictions": [
        4638.20056629181,
        4435.335857391358,
        5094.411126792432,
        5035.211485207082,
        5551.82933741808,
        5709.776811838151,
        5678.714648962022,
        5818.289260864259
    ],
    "actual": [
        5432.999999999999,
        4953.0,
        5150.0,
        4889.0,
        -8559.0,
        4403.000000000001,
        4772.999999999999,
        4725.000000000001
    ],
    "mse": 25470365.110569835,
    "rmse": 5046.817324866221,
    "mape": 33.22618469565199
}