{
    "predictions": [
        325.92687207460403,
        387.1447786092758,
        238.72948330640796,
        179.6974094808102,
        330.8073756098747,
        444.5823695659638,
        264.7425779104233,
        225.1203503906727
    ],
    "actual": [
        366.1,
        531.4,
        228.6,
        204.20000000000002,
        425.2,
        566.0,
        212.7,
        338.0
    ],
    "mse": 7778.610776370175,
    "rmse": 88.1964329004874,
    "mape": 19.50816668758631
}