{
    "predictions": [
        438.0174597680569,
        483.7295767903328,
        443.320823353529,
        413.23698013424877,
        381.9226195752621,
        322.0091999292374,
        262.3436469614506,
        183.1582963883877
    ],
    "actual": [
        479.2,
        335.9,
        234.99999999999997,
        329.4,
        160.3,
        343.8,
        208.7,
        129.6
    ],
    "mse": 16164.168315145453,
    "rmse": 127.13838254101493,
    "mape": 47.2906602720798
}