{
    "predictions": [
        460.2000212669373,
        477.84088063240057,
        504.0961427688599,
        487.9976902008057,
        506.4255068302155,
        541.7952299118042,
        555.6537597179413,
        560.3825829029083
    ],
    "actual": [
        552.0,
        691.0,
        397.00000000000006,
        460.0,
        455.00000000000006,
        475.0,
        477.0,
        524.0
    ],
    "mse": 10091.72405820994,
    "rmse": 100.45757342385859,
    "mape": 16.167265530195703
}