{
    "predictions": [
        36.680815132603044,
        8.673983299046753,
        72.75766287145018,
        -59.51244680558145,
        81.79877437436579,
        48.87657973104715,
        -63.73964414229989,
        -2.3360351406335833
    ],
    "actual": [
        199.90799999999996,
        110.42800000000001,
        110.42800000000001,
        58.806,
        40.233,
        47.04399999999999,
        47.745000000000005,
        33.967
    ],
    "mse": 8486.63889201821,
    "rmse": 92.12295529355434,
    "mape": 107.08702917557775
}