{
    "predictions": [
        157.47321090450882,
        161.48257857093213,
        181.82936305773256,
        195.05358650779723,
        229.5306203060746,
        255.07667260104418,
        268.35594633471965,
        280.6167788510323
    ],
    "actual": [
        346.825,
        350.976,
        306.249,
        282.669,
        326.554,
        282.694,
        293.136,
        290.329
    ],
    "mse": 13225.399352000793,
    "rmse": 115.00173629993937,
    "mape": 28.93602593168112
}