{
    "predictions": [
        33378802.231490616,
        37984412.340700634,
        42227174.63123799,
        43162741.59091712,
        50469430.01127244,
        53418126.35362149,
        56053754.29707766,
        73341860.6544137
    ],
    "actual": [
        31316000.0,
        42146999.99999999,
        51121999.99999999,
        65842000.00000001,
        22497999.999999996,
        22497999.999999996,
        22497999.999999996,
        65211000.000000015
    ],
    "mse": 443200452677636.6,
    "rmse": 21052326.538357623,
    "mape": 61.46119985801602
}