{
    "predictions": [
        167609456.16328713,
        179569579.9167156,
        189195357.16754195,
        198130204.6524286,
        207491569.61679456,
        218005137.31431958,
        226218582.16804263,
        226165044.72142455
    ],
    "actual": [
        223261000.00000003,
        225355000.0,
        218431000.0,
        216995000.0,
        198388000.0,
        194810000.00000003,
        200716000.0,
        198623000.00000003
    ],
    "mse": 1054229704802235.8,
    "rmse": 32468903.658766117,
    "mape": 13.798668000519825
}