{
    "predictions": [
        726472346.4835546,
        714372018.7508941,
        699438872.2967877,
        694033197.1275967,
        681530950.1942482,
        672175760.3426086,
        661559899.5097411,
        655311829.7367823
    ],
    "actual": [
        712000000.0,
        666000000.0,
        679000000.0,
        675000000.0,
        551000000.0,
        578000000.0,
        755000000.0,
        758000000.0
    ],
    "mse": 6064078323849785.0,
    "rmse": 77872192.23734352,
    "mape": 10.129026367819307
}