{
    "predictions": [
        2591.523835778237,
        2367.3467366099358,
        2125.363965690136,
        2076.494649410248,
        2006.711907655001,
        2081.2349104583263,
        2162.6607682406902,
        2298.164228260517
    ],
    "actual": [
        4090.9999999999995,
        4470.0,
        4300.0,
        4300.0,
        4199.0,
        4168.0,
        4096.0,
        3854.0
    ],
    "mse": 3957717.323923213,
    "rmse": 1989.4012475926552,
    "mape": 46.97759708582303
}