{
    "predictions": [
        121.76973307132721,
        121.516930103302,
        124.83507925271988,
        131.54361927509308,
        139.06128787994385,
        145.74880743026733,
        150.50341629981995,
        154.7970643043518
    ],
    "actual": [
        144.0,
        166.0,
        187.00000000000003,
        200.0,
        218.99999999999997,
        200.0,
        213.0,
        191.0
    ],
    "mse": 3196.6933533064835,
    "rmse": 56.53930803703282,
    "mape": 27.70362574177854
}