{
    "predictions": [
        1000.6274104779959,
        993.1431774306297,
        1008.5431639492513,
        1018.788580197692,
        1010.7804594552517,
        1051.9968447923661,
        1044.3408552604915,
        1085.7343708091976
    ],
    "actual": [
        1052.0,
        1059.0,
        1135.0,
        1005.0,
        1043.0,
        993.9999999999999,
        963.0,
        1039.0
    ],
    "mse": 4544.986163648534,
    "rmse": 67.41651254439475,
    "mape": 5.685513639004973
}