{
    "predictions": [
        465.80752313137054,
        479.77186131477356,
        476.88828814029694,
        476.6713399887085,
        479.3222599029541,
        492.6728398799896,
        484.6177622079849,
        457.37846755981445
    ],
    "actual": [
        403.0,
        498.00000000000006,
        513.0,
        468.0,
        362.0,
        492.0,
        545.0,
        503.0
    ],
    "mse": 3143.575264708283,
    "rmse": 56.06759549604641,
    "mape": 10.104106200889513
}