{
    "predictions": [
        199310973.93123803,
        223535788.08733818,
        229964875.88004765,
        309046366.79810286,
        246748424.48583242,
        288698305.70811033,
        234203213.24695644,
        119270409.71232949
    ],
    "actual": [
        56584000.0,
        85483000.0,
        129199999.99999999,
        134121000.00000001,
        99425000.0,
        115615000.0,
        136915000.0,
        153919000.0
    ],
    "mse": 1.7813693613702016e+16,
    "rmse": 133467949.76211336,
    "mape": 126.70021962926819
}