{
    "predictions": [
        28.166084946811203,
        31.217272547960285,
        33.74286122852564,
        40.18450935661793,
        44.489578631401066,
        45.87095437169076,
        47.59359894669056,
        42.842411003351216
    ],
    "actual": [
        14.901,
        27.042000000000005,
        21.074,
        27.779,
        44.12700000000001,
        34.026,
        49.126,
        120.7
    ],
    "mse": 839.0473639264121,
    "rmse": 28.96631429654819,
    "mape": 39.06160769463551
}