{
    "predictions": [
        506928506.5829754,
        501565342.7243233,
        540660643.7563896,
        539501514.4348145,
        559582034.9752903,
        599853588.7598991,
        618441645.9202766,
        668675661.3850594
    ],
    "actual": [
        427200000.0,
        491600000.0,
        557500000.0,
        557500000.0,
        395200000.0,
        501400000.0,
        562700000.0,
        485300000.0
    ],
    "mse": 1.0063972382441816e+16,
    "rmse": 100319351.98376141,
    "mape": 16.982704030187413
}