{
    "predictions": [
        36.173681809678676,
        41.72897632326931,
        45.977679507434374,
        68.75115548923611,
        63.761605492159724,
        82.17204405605793,
        93.39409573473037,
        78.95220218539238
    ],
    "actual": [
        115.5,
        157.6,
        292.4,
        155.9,
        160.0,
        220.5,
        418.3,
        210.19999999999996
    ],
    "mse": 29902.990381590025,
    "rmse": 172.9248113533452,
    "mape": 68.17180534697924
}