{
    "predictions": [
        101.44038037753103,
        78.55417883408069,
        71.99981105363368,
        48.97723891562223,
        44.566270833075045,
        54.813193583041425,
        63.22034885156154,
        80.20098535495995
    ],
    "actual": [
        126.836,
        98.274,
        143.601,
        155.575,
        117.75099999999998,
        78.352,
        158.02199999999996,
        176.486
    ],
    "mse": 5211.482358249663,
    "rmse": 72.19059743657523,
    "mape": 45.65153334681569
}