{
    "predictions": [
        200.60711190748216,
        238.08811845624447,
        289.43635033321385,
        345.8450475268364,
        394.1872323539257,
        501.1863004989624,
        486.7035247621536,
        379.67378033494947
    ],
    "actual": [
        189.135,
        172.73,
        138.927,
        127.659,
        151.011,
        203.144,
        265.532,
        208.688
    ],
    "mse": 37597.29777297489,
    "rmse": 193.9002263355432,
    "mape": 99.51605142288497
}