{
    "predictions": [
        5395.2626143693915,
        5422.818828105926,
        5241.710070252418,
        5482.098958373069,
        5448.94350516796,
        5698.478675365447,
        5770.8001856803885,
        5757.361895322799
    ],
    "actual": [
        5142.0,
        5354.0,
        5285.0,
        5421.0,
        5232.0,
        5348.0,
        5336.0,
        5487.999999999999
    ],
    "mse": 63248.98776387339,
    "rmse": 251.49351435747482,
    "mape": 3.989185795677936
}