{
    "predictions": [
        124.84241604089738,
        160.84939741110801,
        180.43759733378886,
        134.458508023262,
        103.77853211212158,
        89.38794645941257,
        93.28697338509559,
        114.65804252052307
    ],
    "actual": [
        148.81799999999998,
        118.45699999999998,
        135.204,
        122.424,
        45.608,
        61.034,
        61.034,
        103.364
    ],
    "mse": 1239.8023087780343,
    "rmse": 35.2108265847031,
    "mape": 41.61939379177759
}