{
    "predictions": [
        266.61745351552963,
        599.8186717033386,
        755.9957971572876,
        576.33183324337,
        568.7298712730408,
        569.4173451662064,
        612.6127415895462,
        750.4353264570236
    ],
    "actual": [
        212.0,
        732.0,
        575.0,
        239.0,
        233.0,
        291.0,
        63.000000000000014,
        -179.0
    ],
    "mse": 190395.27130312347,
    "rmse": 436.3430660651358,
    "mape": 230.98074893685458
}