{
    "predictions": [
        103.58984571282565,
        124.49665944501757,
        214.99065936064721,
        199.71166868650914,
        215.68279137015344,
        233.5682058005333,
        334.68228127920634,
        295.23906743574145
    ],
    "actual": [
        205.713,
        279.52,
        247.338,
        245.629,
        222.913,
        320.182,
        292.359,
        246.601
    ],
    "mse": 6165.909190545064,
    "rmse": 78.52330348721368,
    "mape": 25.171353829510778
}