{
    "predictions": [
        52.75054149627687,
        55.23775727748872,
        55.789575469493876,
        48.715509366989146,
        48.05933582782746,
        51.34641312360765,
        51.51672030687333,
        50.50141199827195
    ],
    "actual": [
        76.3,
        27.2,
        65.7,
        71.9,
        79.1,
        62.900000000000006,
        62.900000000000006,
        26.5
    ],
    "mse": 472.3856232124574,
    "rmse": 21.734434043987836,
    "mape": 43.44417406137387
}