{
    "predictions": [
        191.110514015913,
        192.2721338829994,
        221.04704385316373,
        242.1931618888378,
        244.33239145684243,
        304.88738590121267,
        346.62391572618486,
        364.2418031203747
    ],
    "actual": [
        297.029,
        374.866,
        312.356,
        305.637,
        197.1,
        243.262,
        227.972,
        200.459
    ],
    "mse": 12981.670297160184,
    "rmse": 113.93713309171942,
    "mape": 39.67573066864869
}