{
    "predictions": [
        731.8865340948106,
        716.8169547617437,
        706.1320202052594,
        703.6110146343709,
        698.2341384887696,
        730.043010339141,
        730.0192970037461,
        752.3633426427842
    ],
    "actual": [
        1154.0,
        1122.0,
        1090.0,
        981.0000000000001,
        2575.0,
        1349.0,
        1229.0,
        1243.0
    ],
    "mse": 620214.5348562786,
    "rmse": 787.5370053884951,
    "mape": 41.87794214989166
}