{
    "predictions": [
        407.26688317179685,
        476.3959644864202,
        550.2754710959197,
        588.231318782568,
        573.1644516195655,
        469.3131830440164,
        380.5731850906015,
        206.29010932798687
    ],
    "actual": [
        297.265,
        126.766,
        113.161,
        201.574,
        162.41,
        140.932,
        241.711,
        220.298
    ],
    "mse": 96368.35221620006,
    "rmse": 310.4325244174651,
    "mape": 180.07935340266903
}