{
    "predictions": [
        254.77008638858797,
        257.0787456903458,
        262.12011885261535,
        270.9205548400879,
        274.8069914484024,
        284.1839663925171,
        281.80947707271577,
        281.83527045345306
    ],
    "actual": [
        233.50000000000003,
        293.6,
        336.9,
        401.49999999999994,
        304.1,
        246.2,
        243.4,
        273.3
    ],
    "mse": 3534.7801922050985,
    "rmse": 59.45401746059805,
    "mape": 15.028992953954923
}