{
    "predictions": [
        3086.1490998411177,
        3056.0168232515452,
        2855.132659164071,
        2879.5205584937335,
        3374.197054364979,
        2904.7174634212256,
        2897.8444955104587,
        2646.0723281288147
    ],
    "actual": [
        2151.0,
        3469.0,
        2485.0,
        2576.0,
        2713.0,
        2713.0,
        3748.0,
        2744.0
    ],
    "mse": 310059.14990408544,
    "rmse": 556.8295519313657,
    "mape": 17.46838949419339
}