{
    "predictions": [
        308.49203567504884,
        315.9919621706009,
        328.5501049280167,
        353.0000991821289,
        336.1768689632416,
        290.99647014141084,
        284.82860059738164,
        275.2286719083786
    ],
    "actual": [
        148.3,
        244.67999999999998,
        331.8,
        424.50000000000006,
        166.59999999999997,
        61.4,
        343.1,
        376.50000000000006
    ],
    "mse": 16373.996668479267,
    "rmse": 127.96091851998901,
    "mape": 84.32387947474943
}