{
    "predictions": [
        183.12452431905268,
        183.8992098702192,
        181.21760173004864,
        194.77360172438622,
        205.554317397058,
        225.7371257570386,
        233.19368706196548,
        283.4908724870682
    ],
    "actual": [
        226.02499999999998,
        223.093,
        224.67400000000004,
        227.43600000000004,
        231.377,
        264.003,
        223.99,
        225.90499999999997
    ],
    "mse": 1482.9779305152747,
    "rmse": 38.509452482673325,
    "mape": 15.688372013881455
}