{
    "predictions": [
        1259.021536052227,
        1144.4030637145042,
        1119.5566872358322,
        1078.4022725820541,
        924.9106621146202,
        863.5187814235687,
        446.518013805151,
        1608.9644635915754
    ],
    "actual": [
        2296.0,
        986.9999999999999,
        1158.0,
        1273.0,
        1052.0,
        942.0,
        998.0,
        983.0
    ],
    "mse": 232215.1394026247,
    "rmse": 481.88706083752106,
    "mape": 27.383540162807023
}