{
    "predictions": [
        188.29668158292773,
        165.12544456124309,
        156.1358770132065,
        144.8137795031071,
        124.91743600368503,
        86.7779623270035,
        98.00974074006082,
        123.61401277780536
    ],
    "actual": [
        182.0,
        447.0,
        203.0,
        41.0,
        313.00000000000006,
        55.999999999999986,
        116.0,
        715.0
    ],
    "mse": 59856.228649529345,
    "rmse": 244.65532622350437,
    "mape": 69.5100136328356
}