{
    "predictions": [
        501.5427316315174,
        514.8489370487929,
        591.9312012277842,
        802.5751796945334,
        1105.1762282407283,
        1059.0079048616885,
        1502.742027251005,
        1887.5145607743264
    ],
    "actual": [
        654.753,
        278.83,
        123.758,
        195.457,
        236.335,
        217.48000000000002,
        76.81900000000002,
        146.105
    ],
    "mse": 899471.8734994153,
    "rmse": 948.4049100987486,
    "mape": 574.954320980205
}