{
    "predictions": [
        309.9873635690213,
        272.01812506651885,
        527.6994032857418,
        483.84056634545334,
        488.78632187271126,
        538.6422381501199,
        639.9785170340539,
        628.5297001948358
    ],
    "actual": [
        248.06400000000002,
        331.13300000000004,
        288.60300000000007,
        232.57399999999998,
        240.75300000000001,
        343.13000000000005,
        288.014,
        217.86500000000007
    ],
    "mse": 64987.64126051559,
    "rmse": 254.92673704520598,
    "mape": 88.05004649233904
}