{
    "predictions": [
        72.27379591464998,
        91.61693009734155,
        112.63001697063449,
        121.8575185120106,
        124.98869944810869,
        128.42801185250283,
        123.54211794137957,
        105.65608173608781
    ],
    "actual": [
        72.0,
        96.4,
        102.1,
        103.40000000000002,
        60.8,
        143.9,
        151.2,
        155.5
    ],
    "mse": 1010.4325188579621,
    "rmse": 31.7873012201093,
    "mape": 25.022204287124396
}