{
    "predictions": [
        9559158021.875343,
        9309342469.788334,
        9911805990.611034,
        9681579895.419436,
        9880967938.489126,
        10865476893.90448,
        11070780357.430384,
        12574704887.776361
    ],
    "actual": [
        13772916021.24,
        24297022977.15,
        58119999.99999999,
        29874610885.98,
        66742000.0,
        40388645574.68,
        -390000.0,
        46906988813.53
    ],
    "mse": 3.7705662550278826e+20,
    "rmse": 19417945965.080555,
    "mape": 358840.81893589447
}