{
    "predictions": [
        136.7093824663162,
        143.1589606306553,
        146.04901815915107,
        162.43102732717992,
        177.10822599208353,
        180.476248934865,
        173.43253543394803,
        179.40267071974276
    ],
    "actual": [
        97.848,
        105.209,
        88.719,
        108.885,
        -14.6,
        22.699999999999996,
        59.20000000000001,
        96.5
    ],
    "mse": 11333.95352360448,
    "rmse": 106.4610422812236,
    "mape": 309.57162636102254
}