{
    "predictions": [
        47.12930308133364,
        48.424863852739335,
        50.76249067795276,
        51.38251935493946,
        51.10277002167702,
        50.19084178960323,
        51.12702284407616,
        51.36507296979427
    ],
    "actual": [
        60.615,
        47.367,
        51.661,
        51.661,
        51.916,
        46.308,
        53.432,
        62.03199999999999
    ],
    "mse": 39.837752887791964,
    "rmse": 6.311715526526204,
    "mape": 7.277587311490613
}