{
    "predictions": [
        18.377642540723084,
        23.558395551502702,
        25.453589174985883,
        27.479431284368033,
        29.005894092082972,
        31.216440637230868,
        32.02257441204786,
        32.34111741071939
    ],
    "actual": [
        28.714,
        31.039,
        31.039,
        21.362,
        27.607,
        25.965,
        25.965,
        21.295
    ],
    "mse": 52.45811988751201,
    "rmse": 7.2427977941892046,
    "mape": 25.90299703965222
}