{
    "predictions": [
        407608465.70652723,
        -14496567.915380012,
        263135789.40296173,
        2116059904.5732024,
        2003041923.9685538,
        2813814195.153952,
        2475830703.697443,
        2314515189.2409325
    ],
    "actual": [
        1248000000.0,
        672000000.0,
        834000000.0,
        1033000000.0000001,
        889000000.0,
        764000000.0,
        799000000.0,
        835000000.0
    ],
    "mse": 1.639999277447215e+18,
    "rmse": 1280624565.377072,
    "mape": 140.4324083595207
}