{
    "predictions": [
        131.38186373299362,
        140.0696702566147,
        156.35602748179437,
        175.55343659818175,
        193.4719344339371,
        208.00116823184493,
        219.33841844630243,
        230.74632571256163
    ],
    "actual": [
        171.76700000000002,
        172.7,
        177.3,
        180.88700000000003,
        169.524,
        169.003,
        174.757,
        176.827
    ],
    "mse": 1268.993972368044,
    "rmse": 35.62294165798277,
    "mape": 18.79654031769466
}