{
    "predictions": [
        354.71569826376435,
        246.5075311335027,
        158.8384350041151,
        25.006781816586848,
        -23.112920202888553,
        -185.04812920460103,
        -184.82982965297995,
        -142.438307297796
    ],
    "actual": [
        398.0,
        297.0,
        262.0,
        233.0,
        203.0,
        104.0,
        51.00000000000001,
        57.0
    ],
    "mse": 36049.21601788025,
    "rmse": 189.86631090817627,
    "mape": 169.76727112913937
}