{
    "predictions": [
        9589.761239588262,
        6682.589424729347,
        5480.320364356041,
        2900.2817899882793,
        2027.3543160930276,
        834.5315643846988,
        687.1088566631078,
        2382.4970791116357
    ],
    "actual": [
        12718.000000000002,
        10277.0,
        11655.0,
        8920.0,
        12159.0,
        11334.000000000002,
        9655.0,
        12075.0
    ],
    "mse": 60540763.397678174,
    "rmse": 7780.794522263017,
    "mape": 66.14405677380324
}