{
    "predictions": [
        106.48279785180092,
        113.00784176707268,
        113.32222501134872,
        111.98651228368283,
        102.88869548225402,
        101.89391462171078,
        100.38057707810403,
        94.7190766519308
    ],
    "actual": [
        84.666,
        73.094,
        69.062,
        72.455,
        85.818,
        59.386,
        76.834,
        79.578
    ],
    "mse": 1059.1025448265855,
    "rmse": 32.543855715427846,
    "mape": 42.520690025682065
}