{
    "predictions": [
        417.7383083376884,
        776.8993400201797,
        752.5868233394622,
        829.7851745214462,
        791.9851452341079,
        1220.5761763496398,
        1157.8553575839994,
        1324.80510754776
    ],
    "actual": [
        919.0,
        965.0,
        1017.0000000000001,
        900.0,
        792.0,
        830.0,
        965.0,
        853.0
    ],
    "mse": 96729.07371641019,
    "rmse": 311.01297998059533,
    "mape": 28.77413135435567
}