{
    "predictions": [
        819.4630070924759,
        852.5399394035339,
        761.0102633237839,
        777.9680268168449,
        802.9419786334038,
        789.4765101671219,
        827.5259601473808,
        963.1056353449821
    ],
    "actual": [
        1151.0000000000002,
        3064.0,
        2578.0,
        1931.9999999999998,
        1229.0000000000002,
        2886.9999999999995,
        2040.0,
        2351.9999999999995
    ],
    "mse": 2201745.6196317137,
    "rmse": 1483.8280289951776,
    "mape": 57.12508910596246
}