{
    "predictions": [
        178.37820053100586,
        181.7830982208252,
        185.97901368141174,
        189.0141123533249,
        179.97883504629135,
        182.57154500484467,
        181.19784075021744,
        184.1307671070099
    ],
    "actual": [
        165.0,
        185.0,
        231.0,
        218.0,
        141.00000000000003,
        180.0,
        218.0,
        194.0
    ],
    "mse": 754.2698383611514,
    "rmse": 27.46397346272297,
    "mape": 11.709363400656523
}