{
    "predictions": [
        53.908118009567254,
        59.46985778808593,
        59.66649546623229,
        61.28434257507323,
        68.97281360626219,
        67.0484788417816,
        72.53534507751463,
        75.63062887191772
    ],
    "actual": [
        5.000000000000002,
        24.39999999999999,
        54.599999999999994,
        61.29999999999999,
        43.5,
        43.5,
        109.70000000000002,
        110.30000000000001
    ],
    "mse": 929.2675640854966,
    "rmse": 30.483890238706355,
    "mape": 163.6498852958276
}