{
    "predictions": [
        3114.0623240828513,
        2743.24350425601,
        2204.019260418415,
        1763.8190421104432,
        1986.243545728922,
        2486.440927377343,
        2984.741999000311,
        2991.8057728767394
    ],
    "actual": [
        4918.0,
        4761.0,
        4332.0,
        3537.0,
        4478.0,
        3748.0,
        2936.9999999999995,
        2273.0
    ],
    "mse": 2914668.463858791,
    "rmse": 1707.240013547829,
    "mape": 37.608635223845944
}