{
    "predictions": [
        526.2623119604588,
        521.5782732737065,
        521.2209080457687,
        535.1095195960999,
        551.7860435140134,
        538.4501734912396,
        541.9865602934361,
        531.5859260857105
    ],
    "actual": [
        513.866,
        802.6300000000001,
        802.6300000000001,
        778.3900000000001,
        778.3900000000001,
        788.755,
        788.755,
        570.816
    ],
    "mse": 49244.46645366575,
    "rmse": 221.91094261812722,
    "mape": 25.34354950147734
}