{
    "predictions": [
        818.7275066375732,
        801.6841201782227,
        838.4821243286133,
        804.4494934082031,
        711.9829330444336,
        580.1243000030518,
        490.6011037826538,
        289.7963618040085
    ],
    "actual": [
        431.0,
        467.0,
        459.0,
        387.0,
        431.0,
        478.0,
        479.0,
        513.0
    ],
    "mse": 89994.00912010648,
    "rmse": 299.99001503401155,
    "mape": 60.58254242952972
}