{
    "predictions": [
        1473631656.575203,
        1761184499.0730286,
        2144445465.9104347,
        2070373522.388935,
        2455696191.3585663,
        2835363461.780548,
        2775074816.75148,
        2139838322.9255676
    ],
    "actual": [
        1295900000.0000002,
        1830200000.0,
        2094500000.0,
        1267500000.0,
        1473400000.0,
        1740800000.0,
        1733300000.0,
        1134000000.0
    ],
    "mse": 6.179290754676567e+17,
    "rmse": 786084649.0471982,
    "mape": 45.19513106109372
}