{
    "predictions": [
        3084.980383884311,
        3302.500903835297,
        4318.59809333396,
        4174.346383459449,
        4261.033495627523,
        4370.161118402839,
        4781.609497541905,
        4247.200688032746
    ],
    "actual": [
        1954.0,
        1954.0,
        1956.0,
        1830.0,
        1921.9999999999998,
        1728.0000000000002,
        1655.0,
        2020.0
    ],
    "mse": 5170450.49460005,
    "rmse": 2273.8624616717807,
    "mape": 118.69542189443054
}