{
    "predictions": [
        159.25176914334295,
        96.29795270562171,
        40.191183391213414,
        -38.19400815367699,
        -26.73128381967545,
        -94.97930282056332,
        -72.68936955481767,
        -15.065847203135494
    ],
    "actual": [
        224.5,
        131.59999999999997,
        319.4,
        -12.100000000000017,
        150.49999999999997,
        135.99999999999997,
        -16.30000000000002,
        -97.19999999999999
    ],
    "mse": 22353.7716321242,
    "rmse": 149.5117775699433,
    "mape": 134.62565849231115
}