{
    "predictions": [
        239.49409250354765,
        253.09391113090513,
        245.36468507957457,
        238.92039523792266,
        250.79071829986572,
        249.7759165611267,
        252.4341452691555,
        279.0260033080578
    ],
    "actual": [
        375.412,
        496.802,
        496.802,
        422.27599999999995,
        422.27599999999995,
        567.838,
        567.838,
        387.18499999999995
    ],
    "mse": 52056.99527452944,
    "rmse": 228.16002120119433,
    "mape": 44.92429050112284
}