{
    "predictions": [
        687.1762662866115,
        704.5928924775719,
        753.7775225721597,
        733.1457441818714,
        677.5662652586698,
        694.8234114547371,
        695.7659503700733,
        836.7241236418485
    ],
    "actual": [
        610.799,
        605.1969999999999,
        588.304,
        607.664,
        850.887,
        629.7589999999999,
        652.4769999999999,
        636.701
    ],
    "mse": 16874.60287337543,
    "rmse": 129.90228201758208,
    "mape": 18.30705515422675
}