{
    "predictions": [
        644.9201799657345,
        676.8489099653959,
        688.45360539186,
        666.4024516007901,
        666.20318016541,
        655.825498226881,
        642.4985890336037,
        620.1579135187865
    ],
    "actual": [
        517.5,
        858.1,
        858.1,
        654.6,
        654.6,
        449.7,
        449.7,
        589.5
    ],
    "mse": 19842.576921558346,
    "rmse": 140.86368205310532,
    "mape": 20.374974561902555
}