{
    "predictions": [
        306.66560196357966,
        308.44817243631184,
        311.1558165112585,
        313.0196777866781,
        324.7050598939955,
        327.528792286098,
        336.64454044872525,
        363.37961985830964
    ],
    "actual": [
        404.977,
        419.686,
        458.004,
        455.385,
        919.9559999999999,
        471.33200000000005,
        501.259,
        418.617
    ],
    "mse": 58627.923991497,
    "rmse": 242.13203834168044,
    "mape": 31.91946665853117
}