{
    "predictions": [
        590.3625234603882,
        592.5508412628174,
        592.8470880813599,
        589.6456932983399,
        583.3081822967529,
        580.6832385406494,
        573.2444287948608,
        568.0089468917847
    ],
    "actual": [
        522.896,
        606.509,
        706.134,
        677.907,
        658.287,
        644.848,
        718.181,
        654.83
    ],
    "mse": 7956.748663592976,
    "rmse": 89.20060909877789,
    "mape": 12.380849118000468
}