{
    "predictions": [
        445.55209016799927,
        742.6488699913025,
        1306.2097959518433,
        1948.0016293525698,
        1987.9271101951601,
        2785.737295627594,
        3059.0045895576477,
        2954.3158202171326
    ],
    "actual": [
        1916.0000000000005,
        1582.0,
        1817.0000000000002,
        2178.0,
        1577.0,
        1896.0,
        1991.0,
        1954.0000000000005
    ],
    "mse": 785286.5433306415,
    "rmse": 886.1639483361087,
    "mape": 43.286662103399465
}