{
    "predictions": [
        736409142.1365739,
        690248851.2396814,
        504521636.00921637,
        456064505.15985495,
        552689395.6661226,
        449642162.7402306,
        378848774.04570585,
        466130064.7258759
    ],
    "actual": [
        563000000.0,
        427000000.0,
        551000000.0,
        519000000.0,
        124000000.0,
        473000000.0,
        497000000.00000006,
        491000000.00000006
    ],
    "mse": 3.804877693483364e+16,
    "rmse": 195060956.9720031,
    "mape": 61.56335018779703
}