{
    "predictions": [
        28.590564359664913,
        25.104590496599673,
        20.125126490831374,
        17.90858803683519,
        15.991589523762462,
        11.413650393426417,
        10.612056304574011,
        9.519063010081648
    ],
    "actual": [
        30.909,
        42.823,
        42.823,
        43.839,
        38.624,
        38.624,
        38.624,
        51.278
    ],
    "mse": 661.000480420847,
    "rmse": 25.70992960746581,
    "mape": 55.504629374460954
}