{
    "predictions": [
        73.68644270014762,
        71.4374219019413,
        74.22394246768951,
        71.72252072763443,
        69.57286240053178,
        69.68253234934807,
        72.83406495642662,
        75.06530434679985
    ],
    "actual": [
        109.78,
        126.301,
        161.937,
        88.102,
        126.23199999999999,
        150.622,
        149.655,
        100.768
    ],
    "mse": 3574.7706006345175,
    "rmse": 59.7893853508674,
    "mape": 40.56672744769582
}