{
    "predictions": [
        372.42144727706915,
        367.6065896749497,
        374.7356371879578,
        381.16908776760107,
        393.14642620086676,
        395.0217134952546,
        423.66454291343695,
        420.5145200490952
    ],
    "actual": [
        459.0000000000001,
        632.9999999999999,
        467.0,
        483.9999999999999,
        424.0000000000001,
        446.00000000000006,
        513.0,
        495.00000000000006
    ],
    "mse": 14262.00706484219,
    "rmse": 119.42364533392116,
    "mape": 19.120048029866503
}