{
    "predictions": [
        835.857747988701,
        855.7026642408373,
        859.9439642715456,
        853.7198395653966,
        867.0907094389203,
        856.2329475381376,
        834.4500209848883,
        826.6814310761692
    ],
    "actual": [
        749.0,
        709.0000000000001,
        637.0000000000001,
        612.0,
        677.9999999999999,
        470.0,
        722.0,
        709.0000000000001
    ],
    "mse": 43577.94309067634,
    "rmse": 208.7533067778241,
    "mape": 31.127934224570673
}