{
    "predictions": [
        118.15224233865736,
        220.57919307947157,
        262.72989475727076,
        466.40989191532134,
        410.9742916107177,
        380.1602389812469,
        162.79217829704282,
        405.47212431430813
    ],
    "actual": [
        37.30000000000001,
        -27.499999999999996,
        -7.5999999999999925,
        -22.6,
        -113.5,
        -113.5,
        4.099999999999986,
        -14.799999999999994
    ],
    "mse": 137609.35969507124,
    "rmse": 370.95735562874506,
    "mape": 1805.85667025209
}