{
    "predictions": [
        247.9967350780964,
        249.89756220579147,
        266.3755073606968,
        264.7174337148667,
        280.2915491938591,
        297.1431278049946,
        308.0621024310589,
        322.83957027196885
    ],
    "actual": [
        357.6,
        406.50000000000006,
        405.4,
        433.0,
        392.90000000000003,
        448.80000000000007,
        423.50000000000006,
        481.90000000000003
    ],
    "mse": 19811.32868138631,
    "rmse": 140.75272175480768,
    "mape": 33.13115600818002
}