{
    "predictions": [
        84.43785134911538,
        83.43815579271318,
        92.04266740989685,
        99.91841479849816,
        99.03951595568657,
        107.77310172462464,
        116.66231364917755,
        155.6902626223564
    ],
    "actual": [
        92.46800000000002,
        96.54499999999999,
        100.12700000000001,
        105.895,
        113.157,
        110.06499999999998,
        113.245,
        116.577
    ],
    "mse": 260.42876943949983,
    "rmse": 16.13780559554179,
    "mape": 10.888186459132744
}