{
    "predictions": [
        480.3125929236412,
        493.11512380838394,
        492.8032875061035,
        516.8355850577354,
        512.9185588955879,
        534.5178918838501,
        526.6298105716705,
        505.0329677462578
    ],
    "actual": [
        408.99999999999994,
        444.0,
        379.0,
        287.0,
        394.0,
        467.0,
        485.99999999999994,
        488.00000000000006
    ],
    "mse": 11739.319821726478,
    "rmse": 108.34814175483804,
    "mape": 24.38721478223092
}