{
    "predictions": [
        927.5393306612968,
        909.9259793162346,
        856.7878849208355,
        883.7711870074272,
        911.4946647882462,
        928.3516555428505,
        931.4654610455036,
        978.7694669663907
    ],
    "actual": [
        982.0000000000001,
        1126.0,
        1084.0,
        1084.0,
        1166.0,
        928.0,
        1236.0,
        1193.0
    ],
    "mse": 43097.49571542376,
    "rmse": 207.59936347547833,
    "mape": 16.078544610725277
}