{
    "predictions": [
        272.3813575744629,
        271.13154125213623,
        268.3556392669678,
        265.280157661438,
        270.1617780685425,
        271.5797477722168,
        276.0625072479248,
        284.9585292816162
    ],
    "actual": [
        348.3,
        334.4,
        348.3,
        330.8,
        371.5,
        277.6000000000001,
        306.6,
        305.4
    ],
    "mse": 4013.3199428723688,
    "rmse": 63.35076907877574,
    "mape": 16.197038090846487
}