{
    "predictions": [
        143.74235646128656,
        144.68042781353,
        149.78487859964372,
        152.48957003355028,
        148.36810648441318,
        147.30748295784,
        149.24777027964595,
        150.5312938153744
    ],
    "actual": [
        134.6,
        127.2,
        132.1,
        120.1,
        110.00000000000001,
        11.7,
        184.8,
        129.5
    ],
    "mse": 2914.8455754061533,
    "rmse": 53.98930982524367,
    "mape": 161.2860071125553
}