{
    "predictions": [
        86.13207042604684,
        86.64777678871154,
        85.19077804780005,
        86.2461125795245,
        86.60352027243376,
        86.42215546476841,
        87.01139898371696,
        88.88884301817416
    ],
    "actual": [
        118.447,
        118.36899999999999,
        118.36899999999999,
        127.77700000000002,
        101.068,
        113.866,
        121.888,
        167.167
    ],
    "mse": 1647.7915791018863,
    "rmse": 40.59299913903734,
    "mape": 28.558296204534617
}