{
    "predictions": [
        226.2557531542778,
        257.0926920385361,
        272.18818348026275,
        286.46446613597874,
        280.63393240451813,
        313.2837124867439,
        314.02036117839816,
        305.2561752171517
    ],
    "actual": [
        244.636,
        244.636,
        235.346,
        174.991,
        201.803,
        223.209,
        229.991,
        230.374
    ],
    "mse": 5159.090778156541,
    "rmse": 71.82681099809834,
    "mape": 30.052549146455288
}