{
    "predictions": [
        2356.282300113678,
        1858.5960417141914,
        2023.0623973987101,
        2366.93085228014,
        2565.035790175915,
        3061.8154822659494,
        3522.8249324102403,
        4134.5568935298925
    ],
    "actual": [
        3900.0,
        2880.0,
        3474.0,
        3513.0,
        3407.0,
        3180.0,
        3081.0,
        2910.0
    ],
    "mse": 1157830.621023695,
    "rmse": 1076.0253812172346,
    "mape": 29.285971132293888
}