{
    "predictions": [
        94.40103075802325,
        89.32731181532144,
        89.34376771152019,
        85.58044928461312,
        82.38885988444089,
        80.4543120726943,
        84.81714454442262,
        76.52190003693103
    ],
    "actual": [
        75.3,
        109.2,
        85.9,
        57.6,
        89.8,
        103.0,
        77.7,
        48.8
    ],
    "mse": 367.1160899969798,
    "rmse": 19.160273745356037,
    "mape": 24.03251531816083
}