{
    "predictions": [
        81.97388003227115,
        89.78627442878486,
        95.2878707818687,
        103.48919789069892,
        116.5878495501876,
        130.24268835246565,
        134.40077610385418,
        143.5950835257769
    ],
    "actual": [
        134.056,
        134.49,
        147.357,
        147.357,
        135.176,
        119.953,
        180.43799999999996,
        176.791
    ],
    "mse": 1627.4175572347315,
    "rmse": 40.341263703988396,
    "mape": 25.476977060806288
}