{
    "predictions": [
        766.5913101457357,
        769.6054262008668,
        775.190662941575,
        767.4081875630617,
        786.9685715686082,
        802.1624652520418,
        796.632479750514,
        887.8981321952343
    ],
    "actual": [
        1129.915,
        1080.297,
        843.5800000000002,
        1106.017,
        907.0000000000001,
        947.0000000000001,
        1233.0,
        1211.0000000000002
    ],
    "mse": 84757.90898913809,
    "rmse": 291.13211603864335,
    "mape": 23.779565760915805
}