{
    "predictions": [
        402.83595268401507,
        401.34413467735055,
        405.5394811122716,
        400.59692670518166,
        404.77035946244007,
        409.1425564681292,
        413.50351042151453,
        423.77515419968967
    ],
    "actual": [
        415.255,
        440.881,
        445.935,
        456.104,
        603.172,
        479.025,
        447.51,
        745.186
    ],
    "mse": 19392.296200155743,
    "rmse": 139.25622499606882,
    "mape": 16.424879053297573
}