{
    "predictions": [
        409.7938306754528,
        331.9787227649687,
        135.07330133664593,
        288.15759950777874,
        159.02070688378797,
        375.6395399511753,
        430.7156552018522,
        564.9850086366533
    ],
    "actual": [
        2025.639,
        365.79100000000005,
        470.62299999999993,
        1311.3660000000002,
        671.283,
        492.2390000000001,
        609.4219999999999,
        991.2430000000004
    ],
    "mse": 532660.9795420998,
    "rmse": 729.8362689960672,
    "mape": 51.33290357790181
}