{
    "predictions": [
        468.9747741401195,
        548.0256450057029,
        544.0875729203224,
        550.0056097388267,
        589.4072822809219,
        583.5153897881507,
        604.2178918600082,
        614.011085319519
    ],
    "actual": [
        467.1,
        511.2,
        457.5,
        463.9,
        476.20000000000005,
        416.8,
        428.4,
        333.30000000000007
    ],
    "mse": 20823.972649237116,
    "rmse": 144.30513729329638,
    "mape": 29.26586312265018
}