{
    "predictions": [
        192.84719330072403,
        152.7407420873642,
        159.2038221359253,
        142.81319153308868,
        147.50420254468918,
        199.03760623931885,
        316.5047152042389,
        346.16067600250244
    ],
    "actual": [
        76.00000000000001,
        642.9999999999999,
        1127.0,
        428.00000000000006,
        117.00000000000004,
        754.0,
        1071.0,
        568.0
    ],
    "mse": 274919.743684417,
    "rmse": 524.327897106779,
    "mape": 73.95954684440731
}