{
    "predictions": [
        3742.8997335433946,
        3507.7762737274156,
        3391.2139692306505,
        3119.7248620986925,
        3212.6033039093004,
        3589.440807819365,
        3644.917783260344,
        3665.801201820372
    ],
    "actual": [
        5130.0,
        5159.000000000001,
        3519.0,
        4178.0,
        3409.0000000000005,
        4235.000000000001,
        2535.999999999999,
        3161.9999999999995
    ],
    "mse": 965711.8893000338,
    "rmse": 982.7064105316673,
    "mape": 21.083907853660403
}