{
    "predictions": [
        994.549830957657,
        1414.680486782807,
        2212.3226182363746,
        2169.421386657172,
        2688.001452944213,
        3191.921915063929,
        3051.607269446909,
        2328.3907068974136
    ],
    "actual": [
        1436.0,
        1434.0000000000002,
        1783.0,
        1783.0,
        1547.0000000000002,
        1665.0,
        1710.0,
        2762.0
    ],
    "mse": 768774.1035943584,
    "rmse": 876.7976411888654,
    "mape": 42.18231882650147
}