{
    "predictions": [
        86.0666160287857,
        85.37031176710128,
        91.48160259151459,
        82.5334693762064,
        83.02278735363483,
        81.02346125268936,
        83.92317422652245,
        84.4376727643013
    ],
    "actual": [
        78.427,
        100.23,
        118.748,
        127.39399999999999,
        112.65400000000001,
        117.82999999999998,
        102.948,
        73.743
    ],
    "mse": 718.0184727037581,
    "rmse": 26.795866709322134,
    "mape": 21.658088592579073
}