{
    "predictions": [
        1043.0218196511269,
        1239.677296757698,
        1305.0057606697083,
        1569.0865995883942,
        1717.407622039318,
        1884.024502158165,
        1810.1993113160133,
        1893.9821984767914
    ],
    "actual": [
        2000.0000000000002,
        1957.0000000000002,
        2040.0000000000002,
        2395.0,
        2358.0,
        2627.0,
        2541.0,
        1846.9999999999995
    ],
    "mse": 518919.59171602584,
    "rmse": 720.3607372115903,
    "mape": 30.221281158103896
}