{
    "predictions": [
        2281.7569454312325,
        2365.56610840559,
        2432.2537969350815,
        2369.347890794277,
        2440.4145206809044,
        2487.2099261283875,
        2567.784197509289,
        2602.3011528253555
    ],
    "actual": [
        3267.0,
        2253.0,
        2258.0,
        2196.0,
        2429.0,
        2977.0,
        2286.0,
        2441.0
    ],
    "mse": 173654.2357426211,
    "rmse": 416.7184130112576,
    "mape": 10.82769848855882
}