{
    "predictions": [
        4.710773340642449,
        8.288687927126881,
        9.902751758515832,
        23.22344005465507,
        5.846594868242738,
        -0.0048979126215015845,
        -2.9356399069130457,
        -12.290802083849911
    ],
    "actual": [
        3.9549999999999943,
        14.561000000000009,
        16.688999999999993,
        10.828000000000003,
        15.176999999999992,
        15.43299999999999,
        14.449999999999996,
        14.099999999999998
    ],
    "mse": 195.46665661381988,
    "rmse": 13.980939046209302,
    "mape": 85.789736017667
}