{
    "predictions": [
        125.98349193882943,
        129.3015396091938,
        131.5513144055605,
        139.80592267632485,
        158.4820910408497,
        167.15549516725542,
        166.54166489613058,
        161.96851184272768
    ],
    "actual": [
        163.77500000000003,
        180.37899999999996,
        168.695,
        154.18300000000002,
        202.181,
        198.02000000000004,
        203.71300000000002,
        183.063
    ],
    "mse": 1289.0445825291852,
    "rmse": 35.903267017489995,
    "mape": 18.713155413794503
}