{
    "predictions": [
        178.54433906078336,
        205.88317251205444,
        216.56524676084518,
        235.35807412862778,
        237.94263017177582,
        250.32940810918808,
        274.44517707824707,
        282.50985395908356
    ],
    "actual": [
        99.99999999999999,
        109.0,
        109.0,
        83.0,
        83.0,
        50.99999999999999,
        50.99999999999999,
        101.0
    ],
    "mse": 24618.979150360716,
    "rmse": 156.90436306986723,
    "mape": 205.62950127143688
}