{
    "predictions": [
        119.73179305052756,
        127.02514313238858,
        131.06925267452,
        135.78359459662437,
        140.2986064581871,
        135.57401690030096,
        126.43511452466248,
        122.92157615995406
    ],
    "actual": [
        96.303,
        96.303,
        96.303,
        159.408,
        159.408,
        143.462,
        143.462,
        131.656
    ],
    "mse": 506.6446832334839,
    "rmse": 22.50876902972448,
    "mape": 17.89245251062303
}