{
    "predictions": [
        42.931487397491864,
        33.9313776405453,
        44.93633154612773,
        51.97438346248859,
        36.53424424225086,
        41.408038507401876,
        33.001219077289036,
        33.06451126569503
    ],
    "actual": [
        -82.00000000000003,
        157.00000000000003,
        215.0,
        28.000000000000014,
        121.99999999999999,
        240.99999999999997,
        70.0,
        171.99999999999994
    ],
    "mse": 16007.938882813962,
    "rmse": 126.52248370473116,
    "mape": 85.24616205604094
}