{
    "predictions": [
        109.3109680132866,
        109.73106397509576,
        110.68725416862966,
        112.54230856427552,
        107.62775560331346,
        107.49428959861399,
        96.23820777326823,
        97.19599583277108
    ],
    "actual": [
        92.832,
        129.548,
        120.88700000000001,
        143.084,
        134.954,
        137.909,
        119.648,
        147.967
    ],
    "mse": 812.323568606598,
    "rmse": 28.50129064808466,
    "mape": 19.876470762017817
}