{
    "predictions": [
        301.70526787638664,
        311.38002540469165,
        314.5147261619568,
        305.2138714492321,
        310.5679413676262,
        325.2887015938759,
        333.4872240245342,
        316.4288862347603
    ],
    "actual": [
        395.3,
        374.1,
        191.30000000000004,
        198.5,
        198.5,
        115.4,
        102.40000000000002,
        194.5
    ],
    "mse": 20517.99214279143,
    "rmse": 143.2410281406533,
    "mape": 85.66349141488023
}