{
    "predictions": [
        5451.090751947165,
        4967.087621356547,
        5298.080238491595,
        5147.635716729164,
        4896.349075511694,
        4842.161213701069,
        4947.4390910038355,
        4842.098399187326
    ],
    "actual": [
        5568.0,
        5568.0,
        5568.0,
        5568.0,
        54.5,
        43.1,
        100.6,
        19.8
    ],
    "mse": 11730653.536895089,
    "rmse": 3425.004165967552,
    "mape": 6152.1378391444
}