{
    "predictions": [
        145.1914332316518,
        144.2419349907637,
        145.80841218888762,
        149.86906410926582,
        157.16275765657426,
        159.8229119257927,
        161.4914837011099,
        165.31855984783175
    ],
    "actual": [
        172.743,
        251.26099999999997,
        181.81500000000003,
        181.81500000000003,
        185.11300000000003,
        244.01599999999996,
        194.726,
        194.676
    ],
    "mse": 3045.6588481266144,
    "rmse": 55.18748814837122,
    "mape": 22.208297509425446
}