{
    "predictions": [
        114.37219244912266,
        130.9192667633295,
        123.96484748572111,
        100.55806938298046,
        104.31430465374142,
        168.32720330655573,
        165.7609433710575,
        109.69312138035893
    ],
    "actual": [
        144.6,
        260.6,
        258.4,
        243.4,
        336.5,
        364.7,
        388.6,
        323.9
    ],
    "mse": 30527.718088493162,
    "rmse": 174.72183060079573,
    "mape": 53.46272721768073
}