{
    "predictions": [
        319.31928528738024,
        326.94743159222605,
        332.1733497165442,
        421.84302007472513,
        338.54610086524485,
        369.4820103456974,
        456.925064576149,
        642.2466766126156
    ],
    "actual": [
        299.8,
        305.3,
        330.4,
        414.4,
        379.1,
        502.5,
        499.6,
        608.1
    ],
    "mse": 2904.2133816925784,
    "rmse": 53.890754139208134,
    "mape": 8.407489999041267
}