{
    "predictions": [
        127.96511165362595,
        129.58010942739247,
        133.6675122888088,
        120.0706161327362,
        109.71172297340631,
        127.97603015285729,
        141.06184323501589,
        141.87337470960617
    ],
    "actual": [
        141.893,
        161.952,
        161.952,
        114.478,
        114.478,
        144.304,
        153.132,
        133.101
    ],
    "mse": 323.1472764658839,
    "rmse": 17.976297629542184,
    "mape": 10.263227336304253
}