{
    "predictions": [
        1261.4211540222168,
        1265.4109653234482,
        1273.9326769709587,
        1266.0937190651894,
        1266.2344735860825,
        1273.3221418857574,
        1294.203483760357,
        1287.4002887010574
    ],
    "actual": [
        1169.0,
        1265.0,
        1265.0,
        1510.0,
        1247.0,
        1373.0,
        1399.0,
        1663.0
    ],
    "mse": 28809.37481460065,
    "rmse": 169.73324604979618,
    "mape": 7.9595210531571565
}