{
    "predictions": [
        82.48071283376218,
        72.41857949113847,
        77.50981765830518,
        75.41498333120347,
        96.78631315851213,
        110.17295461177827,
        124.89675462436678,
        134.0020417109728
    ],
    "actual": [
        129.205,
        128.096,
        114.278,
        115.719,
        129.802,
        103.27999999999999,
        128.094,
        139.526
    ],
    "mse": 1179.7165065163185,
    "rmse": 34.347001419575456,
    "mape": 23.149551400077833
}