{
    "predictions": [
        72.45717915438115,
        70.32188850235194,
        70.76135481530429,
        67.79449928185343,
        67.57950946500152,
        68.92370298016817,
        71.35845100282877,
        71.65777050476521
    ],
    "actual": [
        63.115,
        92.462,
        173.496,
        173.496,
        238.311,
        124.635,
        210.038,
        875.1149999999999
    ],
    "mse": 89916.65035474073,
    "rmse": 299.8610517468728,
    "mape": 54.13315247494076
}