{
    "predictions": [
        4205.292787909508,
        4397.095626056194,
        4489.661478161812,
        4085.6169781088834,
        4007.321894168854,
        3747.7582299709325,
        3579.435194730759,
        3185.480960607529
    ],
    "actual": [
        2243.9999999999995,
        2346.0,
        3307.0,
        2728.0000000000005,
        -3542.0,
        2984.0,
        3763.9999999999995,
        3103.0
    ],
    "mse": 8613991.208767805,
    "rmse": 2934.960171581176,
    "mape": 63.33167632875979
}