{
    "predictions": [
        1061.2117395401003,
        1092.9672794342043,
        1083.7913684844973,
        1086.6307325363161,
        1012.8329219818118,
        1054.0669498443606,
        1087.0339193344118,
        1044.1875181198122
    ],
    "actual": [
        857.5000000000001,
        995.1,
        1078.2,
        1073.4,
        1032.4,
        992.1,
        975.7,
        1220.0
    ],
    "mse": 12351.354586212405,
    "rmse": 111.13664825885476,
    "mape": 8.663180413770046
}