{
    "predictions": [
        31053164.894998074,
        29943131.457149982,
        29366192.803263664,
        28573436.96409464,
        27529881.630003452,
        30143868.52556467,
        30303793.68042946,
        27737319.931209087
    ],
    "actual": [
        1553999.9999999998,
        -16267000.0,
        9968000.0,
        14374000.0,
        5374999.999999999,
        33484000.000000004,
        33484000.000000004,
        24786999.999999996
    ],
    "mse": 513038028894595.06,
    "rmse": 22650342.79861113,
    "mape": 364.9119715475325
}