{
    "predictions": [
        941.5073254108429,
        984.4087381362915,
        1050.772008895874,
        1085.4086151123047,
        1080.770276069641,
        1086.0269474983215,
        1031.589562177658,
        1012.2704424858094
    ],
    "actual": [
        700.0,
        689.0,
        678.0,
        730.0000000000001,
        716.0000000000001,
        593.0,
        935.0,
        874.0
    ],
    "mse": 101930.94364462682,
    "rmse": 319.26625823069185,
    "mape": 42.66010463000819
}