{
    "predictions": [
        5453.13390469551,
        5511.079441547393,
        5468.041093707084,
        5603.094581723212,
        5578.028263449668,
        5616.180389404296,
        5654.801761150359,
        5465.676330804824
    ],
    "actual": [
        6362.199999999999,
        6171.0,
        5927.999999999999,
        4466.0,
        6731.999999999999,
        7335.000000000001,
        6795.0,
        10904.999999999998
    ],
    "mse": 4742341.027128881,
    "rmse": 2177.6916740275424,
    "mape": 20.67956559454356
}