{
    "predictions": [
        4.1047685802578915,
        14.84630416369438,
        34.263075306177136,
        32.39731966149807,
        36.79975816965103,
        34.38708924257755,
        31.931959484219547,
        36.28110181748867
    ],
    "actual": [
        41.269,
        34.719,
        38.584,
        38.008,
        29.555,
        38.515,
        25.568,
        29.74
    ],
    "mse": 247.38330279431457,
    "rmse": 15.728423404598269,
    "mape": 31.92099765954849
}