{
    "predictions": [
        24587.75640821457,
        30409.311903476715,
        34063.946009635925,
        36831.55760860443,
        38334.444571495056,
        36890.19160366058,
        35223.10568189621,
        32957.98685646057
    ],
    "actual": [
        23159.000000000004,
        25305.0,
        25245.0,
        26836.0,
        31822.0,
        31326.0,
        35745.0,
        36501.0
    ],
    "mse": 36497225.477924526,
    "rmse": 6041.293361352727,
    "mape": 18.489358175737316
}