{
    "predictions": [
        371.2836642950773,
        407.1575747668743,
        464.75216256976125,
        501.80370643138883,
        513.4475539565086,
        602.0635718345642,
        642.7826854228973,
        639.780777478218
    ],
    "actual": [
        496.51800000000003,
        544.768,
        549.025,
        507.271,
        433.481,
        507.32400000000007,
        431.447,
        426.77699999999993
    ],
    "mse": 18394.460972004454,
    "rmse": 135.62618099763944,
    "mape": 25.365622442434898
}