{
    "predictions": [
        194.00291635626553,
        224.55077463603018,
        231.53668783235548,
        241.39238309252258,
        292.199402182877,
        299.5468481602072,
        313.0180123194456,
        311.30716683673853
    ],
    "actual": [
        263.1,
        287.5,
        281.5,
        243.2,
        266.9,
        269.3,
        261.1,
        273.3
    ],
    "mse": 2116.4460365292707,
    "rmse": 46.00484796767913,
    "mape": 15.144000822626664
}