{
    "predictions": [
        299986032.8289807,
        268667786.70408726,
        124579392.42551029,
        337841076.8563807,
        592889644.0911412,
        338909636.6879046,
        174356342.61697233,
        182427196.9645679
    ],
    "actual": [
        177000000.0,
        255999999.99999997,
        315000000.0,
        341000000.0,
        464999999.99999994,
        171000000.0,
        171000000.0,
        214000000.0
    ],
    "mse": 1.2139192220144508e+16,
    "rmse": 110178002.4330833,
    "mape": 34.77771056264606
}