{
    "predictions": [
        488.83416771888733,
        475.42744398117065,
        536.3202345371246,
        517.7735936641693,
        658.4486019611359,
        727.3824167251587,
        820.0992298126221,
        824.6505212783813
    ],
    "actual": [
        731.0,
        716.0,
        723.0,
        614.0,
        732.0,
        716.0,
        745.0,
        695.0
    ],
    "mse": 23577.10258670012,
    "rmse": 153.54837213953172,
    "mape": 18.5740833967651
}