{
    "predictions": [
        -56.74611952900885,
        4.137575805187238,
        74.60768306255342,
        74.80073297023775,
        107.36296159029008,
        182.78959941864017,
        224.1342051625252,
        234.47654426097873
    ],
    "actual": [
        174.0,
        206.00000000000003,
        208.0,
        119.0,
        681.0,
        594.9999999999999,
        192.99999999999997,
        161.99999999999997
    ],
    "mse": 77367.29372317932,
    "rmse": 278.14976851182047,
    "mape": 68.28265449506083
}