{
    "predictions": [
        127.56416264089943,
        128.76168875861168,
        126.65196153253318,
        129.43711992496253,
        128.53104645845295,
        129.57070557361843,
        134.82375262269377,
        140.88644300377368
    ],
    "actual": [
        156.494,
        186.814,
        178.898,
        233.176,
        223.715,
        251.984,
        266.756,
        264.831
    ],
    "mse": 9313.972609499368,
    "rmse": 96.5089250250948,
    "mape": 38.83015063948089
}