{
    "predictions": [
        644.8648190498352,
        635.620698928833,
        659.3230938911438,
        756.5103149414062,
        817.9691648483276,
        987.5676727294922,
        1043.5632801055908,
        1114.1528463363647
    ],
    "actual": [
        1175.9999999999998,
        1035.0,
        1396.0,
        1335.9999999999998,
        2085.0,
        1853.0,
        1728.0,
        1682.0000000000002
    ],
    "mse": 558169.228678023,
    "rmse": 747.1072404133312,
    "mape": 45.09244402586117
}