{
    "predictions": [
        104.53656072616579,
        116.22261058092118,
        118.6245151102543,
        114.94511507749559,
        126.30164422988892,
        127.24562057852746,
        129.93300255537034,
        125.5390449166298
    ],
    "actual": [
        103.60000000000002,
        124.89999999999999,
        150.70000000000002,
        114.09999999999997,
        84.80000000000001,
        -186.4,
        143.6,
        78.29999999999998
    ],
    "mse": 12952.50014364893,
    "rmse": 113.80905123780326,
    "mape": 39.61627186089105
}