{
    "predictions": [
        256.54131460189814,
        247.30778384208676,
        243.27302694320676,
        240.73037528991696,
        238.65933156013486,
        241.89278674125669,
        240.95868325233457,
        230.22183036804196
    ],
    "actual": [
        218.00000000000003,
        241.0,
        249.99999999999997,
        390.00000000000006,
        285.0,
        320.0,
        152.0,
        180.0
    ],
    "mse": 5316.995997730342,
    "rmse": 72.91773445280882,
    "mape": 23.544593244922993
}