{
    "predictions": [
        124.2313462446928,
        125.16936766123771,
        128.52725830996036,
        128.93937828469276,
        131.72642906355858,
        133.78386406195165,
        136.61707860773802,
        138.69795608931778
    ],
    "actual": [
        134.606,
        134.304,
        131.029,
        125.119,
        137.436,
        174.419,
        132.057,
        106.586
    ],
    "mse": 368.4643080002069,
    "rmse": 19.19542414223262,
    "mape": 10.063026630386057
}