{
    "predictions": [
        89.48933220064642,
        107.40099480873347,
        100.55069637274742,
        101.97564181125165,
        92.80811713790895,
        92.04629797375203,
        87.36961514329911,
        74.9976702720523
    ],
    "actual": [
        52.99000000000001,
        72.13800000000002,
        66.821,
        57.76799999999999,
        38.18099999999998,
        59.931999999999995,
        103.37599999999999,
        68.23000000000002
    ],
    "mse": 1248.142980515171,
    "rmse": 35.32906707677364,
    "mape": 58.353428221677326
}