{
    "predictions": [
        35.56437077447772,
        34.17811259183288,
        32.70347537820041,
        29.08272892008722,
        28.604674669340252,
        29.392890806809067,
        31.156118810147046,
        34.16269361294806
    ],
    "actual": [
        29.098000000000003,
        59.741,
        79.477,
        79.477,
        27.146,
        98.887,
        90.352,
        35.781
    ],
    "mse": 1720.1188170761445,
    "rmse": 41.474315148970746,
    "mape": 41.62009490405869
}