{
    "predictions": [
        218.4968198987245,
        304.02763040792934,
        296.3059321897029,
        272.2039115776419,
        254.60365847790234,
        303.3855616153478,
        291.8118281071185,
        308.7349647438526
    ],
    "actual": [
        40.63300000000001,
        403.961,
        259.211,
        249.652,
        24.372,
        339.551,
        310.664,
        144.988
    ],
    "mse": 15623.733480487315,
    "rmse": 124.99493381928451,
    "mape": 195.01610628931698
}