{
    "predictions": [
        550.0045327186584,
        578.8675799846649,
        447.2981467604637,
        349.96552095413205,
        264.83406218290327,
        237.31946734786032,
        251.44470738768575,
        258.62228268384933
    ],
    "actual": [
        308.5,
        264.3,
        264.3,
        315.1,
        317.5,
        344.9,
        320.4,
        301.0
    ],
    "mse": 26609.887910785394,
    "rmse": 163.1253748219001,
    "mape": 45.12330328768403
}