{
    "predictions": [
        1165.2848439365625,
        1151.298727363348,
        1143.1667119711637,
        1136.3175980448723,
        1126.7193618118763,
        1104.62119024992,
        1137.166850835085,
        1174.9925282299519
    ],
    "actual": [
        1361.0,
        1253.0,
        1212.0,
        1232.0,
        1220.0,
        1139.0,
        1266.0,
        1424.0
    ],
    "mse": 18878.32451191126,
    "rmse": 137.3984152452686,
    "mape": 9.283721494277925
}