{
    "predictions": [
        1455.513786263764,
        1526.6571895182133,
        1536.315941542387,
        1624.7064518928528,
        1701.7733424305916,
        1663.7697801291943,
        1616.9280564785004,
        1611.9705426096916
    ],
    "actual": [
        1233.0,
        1292.0,
        1372.0,
        1230.0,
        1254.0,
        1216.0,
        1332.0,
        1118.0
    ],
    "mse": 126694.86625049602,
    "rmse": 355.9422231914837,
    "mape": 27.297546957685427
}