{
    "predictions": [
        291.9790522315502,
        386.90224850475784,
        367.5945485637188,
        369.369255458951,
        374.3687549960613,
        348.50310017359254,
        402.96808824872966,
        349.28012406802173
    ],
    "actual": [
        349.713,
        281.729,
        334.758,
        342.727,
        324.36,
        322.88,
        349.04400000000004,
        303.809
    ],
    "mse": 3039.4398599649194,
    "rmse": 55.13111517069938,
    "mape": 15.649063887218606
}