{
    "predictions": [
        191.51712964773182,
        189.82815407514576,
        192.2600374221802,
        183.2646364450455,
        181.4004454135895,
        187.144481086731,
        194.31839002370836,
        202.9028616189957
    ],
    "actual": [
        284.9,
        326.5,
        315.0,
        283.0,
        282.4,
        349.6,
        356.0,
        315.0
    ],
    "mse": 15963.901523818464,
    "rmse": 126.34833407615022,
    "mape": 39.01007541276406
}