{
    "predictions": [
        193.41324228048325,
        165.1972880065441,
        133.33733183145523,
        114.45009177923203,
        105.19858178496361,
        109.05242219567299,
        144.4446733891964,
        217.66797721385956
    ],
    "actual": [
        121.00000000000001,
        131.0,
        110.99999999999999,
        43.0,
        52.0,
        139.0,
        118.0,
        72.00000000000001
    ],
    "mse": 4707.828878712522,
    "rmse": 68.61362021284492,
    "mape": 77.60181768055823
}