{
    "predictions": [
        17.883994948863975,
        11.02163453102111,
        -8.026197594404225,
        -28.87140532806516,
        -27.325353562831882,
        -23.426636901497844,
        -13.049480515718464,
        4.253526866435998
    ],
    "actual": [
        53.8,
        70.1,
        69.90000000000002,
        60.0,
        95.5,
        107.99999999999999,
        44.800000000000004,
        66.7
    ],
    "mse": 7294.498051207384,
    "rmse": 85.407833664175,
    "mape": 110.46156506705738
}