{
    "predictions": [
        4402.461238026619,
        4134.929122507572,
        4286.075615644455,
        4201.7840549349785,
        4034.221921533346,
        3992.0240550637245,
        3937.9047787189484,
        3950.0250173211098
    ],
    "actual": [
        2435.0,
        3297.0,
        3251.0,
        5183.0,
        2637.0,
        3801.0,
        3583.9999999999995,
        5193.0
    ],
    "mse": 1283268.7357533947,
    "rmse": 1132.814519572112,
    "mape": 31.10066363221361
}