{
    "predictions": [
        89072867.73252487,
        89322686.65832281,
        106374351.53478384,
        113943354.25806046,
        111562069.401443,
        124105222.61440754,
        156061475.19779205,
        159953929.52656746
    ],
    "actual": [
        101436000.0,
        116980000.0,
        126825000.0,
        122498000.0,
        120400000.0,
        128300000.0,
        127400000.0,
        125900000.0
    ],
    "mse": 435755057306799.0,
    "rmse": 20874746.880065374,
    "mape": 14.886885232869318
}