{
    "predictions": [
        69.12080083000659,
        66.31058419972658,
        65.0061047027707,
        63.488960274875154,
        61.71291403537988,
        57.96594479495286,
        62.74899508363008,
        60.53354397726058
    ],
    "actual": [
        66.5,
        76.333,
        72.868,
        88.692,
        56.026,
        45.149,
        62.51499999999999,
        81.056
    ],
    "mse": 177.7701305677571,
    "rmse": 13.333046559873594,
    "mape": 15.063532754024623
}