{
    "predictions": [
        183.46118143081665,
        199.4915848147869,
        213.77453062295913,
        214.23675933361054,
        225.70725672125815,
        243.2260932636261,
        257.98994693040845,
        267.7057117056847
    ],
    "actual": [
        252.79999999999998,
        233.60000000000002,
        223.40000000000003,
        210.9,
        204.69999999999996,
        227.5,
        217.00000000000003,
        224.90000000000003
    ],
    "mse": 1284.5198648590986,
    "rmse": 35.8401990069684,
    "mape": 12.877242320810387
}