{
    "predictions": [
        387.0287953760624,
        428.6631038789153,
        542.6350928805471,
        893.6742893073559,
        853.5628560723067,
        1011.2296889040471,
        1048.4643636766673,
        1004.0656391575337
    ],
    "actual": [
        446.00000000000006,
        503.0,
        465.0,
        506.0,
        450.0,
        476.0,
        508.0,
        417.0
    ],
    "mse": 156425.46638820984,
    "rmse": 395.5065946203803,
    "mape": 71.32621719629671
}