{
    "predictions": [
        249.606485247612,
        253.9472861289978,
        255.21337378025055,
        255.04192852973938,
        256.22582042217255,
        258.7816952466965,
        256.462012052536,
        255.19755709171295
    ],
    "actual": [
        343.0,
        306.0,
        279.0,
        257.0,
        348.0,
        294.0,
        341.0,
        311.0
    ],
    "mse": 3990.6105396949683,
    "rmse": 63.171279389410564,
    "mape": 16.826462645377433
}