{
    "predictions": [
        2474.0180466771126,
        776.507556349039,
        791.0153778791426,
        686.7907946258782,
        2925.684860944748,
        847.7964794933795,
        931.5335116088389,
        1128.9551914036274
    ],
    "actual": [
        2971.0,
        211.99999999999997,
        498.00000000000006,
        561.0,
        3303.0,
        280.0,
        481.00000000000006,
        795.9999999999999
    ],
    "mse": 180742.54245508008,
    "rmse": 425.13826275116674,
    "mape": 89.24604542636023
}