{
    "predictions": [
        263.5773146813512,
        260.84749516737463,
        307.13461041867737,
        398.8061121029854,
        320.3767680031061,
        337.01667857617144,
        348.35015306097273,
        435.74801837229734
    ],
    "actual": [
        396.6,
        421.6000000000001,
        465.6,
        478.6000000000001,
        423.6000000000001,
        403.8,
        517.8,
        524.6
    ],
    "mse": 15842.2149714177,
    "rmse": 125.86586102441639,
    "mape": 26.618224045145922
}