{
    "predictions": [
        299.69660446584226,
        399.350081744194,
        409.8441133320331,
        387.9682491828203,
        389.2536385766267,
        418.483021162033,
        372.31819588136665,
        473.17232044744486
    ],
    "actual": [
        325.34,
        345.599,
        297.716,
        297.716,
        328.083,
        369.821,
        299.635,
        377.0
    ],
    "mse": 5613.343289546624,
    "rmse": 74.92224829479308,
    "mape": 21.622872710355594
}