{
    "predictions": [
        139.41647937893867,
        153.11749082803726,
        158.20346080064772,
        152.99422025680542,
        164.28700138330458,
        162.96049764156342,
        173.78051089048384,
        156.75778683423997
    ],
    "actual": [
        167.10000000000002,
        160.30000000000004,
        172.40000000000003,
        167.60000000000002,
        186.1,
        193.2,
        193.79999999999998,
        199.5
    ],
    "mse": 606.343427647334,
    "rmse": 24.624041659470404,
    "mape": 12.140587193169512
}