{
    "predictions": [
        409.44727386373285,
        449.0886970096827,
        485.0186579805613,
        560.11050447011,
        613.0822757635117,
        700.6711665889025,
        746.2077861127854,
        769.2533111602069
    ],
    "actual": [
        453.30099999999993,
        450.68399999999997,
        429.43,
        397.735,
        377.365,
        390.368,
        412.09,
        412.543
    ],
    "mse": 52763.65350113253,
    "rmse": 229.7034033294512,
    "mape": 46.66213041354359
}