{
    "predictions": [
        -226.5665248632431,
        -133.85155403614044,
        -175.03395354747772,
        -66.5754064321518,
        -49.1947340965271,
        53.304960012435906,
        157.62561202049255,
        327.1720509529114
    ],
    "actual": [
        21.000000000000014,
        414.00000000000006,
        32.99999999999999,
        121.00000000000004,
        -560.0,
        253.99999999999994,
        154.00000000000003,
        185.99999999999997
    ],
    "mse": 95129.54752532001,
    "rmse": 308.4307823893718,
    "mape": 293.1410863427562
}