{
    "predictions": [
        242.82647494077682,
        251.0373895049095,
        247.64321018457412,
        253.93168238401412,
        249.81490767002103,
        249.16061524152755,
        245.82581169605254,
        247.4423574566841
    ],
    "actual": [
        164.6,
        206.7,
        199.0,
        192.4,
        38.3,
        105.5,
        149.9,
        214.7
    ],
    "mse": 11236.03089792968,
    "rmse": 106.00014574485112,
    "mape": 111.6341489307552
}