{
    "predictions": [
        281721864.16387546,
        273715852.73742664,
        273459970.7126616,
        248929488.53969565,
        256831431.32925025,
        230912061.81049338,
        252273983.47854605,
        234070861.9952201
    ],
    "actual": [
        222000000.00000003,
        404000000.0,
        404000000.0,
        132000000.00000007,
        132000000.00000007,
        396000000.0,
        396000000.0,
        246000000.00000003
    ],
    "mse": 1.4361281295709032e+16,
    "rmse": 119838563.47482237,
    "mape": 44.680869670555644
}