{
    "predictions": [
        42.2190865278244,
        41.97486194372177,
        41.99119917154312,
        42.362686628103255,
        42.60883714556694,
        42.55774087905884,
        40.75033912360668,
        38.85426510870457
    ],
    "actual": [
        46.8,
        63.49999999999999,
        47.9,
        51.2,
        72.7,
        44.3,
        55.4,
        51.7
    ],
    "mse": 235.68342361402046,
    "rmse": 15.35198435427878,
    "mape": 21.237007466674257
}