{
    "predictions": [
        109.75350282192231,
        106.42892885208131,
        112.74778091907503,
        118.20741965770722,
        111.66644885540009,
        108.20463204383852,
        100.09969956874848,
        99.62324404716493
    ],
    "actual": [
        82.3,
        89.2,
        84.4,
        95.3,
        86.8,
        93.2,
        79.7,
        98.5
    ],
    "mse": 454.97075576593295,
    "rmse": 21.330043501266776,
    "mape": 22.722587292092438
}