{
    "predictions": [
        451.2012367248536,
        430.7346131801605,
        461.5314116477967,
        500.33187294006353,
        498.39160490036016,
        532.1121647357941,
        564.0421853065491,
        567.8918218612671
    ],
    "actual": [
        424.0,
        437.0,
        390.0,
        335.0,
        291.0,
        298.0,
        340.0,
        357.99999999999994
    ],
    "mse": 28162.47431939528,
    "rmse": 167.8167879545884,
    "mape": 43.737097654381465
}