{
    "predictions": [
        68.18673931878806,
        80.06068002247811,
        91.84051667815447,
        123.30154280412198,
        144.09909096837046,
        156.42245099043848,
        167.94762680357695,
        181.16570017290118
    ],
    "actual": [
        83.91399999999999,
        98.318,
        82.98100000000001,
        112.977,
        78.58699999999999,
        107.47800000000001,
        97.50400000000002,
        112.13599999999998
    ],
    "mse": 2147.57013627335,
    "rmse": 46.3418831757337,
    "mape": 39.979291174288974
}