{
    "predictions": [
        182.09872572517398,
        176.94602883625032,
        180.37419581937792,
        194.04164096689226,
        201.01240674686434,
        208.30110687303545,
        217.8963408904076,
        220.7094092550278
    ],
    "actual": [
        271.382,
        273.267,
        273.95,
        271.276,
        269.817,
        314.513,
        315.803,
        322.391
    ],
    "mse": 8488.838497904995,
    "rmse": 92.13489294455708,
    "mape": 31.573648862682173
}