{
    "predictions": [
        1070.8869841394426,
        1255.0248485622405,
        1228.7696375551225,
        1541.147457496643,
        1573.7201082267761,
        1629.9883511161804,
        1720.4339999752044,
        1895.772798910141
    ],
    "actual": [
        1033.86,
        895.4999999999999,
        1047.794,
        1111.958,
        881.252,
        1128.88,
        1292.244,
        1406.863
    ],
    "mse": 187573.2517651972,
    "rmse": 433.09727748532106,
    "mape": 36.30673205217892
}