{
    "predictions": [
        1058.3052293658257,
        1047.4171121120453,
        1044.7403801679611,
        1024.8171506524086,
        1004.9660924077035,
        995.1885600686074,
        972.3947207927705,
        960.251270055771
    ],
    "actual": [
        975.0,
        933.9999999999999,
        963.0,
        857.0,
        1033.0,
        837.0000000000001,
        1348.0,
        970.0
    ],
    "mse": 27703.89654724553,
    "rmse": 166.4448754009733,
    "mape": 12.40494191224788
}