{
    "predictions": [
        1544.0489247202872,
        1595.0472622334958,
        1552.1801308274269,
        1531.828909343481,
        1554.7696715295315,
        1553.9959909856318,
        1564.2190117120742,
        1521.5631513774395
    ],
    "actual": [
        1656.0,
        1759.0,
        1574.0,
        1496.0,
        1669.0,
        1778.0,
        1577.0,
        1603.0
    ],
    "mse": 13899.379860629728,
    "rmse": 117.89563121943802,
    "mape": 5.6495000491711425
}