{
    "predictions": [
        105.97524868828059,
        101.93063787436486,
        99.92032722842694,
        91.37228166303039,
        78.24932562941314,
        67.42503793808818,
        60.13080590359867,
        52.64345539143682
    ],
    "actual": [
        54.641,
        95.374,
        81.749,
        81.749,
        68.745,
        96.38100000000001,
        70.195,
        67.013
    ],
    "mse": 542.193878935338,
    "rmse": 23.285056988019978,
    "mape": 26.8089908640612
}