{
    "predictions": [
        50.97627391219139,
        52.375234419107436,
        51.639937716722486,
        50.26026298999786,
        51.984165555238725,
        51.44588617086411,
        51.90484147667885,
        51.35670647621155
    ],
    "actual": [
        62.5,
        68.9,
        67.7,
        51.5,
        50.70000000000001,
        75.7,
        77.69999999999999,
        39.599999999999994
    ],
    "mse": 257.3560197585024,
    "rmse": 16.042319650178474,
    "mape": 20.751376912022664
}