{
    "predictions": [
        167.75493001127242,
        166.04167377233506,
        168.22340004444123,
        184.6275396051407,
        180.70106893444063,
        194.00152719068527,
        201.7767193851471,
        204.55414156723023
    ],
    "actual": [
        183.117,
        174.599,
        83.265,
        83.265,
        182.86399999999998,
        178.727,
        186.228,
        176.631
    ],
    "mse": 2382.621145126906,
    "rmse": 48.812100396591276,
    "mape": 33.86826161543408
}