{
    "predictions": [
        58.955043138504024,
        55.973279934430124,
        73.39681466336249,
        25.78643979716897,
        15.661980371902882,
        -8.57352361238003,
        -12.334575432986021,
        -16.560204338252543
    ],
    "actual": [
        139.757,
        141.225,
        140.108,
        138.073,
        146.267,
        82.087,
        141.018,
        146.321
    ],
    "mse": 13272.470833790543,
    "rmse": 115.20621004872325,
    "mape": 83.36515675371928
}