{
    "predictions": [
        48.108242955803874,
        51.224926790595056,
        44.313427376747136,
        58.0176927626133,
        62.442422837018974,
        72.16621169745923,
        80.81041880846024,
        77.05369086861612
    ],
    "actual": [
        -1.400000000000001,
        -12.5,
        1.300000000000003,
        -9.6,
        13.3,
        24.6,
        58.099999999999994,
        52.99999999999999
    ],
    "mse": 2338.263138583744,
    "rmse": 48.35559056183415,
    "mape": 1088.3127424738923
}