{
    "predictions": [
        571.9126410484314,
        490.5933637619018,
        470.9414548873901,
        414.0135390758514,
        310.3204436302185,
        267.9541976451874,
        271.4292140007019,
        345.46982002258295
    ],
    "actual": [
        345.0,
        486.0,
        486.0,
        230.99999999999994,
        230.99999999999994,
        354.0,
        354.0,
        282.0
    ],
    "mse": 13721.640819877408,
    "rmse": 117.1394076298724,
    "mape": 31.689838792209347
}