{
    "predictions": [
        28.066716913759706,
        34.70779792404175,
        32.75517312324047,
        30.40858663445711,
        33.70543625354767,
        39.942811043977734,
        31.80254822850227,
        22.293228264331816
    ],
    "actual": [
        17.746,
        19.373,
        19.373,
        19.373,
        18.795,
        18.795,
        18.795,
        6.737
    ],
    "mse": 215.41044060048154,
    "rmse": 14.676867533655862,
    "mape": 94.41483981490612
}