{
    "predictions": [
        417.4509696125985,
        416.7107681155206,
        408.05134954452524,
        400.39273312687885,
        393.0551402032376,
        403.1982654631139,
        396.436210936308,
        397.59476451277743
    ],
    "actual": [
        396.1,
        440.70000000000005,
        405.69999999999993,
        355.69999999999993,
        338.29999999999995,
        407.30000000000007,
        369.5,
        377.79999999999995
    ],
    "mse": 895.8322694306598,
    "rmse": 29.930457220541417,
    "mape": 6.712483316813909
}