{
    "predictions": [
        164.94174794554715,
        167.15279815793042,
        167.97270886302,
        174.1964588284493,
        177.82106689810757,
        180.46208719611172,
        175.12009484767918,
        174.42221392393117
    ],
    "actual": [
        134.40000000000003,
        140.4,
        135.1,
        -322.0,
        96.89999999999998,
        -579.3,
        114.09999999999997,
        77.8
    ],
    "mse": 105723.25046575449,
    "rmse": 325.1511194287273,
    "mape": 76.56797643508924
}