{
    "predictions": [
        1612.5681585581303,
        1545.000640235424,
        1826.0439156106713,
        2160.3039612514976,
        2026.2159070880416,
        2516.487230816603,
        2515.697724042893,
        2900.7011932826044
    ],
    "actual": [
        909.4760000000002,
        1256.317,
        1598.894,
        1983.4229999999998,
        1030.1179999999997,
        1349.2509999999997,
        1368.5429999999997,
        1524.0929999999998
    ],
    "mse": 778278.2904904434,
    "rmse": 882.2008220866966,
    "mape": 60.09552319617162
}