{
    "predictions": [
        409.8549751705528,
        479.72525794720656,
        495.2891601285935,
        491.16947313672307,
        502.2486636117697,
        538.5679478833675,
        509.5425654468537,
        479.21634123778347
    ],
    "actual": [
        448.0,
        485.00000000000006,
        421.0,
        391.0,
        395.0,
        432.0,
        418.0,
        413.0
    ],
    "mse": 6582.414622769486,
    "rmse": 81.1320813412887,
    "mape": 17.827497130530404
}