{
    "predictions": [
        2336.018841993809,
        2538.070351701975,
        2419.996019032598,
        2686.2972467660907,
        3009.280646902323,
        3235.3013119220736,
        2903.055991661549,
        2995.0664714694026
    ],
    "actual": [
        2489.6,
        1961.2999999999997,
        1961.2999999999997,
        3836.5,
        3836.5,
        3116.3,
        4115.2,
        4901.2
    ],
    "mse": 961338.8647547485,
    "rmse": 980.4788956192523,
    "mape": 22.83390948221751
}