{
    "predictions": [
        2720.383200049401,
        2762.9042482376103,
        2738.113222122193,
        2830.1485729217534,
        2711.4024811983113,
        2643.922259807587,
        2610.203220844269,
        2627.053351402283
    ],
    "actual": [
        2362.0,
        2469.0,
        2392.0,
        2806.0,
        2441.0,
        2568.0,
        2564.0,
        1242.0
    ],
    "mse": 291823.11956641276,
    "rmse": 540.2065526874075,
    "mape": 21.220106565133477
}