{
    "predictions": [
        838.0278291702272,
        732.6444244384767,
        89.40950107574477,
        211.27448368072524,
        -3.404753923416001,
        155.43503189086928,
        -393.31155681610096,
        712.3231902122499
    ],
    "actual": [
        8288.0,
        2616.0000000000005,
        3052.9999999999995,
        2739.0,
        1516.0,
        1933.0000000000005,
        1953.0,
        2046.9999999999998
    ],
    "mse": 10872030.82895379,
    "rmse": 3297.276274283638,
    "mape": 91.09551697129531
}