{
    "predictions": [
        2132.0026845932007,
        2203.258142054081,
        2432.6804368793964,
        2743.6377635002136,
        3036.9007918834686,
        3342.436840057373,
        2871.7355129122734,
        2654.9902049303055
    ],
    "actual": [
        2105.0,
        2105.0,
        3139.0,
        3139.0,
        3948.9999999999995,
        3948.9999999999995,
        3030.0,
        2274.9999999999995
    ],
    "mse": 254358.30836433213,
    "rmse": 504.3394773010855,
    "mape": 12.67877737634217
}