{
    "predictions": [
        376.92035422325137,
        575.388880610466,
        545.0304890751838,
        414.9997791528702,
        471.4618548154831,
        554.2865056037903,
        370.8140307664871,
        255.02068320512774
    ],
    "actual": [
        60.0,
        82.0,
        188.0,
        125.00000000000001,
        183.0,
        236.00000000000003,
        147.00000000000003,
        113.00000000000001
    ],
    "mse": 101277.609578509,
    "rmse": 318.24143284385366,
    "mape": 265.2796325796289
}