{
    "predictions": [
        2109432767.7488327,
        2154903753.221035,
        2181010157.942772,
        2173073520.8392143,
        2155398171.1268425,
        2126184926.7482758,
        2077453025.5198479,
        2022614140.868187
    ],
    "actual": [
        1208000000.0,
        1136000000.0,
        1008000000.0,
        937000000.0,
        1141000000.0,
        1075000000.0,
        886000000.0,
        993999999.9999999
    ],
    "mse": 1.1707721544098337e+18,
    "rmse": 1082022252.2711046,
    "mape": 104.6561470181437
}