{
    "predictions": [
        -221.63507103919977,
        228.6967647075654,
        190.87650239467627,
        608.6283326148988,
        675.6591412425042,
        982.4992853403093,
        1233.491113483906,
        1103.4456908702853
    ],
    "actual": [
        81.0000000000001,
        1162.0,
        492.00000000000017,
        160.9999999999998,
        168.00000000000017,
        937.0000000000001,
        580.9999999999999,
        690.0000000000002
    ],
    "mse": 263769.9226660145,
    "rmse": 513.585360642235,
    "mape": 159.0543292413345
}