{
    "predictions": [
        144378488.67177963,
        169238810.7061386,
        148985708.30225945,
        140466496.93250656,
        155327584.54680443,
        176794376.58786774,
        202317311.14387512,
        242618992.26903915
    ],
    "actual": [
        313300000.0,
        292500000.0,
        431700000.0,
        372999999.99999994,
        310600000.0,
        305800000.0,
        280600000.0,
        232700000.0
    ],
    "mse": 2.8088192276167884e+16,
    "rmse": 167595322.9543351,
    "mape": 43.52821708875235
}