{
    "predictions": [
        422.7943112850189,
        462.45492255687714,
        473.62696146965027,
        427.91020226478577,
        418.71334421634674,
        423.52440482378006,
        424.552962243557,
        377.12488555908203
    ],
    "actual": [
        350.0,
        438.0,
        380.0,
        317.0,
        314.0,
        391.99999999999994,
        273.0,
        327.0
    ],
    "mse": 8050.451618343865,
    "rmse": 89.7243089599684,
    "mape": 24.780070681302938
}