{
    "predictions": [
        364.8860369672775,
        351.7670384106636,
        796.3909184322356,
        463.16671875905985,
        98.15553936100005,
        143.32580171275137,
        588.1757138133048,
        191.61057307052613
    ],
    "actual": [
        -46.842000000000006,
        116.55200000000004,
        523.9229999999999,
        523.9229999999999,
        18.486999999999988,
        131.444,
        545.0,
        204.1
    ],
    "mse": 38910.57055358161,
    "rmse": 197.25762483002174,
    "mape": 199.80117131210142
}