{
    "predictions": [
        2423.9510133534673,
        2757.4835327506066,
        2996.548719054461,
        3110.0498407781124,
        3086.307690191269,
        3235.2155346333984,
        3408.126787936688,
        3396.8283625364306
    ],
    "actual": [
        2631.7,
        3560.5,
        3681.5,
        2892.4,
        3291.0,
        3430.0,
        3338.0,
        3015.0
    ],
    "mse": 179384.42413157312,
    "rmse": 423.53798428425887,
    "mape": 10.405180499060588
}