{
    "predictions": [
        600.9294648574592,
        644.9995451815726,
        776.690706445098,
        816.1858798860312,
        1016.7672022293807,
        1117.003348752737,
        1274.8029536272288,
        1347.4708545144797
    ],
    "actual": [
        1059.2,
        1093.7,
        1127.7,
        1106.4,
        750.1,
        471.4,
        410.3000000000001,
        335.7
    ],
    "mse": 359717.055093786,
    "rmse": 599.7641662301825,
    "mape": 103.28064861078394
}