{
    "predictions": [
        2199.466109097004,
        2206.589851754904,
        2229.6737086951734,
        2230.1624963223935,
        2245.0783824920654,
        2230.508117604256,
        2197.1024289906027,
        2196.168165612221
    ],
    "actual": [
        2733.0,
        2152.0,
        2256.0,
        2271.0,
        2985.0,
        2108.0,
        2304.0,
        2438.0
    ],
    "mse": 115300.15071534517,
    "rmse": 339.55875885529025,
    "mape": 8.772784505998136
}