{
    "predictions": [
        255.79558869981764,
        435.77614780962466,
        514.8156276926994,
        768.8060322057008,
        517.9669852573871,
        757.4558503310681,
        1258.3666064379215,
        1447.5587964856625
    ],
    "actual": [
        472.00000000000006,
        487.0,
        686.0,
        820.0,
        375.0,
        673.0,
        861.0,
        714.0
    ],
    "mse": 100609.27743773267,
    "rmse": 317.1896553132411,
    "mape": 35.885774096324226
}