{
    "predictions": [
        388.73805492115036,
        349.2248263516427,
        330.3901569023134,
        341.6478138871194,
        356.02523448991786,
        405.0334833984376,
        429.85242135524766,
        445.3312065672876
    ],
    "actual": [
        399.3649999999999,
        613.263,
        596.684,
        561.4829999999998,
        561.4829999999998,
        649.998,
        575.963,
        641.937
    ],
    "mse": 43911.457004466596,
    "rmse": 209.55060726341642,
    "mape": 32.47138919259813
}