{
    "predictions": [
        401.6829477400184,
        411.04951565629244,
        418.14660377550126,
        422.298914435029,
        426.9554894239306,
        442.50649644637105,
        438.45874963426587,
        427.9288521146774
    ],
    "actual": [
        327.823,
        351.34,
        339.016,
        326.888,
        301.9,
        383.9,
        369.2,
        316.2
    ],
    "mse": 7592.390105476726,
    "rmse": 87.13432220128144,
    "mape": 25.354631065376985
}