{
    "predictions": [
        156.01824988424778,
        173.18846680140496,
        204.80534269237518,
        193.72239811849593,
        206.38693354082105,
        178.4705660315752,
        222.45312198257446,
        238.2984844472408
    ],
    "actual": [
        168.101,
        138.323,
        154.256,
        175.631,
        134.325,
        176.978,
        190.58999999999997,
        186.809
    ],
    "mse": 1638.2129910340104,
    "rmse": 40.47484392847007,
    "mape": 21.77947454366933
}