{
    "predictions": [
        326.68043797850606,
        327.8302594821453,
        324.7439375476837,
        323.7210921741724,
        329.0216546900272,
        304.8098380588293,
        297.93895263683794,
        296.6866380491257
    ],
    "actual": [
        274.6,
        283.8,
        304.9,
        360.2,
        283.5,
        293.0,
        343.0,
        359.1
    ],
    "mse": 1814.1434254786864,
    "rmse": 42.59276259505465,
    "mape": 12.715215371408195
}