{
    "predictions": [
        181.18080189317467,
        215.34794399857523,
        227.21842009896042,
        236.19630982732775,
        235.28233580052856,
        230.10814378720525,
        234.39740867918732,
        249.57440900194646
    ],
    "actual": [
        122.0,
        251.0,
        213.0,
        213.0,
        194.0,
        193.0,
        219.0,
        226.0
    ],
    "mse": 1173.468400983536,
    "rmse": 34.25592504930404,
    "mape": 17.28087099716939
}