{
    "predictions": [
        444.98431871980426,
        478.9523831713199,
        569.2628205117583,
        569.5836833259463,
        416.8363906344771,
        588.0777144128084,
        730.9012851738929,
        656.5399762976169
    ],
    "actual": [
        320.5,
        593.2,
        701.4,
        506.40000000000003,
        1584.0,
        554.0,
        645.0,
        553.0
    ],
    "mse": 178941.62684161268,
    "rmse": 423.01492508138847,
    "mape": 25.16167910807542
}