{
    "predictions": [
        2206.4969346523285,
        2218.0103805065155,
        2228.2534396648407,
        2237.360720872879,
        2242.487714767456,
        2250.366058111191,
        2244.242159843445,
        2253.265077352524
    ],
    "actual": [
        1894.0,
        2206.0,
        2456.0,
        2145.0,
        2052.0,
        2033.0,
        2306.9999999999995,
        1466.0
    ],
    "mse": 108182.00039097291,
    "rmse": 328.9103227187814,
    "mape": 13.377436466558951
}