{
    "predictions": [
        3254.045707821846,
        3321.8818465471268,
        3482.0338830947876,
        3496.2709605693817,
        3344.5000499486923,
        3380.315017104149,
        3478.769603252411,
        3583.9225635528564
    ],
    "actual": [
        2744.0,
        3239.0,
        3190.0,
        2837.0,
        3058.0,
        5451.0,
        3271.0,
        3020.0
    ],
    "mse": 689741.6819513412,
    "rmse": 830.5068825430294,
    "mape": 15.740055555579152
}