{
    "predictions": [
        2805.9399766325955,
        2273.577537074685,
        3560.6869638562207,
        3742.5093681216244,
        3241.984512716532,
        2067.322546750307,
        2711.7002726197247,
        3954.8808524608617
    ],
    "actual": [
        5546.999999999999,
        4858.0,
        4126.0,
        5488.0,
        5488.0,
        2760.9999999999995,
        3494.0,
        2197.0
    ],
    "mse": 3348359.728319635,
    "rmse": 1829.8523788326847,
    "mape": 39.57174709392619
}