{
    "predictions": [
        248.77988022792346,
        255.3590344560743,
        268.5387640787364,
        280.3818129205108,
        296.5339311692715,
        299.80435341429717,
        301.99558350712067,
        319.45985685354475
    ],
    "actual": [
        301.377,
        277.115,
        261.98299999999995,
        -155.83099999999996,
        -678.529,
        -99.81500000000004,
        -479.18,
        193.24300000000002
    ],
    "mse": 241271.7137286373,
    "rmse": 491.19417110612915,
    "mape": 135.01667018681974
}