{
    "predictions": [
        4915.372565031051,
        4994.054855346679,
        4955.527462005614,
        5130.581659913062,
        5141.08532989025,
        5291.8624695539465,
        5339.005102157592,
        5603.034660458564
    ],
    "actual": [
        6442.000000000001,
        6792.000000000001,
        -3501.0000000000005,
        7513.999999999999,
        6129.999999999999,
        6957.0,
        7448.0,
        6072.000000000001
    ],
    "mse": 11396895.119596878,
    "rmse": 3375.9287788098964,
    "mape": 49.94275691002515
}