{
    "predictions": [
        1083.5486969947815,
        985.0239596366882,
        814.0594623088837,
        739.9074158668518,
        372.08433067798615,
        410.58257138729095,
        258.197870016098,
        220.06683564186093
    ],
    "actual": [
        1230.0,
        1120.0,
        1013.0000000000001,
        1251.0000000000002,
        1060.0,
        957.0,
        1065.0,
        1120.0
    ],
    "mse": 321633.60429568856,
    "rmse": 567.1275026796783,
    "mape": 45.319171715373024
}