{
    "predictions": [
        217.9199440106154,
        249.57257485252626,
        301.39000468254096,
        293.8033270972372,
        304.16268920761354,
        261.73314765173205,
        216.654966095686,
        223.417924895227
    ],
    "actual": [
        198.99999999999997,
        380.2,
        380.2,
        189.3,
        189.3,
        255.6,
        255.6,
        -3.0000000000000018
    ],
    "mse": 12570.786808768165,
    "rmse": 112.11952019504973,
    "mape": 968.1720932992016
}