{
    "predictions": [
        524.3576128482815,
        509.267610609531,
        511.64967238903006,
        518.1185656189915,
        522.0742247104641,
        566.2376265525814,
        530.8250930905339,
        572.0499514937397
    ],
    "actual": [
        517.0,
        610.0,
        733.0000000000001,
        863.0000000000001,
        53.99999999999994,
        749.9999999999998,
        806.0,
        898.9999999999995
    ],
    "mse": 76702.49667469169,
    "rmse": 276.9521559307522,
    "mape": 131.2390449687554
}