{
    "predictions": [
        198.3691523666382,
        203.0454862804413,
        214.51571600389482,
        220.44293710899356,
        227.1571763248444,
        236.75394570064546,
        244.18361716461183,
        240.78521500539782
    ],
    "actual": [
        231.982,
        220.958,
        240.676,
        271.358,
        293.442,
        225.1,
        247.095,
        243.062
    ],
    "mse": 1158.817245211862,
    "rmse": 34.041404865426195,
    "mape": 10.263706035637522
}