{
    "predictions": [
        236.2681716418266,
        340.69331788671013,
        413.9283884201049,
        599.0437916827201,
        719.5795005044937,
        1008.6438231287002,
        1121.982632089138,
        1093.9138838100432
    ],
    "actual": [
        377.75800000000004,
        429.782,
        532.804,
        532.804,
        531.841,
        587.433,
        636.988,
        653.303
    ],
    "mse": 86062.16650246888,
    "rmse": 293.3635398315014,
    "mape": 42.939158682735766
}