{
    "predictions": [
        244.40087730383874,
        275.1096420966387,
        325.08200925809143,
        413.45214848053456,
        389.364242866993,
        413.47132521271703,
        440.13478504300116,
        457.9854482482672
    ],
    "actual": [
        170.252,
        251.307,
        290.559,
        264.209,
        240.053,
        304.135,
        257.741,
        225.406
    ],
    "mse": 18892.368642513207,
    "rmse": 137.44951306757403,
    "mape": 49.1862878905634
}