{
    "predictions": [
        82.8627685265541,
        82.61128017222882,
        82.81705586624146,
        82.79558207321168,
        83.58665202999116,
        84.43936212158204,
        85.38082947969437,
        84.01946295821666
    ],
    "actual": [
        86.80000000000001,
        94.1,
        101.3,
        101.3,
        92.7,
        98.49999999999999,
        73.5,
        96.6
    ],
    "mse": 176.46298147164038,
    "rmse": 13.283936971833327,
    "mape": 13.318903399576454
}