{
    "predictions": [
        206.51370176649095,
        212.41024991166591,
        224.9872652284503,
        219.21061400073768,
        207.99968623358012,
        202.23403346002104,
        200.7364386637211,
        208.70273067432643
    ],
    "actual": [
        100.461,
        257.707,
        257.043,
        215.092,
        147.647,
        249.435,
        298.567,
        247.123
    ],
    "mse": 3907.602254739274,
    "rmse": 62.51081710183666,
    "mape": 30.705234586248668
}