{
    "predictions": [
        157.23289225250485,
        472.72198051214224,
        375.410372838378,
        851.7751140892506,
        979.8986061662436,
        1336.1527276039124,
        1977.600205540657,
        2408.101305961609
    ],
    "actual": [
        307.0,
        562.0000000000001,
        562.0000000000001,
        787.0,
        1905.9999999999998,
        2636.0,
        3513.0,
        4204.0
    ],
    "mse": 1024922.9533734099,
    "rmse": 1012.3847852340581,
    "mape": 36.30332640140932
}