{
    "predictions": [
        13.904975401878358,
        14.304050325393678,
        16.870707307815554,
        18.48416945528984,
        23.210530922174456,
        25.534715163946153,
        29.711619976997376,
        33.45089471888542
    ],
    "actual": [
        53.56500000000001,
        17.205999999999996,
        -0.75,
        -14.501999999999997,
        -54.676,
        -25.020000000000003,
        -67.701,
        -26.305999999999997
    ],
    "mse": 3082.7639357529742,
    "rmse": 55.52264345069473,
    "mape": 422.9186785667052
}