{
    "predictions": [
        164.941303640306,
        173.4112549033761,
        182.37446723371744,
        187.8063995420933,
        194.88102491647007,
        209.14129679560665,
        209.35424262315038,
        204.01576360970736
    ],
    "actual": [
        199.608,
        198.098,
        216.3,
        192.97900000000004,
        201.33599999999998,
        200.44,
        215.42099999999996,
        177.978
    ],
    "mse": 477.6328421316179,
    "rmse": 21.854812791044857,
    "mape": 9.14841466058219
}