{
    "predictions": [
        962.0827556848525,
        907.7370450496672,
        1002.8783472776412,
        903.2336989045142,
        668.7500882148743,
        803.2616314888,
        867.3685351610183,
        639.9279236197472
    ],
    "actual": [
        561.0,
        972.0,
        887.0,
        745.0,
        189.99999999999997,
        1175.0,
        1741.0,
        1776.0
    ],
    "mse": 328093.1949750335,
    "rmse": 572.7941994949264,
    "mape": 63.7710115197343
}