{
    "predictions": [
        100.34067421203854,
        101.2670324765444,
        102.56327052849532,
        102.04381384003163,
        100.26779813131691,
        100.7014042081237,
        99.70571461462976,
        97.39040006020666
    ],
    "actual": [
        129.656,
        145.354,
        144.487,
        149.532,
        121.682,
        179.154,
        188.227,
        213.09199999999998
    ],
    "mse": 4331.503996511832,
    "rmse": 65.81416258307806,
    "mape": 34.55361552344693
}