{
    "predictions": [
        211.67087163865565,
        212.61801907384395,
        219.36781579613685,
        222.24732390666009,
        234.24866591703892,
        237.378344252944,
        248.45535637116433,
        248.36194705438615
    ],
    "actual": [
        322.341,
        256.506,
        234.903,
        322.9,
        375.628,
        65.202,
        -84.486,
        337.363
    ],
    "mse": 24118.784896004778,
    "rmse": 155.3022372537008,
    "mape": 101.42404747135303
}