{
    "predictions": [
        115.29729013639691,
        112.05607582455876,
        122.03664559900764,
        121.96042832565311,
        115.13003780943158,
        124.57098443907502,
        125.47383179008963,
        132.37940233504776
    ],
    "actual": [
        171.376,
        141.223,
        164.15,
        170.648,
        140.796,
        127.54000000000002,
        142.626,
        156.358
    ],
    "mse": 1209.5340136397222,
    "rmse": 34.77835553386218,
    "mape": 19.43511113769112
}