{
    "predictions": [
        62.04493240356445,
        64.49766384887695,
        66.37321923828125,
        66.15281741333007,
        63.36599923706054,
        59.85733895874023,
        55.13384872436523,
        57.11355096435547
    ],
    "actual": [
        64.012,
        60.244,
        62.654,
        61.55500000000001,
        62.209999999999994,
        66.423,
        60.076,
        75.447
    ],
    "mse": 57.73999746194335,
    "rmse": 7.598683929598819,
    "mape": 8.476046815839036
}