{
    "predictions": [
        168.7252958294153,
        171.7777341633439,
        169.8964666686654,
        173.88778824049234,
        176.8502603920698,
        180.29368251180648,
        181.8392723160982,
        186.60046794003247
    ],
    "actual": [
        185.011,
        185.064,
        188.448,
        197.464,
        199.055,
        215.74599999999998,
        200.092,
        198.635
    ],
    "mse": 446.2069345289472,
    "rmse": 21.123610830749254,
    "mape": 10.066751602500345
}