{
    "predictions": [
        51.00740098953246,
        61.1098494529724,
        69.15462923049925,
        34.1882710456848,
        13.708034038543685,
        18.627138137817365,
        -3.6692118644714524,
        32.55649042129515
    ],
    "actual": [
        241.0,
        207.0,
        252.0,
        260.0,
        239.00000000000006,
        272.0,
        400.99999999999994,
        280.99999999999994
    ],
    "mse": 60280.01447354589,
    "rmse": 245.51988610608691,
    "mape": 85.68338410583945
}