{
    "predictions": [
        164.37854579544066,
        186.3866801099777,
        184.11910467672345,
        207.5541420431137,
        206.69671179294585,
        202.98307544279098,
        246.58561839723586,
        264.2769594016075
    ],
    "actual": [
        270.0,
        253.0,
        377.0,
        436.0,
        561.0,
        476.00000000000006,
        666.0,
        549.0
    ],
    "mse": 70253.55878065669,
    "rmse": 265.0538790145443,
    "mape": 50.544466068411865
}