{
    "predictions": [
        1353.9548058509827,
        1346.0977162122726,
        1440.9283372759821,
        1494.0929180383685,
        1557.0267112851145,
        1592.453258752823,
        1652.4167397618296,
        1710.7063408493998
    ],
    "actual": [
        1490.0000000000002,
        1419.0000000000002,
        1313.0,
        1245.0,
        1288.0,
        568.0,
        1482.9999999999998,
        1969.0000000000002
    ],
    "mse": 164941.6844938343,
    "rmse": 406.1301324622864,
    "mape": 33.72617411769393
}