{
    "predictions": [
        118.84823943591117,
        123.82271113562582,
        122.49827747881412,
        139.59733324718474,
        132.16159131228923,
        156.33100513148307,
        150.18907974898812,
        162.42063247251508
    ],
    "actual": [
        95.97699999999999,
        129.43199999999996,
        114.62699999999998,
        155.722,
        122.635,
        156.107,
        127.995,
        106.93099999999998
    ],
    "mse": 567.3752762632706,
    "rmse": 23.81964055697043,
    "mape": 15.316225922354862
}