{
    "predictions": [
        282.97003747010234,
        287.42661972987656,
        290.21211749130487,
        284.8987884718776,
        292.09090756672623,
        292.7223088508845,
        296.8179776618481,
        296.01586950129274
    ],
    "actual": [
        327.0,
        392.0,
        271.0,
        376.0,
        445.0,
        431.0,
        363.0,
        421.0
    ],
    "mse": 10505.721129684825,
    "rmse": 102.49742011233661,
    "mape": 23.228009965726653
}