{
    "predictions": [
        2389.734450021386,
        3084.4148976221677,
        3537.1640222668643,
        3533.074744521081,
        3732.97691643387,
        3080.4878302216525,
        2350.418717586994,
        1891.996060824394
    ],
    "actual": [
        1888.196,
        2334.495,
        2334.495,
        1825.849,
        1350.179,
        1584.449,
        1296.87,
        863.738
    ],
    "mse": 1907261.3527059369,
    "rmse": 1381.0363328696087,
    "mape": 84.36139668781732
}