{
    "predictions": [
        6582.397222674488,
        3720.6361998308894,
        1672.0527169763147,
        1042.0686217874734,
        25.786455901604135,
        197.63840176144984,
        1508.6234907085745,
        6893.197155019164
    ],
    "actual": [
        7304.0,
        10950.0,
        10950.0,
        14142.0,
        17458.0,
        19216.0,
        22502.0,
        24739.0
    ],
    "mse": 216905950.34938505,
    "rmse": 14727.727263545623,
    "mape": 77.1897936044184
}