{
    "predictions": [
        391.3294291915893,
        436.49159755545855,
        503.89991631662843,
        576.7045155982971,
        640.2215796656609,
        704.2630165098906,
        775.9383422815799,
        817.1037898720502
    ],
    "actual": [
        585.78,
        445.256,
        482.188,
        554.216,
        498.469,
        481.899,
        544.822,
        554.243
    ],
    "mse": 28864.38601049209,
    "rmse": 169.89522068172516,
    "mape": 26.01905598088163
}