{
    "predictions": [
        311.4549889564514,
        317.5502018928528,
        322.3698582649231,
        323.63083505630493,
        330.65993452072144,
        339.99064207077026,
        328.4943609237671,
        305.2576959133148
    ],
    "actual": [
        105.0,
        260.0,
        229.00000000000006,
        171.0,
        95.0,
        241.0,
        -49.00000000000001,
        194.00000000000003
    ],
    "mse": 37270.601228798805,
    "rmse": 193.05595362173838,
    "mape": 183.20914763920533
}