{
    "predictions": [
        341.3519525527954,
        355.5931148529053,
        284.92580223083496,
        319.94135570526123,
        410.3322615623474,
        405.2525668144226,
        330.64903593063354,
        325.8527226448059
    ],
    "actual": [
        412.00000000000006,
        333.99999999999994,
        345.0,
        346.0,
        480.99999999999994,
        275.0,
        320.0,
        411.0
    ],
    "mse": 4883.561577766761,
    "rmse": 69.88248405549677,
    "mape": 16.832266239603204
}