{
    "predictions": [
        409.1584953069687,
        485.16206616163254,
        555.0069498419762,
        566.9824230074883,
        599.1554128527641,
        675.2233164906503,
        725.9295793771745,
        691.5323006510736
    ],
    "actual": [
        488.0,
        693.0,
        663.0,
        555.0,
        534.0,
        625.0,
        694.0,
        592.0
    ],
    "mse": 9864.056650432485,
    "rmse": 99.31795734122045,
    "mape": 13.280680115515398
}