{
    "predictions": [
        210.31340946388246,
        211.0691481266022,
        212.26833468770982,
        208.6033678841591,
        216.9791626791954,
        216.63668891334535,
        214.34015670537948,
        199.16164531087875
    ],
    "actual": [
        197.736,
        211.13700000000003,
        215.12,
        215.12,
        204.206,
        247.118,
        259.762,
        254.031
    ],
    "mse": 796.8560330697093,
    "rmse": 28.228638526675518,
    "mape": 8.552867051074987
}