{
    "predictions": [
        289.6021554112435,
        286.0499660730362,
        287.84218537807465,
        292.28759305477143,
        288.7158564567566,
        286.3949838578701,
        288.33057032823564,
        285.21052123308186
    ],
    "actual": [
        209.00000000000003,
        425.0,
        368.0,
        329.0,
        329.0,
        320.0,
        316.00000000000006,
        157.0
    ],
    "mse": 6691.567484757794,
    "rmse": 81.80200171608146,
    "mape": 27.170680057418895
}