{
    "predictions": [
        63.511911166787144,
        59.24384420806169,
        53.53914872860908,
        51.13768457204103,
        49.132944152742624,
        47.25152174389362,
        51.26950657522678,
        49.61501129055023
    ],
    "actual": [
        54.571,
        75.245,
        83.529,
        73.75,
        68.44,
        90.8,
        103.327,
        78.782
    ],
    "mse": 947.0766354278851,
    "rmse": 30.774610240064536,
    "mape": 33.47355906304621
}