{
    "predictions": [
        1080.1425067687032,
        1091.10763802886,
        1199.9098021274804,
        1192.016933801174,
        1247.795686969161,
        1287.9448290550708,
        1286.6473017191886,
        1260.8039517521856
    ],
    "actual": [
        878.0,
        907.0,
        1039.0,
        1039.0,
        1401.0,
        1583.0,
        1511.0,
        1968.0
    ],
    "mse": 98131.60764871463,
    "rmse": 313.2596489315447,
    "mape": 19.23662104602516
}