{
    "predictions": [
        364.70182116031646,
        519.6540824413299,
        645.7766456604004,
        718.1968858003617,
        655.103930735588,
        745.7572123527527,
        614.7598975419999,
        501.82192714214324
    ],
    "actual": [
        431.6,
        385.7,
        315.8,
        224.5,
        234.6,
        272.2,
        153.4,
        176.0
    ],
    "mse": 136891.6420833756,
    "rmse": 369.9887053456843,
    "mape": 151.71599549968522
}