{
    "predictions": [
        561.4143521547318,
        559.6113375753165,
        561.0441505730153,
        569.0080014646054,
        564.6476068228484,
        578.3650654256345,
        578.1800904214383,
        586.4269384324551
    ],
    "actual": [
        400.3999999999999,
        595.3,
        613.2,
        700.4,
        565.5,
        591.7,
        687.5,
        760.2
    ],
    "mse": 11188.732343137523,
    "rmse": 105.77680437192987,
    "mape": 14.329733572994597
}