{
    "predictions": [
        55.320983724594115,
        48.177933681488035,
        44.19805448389053,
        39.00458047056198,
        34.12605694675446,
        14.3907912940979,
        19.98695022404194,
        22.155282735943796
    ],
    "actual": [
        24.724,
        118.59499999999998,
        134.067,
        157.89,
        198.99600000000004,
        82.63799999999999,
        82.973,
        135.795
    ],
    "mse": 9603.239551447277,
    "rmse": 97.99612008364043,
    "mape": 81.31154642679985
}