{
    "predictions": [
        319507380.48553467,
        444703242.4926758,
        468985903.6922455,
        627880110.2161407,
        813128812.1700286,
        861856819.5581435,
        1047549418.4494017,
        1127193483.5433958
    ],
    "actual": [
        761400000.0,
        826099999.9999999,
        851800000.0,
        783800000.0,
        708700000.0,
        577400000.0,
        632100000.0,
        606100000.0
    ],
    "mse": 1.309434893832881e+17,
    "rmse": 361861146.5511158,
    "mape": 48.092537003032064
}