{
    "predictions": [
        825.5665636033415,
        856.7050316551922,
        941.7150875685214,
        1017.7813843316435,
        997.2371900177596,
        937.9660753852723,
        1030.4314791092872,
        1096.9672744939326
    ],
    "actual": [
        782.102,
        810.3919999999999,
        951.6989999999998,
        1002.1319999999998,
        831.214,
        867.186,
        979.624,
        1019.5259999999998
    ],
    "mse": 5691.33956895324,
    "rmse": 75.44096744444121,
    "mape": 6.850103204986572
}