{
    "predictions": [
        157.10675419569017,
        170.75720013380052,
        175.4630122601986,
        180.17517502307894,
        176.39335198402406,
        183.81561083793642,
        191.08627201318743,
        193.27271629571916
    ],
    "actual": [
        161.9,
        268.7,
        296.80000000000007,
        270.7,
        305.9,
        309.00000000000006,
        318.1,
        277.6000000000001
    ],
    "mse": 11027.48210326313,
    "rmse": 105.01181887417782,
    "mape": 33.36114145210301
}