{
    "predictions": [
        -34.22740433812141,
        50.480554085969914,
        105.46898518800735,
        174.52691841125485,
        60.63261777162551,
        140.5946009159088,
        132.62454872131346,
        178.5463263273239
    ],
    "actual": [
        52.400000000000006,
        114.3,
        109.7,
        109.7,
        50.1,
        264.7,
        110.1,
        146.2
    ],
    "mse": 4108.048242136279,
    "rmse": 64.09405777555575,
    "mape": 49.32470030842495
}