{
    "predictions": [
        2721.59876987338,
        2374.4348434805866,
        2508.3350422978397,
        2030.1292355656622,
        2726.90757381916,
        3150.1386532783504,
        3346.7490381598473,
        3919.494605243206
    ],
    "actual": [
        3589.0,
        3289.0,
        3403.0,
        3055.0,
        2987.0,
        3662.0,
        3755.0,
        2135.0
    ],
    "mse": 890042.4677858546,
    "rmse": 943.420620818654,
    "mape": 28.619139953685895
}