{
    "predictions": [
        235.78754572868345,
        310.50521658062934,
        362.314593154192,
        391.1104596972466,
        440.44247969388965,
        479.789044046402,
        487.3355194211006,
        465.27454593181614
    ],
    "actual": [
        407.4,
        414.9,
        366.9,
        344.0,
        398.7,
        430.6,
        358.0,
        374.8
    ],
    "mse": 8958.105418214669,
    "rmse": 94.6472684139097,
    "mape": 20.54870073287054
}