{
    "predictions": [
        128.91846369588376,
        170.34782202124595,
        191.41493238675594,
        173.97495685601234,
        113.78361548805236,
        98.81525250941515,
        84.10096342372894,
        109.02380039644241
    ],
    "actual": [
        111.55699999999999,
        107.559,
        107.559,
        93.883,
        99.677,
        126.17,
        116.569,
        82.135
    ],
    "mse": 2551.8569173294914,
    "rmse": 50.51590756711683,
    "mape": 41.7044665967201
}