{
    "predictions": [
        69.54631000047922,
        59.71823266363145,
        62.56835399603844,
        65.02542553573848,
        65.55379195356369,
        69.96800249403715,
        69.73429663598537,
        67.72151723909379
    ],
    "actual": [
        74.369,
        52.015,
        52.657,
        66.91800000000002,
        80.488,
        85.32400000000001,
        46.802,
        21.856
    ],
    "mse": 409.0985048033618,
    "rmse": 20.226183644063003,
    "mape": 42.29359167465396
}