{
    "predictions": [
        863.3651802062986,
        796.559591293335,
        748.1622331619262,
        829.3362133979797,
        838.6663774490356,
        825.258026599884,
        858.8368770599363,
        845.3020252227782
    ],
    "actual": [
        1763.7000000000003,
        1827.0,
        1864.7,
        2079.2,
        1657.0,
        1573.2999999999997,
        1715.1,
        1606.8
    ],
    "mse": 902941.0883157516,
    "rmse": 950.2321233865711,
    "mape": 52.71109560716067
}