{
    "predictions": [
        227.31072200012207,
        249.02573421430588,
        157.28557706665993,
        52.677983556211,
        166.29550258350372,
        186.11561203849314,
        92.97107142043114,
        39.59032020692527
    ],
    "actual": [
        47.555,
        40.97,
        50.579,
        31.373999999999995,
        26.042,
        47.298,
        46.308,
        53.685
    ],
    "mse": 16094.617258469181,
    "rmse": 126.86456265825055,
    "mape": 265.4721120376307
}