{
    "predictions": [
        74.24633616435527,
        73.21623366612195,
        73.20882030862569,
        73.06002598661183,
        72.89984804230927,
        72.9963699569106,
        73.44336246567964,
        73.85678893911837
    ],
    "actual": [
        76.885,
        77.425,
        80.096,
        116.95799999999998,
        77.482,
        76.673,
        76.62,
        71.976
    ],
    "mse": 255.91046819589806,
    "rmse": 15.997201886451831,
    "mape": 9.058466488496324
}