{
    "predictions": [
        5093.859210729599,
        4937.54329174757,
        4094.9445516467094,
        3110.024619579315,
        3442.364367544651,
        3492.2686413526535,
        3633.9707623124123,
        3611.4442180991173
    ],
    "actual": [
        8011.0,
        3690.0,
        -905.0000000000001,
        1141.9999999999998,
        5947.000000000001,
        2406.0,
        6850.000000000001,
        4262.0
    ],
    "mse": 7144735.895949832,
    "rmse": 2672.963878534432,
    "mape": 118.0640146972528
}