{
    "predictions": [
        937.7682104517222,
        982.4514999489785,
        1044.0461730669738,
        1089.189815613985,
        1089.5507973005772,
        1240.2757889271975,
        1267.498834606886,
        1195.5610656313897
    ],
    "actual": [
        1087.09,
        1238.635,
        1136.824,
        1164.329,
        1272.073,
        1335.894,
        1191.978,
        941.766
    ],
    "mse": 26844.141662309536,
    "rmse": 163.841819027712,
    "mape": 12.977981139081528
}