{
    "predictions": [
        683.4754090435505,
        768.3092483599186,
        903.9029550220966,
        1150.974360869646,
        1087.1370704815388,
        1200.7609311306476,
        1282.6359266133309,
        1281.7087517476084
    ],
    "actual": [
        717.442,
        958.442,
        849.895,
        967.999,
        889.819,
        1070.259,
        928.4,
        1205.29
    ],
    "mse": 32623.6408410164,
    "rmse": 180.62015624236517,
    "mape": 16.086695626232164
}