{
    "predictions": [
        271.9112649666071,
        278.51020279932027,
        286.992691975534,
        267.5824791688919,
        196.21528828555347,
        214.5776840233803,
        273.6945411005021,
        312.9373580905199
    ],
    "actual": [
        208.9,
        236.8,
        249.0,
        201.3,
        102.5,
        190.0,
        145.6,
        163.2
    ],
    "mse": 7470.38473708114,
    "rmse": 86.43138745317664,
    "mape": 47.50697694311681
}