{
    "predictions": [
        334.7935140566826,
        376.2932108915449,
        415.4324608408213,
        454.8869119700194,
        487.30806328791385,
        502.089534698248,
        521.4808918642402,
        517.388939134419
    ],
    "actual": [
        417.1,
        427.20000000000005,
        390.40000000000003,
        396.1,
        325.5,
        405.6,
        472.09999999999997,
        439.90000000000003
    ],
    "mse": 7172.933967642963,
    "rmse": 84.69317544904644,
    "mape": 19.309720941045384
}