{
    "predictions": [
        953.601324283719,
        1010.6527585325837,
        1055.5010361078382,
        1093.017837966144,
        1093.9368933110236,
        1049.0800485572815,
        1367.8395094561577,
        1456.3154671242237
    ],
    "actual": [
        1177.363,
        1804.32,
        1305.504,
        1282.187,
        1494.112,
        1800.132,
        1947.043,
        1570.614
    ],
    "mse": 231377.92742156098,
    "rmse": 481.01759575046833,
    "mape": 25.303328178277457
}