{
    "predictions": [
        256.05217735767366,
        266.72707924842837,
        263.3471156358719,
        242.73520197868348,
        221.48626346588136,
        207.7642327785492,
        202.93303668498993,
        204.57614288330078
    ],
    "actual": [
        231.9,
        264.8,
        309.0,
        330.99999999999994,
        325.5,
        331.1,
        254.60000000000002,
        257.1
    ],
    "mse": 5240.0876568196845,
    "rmse": 72.38844974731593,
    "mape": 20.313908290012144
}