{
    "predictions": [
        345.65301896226407,
        388.3874851266146,
        383.4302456856966,
        522.7068180909157,
        689.600060094595,
        649.566173380375,
        580.7016056194306,
        441.83029364621643
    ],
    "actual": [
        251.846,
        251.846,
        322.113,
        312.384,
        371.5930000000001,
        566.322,
        633.666,
        535.801
    ],
    "mse": 24391.57872398392,
    "rmse": 156.17803534423118,
    "mape": 38.00044063219439
}