{
    "predictions": [
        609.7050082683563,
        617.6470991969109,
        618.0147832036018,
        609.9644551277161,
        615.8154383897781,
        620.4984631538391,
        616.2658445835114,
        618.2166647315025
    ],
    "actual": [
        676.0000000000001,
        817.0,
        762.0,
        706.0,
        734.0000000000001,
        889.0,
        807.0,
        593.0
    ],
    "mse": 24645.90470456252,
    "rmse": 156.99014206173112,
    "mape": 17.61218200741719
}