{
    "predictions": [
        620.9601870369911,
        622.5238406927585,
        656.7482727358341,
        681.2328366982937,
        781.0722572546005,
        805.9575187628269,
        877.0096812002658,
        965.4390888285636
    ],
    "actual": [
        780.978,
        815.65,
        826.909,
        868.879,
        866.1569999999999,
        879.862,
        839.844,
        834.106
    ],
    "mse": 19800.015431808577,
    "rmse": 140.71252762923626,
    "mape": 15.591843653081048
}