{
    "predictions": [
        2101.9663113951683,
        1752.9985956549644,
        1689.3535333275795,
        1040.583895266056,
        102.23205977678299,
        108.44325423240662,
        -802.7874522209167,
        -1192.6805858910084
    ],
    "actual": [
        2639.0,
        2659.0,
        2424.0,
        2889.0,
        2889.0,
        1704.0,
        2049.0,
        579.9999999999999
    ],
    "mse": 3331569.5335582183,
    "rmse": 1825.2587579732958,
    "mape": 97.95282870253537
}