{
    "predictions": [
        140.78917292547223,
        86.1913933417797,
        95.25284574848413,
        68.24150093615054,
        77.13260350039602,
        -10.160379385381937,
        56.197145205304025,
        -7.68677771410346
    ],
    "actual": [
        162.149,
        138.567,
        149.067,
        145.14,
        211.98800000000003,
        129.97,
        220.92,
        141.562
    ],
    "mse": 12405.01330927175,
    "rmse": 111.37779540497176,
    "mape": 61.43478130855258
}