{
    "predictions": [
        2988.9393265247345,
        2646.319908618927,
        2563.591693043709,
        2633.9449046850204,
        3022.9971718788147,
        2579.1844007968903,
        2101.3325040340424,
        1613.2978850603104
    ],
    "actual": [
        2768.0,
        2299.0,
        2458.0,
        3337.0,
        3081.0,
        2866.0,
        3156.0,
        4234.0
    ],
    "mse": 1092613.999491152,
    "rmse": 1045.2817799479487,
    "mape": 19.45727975118284
}