{
    "predictions": [
        417.18932606351376,
        445.5229768590927,
        469.88323843848707,
        338.573095896244,
        358.8492448914051,
        271.2048308340907,
        72.55935466563702,
        -15.19778901076317
    ],
    "actual": [
        60.496,
        60.496,
        292.78399999999993,
        164.01899999999998,
        128.58,
        92.521,
        77.575,
        150.78
    ],
    "mse": 56229.34926307213,
    "rmse": 237.12728494011847,
    "mape": 235.21692032676685
}