{
    "predictions": [
        50.98732288628816,
        55.698029465228316,
        49.84135199710727,
        47.104485153779386,
        42.58725930377841,
        42.38575476706028,
        39.395286022126676,
        43.366602279618384
    ],
    "actual": [
        75.8,
        59.79999999999999,
        50.0,
        56.89999999999999,
        65.3,
        65.3,
        65.3,
        58.8
    ],
    "mse": 334.83094801360136,
    "rmse": 18.298386486616828,
    "mape": 24.11461966190108
}