{
    "predictions": [
        634.616987485826,
        653.8784053890705,
        651.7399345293641,
        657.8374598708153,
        676.5103802729249,
        694.9773321511746,
        703.4113146856428,
        723.9299416042567
    ],
    "actual": [
        618.0,
        664.0,
        670.0,
        717.0,
        669.0,
        736.0,
        746.0,
        750.0
    ],
    "mse": 1055.6145308679004,
    "rmse": 32.49022208092614,
    "mape": 3.8839074239708844
}