{
    "predictions": [
        187.21150947582723,
        173.4071754939556,
        156.54018404704334,
        160.2603263835311,
        159.3152328477502,
        176.0018983219266,
        176.04113122802974,
        175.78048028957843
    ],
    "actual": [
        203.69499999999996,
        194.597,
        206.804,
        215.336,
        255.627,
        252.945,
        227.708,
        231.363
    ],
    "mse": 3404.446794351111,
    "rmse": 58.3476374358989,
    "mape": 22.959061373882335
}