{
    "predictions": [
        118.19843224972487,
        112.77609597748518,
        124.8329853528142,
        149.57181041961908,
        158.52378689289094,
        174.59507574516536,
        185.64747040092945,
        207.63502104270458
    ],
    "actual": [
        125.21399999999998,
        133.189,
        138.739,
        141.178,
        145.226,
        182.325,
        167.303,
        164.949
    ],
    "mse": 390.61712377529625,
    "rmse": 19.764036120572545,
    "mape": 10.892152362035649
}