{
    "predictions": [
        201.99038989543914,
        208.66365565061568,
        196.50852669477462,
        191.93797422647475,
        202.18139840364455,
        217.3476976275444,
        212.24700303077697,
        205.39360387325286
    ],
    "actual": [
        262.1,
        258.4,
        234.40000000000003,
        375.5,
        179.1,
        281.90000000000003,
        255.39999999999995,
        456.2
    ],
    "mse": 13835.428801356138,
    "rmse": 117.62409957723858,
    "mape": 26.861453641563983
}