{
    "predictions": [
        51.6203418855667,
        65.46130765724182,
        97.18425039577482,
        103.6633591299057,
        107.0728300075531,
        118.95248945999145,
        123.98461725521088,
        125.15725471782685
    ],
    "actual": [
        75.52199999999999,
        106.43899999999998,
        80.441,
        71.51399999999998,
        76.08600000000001,
        110.079,
        86.41200000000002,
        79.07599999999998
    ],
    "mse": 1017.3105386907054,
    "rmse": 31.89530590370165,
    "mape": 35.807440892288525
}