{
    "predictions": [
        25120805.921554565,
        17465851.025521755,
        15275603.811949492,
        23412848.515868187,
        24165820.32561302,
        22697885.105371475,
        21249767.629742622,
        25917586.600661278
    ],
    "actual": [
        25009000.0,
        24940000.0,
        15020000.0,
        21150000.0,
        21617000.0,
        21617000.0,
        24341000.0,
        23035000.0
    ],
    "mse": 10823880113968.723,
    "rmse": 3289966.582500303,
    "mape": 10.60262490055359
}