{
    "predictions": [
        -47275595.12966872,
        -89435114.93244767,
        -117031914.57690299,
        -105543968.27129275,
        -83043303.73929441,
        -97383711.00185066,
        -215933299.17976263,
        -33984856.43455387
    ],
    "actual": [
        2986999.999999993,
        12937999.999999993,
        5025000.0000000065,
        13716999.999999996,
        47696000.000000015,
        60767000.00000001,
        58947000.0,
        70365999.99999999
    ],
    "mse": 2.1335043140948484e+16,
    "rmse": 146065201.67701986,
    "mape": 865.1731716694705
}