{
    "predictions": [
        48.78669610032439,
        48.743968834972385,
        48.934964135587215,
        48.41224140693545,
        48.894273087757824,
        49.43177266600132,
        49.309242800825835,
        49.44062164869308
    ],
    "actual": [
        51.993,
        50.758,
        53.277,
        53.977,
        56.058,
        56.85300000000001,
        54.173,
        79.776
    ],
    "mse": 139.3051790129051,
    "rmse": 11.80276149945025,
    "mape": 12.678814669881675
}