{
    "predictions": [
        328.73753420412544,
        327.1772487640381,
        332.96505032181744,
        339.61212220788,
        332.85789594948295,
        344.3342418491841,
        357.4779325783253,
        360.9495062828064
    ],
    "actual": [
        385.0,
        481.1000000000001,
        578.7,
        361.7,
        430.4,
        374.5,
        396.4,
        330.0
    ],
    "mse": 12578.556567890078,
    "rmse": 112.15416429134532,
    "mape": 18.136637367707507
}