{
    "predictions": [
        605.432182636261,
        558.6719044512511,
        560.554745643437,
        557.7346434065701,
        573.8781201073527,
        539.4111200436951,
        584.0892666706443,
        587.8355868953466
    ],
    "actual": [
        652.5529999999999,
        652.5529999999999,
        863.12,
        700.2990000000001,
        700.2990000000001,
        767.8279999999999,
        767.8279999999999,
        716.0189999999999
    ],
    "mse": 30156.47248595611,
    "rmse": 173.65619046252314,
    "mape": 20.8316216622173
}