{
    "predictions": [
        844.5607336163521,
        860.0573094695807,
        934.3118309020997,
        988.6208885908128,
        1020.7500307917596,
        1096.1349330842497,
        1175.6365170240404,
        1220.3601051449778
    ],
    "actual": [
        1015.8999999999999,
        1091.6,
        1121.1,
        1140.7,
        1164.0,
        1222.1,
        1303.3,
        1252.7
    ],
    "mse": 24339.827928868013,
    "rmse": 156.0122685203571,
    "mape": 12.882661461803895
}