{
    "predictions": [
        2153781483.155489,
        2130141534.5549583,
        2111816380.2087307,
        2174558189.3861294,
        2183484794.8908806,
        2209961107.2659492,
        2236765338.5043144,
        2301400520.735979
    ],
    "actual": [
        3201000000.0,
        3011000000.0,
        240000000.0,
        3330000000.0,
        3330000000.0,
        1988000000.0,
        3548000000.0,
        3990999999.9999995
    ],
    "mse": 1.5811458979528343e+18,
    "rmse": 1257436240.1143186,
    "mape": 125.1848327822214
}