{
    "predictions": [
        47.143655953675506,
        46.15023679420352,
        46.088007805347445,
        34.55600849112868,
        32.97289712312818,
        30.688208033949135,
        24.90922497951984,
        28.624276466846464
    ],
    "actual": [
        54.33299999999999,
        51.85099999999999,
        51.85099999999999,
        21.32,
        47.190999999999995,
        47.447,
        67.776,
        53.216
    ],
    "mse": 402.23927416550515,
    "rmse": 20.055903723480156,
    "mape": 34.041552190177285
}