{
    "predictions": [
        80.92139708089829,
        86.57834541320801,
        103.02000316524506,
        109.6682765250206,
        88.48566264867782,
        74.39384764051437,
        76.87144832134247,
        53.96465624856948
    ],
    "actual": [
        98.621,
        50.703,
        58.108,
        73.87799999999999,
        189.1,
        53.293,
        49.43999999999999,
        61.123000000000005
    ],
    "mse": 2033.8206460159095,
    "rmse": 45.09790068302414,
    "mape": 46.804413468944915
}