{
    "predictions": [
        171.3339010477066,
        172.8470038175583,
        171.25869584083557,
        172.6037199497223,
        175.17014801502228,
        176.46332716941833,
        172.72611451148987,
        172.7859216928482
    ],
    "actual": [
        178.0,
        125.0,
        125.0,
        165.0,
        165.0,
        169.0,
        169.0,
        195.0
    ],
    "mse": 649.7423143752743,
    "rmse": 25.490043436119805,
    "mape": 13.476800845875022
}