{
    "predictions": [
        -117.62130736321217,
        -193.28524207985407,
        -187.32937112189833,
        -190.2302780039758,
        -136.21736627471452,
        -115.05218039339786,
        -68.49063365972047,
        -105.18974458813673
    ],
    "actual": [
        59.77900000000001,
        66.12700000000002,
        139.82499999999996,
        -29.720999999999982,
        101.627,
        -119.23,
        -83.758,
        -82.454
    ],
    "mse": 36112.02432065156,
    "rmse": 190.03164031458434,
    "mape": 218.3030259614279
}