{
    "predictions": [
        429.56080691647537,
        428.1150025002957,
        442.08225424122816,
        446.9418418159486,
        456.5427588517667,
        465.99092675614366,
        490.39801908302314,
        508.78253681802755
    ],
    "actual": [
        439.003,
        460.867,
        467.953,
        463.203,
        353.053,
        315.904,
        457.169,
        473.976
    ],
    "mse": 4705.930948354304,
    "rmse": 68.59978825298445,
    "mape": 13.716447090243744
}