{
    "predictions": [
        1333.968149590492,
        1408.2733623743056,
        1379.7606894493101,
        1390.8339467287062,
        1431.7735694885253,
        1448.093535351753,
        1457.402008128166,
        1508.6770097017286
    ],
    "actual": [
        1885.7999999999997,
        1986.4999999999998,
        1986.4999999999998,
        1813.8999999999999,
        1532.1999999999998,
        1952.9999999999998,
        1735.0999999999997,
        1507.4
    ],
    "mse": 191014.46542708337,
    "rmse": 437.05201684362856,
    "mape": 20.09171034817226
}