{
    "predictions": [
        1113.4019261908531,
        1192.0686290240287,
        1370.1078702294826,
        1538.0665619611739,
        1671.7674765861034,
        1796.5318688058853,
        1693.0642361450195,
        1615.3246055376528
    ],
    "actual": [
        1570.1,
        1557.4,
        1109.9,
        1281.7,
        1076.9,
        1398.7,
        1816.9,
        1663.4
    ],
    "mse": 125657.01769513518,
    "rmse": 354.4813361731971,
    "mape": 23.67238967335351
}