{
    "predictions": [
        358.51972948426004,
        405.64493514227865,
        417.84997592020034,
        435.58175215911865,
        426.87881541907785,
        470.6289980665445,
        431.3656790202856,
        366.87722333234547
    ],
    "actual": [
        246.415,
        316.117,
        305.514,
        297.59799999999996,
        326.452,
        310.919,
        303.132,
        289.21
    ],
    "mse": 13788.813955287418,
    "rmse": 117.42578062456055,
    "mape": 38.529851188406894
}