{
    "predictions": [
        50.076970350742336,
        49.468851876258846,
        48.13751299381256,
        47.023686099052426,
        44.56876425743103,
        42.03186857700347,
        41.41212542057037,
        42.353720569610594
    ],
    "actual": [
        55.4,
        35.8,
        70.2,
        67.0,
        50.9,
        44.1,
        84.3,
        63.00000000000001
    ],
    "mse": 426.37237001234223,
    "rmse": 20.648786163170517,
    "mape": 26.226041374425748
}