{
    "predictions": [
        264.82415049672124,
        260.5762911379337,
        263.5314808249473,
        272.7099257707596,
        283.2825664460659,
        285.77021090388297,
        282.6147002339363,
        288.9843840241432
    ],
    "actual": [
        248.4,
        281.0,
        310.7,
        275.3,
        243.9,
        259.3,
        230.59999999999997,
        243.6
    ],
    "mse": 1241.9235309692099,
    "rmse": 35.240935444014674,
    "mape": 12.193085317391738
}