{
    "predictions": [
        199.1302532885075,
        234.35734231185916,
        368.85860793924337,
        323.75277658939365,
        234.80782723903658,
        170.85985686922075,
        136.85781775426867,
        107.34508019393682
    ],
    "actual": [
        139.11,
        203.882,
        209.14300000000003,
        182.354,
        168.237,
        258.457,
        218.05400000000003,
        191.276
    ],
    "mse": 9472.00257111983,
    "rmse": 97.32421369381738,
    "mape": 45.82239753824414
}