{
    "predictions": [
        1279.781703710556,
        1222.2878465354443,
        1202.8214300051332,
        1186.6176775470376,
        1079.9016143381596,
        1206.9805095493793,
        1288.3379854559898,
        1365.9255384802818
    ],
    "actual": [
        1749.0000000000002,
        1899.0,
        2030.0,
        2122.0,
        2070.0,
        2184.0,
        2283.0,
        1532.0
    ],
    "mse": 648633.0964990051,
    "rmse": 805.3776111235059,
    "mape": 36.783207319865205
}