{
    "predictions": [
        245.1256861913204,
        270.1870883848667,
        284.36718512940405,
        262.8071236972809,
        265.69954901671406,
        276.19643085503577,
        323.15014428567883,
        317.7849813504219
    ],
    "actual": [
        201.52499999999998,
        214.60600000000002,
        267.14,
        189.20000000000002,
        178.149,
        207.35500000000002,
        260.6,
        214.7
    ],
    "mse": 4706.042119292839,
    "rmse": 68.6005985345087,
    "mape": 30.905983064096983
}