{
    "predictions": [
        220.98354372084145,
        154.22386608961224,
        132.75515873736143,
        83.29499102561176,
        88.60811083322764,
        156.53300895735623,
        158.28317840263247,
        214.4342361836732
    ],
    "actual": [
        374.907,
        355.509,
        460.305,
        418.512,
        351.329,
        465.34100000000007,
        447.611,
        567.79
    ],
    "mse": 82102.8752815038,
    "rmse": 286.5359929947786,
    "mape": 64.61806572070888
}