{
    "predictions": [
        283.0642393529415,
        294.70532749295234,
        290.9062297344208,
        312.4239214599133,
        326.1062235295773,
        332.9719976902008,
        328.71969618201257,
        338.2752833247185
    ],
    "actual": [
        351.0,
        368.7,
        339.2,
        350.8,
        381.8,
        393.8,
        369.3,
        356.2
    ],
    "mse": 2833.173739135842,
    "rmse": 53.22756559467887,
    "mape": 13.831919280212466
}