{
    "predictions": [
        171.1343760557175,
        145.16920703601838,
        121.01797684013845,
        227.24327763152127,
        407.27972858738906,
        444.7545198204518,
        405.6724869897366,
        553.6339481196404
    ],
    "actual": [
        456.264,
        396.962,
        419.415,
        437.291,
        434.84,
        408.12,
        401.723,
        428.374
    ],
    "mse": 36958.33147441149,
    "rmse": 192.24549793015046,
    "mape": 36.33005240539314
}