{
    "predictions": [
        255.55306808471678,
        280.90348048400875,
        301.2715393371582,
        340.789884185791,
        332.35715060424803,
        306.95434445190426,
        303.4107098083496,
        310.5357341613769
    ],
    "actual": [
        272.757,
        272.757,
        279.626,
        279.626,
        229.649,
        240.291,
        266.899,
        278.361
    ],
    "mse": 2741.6468356317364,
    "rmse": 52.36073753903526,
    "mape": 17.076727827400976
}