{
    "predictions": [
        946.6503867670298,
        940.9997705039084,
        930.8096976359188,
        943.4952377636432,
        959.1099161592722,
        950.8113759478927,
        958.7505601769685,
        967.9162249821425
    ],
    "actual": [
        1020.551,
        995.1150000000001,
        996.9819999999999,
        1027.592,
        1027.592,
        1444.143,
        1128.329,
        1084.362
    ],
    "mse": 38777.893823475846,
    "rmse": 196.92103448711578,
    "mape": 11.761682036613532
}