{
    "predictions": [
        453.92098029357186,
        458.6134117764234,
        476.9347171124815,
        493.81347162127486,
        495.1613687763809,
        492.69789479839795,
        491.27369743424646,
        478.75177270758144
    ],
    "actual": [
        463.5,
        453.6,
        496.1,
        520.7,
        506.19999999999993,
        485.3,
        511.3,
        550.2
    ],
    "mse": 861.1959496272704,
    "rmse": 29.346140285006314,
    "mape": 4.100791741933296
}