{
    "predictions": [
        253.76420501852039,
        296.70572557562593,
        363.54004998290543,
        408.2238758673668,
        463.5178135683537,
        440.45752855801584,
        433.2949048455954,
        420.98624362611775
    ],
    "actual": [
        310.656,
        331.387,
        355.23699999999997,
        369.504,
        385.994,
        318.341,
        329.815,
        319.965
    ],
    "mse": 5980.425893247355,
    "rmse": 77.33321339015569,
    "mape": 20.373419144259444
}