{
    "predictions": [
        667.654429580927,
        1098.6529271035195,
        1641.3895246505738,
        1802.5814830622674,
        1973.1606722893716,
        1835.0105782623293,
        1804.4226710753442,
        1032.7801205441951
    ],
    "actual": [
        943.054,
        1174.705,
        840.968,
        630.258,
        893.011,
        694.884,
        516.489,
        363.052
    ],
    "mse": 833820.8290982917,
    "rmse": 913.1379025636224,
    "mape": 129.4659763734784
}