{
    "predictions": [
        798.745054000616,
        856.4642606317997,
        865.4648030042648,
        870.1387497127056,
        867.0871119439602,
        879.250581228733,
        915.920551353693,
        913.4147697329521
    ],
    "actual": [
        678.7,
        899.0,
        1106.8,
        917.2,
        763.8,
        1059.4,
        1161.4,
        929.0
    ],
    "mse": 22537.83029858816,
    "rmse": 150.12604803493682,
    "mape": 12.837060592167454
}