{
    "predictions": [
        -1.3903245230317116,
        24.767426303625108,
        53.42357883405686,
        65.79923631143569,
        54.00605463576317,
        39.75774769830704,
        24.432793221354483,
        43.255060686588294
    ],
    "actual": [
        53.797,
        36.377,
        51.843,
        30.2833,
        28.211,
        28.211,
        28.211,
        39.132
    ],
    "mse": 659.2862066135575,
    "rmse": 25.676569214238057,
    "mape": 51.39022342134232
}