{
    "predictions": [
        415.7286625112891,
        410.96718752241134,
        443.70080711275335,
        443.7327519436478,
        433.4510368905663,
        457.3994136062264,
        492.7228247464895,
        494.9453260827064
    ],
    "actual": [
        383.8,
        445.0,
        445.0,
        387.3,
        310.8,
        252.3,
        438.6,
        313.2
    ],
    "mse": 12304.213154047942,
    "rmse": 110.92435780318019,
    "mape": 27.74412412020918
}