{
    "predictions": [
        60.800215369462975,
        61.46856809258462,
        59.92324969768525,
        56.253404772281655,
        57.544958716630944,
        58.79339284300805,
        63.251352912187585,
        64.35293549895287
    ],
    "actual": [
        83.80000000000001,
        70.29999999999998,
        83.29999999999997,
        58.8,
        67.09999999999998,
        74.0,
        65.4,
        62.3
    ],
    "mse": 186.41410352022527,
    "rmse": 13.653355027985805,
    "mape": 14.22161392876286
}