{
    "predictions": [
        44.08126904487609,
        63.85423499667643,
        53.670338471651064,
        55.9198314732313,
        58.48617190566657,
        67.6099414232373,
        67.67570807504653,
        52.47003208932279
    ],
    "actual": [
        76.3,
        4.499999999999999,
        4.499999999999999,
        3.2999999999999985,
        8.499999999999996,
        7.699999999999998,
        39.699999999999996,
        17.6
    ],
    "mse": 2229.239816177068,
    "rmse": 47.214826232625995,
    "mape": 710.3925848290421
}