{
    "predictions": [
        638.297061678797,
        576.2652952836156,
        545.0897904070616,
        477.14636071917414,
        439.34039891257885,
        491.23123760068415,
        561.428358089447,
        590.3633621100784
    ],
    "actual": [
        1417.6619999999998,
        1417.6619999999998,
        1060.302,
        964.342,
        965.616,
        1227.052,
        1108.0,
        1021.0
    ],
    "mse": 390093.50124395784,
    "rmse": 624.5746562613294,
    "mape": 52.42676182461303
}