{
    "predictions": [
        13437.780145406721,
        13481.355497956274,
        13479.11760675907,
        13246.763649463652,
        13128.895435810087,
        12892.812402844427,
        12805.261596679686,
        12705.375641226767
    ],
    "actual": [
        10678.0,
        11057.0,
        11203.0,
        10555.0,
        11640.0,
        11862.0,
        11586.0,
        10847.0
    ],
    "mse": 4267466.453687672,
    "rmse": 2065.7847065189712,
    "mape": 17.84102390644641
}