{
    "predictions": [
        507.58911590576173,
        622.1073105514049,
        659.543908047676,
        551.7249215722084,
        461.80861230492593,
        359.13114111423494,
        375.42709197402,
        370.6946178108454
    ],
    "actual": [
        327.2,
        652.4,
        768.0999999999999,
        554.1,
        485.29999999999995,
        776.4,
        693.2,
        706.8
    ],
    "mse": 54232.44264653316,
    "rmse": 232.87860066251937,
    "mape": 28.28941583352855
}