{
    "predictions": [
        291.9668043898344,
        299.66008628714087,
        296.58235965502263,
        300.06419207537175,
        297.09461050927644,
        297.45629429495335,
        294.171444822073,
        290.00461087560655
    ],
    "actual": [
        272.0,
        263.0,
        283.0,
        283.0,
        349.00000000000006,
        319.0,
        209.99999999999997,
        323.0
    ],
    "mse": 1693.7663612126125,
    "rmse": 41.15539285698306,
    "mape": 13.004018972316784
}