{
    "predictions": [
        165.8872822880745,
        225.4157649040222,
        301.24035387039186,
        437.93404622077946,
        464.0050176858902,
        452.73658554553987,
        463.3930222272873,
        457.7819883346558
    ],
    "actual": [
        355.6,
        324.6,
        336.1,
        341.2,
        348.8999999999999,
        315.0,
        333.8,
        347.6
    ],
    "mse": 14694.506554667212,
    "rmse": 121.22089982617359,
    "mape": 33.733376764050945
}