{
    "predictions": [
        41529880.36227226,
        42362700.53422451,
        40527216.532468796,
        34750164.016366005,
        27796730.773091316,
        17225112.939834595,
        8712711.315989494,
        -15141981.464505196
    ],
    "actual": [
        -48164000.0,
        25061000.000000007,
        -3738000.000000001,
        -32050000.000000004,
        51692000.000000015,
        -43772000.0,
        -9150999.999999998,
        -34330000.0
    ],
    "mse": 2468117029852279.0,
    "rmse": 49680147.240646124,
    "mape": 260.5707322294757
}