{
    "predictions": [
        99.51995992064477,
        75.03894445300102,
        52.28203018009663,
        48.96606976389885,
        50.69488741755486,
        50.66955909132958,
        54.591841673851015,
        68.8785101234913
    ],
    "actual": [
        159.79999999999998,
        222.7,
        175.59999999999997,
        134.79999999999998,
        166.39999999999998,
        204.79999999999998,
        136.99999999999997,
        90.0
    ],
    "mse": 11549.167950403698,
    "rmse": 107.46705518624626,
    "mape": 58.292792899969356
}