{
    "predictions": [
        209.10998075360064,
        208.37935869044068,
        208.4633519906402,
        205.03104115659002,
        205.13580544954542,
        204.40719348245864,
        202.2565342624784,
        205.91533985048537
    ],
    "actual": [
        205.56500000000003,
        223.13499999999996,
        223.13499999999996,
        199.109,
        62.917,
        186.79400000000004,
        212.825,
        212.60100000000003
    ],
    "mse": 2646.6784241996015,
    "rmse": 51.44587859294077,
    "mape": 32.683566305192606
}