{
    "predictions": [
        56.66339427804947,
        53.4256753230989,
        49.23052581781149,
        49.0956789342165,
        47.426056410640484,
        49.80970657643676,
        44.51760208070279,
        45.85920415490866
    ],
    "actual": [
        44.385,
        68.355,
        68.355,
        45.19100000000001,
        27.137000000000004,
        27.137000000000004,
        9.079000000000002,
        38.447
    ],
    "mse": 373.8960566354828,
    "rmse": 19.336392027353057,
    "mape": 81.75651651647354
}