{
    "predictions": [
        1991.7005207538605,
        1922.3661101460457,
        1840.44572609663,
        1930.1466601490974,
        1936.254022538662,
        2005.2126324772835,
        2025.1913249492645,
        1965.69568669796
    ],
    "actual": [
        2103.0,
        2598.0,
        2598.0,
        2014.0,
        2014.0,
        2414.0,
        2414.0,
        1923.0
    ],
    "mse": 171991.90550349376,
    "rmse": 414.7190681696391,
    "mape": 12.96774591562611
}