{
    "predictions": [
        596.419873535633,
        688.8975876569747,
        736.5538257360457,
        686.5329813957213,
        816.2523907423018,
        801.7718303203582,
        813.7846851348876,
        865.4372596740722
    ],
    "actual": [
        870.0,
        880.0,
        880.9999999999999,
        937.0,
        3510.0,
        997.9999999999999,
        912.0,
        969.0000000000001
    ],
    "mse": 938764.7260603557,
    "rmse": 968.8987181642649,
    "mape": 26.769064931478148
}