{
    "predictions": [
        40.86876066470147,
        38.90455922794342,
        45.89510697436333,
        41.58035029244424,
        43.18090669131279,
        39.06916339325905,
        40.17377884268761,
        42.43748957395554
    ],
    "actual": [
        32.861,
        32.861,
        32.861,
        42.732,
        46.621,
        46.621,
        46.621,
        53.388
    ],
    "mse": 62.77598725280656,
    "rmse": 7.923129889936587,
    "mape": 17.879585168941137
}