{
    "predictions": [
        108.69359636804462,
        142.7404552896619,
        166.6560110076666,
        176.9311104117632,
        167.029078563869,
        228.87756196516753,
        245.37375296747686,
        224.011408400476
    ],
    "actual": [
        103.0,
        204.0,
        122.0,
        136.0,
        108.0,
        160.0,
        117.0,
        93.0
    ],
    "mse": 6165.878027096614,
    "rmse": 78.5231050525679,
    "mape": 56.31941418261208
}