{
    "predictions": [
        182.89676817929745,
        236.81925887966156,
        300.1709708185792,
        275.618208213985,
        255.74263425123692,
        284.3847193879485,
        382.30706560826303,
        411.45371165883546
    ],
    "actual": [
        455.39399999999995,
        538.631,
        589.109,
        326.029,
        671.694,
        526.595,
        660.911,
        254.55400000000003
    ],
    "mse": 73161.31644292291,
    "rmse": 270.4834864514337,
    "mape": 49.011548411463735
}