{
    "predictions": [
        36.16143203049901,
        39.79253380185368,
        40.18027798449995,
        70.0813266733885,
        76.14266737377646,
        76.21810766786339,
        74.69109164685014,
        71.83235136818888
    ],
    "actual": [
        82.336,
        10.331000000000003,
        10.331000000000003,
        8.651999999999994,
        -87.101,
        -71.496,
        -71.496,
        -1.2940000000000038
    ],
    "mse": 10356.336980401422,
    "rmse": 101.76608954067864,
    "mape": 948.7332687645682
}