{
    "predictions": [
        175.03932228308918,
        178.48005130952598,
        230.53576862400772,
        283.6829018218518,
        227.34207041537763,
        245.07222592931987,
        279.8487210688591,
        404.51424066495895
    ],
    "actual": [
        103.147,
        90.197,
        94.965,
        94.965,
        122.624,
        156.89300000000003,
        153.21,
        176.871
    ],
    "mse": 19194.567972067125,
    "rmse": 138.54446207650136,
    "mape": 107.75288845913491
}