{
    "predictions": [
        271550852.3325324,
        283851958.43553543,
        294084855.85308075,
        290746640.2144432,
        303952960.20138264,
        326132736.1484766,
        333046899.6708393,
        317847669.4830656
    ],
    "actual": [
        325299999.99999994,
        325299999.99999994,
        297500000.0,
        489100000.0,
        241500000.0,
        334500000.0,
        292900000.0,
        533700000.0
    ],
    "mse": 1.2017126882165052e+16,
    "rmse": 109622656.79212967,
    "mape": 19.18502551610698
}