{
    "predictions": [
        161.67309041023253,
        169.04803047180175,
        176.0997892141342,
        188.2610105752945,
        215.52836661338807,
        222.45975234508512,
        206.28038077354432,
        223.44558513164517
    ],
    "actual": [
        174.2,
        182.6,
        189.6,
        243.30000000000004,
        170.3,
        171.0,
        214.4,
        263.4
    ],
    "mse": 1238.5150164883557,
    "rmse": 35.19254205777633,
    "mape": 14.995292351469935
}