{
    "predictions": [
        719.4857437610627,
        771.5874519586564,
        871.2978828668595,
        815.7580419063569,
        791.4135297894478,
        947.4947049498559,
        961.8387297153474,
        1189.0830181121826
    ],
    "actual": [
        1160.9,
        981.2,
        845.8,
        976.2,
        979.9,
        977.8,
        1089.4,
        1080.9
    ],
    "mse": 41199.591662497245,
    "rmse": 202.97682543210996,
    "mape": 15.361107993870293
}