{
    "predictions": [
        -22.437277078628536,
        -38.04407715797424,
        -24.34939384460449,
        -23.12375736236572,
        -12.106740474700924,
        -16.769986152648922,
        -9.567971706390377,
        2.7468953132629434
    ],
    "actual": [
        20.000000000000007,
        10.000000000000009,
        65.00000000000001,
        103.0,
        103.0,
        16.999999999999993,
        70.00000000000001,
        90.99999999999999
    ],
    "mse": 7063.6648078982735,
    "rmse": 84.04561147316541,
    "mape": 184.1986339773882
}