{
    "predictions": [
        213.82714894658326,
        236.80470354956387,
        242.16115828740595,
        244.67056724482774,
        235.82752605265378,
        227.04894169658422,
        211.64205950683356,
        210.58457380634545
    ],
    "actual": [
        223.6,
        223.6,
        163.8,
        159.6,
        136.2,
        140.6,
        140.6,
        243.3
    ],
    "mse": 4645.460268860168,
    "rmse": 68.15761343283792,
    "mape": 38.75326224982215
}