{
    "predictions": [
        28.411644372940064,
        28.674309215545655,
        28.635495386123658,
        30.961019334793086,
        31.39294494152069,
        32.41948956012725,
        33.66646131038665,
        34.654557362794876
    ],
    "actual": [
        22.65,
        23.38,
        39.81,
        37.29,
        37.29,
        26.31,
        32.13,
        22.4
    ],
    "mse": 56.34847701756697,
    "rmse": 7.506562263617545,
    "mape": 23.956164701742523
}