{
    "predictions": [
        452.91171733021736,
        529.1785605103969,
        500.6984671432972,
        501.045829783678,
        424.5056392688751,
        429.2555928914547,
        414.06070787119864,
        503.57933912706375
    ],
    "actual": [
        661.611,
        431.168,
        450.709,
        450.709,
        367.418,
        670.723,
        438.149,
        441.269
    ],
    "mse": 15527.816906151884,
    "rmse": 124.61066128607088,
    "mape": 18.46152666406462
}