{
    "predictions": [
        76.66890066564083,
        75.40043555855752,
        75.02111771130562,
        73.3688710154295,
        71.51948501110078,
        69.9975829076767,
        68.96544842582942,
        69.258188054204
    ],
    "actual": [
        75.623,
        78.729,
        78.729,
        59.466,
        59.466,
        78.796,
        89.47100000000002,
        120.004
    ],
    "mse": 429.6906478280109,
    "rmse": 20.728980868050677,
    "mape": 16.292645547472972
}