{
    "predictions": [
        27.961495395988223,
        25.995100345999,
        25.652230706751343,
        20.989834954828023,
        14.847771611601114,
        10.340040118038655,
        7.180856109388173,
        2.887883023038506
    ],
    "actual": [
        35.971,
        56.056,
        80.598,
        60.52900000000001,
        51.366,
        65.966,
        56.633,
        37.008
    ],
    "mse": 1698.464790377751,
    "rmse": 41.212434899890965,
    "mape": 68.04059265755511
}