{
    "predictions": [
        -165787254.67127562,
        -195901276.46934986,
        -190985821.38445973,
        -212146999.10756946,
        -210337518.360734,
        -210749015.5889541,
        -213599038.71801496,
        -196659012.57437468
    ],
    "actual": [
        -41307000.0,
        -10000999.999999985,
        -28202000.000000007,
        34351999.999999985,
        19759999.999999996,
        32717999.99999999,
        50888000.00000001,
        61488000.000000015
    ],
    "mse": 4.826611313080338e+16,
    "rmse": 219695500.93436912,
    "mape": 787.8901378497812
}