{
    "predictions": [
        1929.280776977539,
        2454.4647521972656,
        2603.3759155273438,
        2870.105422973633,
        3227.2315368652344,
        3258.9740600585938,
        3457.0625,
        3252.0957946777344
    ],
    "actual": [
        2215.0,
        2271.9999999999995,
        2212.0,
        1870.0,
        1771.0,
        1759.0,
        2087.0,
        1812.0
    ],
    "mse": 1198724.3057599242,
    "rmse": 1094.8626880846402,
    "mape": 50.59111175858888
}