{
    "predictions": [
        296.43498170375824,
        293.0669733285904,
        288.4173002243042,
        281.99236276745796,
        284.2220751941204,
        289.6148354411125,
        294.44278705120087,
        279.3203548491001
    ],
    "actual": [
        280.0,
        390.0,
        357.0,
        412.0,
        345.0,
        438.0,
        379.0,
        243.0
    ],
    "mse": 8181.612046688117,
    "rmse": 90.45226391134783,
    "mape": 21.28028627354607
}