{
    "predictions": [
        793.666780054569,
        421.6061974167822,
        92.27017837762818,
        157.6006750464438,
        91.24926120042787,
        61.46078458428369,
        162.73176187276826,
        238.2996664345263
    ],
    "actual": [
        2017.0000000000005,
        626.0000000000001,
        3055.9999999999995,
        2431.0,
        1729.0,
        229.00000000000009,
        2105.9999999999995,
        1612.0000000000005
    ],
    "mse": 2983000.1078402763,
    "rmse": 1727.13638947255,
    "mape": 78.64667099934586
}