{
    "predictions": [
        443.6196110191345,
        454.5134171953797,
        459.48985103207826,
        457.29644418901205,
        452.5225906048417,
        440.7996875775456,
        439.0685595619082,
        430.5776882202327
    ],
    "actual": [
        420.32099999999997,
        423.872,
        422.552,
        476.677,
        528.974,
        577.48,
        534.873,
        623.953
    ],
    "mse": 9290.070040194627,
    "rmse": 96.38500941637463,
    "mape": 14.075515931243205
}