{
    "predictions": [
        70.8100783854723,
        64.45243032872676,
        67.90056421756744,
        75.06425992846489,
        78.96725563406945,
        85.84238511919975,
        82.85660433173179,
        86.28761268258094
    ],
    "actual": [
        23.8,
        76.9,
        30.4,
        104.99999999999999,
        85.8,
        32.4,
        18.100000000000005,
        79.4
    ],
    "mse": 1476.370280829574,
    "rmse": 38.423564134910414,
    "mape": 113.11630706693134
}