{
    "predictions": [
        218.8438399918079,
        201.7312702310085,
        191.04524087285992,
        157.85815695086117,
        156.8985217555165,
        171.94574124905463,
        147.69723040312525,
        133.93289800593254
    ],
    "actual": [
        170.0,
        144.0,
        117.0,
        53.0,
        85.0,
        113.0,
        113.0,
        121.0
    ],
    "mse": 4026.463316648842,
    "rmse": 63.45441920503916,
    "mape": 63.51245854243259
}