{
    "predictions": [
        2584.9030990600586,
        2603.104606628418,
        2629.771011352539,
        2656.9259872436523,
        2724.3824310302734,
        2759.3197326660156,
        2818.7792205810547,
        2846.37654876709
    ],
    "actual": [
        2866.0,
        2781.0,
        2757.0,
        2996.0,
        3058.0,
        3099.0,
        3105.0,
        3131.0
    ],
    "mse": 78929.60628551192,
    "rmse": 280.94413374461465,
    "mape": 9.039538279034828
}