{
    "predictions": [
        3307.6054350137706,
        3478.985791802406,
        3649.2212213277817,
        3655.5811833143234,
        3924.9911175966263,
        4222.152965605259,
        4117.315429329872,
        4235.323400855064
    ],
    "actual": [
        3378.0,
        3747.000000000001,
        2274.0,
        3543.000000000001,
        2628.9999999999995,
        2968.0,
        2888.0,
        4000.0
    ],
    "mse": 849972.6383508017,
    "rmse": 921.9396066721516,
    "mape": 26.611415382355062
}