{
    "predictions": [
        201.7032144808173,
        203.9874168024063,
        204.10820156008006,
        203.97365480089186,
        207.64476534813642,
        207.49605068570375,
        205.21476699084045,
        205.58603177326918
    ],
    "actual": [
        163.0,
        198.0,
        218.00000000000003,
        218.00000000000003,
        260.0,
        242.0,
        127.00000000000001,
        198.0
    ],
    "mse": 1503.7748952356903,
    "rmse": 38.778536527771266,
    "mape": 17.42336975469572
}