{
    "predictions": [
        51.26577779650688,
        44.49076686799526,
        41.40224641561508,
        49.55436033010483,
        49.617921739816666,
        58.069851607084274,
        58.41879777610302,
        66.176270455122
    ],
    "actual": [
        90.00000000000001,
        68.0,
        118.0,
        107.0,
        88.99999999999999,
        128.0,
        80.0,
        108.0
    ],
    "mse": 2484.548471030046,
    "rmse": 49.845245219880766,
    "mape": 45.09949042400942
}