{
    "predictions": [
        355.5121917153598,
        378.6548169236184,
        434.3078844730855,
        426.48657689023025,
        380.6778884561063,
        413.7741456910373,
        452.7390594609977,
        415.97042942583573
    ],
    "actual": [
        58.783,
        438.953,
        364.456,
        364.456,
        -347.817,
        -170.508,
        332.5180000000001,
        384.13100000000003
    ],
    "mse": 123496.05537702805,
    "rmse": 351.4200554564694,
    "mape": 143.90911872882702
}