{
    "predictions": [
        2913.301012337208,
        2548.1647233963013,
        1463.1480311751368,
        786.1305790543557,
        -128.77845311164853,
        7.758032545447388,
        -1509.918037056923,
        -1437.2104433476925
    ],
    "actual": [
        4401.0,
        4703.0,
        3428.0,
        4185.0,
        4185.0,
        2518.0,
        2039.0,
        1315.0
    ],
    "mse": 8418625.097892933,
    "rmse": 2901.486704758947,
    "mape": 100.53371560567186
}