{
    "predictions": [
        351.6644813211561,
        391.21054295206073,
        429.56517925721414,
        445.60529028159385,
        401.9001374134422,
        451.02050566369303,
        484.0855714769364,
        482.5388258658052
    ],
    "actual": [
        368.7,
        609.1,
        605.2,
        420.5,
        323.5,
        601.7,
        585.0,
        511.6
    ],
    "mse": 14890.38194160787,
    "rmse": 122.02615269526393,
    "mape": 18.449016847784822
}