{
    "predictions": [
        151.88851131504774,
        138.0961995632574,
        146.71576483236998,
        145.71906480441987,
        153.2487279259041,
        154.31373282675446,
        173.11371832984688,
        173.7685872348845
    ],
    "actual": [
        171.827,
        208.044,
        179.789,
        171.3,
        199.604,
        251.648,
        166.424,
        183.561
    ],
    "mse": 2350.234467652932,
    "rmse": 48.47921686303247,
    "mape": 18.726397468028896
}