{
    "predictions": [
        411.22490685775875,
        421.1926200115383,
        431.4948502119482,
        414.77349010050295,
        711.1297947214247,
        624.5083175916077,
        546.4753879297376,
        388.24963672056793
    ],
    "actual": [
        357.4,
        372.2,
        348.9,
        337.1,
        380.0,
        499.3,
        388.1000000000001,
        392.7
    ],
    "mse": 21072.3888426695,
    "rmse": 145.16331782743706,
    "mape": 28.636882928005527
}