{
    "predictions": [
        232.1021950266361,
        235.87674880707263,
        238.34331370282172,
        242.3630297194719,
        243.8284324007034,
        251.19898977053165,
        254.71600605547428,
        260.9043834453821
    ],
    "actual": [
        252.9,
        260.0,
        265.1,
        266.7,
        282.6,
        287.0,
        288.8,
        272.6
    ],
    "mse": 800.767650153564,
    "rmse": 28.29783825937176,
    "mape": 9.875790155053256
}