{
    "predictions": [
        128.37218692010643,
        108.50553042602542,
        98.27813013064863,
        89.71872629976275,
        88.67308283144237,
        87.14792861896755,
        89.54686677300931,
        100.6908735406399
    ],
    "actual": [
        201.869,
        179.009,
        161.346,
        128.293,
        100.285,
        95.078,
        36.122,
        65.175
    ],
    "mse": 2518.9209839667074,
    "rmse": 50.18885318441444,
    "mape": 45.9079136725127
}