{
    "predictions": [
        35.40598026609421,
        41.096304794967175,
        77.36957287165522,
        85.85805832841993,
        97.1517629545927,
        117.02491203010081,
        121.11194955313205,
        145.5590178208947
    ],
    "actual": [
        125.072,
        110.38400000000001,
        118.518,
        104.871,
        104.871,
        65.212,
        86.656,
        104.64300000000001
    ],
    "mse": 2562.6202819275277,
    "rmse": 50.62232987454773,
    "mape": 44.123281737943884
}