{
    "predictions": [
        442.3572367492914,
        439.23273900026084,
        439.1144138543606,
        434.1249592713713,
        434.32861952811476,
        432.4535085032582,
        435.9674349927306,
        439.0982735683918
    ],
    "actual": [
        422.81000000000006,
        458.405,
        531.286,
        464.96,
        441.942,
        525.595,
        486.26199999999994,
        310.522
    ],
    "mse": 4748.8466850207315,
    "rmse": 68.91187622624079,
    "mape": 12.997443313367786
}