{
    "predictions": [
        945216375.0588893,
        989371934.9503516,
        1048300911.2834929,
        1122593508.404493,
        1158621217.2985075,
        1195498020.392656,
        1244767501.735687,
        1295577901.9415376
    ],
    "actual": [
        1222600000.0,
        1293299999.9999998,
        1246300000.0,
        1270400000.0,
        530500000.0,
        1034000000.0,
        540300000.0,
        1209300000.0
    ],
    "mse": 1.4433756922213664e+17,
    "rmse": 379917845.3588837,
    "mape": 43.156168372380634
}