{
    "predictions": [
        16.408318914413453,
        7.259428287506106,
        2.952133908271792,
        5.872733443260195,
        6.369544469356539,
        4.549791535854342,
        -1.5627183604240396,
        10.682009105920795
    ],
    "actual": [
        80.229,
        -7.282,
        3.267000000000003,
        42.101,
        84.401,
        14.565,
        14.565,
        62.39199999999999
    ],
    "mse": 1840.0447274775916,
    "rmse": 42.895742533235065,
    "mape": 91.21883323936815
}