{
    "predictions": [
        182201331.48574826,
        277714954.4028043,
        213606203.4423351,
        99153702.08144183,
        37678523.25141426,
        -12784133.514761955,
        -124632366.90130833,
        -183089089.0862942
    ],
    "actual": [
        -165000000.0,
        -38999999.99999999,
        -45999999.99999999,
        -66999999.99999998,
        -135000000.0,
        62999999.99999997,
        27999999.99999999,
        8000000.000000016
    ],
    "mse": 5.140404339844453e+16,
    "rmse": 226724598.13272253,
    "mape": 627.0997612887724
}