{
    "predictions": [
        281.00485450172425,
        288.61754229545596,
        278.85231459331516,
        277.6471480665207,
        305.674935710907,
        307.6464728536606,
        320.67337156105043,
        343.053905040741
    ],
    "actual": [
        408.0,
        445.0,
        507.99999999999994,
        539.0,
        522.0,
        540.0,
        553.0,
        483.0
    ],
    "mse": 41967.810224003304,
    "rmse": 204.86046525379976,
    "mape": 39.415134723466764
}