{
    "predictions": [
        98.84928124254941,
        150.586534265697,
        204.7497241066694,
        124.70082290047407,
        113.46440689635276,
        95.52432144165039,
        125.17949104356765,
        61.98959745731948
    ],
    "actual": [
        49.20000000000002,
        106.25699999999998,
        155.855,
        148.68800000000002,
        148.0,
        195.99999999999994,
        251.99999999999997,
        233.0
    ],
    "mse": 8001.538236168292,
    "rmse": 89.45131768827272,
    "mape": 48.55692641634561
}