{
    "predictions": [
        597.2649915218353,
        671.3920474052429,
        691.3811718225479,
        730.7190953493118,
        788.7199561595917,
        800.430260181427,
        812.4643083810806,
        766.6878281831741
    ],
    "actual": [
        -219.0,
        -412.0,
        -392.0,
        -79.0,
        426.0,
        343.0,
        925.0000000000001,
        895.9999999999999
    ],
    "mse": 504947.596349021,
    "rmse": 710.596648140857,
    "mape": 272.76523844802347
}