{
    "predictions": [
        113.75930359601976,
        118.4151741731167,
        120.24750191330911,
        123.56655094480516,
        124.06072223615648,
        126.71114789915086,
        127.41800388526919,
        131.0793814365864
    ],
    "actual": [
        144.803,
        140.485,
        140.485,
        122.387,
        127.052,
        146.829,
        130.559,
        139.556
    ],
    "mse": 294.6413252957672,
    "rmse": 17.165119437270665,
    "mape": 9.631658953338082
}