{
    "predictions": [
        119.70911014455557,
        113.51784817636012,
        153.42958487159012,
        195.4641598688364,
        170.89970892852543,
        215.51570755183695,
        163.10637841057778,
        110.11866455161571
    ],
    "actual": [
        88.39999999999999,
        96.39999999999999,
        73.0,
        54.099999999999994,
        49.8,
        58.00000000000001,
        28.7,
        14.4
    ],
    "mse": 11803.687481424082,
    "rmse": 108.64477659521457,
    "mape": 259.0540650367416
}