{
    "predictions": [
        496.94033622741694,
        510.05600738525385,
        517.0185012817383,
        537.9334092140198,
        551.1350231170654,
        573.7666306495667,
        551.3750700950623,
        514.449432849884
    ],
    "actual": [
        310.0,
        427.0,
        394.0,
        333.0,
        2.0,
        211.0,
        350.0,
        334.0
    ],
    "mse": 75654.88276744251,
    "rmse": 275.0543269382296,
    "mape": 3489.0949879537766
}