{
    "predictions": [
        1134.0433900356293,
        1277.1626963615417,
        1310.1061253547668,
        1401.796947002411,
        1410.527319908142,
        1540.4954657554626,
        1605.9369869232178,
        1594.3910155296326
    ],
    "actual": [
        1330.0,
        1466.0,
        1540.0,
        1558.0,
        1513.0,
        1573.0,
        1684.0,
        1706.0
    ],
    "mse": 22677.087742016593,
    "rmse": 150.58913553778237,
    "mape": 9.073210322243577
}