{
    "predictions": [
        90.08455636388064,
        99.49135732710361,
        119.90048544877767,
        123.6991418839693,
        103.43910423350334,
        134.25913862746955,
        136.71031810420752,
        184.50867876005174
    ],
    "actual": [
        161.31899999999996,
        168.46399999999997,
        271.359,
        234.93299999999996,
        194.86100000000002,
        185.92300000000003,
        274.429,
        235.48499999999999
    ],
    "mse": 9717.045310825459,
    "rmse": 98.57507449059047,
    "mape": 41.84959655029268
}