{
    "predictions": [
        9078.994769275188,
        9323.407698452473,
        9413.231090307236,
        9507.204776346684,
        9541.170699477196,
        9537.641602158546,
        9525.302141785622,
        9739.829530060291
    ],
    "actual": [
        9085.0,
        10221.0,
        9188.0,
        10371.0,
        9969.0,
        11151.0,
        9968.0,
        11233.0
    ],
    "mse": 851760.2389099572,
    "rmse": 922.9085755967149,
    "mape": 7.015254927827994
}