{
    "predictions": [
        42.26569310069082,
        41.17277976369855,
        38.835716586828205,
        37.2300800437927,
        37.40225894117353,
        37.410616831541034,
        39.837201594591114,
        41.446524507522554
    ],
    "actual": [
        79.59599999999998,
        113.78199999999997,
        90.303,
        73.82300000000001,
        42.43399999999998,
        57.63900000000001,
        -419.382,
        20.177000000000003
    ],
    "mse": 27802.843427377047,
    "rmse": 166.74184665937057,
    "mape": 59.89287410519635
}