{
    "predictions": [
        84.24862181180714,
        91.71812027889489,
        91.4028729750514,
        95.2702473515272,
        97.669165895164,
        105.61713722479342,
        101.402458632946,
        106.14188183730839
    ],
    "actual": [
        35.76499999999999,
        46.541999999999994,
        23.411000000000005,
        17.922,
        19.926999999999992,
        18.212999999999997,
        8.289000000000003,
        18.068000000000005
    ],
    "mse": 5638.455248626913,
    "rmse": 75.08964807899231,
    "mape": 429.43333424742525
}