{
    "predictions": [
        286.1797963967323,
        295.1694690263867,
        288.3360052716732,
        305.89503115910287,
        310.04611741650103,
        313.19268643343446,
        326.48191444164513,
        340.54558030885454
    ],
    "actual": [
        342.383,
        370.984,
        361.13,
        334.385,
        364.04,
        362.1019999999999,
        319.141,
        256.707
    ],
    "mse": 3425.9430097649247,
    "rmse": 58.531555675250296,
    "mape": 16.10339100281349
}