{
    "predictions": [
        61.98378356075287,
        57.09833492469788,
        53.144263513565065,
        46.13963081169129,
        56.51798426723481,
        58.0292285194397,
        63.11562271595002,
        65.6394885044098
    ],
    "actual": [
        128.55,
        196.684,
        172.229,
        90.245,
        40.484,
        35.965,
        53.91499999999999,
        42.826
    ],
    "mse": 5173.8378335717325,
    "rmse": 71.92939478107495,
    "mape": 51.5072717108269
}