{
    "predictions": [
        460.9835804104805,
        326.1054780334234,
        366.36365365982056,
        337.7814627587795,
        265.9709728062153,
        494.63928866386414,
        361.80267982184887,
        572.9843932390213
    ],
    "actual": [
        397.0,
        468.0,
        520.0,
        318.0,
        326.0,
        399.0,
        207.0,
        294.0
    ],
    "mse": 20346.238263104635,
    "rmse": 142.64024068650696,
    "mape": 36.78278284866876
}