{
    "predictions": [
        -147.22707177698612,
        -304.3049420267344,
        -660.3509928286077,
        -1075.836318075657,
        -428.84921287000185,
        -332.2901794798673,
        379.42639365792274,
        1161.238613307476
    ],
    "actual": [
        425.99999999999994,
        754.0,
        499.0,
        174.0,
        421.0,
        457.99999999999994,
        271.00000000000006,
        125.00000000000003
    ],
    "mse": 848391.6464548707,
    "rmse": 921.0817805465869,
    "mape": 308.6210232487362
}