{
    "predictions": [
        5490.856478750706,
        4669.987222015858,
        3626.376663774252,
        3816.747914493084,
        6492.199274897575,
        6327.660020202398,
        7198.846922457218,
        9983.25668746233
    ],
    "actual": [
        18286.0,
        14028.000000000002,
        16826.0,
        17167.0,
        17402.0,
        19723.0,
        18010.0,
        15568.0
    ],
    "mse": 131284582.70198822,
    "rmse": 11457.948450834827,
    "mape": 64.92607419091544
}