{
    "predictions": [
        314.52806777834894,
        337.0797200930119,
        330.52527125358586,
        331.6762371003628,
        324.0155535233021,
        312.2247364151478,
        321.24849411010746,
        294.3465227329731
    ],
    "actual": [
        202.0,
        239.0,
        274.0,
        260.00000000000006,
        265.00000000000006,
        325.0,
        318.0,
        261.0
    ],
    "mse": 4422.9216245374255,
    "rmse": 66.50504961683305,
    "mape": 23.117600453417758
}