{
    "predictions": [
        149.63824436068535,
        161.03861704468724,
        120.56998923420905,
        171.90639877319333,
        82.30350035429,
        85.65139891207217,
        66.88385435938835,
        59.93704351782798
    ],
    "actual": [
        171.0,
        159.0,
        118.99999999999999,
        148.0,
        -65.0,
        115.00000000000001,
        129.0,
        144.0
    ],
    "mse": 4314.889892020126,
    "rmse": 65.68782148937599,
    "mape": 48.739636391325114
}