{
    "predictions": [
        240.7225225865841,
        230.89722323417664,
        225.79403766989708,
        227.66043734550476,
        221.48461583256721,
        214.58668184280396,
        216.57729816436768,
        220.48923110961914
    ],
    "actual": [
        235.00000000000003,
        314.0,
        395.0,
        395.0,
        344.0,
        403.0,
        443.0,
        456.99999999999994
    ],
    "mse": 27660.773401595423,
    "rmse": 166.31528312694363,
    "mape": 37.41676396438559
}