{
    "predictions": [
        546.0766098201275,
        577.1131815314293,
        596.046753436327,
        597.5663182139397,
        596.7379627227783,
        596.8000356554985,
        589.724753767252,
        585.8117780685425
    ],
    "actual": [
        558.0,
        604.0,
        639.0,
        736.0,
        535.0,
        649.0,
        661.0,
        728.0
    ],
    "mse": 6713.499673030241,
    "rmse": 81.93594860029535,
    "mape": 10.25204691122112
}