{
    "predictions": [
        588820995.6079721,
        589901931.2411547,
        588798550.3673553,
        590156041.9142246,
        584057979.7744751,
        597209787.607193,
        590535404.6672583,
        583986146.5185881
    ],
    "actual": [
        602200000.0,
        599400000.0,
        542100000.0,
        679800000.0,
        504400000.0,
        596500000.0,
        573500000.0,
        723100000.0000001
    ],
    "mse": 4559346459898670.0,
    "rmse": 67522932.8443209,
    "mape": 7.966006708490384
}