{
    "predictions": [
        147815827.16834545,
        156019223.88362885,
        159197925.30751228,
        155162323.53192568,
        148232409.85667706,
        137538152.79978514,
        127410384.10276173,
        127443991.62292479
    ],
    "actual": [
        80937999.99999999,
        95751000.00000001,
        99385000.00000001,
        150353000.0,
        69724999.99999999,
        89027999.99999999,
        19414000.0,
        140931000.0
    ],
    "mse": 4008423113102549.0,
    "rmse": 63312108.739976026,
    "mape": 117.73602274093429
}