{
    "predictions": [
        924.2791270613671,
        996.6929656863214,
        998.1731480360032,
        971.8951398730279,
        1025.0041692852974,
        1031.1181889176369,
        1019.9142812490464,
        998.0109449625016
    ],
    "actual": [
        877.0,
        958.0,
        918.9999999999999,
        859.0,
        931.0,
        965.9999999999999,
        1039.0,
        822.0
    ],
    "mse": 8395.930150491797,
    "rmse": 91.62930835978081,
    "mape": 8.909411262703731
}