{
    "predictions": [
        57537954.84862327,
        57096787.5750184,
        56808636.38181686,
        58577309.35702323
    ],
    "actual": [
        71355000.0,
        62795000.0,
        71337000.0,
        60752000.0
    ],
    "mse": 109795747592549.05,
    "rmse": 10478346.605860537,
    "mape": 13.095888738865053
}