{
    "predictions": [
        140.91708674895762,
        143.62640786552427,
        144.821349940896,
        145.62824454045293
    ],
    "actual": [
        162.405,
        171.685,
        166.132,
        143.003
    ],
    "mse": 427.51268082298844,
    "rmse": 20.676379780391645,
    "mape": 11.059367377144827
}