{
    "predictions": [
        111.52728924871086,
        118.71738901691435,
        139.4873311089456,
        137.75253810895083
    ],
    "actual": [
        127.372,
        141.084,
        134.345,
        140.463
    ],
    "mse": 196.27757963939118,
    "rmse": 14.009910051081384,
    "mape": 8.51262021452559
}