{
    "predictions": [
        973.5084273757934,
        884.4020669097899,
        894.9231172065734,
        862.968645084381
    ],
    "actual": [
        1033.908,
        1092.712,
        1092.712,
        1070.803
    ],
    "mse": 32339.174459274494,
    "rmse": 179.83096079172378,
    "mape": 15.60384529819987
}