{
    "predictions": [
        1092.719916343689,
        1065.6627597808838,
        975.7592062950135,
        875.0624380111695
    ],
    "actual": [
        1331.0,
        1069.0,
        748.0,
        679.0
    ],
    "mse": 36775.81777263923,
    "rmse": 191.7702212874544,
    "mape": 19.384696361505803
}