{
    "predictions": [
        610347424.5738983,
        628009040.5422449,
        644546633.9831352,
        639986043.079853
    ],
    "actual": [
        596389000.0,
        545471000.0,
        630050000.0,
        679410000.0
    ],
    "mse": 2192941632305266.5,
    "rmse": 46828854.69777439,
    "mape": 6.393888344621964
}