{
    "predictions": [
        566.5949068069458,
        642.9470773696899,
        680.0583380699157,
        727.184925174713
    ],
    "actual": [
        300.0,
        -210.10000000000002,
        195.19999999999996,
        348.1000000000001
    ],
    "mse": 294388.7872587531,
    "rmse": 542.5760658734894,
    "mape": 213.04405466221388
}