{
    "predictions": [
        333.2653480567932,
        333.93984311473366,
        332.79997862637043,
        329.0538919059038
    ],
    "actual": [
        351.263,
        330.265,
        244.318,
        330.123
    ],
    "mse": 2041.9058702852635,
    "rmse": 45.18745257574567,
    "mape": 10.694037588497048
}