{
    "predictions": [
        228.9279418587685,
        224.2851011157036,
        229.00898236036304,
        212.6651094555855
    ],
    "actual": [
        -23.0,
        474.0,
        554.0,
        354.0
    ],
    "mse": 62854.98286140947,
    "rmse": 250.70896047291464,
    "mape": 311.6522736630654
}