{
    "predictions": [
        278.8197414278984,
        280.19615802168846,
        282.58569839000705,
        292.7879524469376
    ],
    "actual": [
        296.00000000000006,
        307.0,
        321.00000000000006,
        447.0
    ],
    "mse": 6567.655352023515,
    "rmse": 81.0410720068751,
    "mape": 15.250361553003366
}