{
    "predictions": [
        181828148.72264862,
        173767330.46770096,
        170571723.49095345,
        123734182.86442758
    ],
    "actual": [
        10900000.000000032,
        -12100000.000000002,
        181300000.0,
        192600000.00000003
    ],
    "mse": 1.7155173311886524e+16,
    "rmse": 130977758.84434168,
    "mape": 786.4787715860884
}