{
    "predictions": [
        357.7216357358098,
        344.3515972367525,
        335.3459287459254,
        334.04245461916923
    ],
    "actual": [
        233.34599999999998,
        247.324,
        300.367,
        283.628
    ],
    "mse": 7162.199020246278,
    "rmse": 84.62977620345146,
    "mape": 30.488041341622356
}