{
    "predictions": [
        1029.6739914238453,
        1059.204960757494,
        1081.811488980055,
        1080.32223174572
    ],
    "actual": [
        1132.1,
        1265.5,
        1229.5999999999997,
        1040.3
    ],
    "mse": 19122.988368077502,
    "rmse": 138.28589359756657,
    "mape": 10.303829061750891
}