{
    "predictions": [
        140.92221520900722,
        -156.5285946951807,
        -309.1130991005302,
        -211.57896798822284
    ],
    "actual": [
        262.337,
        130.20799999999994,
        174.93499999999995,
        282.874
    ],
    "mse": 143936.43112460765,
    "rmse": 379.3895506265396,
    "mape": 179.4985337794692
}