{
    "predictions": [
        122.29752157926559,
        123.25354021072387,
        124.21777652233838,
        123.45155753672123
    ],
    "actual": [
        95.4,
        104.89999999999999,
        102.29999999999998,
        99.99999999999999
    ],
    "mse": 522.6733959887578,
    "rmse": 22.86205143876546,
    "mape": 22.641812816525317
}