{
    "predictions": [
        80243597.42830098,
        80878690.02307951,
        82685470.55306435,
        83565083.20699334
    ],
    "actual": [
        88984000.0,
        90853999.99999999,
        90308000.0,
        124029000.0
    ],
    "mse": 467833240912944.9,
    "rmse": 21629453.088623043,
    "mape": 15.466772508802439
}