{
    "predictions": [
        101432380.72395325,
        101129527.74763107,
        102876567.38758087,
        102065486.72914505
    ],
    "actual": [
        137400000.0,
        116500000.0,
        133500000.0,
        132100000.0
    ],
    "mse": 842446916508007.6,
    "rmse": 29024936.11548538,
    "mape": 21.26148515187753
}