{
    "predictions": [
        270.05337905502313,
        272.13231793212884,
        245.66718336868286,
        232.91487516975403
    ],
    "actual": [
        210.844,
        201.762,
        188.459,
        176.15
    ],
    "mse": 3738.189877833226,
    "rmse": 61.14073828335103,
    "mape": 31.385260176521
}