{
    "predictions": [
        329.88652470707893,
        330.94390101432805,
        328.2426066219807,
        331.9296722531319
    ],
    "actual": [
        340.3,
        346.2,
        347.4,
        358.6
    ],
    "mse": 354.8752817756094,
    "rmse": 18.838133712648112,
    "mape": 5.10466748817118
}