{
    "predictions": [
        817.669593766153,
        1104.2300264062883,
        1408.1075189894439,
        1046.2954735195638
    ],
    "actual": [
        868.21,
        1029.4050000000002,
        1472.02,
        974.322
    ],
    "mse": 4354.5258395950095,
    "rmse": 65.9888311731236,
    "mape": 6.204709190811211
}