{
    "predictions": [
        48.065588015556344,
        48.20895364284516,
        33.878981490135196,
        16.150188706159593
    ],
    "actual": [
        69.455,
        90.07200000000002,
        88.073,
        84.317
    ],
    "mse": 2448.4318498897933,
    "rmse": 49.481631439250194,
    "mape": 54.91308068456537
}