{
    "predictions": [
        490949043.4229374,
        357191559.9703789,
        285260117.1582937,
        308872482.7468395
    ],
    "actual": [
        254000000.0,
        287000000.0,
        287000000.0,
        749000000.0
    ],
    "mse": 6.3696740726463576e+16,
    "rmse": 252382132.34391925,
    "mape": 44.27806594663266
}