{
    "predictions": [
        182.13701606011392,
        116.43727088391782,
        74.50285883826017,
        101.05864251229167
    ],
    "actual": [
        161.074,
        179.644,
        192.107,
        164.62
    ],
    "mse": 5577.380358793274,
    "rmse": 74.6818609756966,
    "mape": 37.022510601567646
}