{
    "predictions": [
        107.077659119606,
        100.65010035955903,
        92.12953183317182,
        80.31350301527975
    ],
    "actual": [
        84.517,
        99.184,
        112.244,
        113.834
    ],
    "mse": 509.83708447808607,
    "rmse": 22.579572282886275,
    "mape": 18.88473151584686
}