{
    "predictions": [
        1265.6153197288513,
        1283.4539813995361,
        1269.270164489746,
        1254.6947128772736
    ],
    "actual": [
        1329.0,
        1205.0,
        1757.0,
        1254.0
    ],
    "mse": 62013.37999083892,
    "rmse": 249.0248581785339,
    "mape": 9.773673592857772
}