{
    "predictions": [
        228.23682230818272,
        268.86664954167605,
        301.54847752177716,
        287.08549276959894
    ],
    "actual": [
        89.3,
        265.2,
        316.3,
        237.8
    ],
    "mse": 5490.88803123118,
    "rmse": 74.10052652465555,
    "mape": 45.58908193806806
}