{
    "predictions": [
        536.2429137825966,
        536.8972687125206,
        536.3804123997688,
        520.5367742776871
    ],
    "actual": [
        421.0,
        520.0,
        543.0,
        357.0
    ],
    "mse": 10088.635587048606,
    "rmse": 100.44220023002586,
    "mape": 19.412696407365193
}