{
    "predictions": [
        79.83043856072426,
        75.86152720618247,
        74.9735322548747,
        71.54095956790447
    ],
    "actual": [
        67.57,
        94.52499999999999,
        111.898,
        101.67799999999998
    ],
    "mse": 692.575273673355,
    "rmse": 26.316824916265166,
    "mape": 25.131823105474492
}