{
    "predictions": [
        1381185988.2473946,
        1282341379.582882,
        1384608016.1333084,
        1263559487.581253
    ],
    "actual": [
        1333000000.0,
        2367000000.0,
        3364000000.0,
        1920000000.0
    ],
    "mse": 1.381928246112212e+18,
    "rmse": 1175554442.0026712,
    "mape": 35.61727056435247
}