{
    "predictions": [
        6019.923243522645,
        6034.394532918931,
        6080.01345229149,
        6004.542584180833
    ],
    "actual": [
        -8559.0,
        4403.000000000001,
        4772.999999999999,
        4725.000000000001
    ],
    "mse": 54637991.112941414,
    "rmse": 7391.751559200391,
    "mape": 65.46251347600838
}