{
    "predictions": [
        235.36150681674482,
        159.67390347719194,
        120.77819427996874,
        71.03303039819002
    ],
    "actual": [
        160.3,
        343.8,
        208.7,
        129.6
    ],
    "mse": 12674.245768934228,
    "rmse": 112.57995278438443,
    "mape": 46.92517322703939
}