{
    "predictions": [
        591.9119026660919,
        626.420648097992,
        605.0701477527618,
        588.3487253189087
    ],
    "actual": [
        455.00000000000006,
        475.0,
        477.0,
        524.0
    ],
    "mse": 15553.950739411983,
    "rmse": 124.71547914918975,
    "mape": 25.274484476899122
}