{
    "predictions": [
        187.30557974666354,
        146.4976404532194,
        128.06871016252038,
        57.681011624783274
    ],
    "actual": [
        40.233,
        47.04399999999999,
        47.745000000000005,
        33.967
    ],
    "mse": 9633.905768587469,
    "rmse": 98.15246185698793,
    "mape": 203.75183795365282
}