{
    "predictions": [
        543.1730266094207,
        535.0781526148319,
        546.4403947651385,
        546.0175626277924
    ],
    "actual": [
        582.3,
        564.8,
        515.9,
        597.2
    ],
    "mse": 1491.6664666161955,
    "rmse": 38.622098164343626,
    "mape": 6.61799516331193
}