{
    "predictions": [
        670301217.2629724,
        654696683.0531712,
        648968962.6893485,
        658073537.2254426
    ],
    "actual": [
        551000000.0,
        578000000.0,
        755000000.0,
        758000000.0
    ],
    "mse": 1.0335760116898326e+16,
    "rmse": 101664940.45096533,
    "mape": 15.536960638455161
}