{
    "predictions": [
        114.2132710814476,
        115.22809022665024,
        126.392438352108,
        131.39920675754547
    ],
    "actual": [
        218.99999999999997,
        200.0,
        213.0,
        191.0
    ],
    "mse": 7304.9148834485895,
    "rmse": 85.46879479347179,
    "mape": 40.52480179181761
}