{
    "predictions": [
        152.07476285219192,
        148.8684000134468,
        147.57607449102403,
        141.60587233400346
    ],
    "actual": [
        128.398,
        128.398,
        128.398,
        132.28
    ],
    "mse": 358.59920296071414,
    "rmse": 18.936715738498958,
    "mape": 14.09239723498057
}