{
    "predictions": [
        541324586.9874954,
        550307421.207428,
        563571701.4968395,
        569997292.1907902
    ],
    "actual": [
        395200000.0,
        501400000.0,
        562700000.0,
        485300000.0
    ],
    "mse": 7729680484844643.0,
    "rmse": 87918601.47229734,
    "mape": 16.084123833138612
}