{
    "predictions": [
        167779741.14727974,
        179766504.38070297,
        190605002.80797482,
        198174989.28529024
    ],
    "actual": [
        213271000.0,
        158882999.99999997,
        179390000.0,
        207239000.00000003
    ],
    "mse": 678376991360824.5,
    "rmse": 26045671.25955529,
    "mape": 11.274913590562937
}