{
    "predictions": [
        209.06941056489944,
        301.6050265917778,
        327.7269794590473,
        285.80423958849906
    ],
    "actual": [
        197.1,
        243.262,
        227.972,
        200.459
    ],
    "mse": 5195.510347113318,
    "rmse": 72.07988864526165,
    "mape": 29.097211368657845
}