{
    "predictions": [
        995.9285381436349,
        1082.3299890756607,
        1092.498332709074,
        1124.533773213625
    ],
    "actual": [
        2575.0,
        1349.0,
        1229.0,
        1243.0
    ],
    "mse": 649311.6321094473,
    "rmse": 805.7987541002078,
    "mape": 25.432134234164817
}