{
    "predictions": [
        78.05881400704385,
        74.74280317425729,
        41.361062388122086,
        41.08684380650521
    ],
    "actual": [
        47.5,
        47.5,
        34.4,
        13.8
    ],
    "mse": 617.2599182000904,
    "rmse": 24.844716102223636,
    "mape": 84.91350345417
}