{
    "predictions": [
        -4.8945828974619525,
        -23.12566204373539,
        53.51412472697721,
        136.83298671625556
    ],
    "actual": [
        162.41,
        140.932,
        241.711,
        220.298
    ],
    "mse": 24322.553059683887,
    "rmse": 155.95689487702649,
    "mape": 83.79260513879832
}