{
    "predictions": [
        1203.8166784793139,
        356.27084894478315,
        -35.881114371120965,
        193.3251014500856
    ],
    "actual": [
        5968.0,
        6304.0,
        6300.0,
        5347.0
    ],
    "mse": 31194169.807689,
    "rmse": 5585.174107195675,
    "mape": 92.782816298644
}