{
    "predictions": [
        246.09073825371266,
        260.3625134580731,
        269.9221560155153,
        278.2333318129778
    ],
    "actual": [
        231.377,
        264.003,
        223.99,
        225.90499999999997
    ],
    "mse": 1269.4411255558657,
    "rmse": 35.629217302038306,
    "mape": 12.85209252999919
}