{
    "predictions": [
        3130.7987224034073,
        3222.231148666024,
        3243.985085953474,
        3305.0475923178196
    ],
    "actual": [
        2596.0,
        2789.0,
        2763.0,
        2995.0
    ],
    "mse": 200293.76601763678,
    "rmse": 447.5419153751264,
    "mape": 15.973672111503223
}