{
    "predictions": [
        264.1363947730065,
        304.8461160671711,
        313.0982632654906,
        278.4438673648835
    ],
    "actual": [
        240.75300000000001,
        343.13000000000005,
        288.014,
        217.86500000000007
    ],
    "mse": 1577.8645887192902,
    "rmse": 39.72234369620315,
    "mape": 14.346235499249204
}