{
    "predictions": [
        32.600168322801586,
        34.06093424916267,
        34.3346320425272,
        31.54679554265737
    ],
    "actual": [
        27.607,
        25.965,
        25.965,
        21.295
    ],
    "mse": 66.40648341058545,
    "rmse": 8.149017327910492,
    "mape": 32.410716385102454
}