{
    "predictions": [
        202.24280494022372,
        208.48642744064333,
        208.03832377386095,
        210.81712206995488
    ],
    "actual": [
        169.524,
        169.003,
        174.757,
        176.827
    ],
    "mse": 1223.1090374119876,
    "rmse": 34.972975815792225,
    "mape": 20.23238685718107
}