{
    "predictions": [
        121.08934423315526,
        122.54364712029697,
        122.57415180474521,
        122.78843926906588
    ],
    "actual": [
        128.589,
        133.119,
        131.913,
        142.489
    ],
    "mse": 160.85227596966212,
    "rmse": 12.682755062275,
    "mape": 8.670531713187378
}