{
    "predictions": [
        83.33186379462481,
        83.04676988923549,
        79.55428534549475,
        76.60118692672253
    ],
    "actual": [
        85.818,
        59.386,
        76.834,
        79.578
    ],
    "mse": 145.56856835429483,
    "rmse": 12.065179996763199,
    "mape": 12.505135720604837
}