{
    "predictions": [
        993.4486394891738,
        1052.7784004688262,
        1077.1325678710937,
        999.8432249355316
    ],
    "actual": [
        792.0,
        830.0,
        965.0,
        853.0
    ],
    "mse": 31087.1038885801,
    "rmse": 176.31535352481387,
    "mape": 20.2777689094662
}