{
    "predictions": [
        955.6946143507957,
        1162.0935305953026,
        1199.4177309274673,
        1153.2062500715256
    ],
    "actual": [
        1229.0000000000002,
        2886.9999999999995,
        2040.0,
        2351.9999999999995
    ],
    "mse": 1298420.7919914343,
    "rmse": 1139.4826861306117,
    "mape": 43.53988285303222
}