{
    "predictions": [
        268.8514834990501,
        255.11715930271149,
        249.50039086127282,
        256.62534636712076
    ],
    "actual": [
        275.88,
        275.969,
        197.855,
        226.248
    ],
    "mse": 1018.5572185477225,
    "rmse": 31.914843232385188,
    "mape": 12.408187869345236
}