{
    "predictions": [
        38.40689740180969,
        33.826295733451836,
        35.135447192192075,
        37.64700934886932
    ],
    "actual": [
        43.5,
        43.5,
        109.70000000000002,
        110.30000000000001
    ],
    "mse": 2739.4624585734973,
    "rmse": 52.3398744608114,
    "mape": 41.946636944581996
}