{
    "predictions": [
        796.4429736137391,
        761.9842243194581,
        750.9561681747438,
        709.3696522712709
    ],
    "actual": [
        654.0000000000001,
        693.0,
        838.0,
        550.0
    ],
    "mse": 14506.034665192736,
    "rmse": 120.4410007646596,
    "mape": 17.77452430867588
}