{
    "predictions": [
        5835.621198630333,
        6243.9751827359205,
        5879.017846286297,
        3933.3169760107994
    ],
    "actual": [
        4478.0,
        3748.0,
        2936.9999999999995,
        2273.0
    ],
    "mse": 4871287.225125195,
    "rmse": 2207.099278493198,
    "mape": 67.53211640274
}