{
    "predictions": [
        552.8650930428505,
        589.5771600568295,
        627.9183881473542,
        666.8892512440682
    ],
    "actual": [
        778.3900000000001,
        788.755,
        788.755,
        570.816
    ],
    "mse": 31407.94522482568,
    "rmse": 177.22286879752758,
    "mape": 22.861874070020324
}