{
    "predictions": [
        15.926157179474828,
        -49.879373618960386,
        -50.375469723343855,
        -93.98005051016808
    ],
    "actual": [
        150.49999999999997,
        135.99999999999997,
        -16.30000000000002,
        -97.19999999999999
    ],
    "mse": 13458.191605011014,
    "rmse": 116.00944618870919,
    "mape": 109.61462812611175
}