{
    "predictions": [
        488.24900277805324,
        496.6322287721634,
        511.49574074983593,
        497.21927869224544
    ],
    "actual": [
        422.27599999999995,
        567.838,
        567.838,
        387.18499999999995
    ],
    "mse": 6176.172904109868,
    "rmse": 78.58863088328914,
    "mape": 16.626071346375657
}