{
    "predictions": [
        610.3203317530155,
        581.5137711857558,
        600.4286899143458,
        614.0168394043445
    ],
    "actual": [
        654.6,
        449.7,
        449.7,
        589.5
    ],
    "mse": 10663.943167986808,
    "rmse": 103.26636997583874,
    "mape": 18.438101569872167
}