{
    "predictions": [
        604.5870639383797,
        617.6338635981087,
        616.5218308627609,
        626.0810258626942
    ],
    "actual": [
        853.4999999999998,
        788.1999999999998,
        905.8999999999999,
        943.1999999999999
    ],
    "mse": 68838.65628925058,
    "rmse": 262.3712184848989,
    "mape": 29.092267666958627
}