{
    "predictions": [
        119.69896406650544,
        116.92039889740944,
        117.19322188353539,
        118.99409205555916
    ],
    "actual": [
        113.157,
        110.06499999999998,
        113.245,
        116.577
    ],
    "mse": 27.80614448418154,
    "rmse": 5.273153182317155,
    "mape": 4.392411480870071
}