{
    "predictions": [
        1055.5183611214163,
        1057.5348480939867,
        1063.976669251919,
        1073.2429146170618
    ],
    "actual": [
        1166.0,
        928.0,
        1236.0,
        1193.0
    ],
    "mse": 18229.8138052775,
    "rmse": 135.01782773129443,
    "mape": 11.847456228793023
}