{
    "predictions": [
        325.80268707275394,
        329.87627563476565,
        330.51808071136475,
        325.4500648498535
    ],
    "actual": [
        371.5,
        277.6000000000001,
        306.6,
        305.4
    ],
    "mse": 1448.783272102831,
    "rmse": 38.06288575637468,
    "mape": 11.374630071569763
}