{
    "predictions": [
        128.23983535945416,
        142.84561320018767,
        145.14952911877631,
        150.8008537069559
    ],
    "actual": [
        101.068,
        113.866,
        121.888,
        167.167
    ],
    "mse": 596.7690248656936,
    "rmse": 24.428856397009124,
    "mape": 20.30249504585107
}