{
    "predictions": [
        1953.7910131013393,
        816.2510162606239,
        328.63198038494585,
        627.0918170597553
    ],
    "actual": [
        3407.0,
        3180.0,
        3081.0,
        2910.0
    ],
    "mse": 5121581.2762167975,
    "rmse": 2263.0910888023923,
    "mape": 71.19235005043379
}