{
    "predictions": [
        426.6617124741972,
        419.51898373246195,
        414.8682790016234,
        418.23927192533023
    ],
    "actual": [
        603.172,
        479.025,
        447.51,
        745.186
    ],
    "mse": 35664.123130735505,
    "rmse": 188.8494721484164,
    "mape": 23.213645701789066
}