{
    "predictions": [
        222.03909493023156,
        236.4127377129793,
        266.4664605413675,
        268.96633579349515
    ],
    "actual": [
        150.387,
        220.15,
        235.60000000000002,
        196.269
    ],
    "mse": 2909.035090909015,
    "rmse": 53.935471546182065,
    "mape": 26.293278060466434
}