{
    "predictions": [
        440.6138042125703,
        453.0372891578675,
        465.100532814026,
        536.0708490142823
    ],
    "actual": [
        695.046,
        571.374,
        548.051,
        558.509
    ],
    "mse": 21530.89250304417,
    "rmse": 146.73408773371023,
    "mape": 19.117618926669742
}