{
    "predictions": [
        4246.013844966887,
        4111.5169401168805,
        4094.5416388511644,
        4334.120986938475
    ],
    "actual": [
        3409.0000000000005,
        4235.000000000001,
        2535.999999999999,
        3161.9999999999995
    ],
    "mse": 1129689.9726997125,
    "rmse": 1062.8687466943943,
    "mape": 31.498624936763107
}