{
    "predictions": [
        1558.6115044960438,
        1340.1928698619038,
        1492.7293311386109,
        1593.3197680037974
    ],
    "actual": [
        1547.0000000000002,
        1665.0,
        1710.0,
        2762.0
    ],
    "mse": 379663.6317578453,
    "rmse": 616.168509222798,
    "mape": 18.81930751818518
}