{
    "predictions": [
        106.38887531781197,
        108.89353289330005,
        118.8122549059391,
        132.05665237927437
    ],
    "actual": [
        112.65400000000001,
        117.82999999999998,
        102.948,
        73.743
    ],
    "mse": 942.8172172909891,
    "rmse": 30.705328809361237,
    "mape": 26.90810604482764
}