{
    "predictions": [
        21.19578229194879,
        21.045051777184007,
        17.057150611221786,
        8.90510337513685
    ],
    "actual": [
        15.176999999999992,
        15.43299999999999,
        14.449999999999996,
        14.099999999999998
    ],
    "mse": 25.376262670069853,
    "rmse": 5.03748574887015,
    "mape": 32.726758683533006
}