{
    "predictions": [
        157.04424099999665,
        152.24810959798094,
        132.03682506293057,
        118.74721394741533
    ],
    "actual": [
        159.408,
        143.462,
        143.462,
        131.656
    ],
    "mse": 94.98861454296838,
    "rmse": 9.746210265686267,
    "mape": 6.344005255853561
}