{
    "predictions": [
        16.761251937210496,
        95.27220478296273,
        126.50995592617981,
        54.87857806086534
    ],
    "actual": [
        121.99999999999999,
        240.99999999999997,
        70.0,
        171.99999999999994
    ],
    "mse": 12305.6467471164,
    "rmse": 110.930819645022,
    "mape": 73.88789803871438
}