{
    "predictions": [
        155.4589418617487,
        163.81526412266496,
        157.7555580186248,
        138.04462339723113
    ],
    "actual": [
        134.954,
        137.909,
        119.648,
        147.967
    ],
    "mse": 660.556674284251,
    "rmse": 25.70129713232877,
    "mape": 18.13364834513623
}