{
    "predictions": [
        818.8824704885483,
        687.2850168347359,
        805.0892332792282,
        642.7435368895531
    ],
    "actual": [
        1158.0,
        645.0,
        1044.0,
        777.0000000000001
    ],
    "mse": 47972.96845317452,
    "rmse": 219.02732353104835,
    "mape": 19.00089361362325
}