{
    "predictions": [
        111.57832043915987,
        428.67748795747747,
        521.4884831488131,
        367.1638791143894
    ],
    "actual": [
        336.5,
        364.7,
        388.6,
        323.9
    ],
    "mse": 18553.498272858822,
    "rmse": 136.2112266770211,
    "mape": 32.984476531500384
}