{
    "predictions": [
        396.3777680938244,
        390.2800935442448,
        408.7551047190428,
        465.5168744095564
    ],
    "actual": [
        379.1,
        502.5,
        499.6,
        608.1
    ],
    "mse": 10368.642844247683,
    "rmse": 101.82653310531437,
    "mape": 17.13018410250519
}