{
    "predictions": [
        138.99691917759182,
        146.38835556697848,
        152.99901205551626,
        148.94996413362026
    ],
    "actual": [
        114.478,
        144.304,
        153.132,
        133.101
    ],
    "mse": 214.18232141725844,
    "rmse": 14.63496912935789,
    "mape": 8.71418886177249
}