{
    "predictions": [
        65.07768257835508,
        59.71382601198554,
        61.13188462126255,
        63.15975659501552
    ],
    "actual": [
        63.131,
        54.948,
        70.46,
        60.071
    ],
    "mse": 30.764206114919766,
    "rmse": 5.546549027541339,
    "mape": 7.534405711666463
}