{
    "predictions": [
        1166.4494887590408,
        1267.3976969718933,
        1265.5506419539452,
        1571.2737728953362
    ],
    "actual": [
        1247.0,
        1373.0,
        1399.0,
        1663.0
    ],
    "mse": 10965.665791945117,
    "rmse": 104.71707497798589,
    "mape": 7.301379354444705
}