{
    "predictions": [
        2499.7463529706006,
        2425.3729166388516,
        2375.5304580926895,
        2293.0469937324524
    ],
    "actual": [
        -3542.0,
        2984.0,
        3763.9999999999995,
        3103.0
    ],
    "mse": 9849658.688266065,
    "rmse": 3138.416589343433,
    "mape": 63.07139319349506
}