{
    "predictions": [
        7640229.067623614,
        1190690.8313632002,
        472494.40780281933,
        2821093.7401354304
    ],
    "actual": [
        5374999.999999999,
        33484000.000000004,
        33484000.000000004,
        24786999.999999996
    ],
    "mse": 655062404767698.0,
    "rmse": 25594186.933124054,
    "mape": 81.44883704746158
}