{
    "predictions": [
        5383.895298123359,
        5582.287701010703,
        5668.426738142966,
        5587.9565608501425
    ],
    "actual": [
        6731.999999999999,
        7335.000000000001,
        6795.0,
        10904.999999999998
    ],
    "mse": 8607376.234596994,
    "rmse": 2933.8330277295936,
    "mape": 27.31445189343491
}