{
    "predictions": [
        269.35829659020897,
        264.8315650501251,
        275.24257102495426,
        245.42690206396577
    ],
    "actual": [
        266.9,
        269.3,
        261.1,
        273.3
    ],
    "mse": 250.73300919358203,
    "rmse": 15.834551120684857,
    "mape": 4.548896481226741
}