{
    "predictions": [
        742.8599548339844,
        783.7433767318726,
        789.2675352096558,
        725.3668856620789
    ],
    "actual": [
        732.0,
        716.0,
        745.0,
        695.0
    ],
    "mse": 1897.216532096119,
    "rmse": 43.55704916653697,
    "mape": 5.314063238460238
}