{
    "predictions": [
        153.25799626111987,
        132.18729567527774,
        145.88589000701907,
        117.5995877981186
    ],
    "actual": [
        681.0,
        594.9999999999999,
        192.99999999999997,
        161.99999999999997
    ],
    "mse": 124224.58943970465,
    "rmse": 352.4550885427882,
    "mape": 51.77448008191078
}