{
    "predictions": [
        82.93494807177782,
        109.99567556375266,
        127.40248740905523,
        129.036357429564
    ],
    "actual": [
        67.911,
        -44.611,
        144.615,
        145.384
    ],
    "mse": 6173.114787960777,
    "rmse": 78.56917199487836,
    "mape": 97.95900453933885
}