{
    "predictions": [
        156.89361611807345,
        172.90754339122773,
        176.9734706171155,
        198.48647510820626
    ],
    "actual": [
        223.715,
        251.984,
        266.756,
        264.831
    ],
    "mse": 5795.170474800298,
    "rmse": 76.12601706906975,
    "mape": 29.989834027167145
}