{
    "predictions": [
        1382.0289707183838,
        1319.3130826950073,
        1380.2629089355469,
        1388.6541223526
    ],
    "actual": [
        2085.0,
        1853.0,
        1728.0,
        1682.0000000000002
    ],
    "mse": 246490.72053661305,
    "rmse": 496.47831829457874,
    "mape": 25.020212449155853
}