{
    "predictions": [
        229.6561915874481,
        229.2536206245422,
        229.2214887142181,
        240.99493741989133
    ],
    "actual": [
        285.0,
        320.0,
        152.0,
        180.0
    ],
    "mse": 5245.345802364084,
    "rmse": 72.42475959479661,
    "mape": 33.11670276004145
}