{
    "predictions": [
        70.17542982584239,
        68.7163847461939,
        70.61466665899755,
        75.45045372581482
    ],
    "actual": [
        38.18099999999998,
        59.931999999999995,
        103.37599999999999,
        68.23000000000002
    ],
    "mse": 556.5622173842072,
    "rmse": 23.591570896915854,
    "mape": 35.181983706279155
}