{
    "predictions": [
        42.24901246906817,
        57.87747570425272,
        78.25973248428106,
        68.91055312377215
    ],
    "actual": [
        27.146,
        98.887,
        90.352,
        35.781
    ],
    "mse": 788.4180731142169,
    "rmse": 28.07878332681487,
    "mape": 50.77015811578064
}