{
    "predictions": [
        917.485276198387,
        820.3788676023482,
        580.2134338855743,
        605.0718429565429
    ],
    "actual": [
        317.5,
        344.9,
        320.4,
        301.0
    ],
    "mse": 186506.29782441712,
    "rmse": 431.8637491436589,
    "mape": 127.2356356398023
}