{
    "predictions": [
        2221.5156737565994,
        2232.124836206436,
        2244.6863642930984,
        2236.8589869737625
    ],
    "actual": [
        2382.0,
        2533.0,
        2478.0,
        2306.0
    ],
    "mse": 43874.2038616673,
    "rmse": 209.46170022624017,
    "mape": 7.757325415713874
}