{
    "predictions": [
        180.79851998895404,
        140.0657032433152,
        93.36696244195103,
        46.52519978508352
    ],
    "actual": [
        225.795,
        224.576,
        216.319,
        191.388
    ],
    "mse": 11317.27697426752,
    "rmse": 106.38269114037075,
    "mape": 47.5220014017152
}