{
    "predictions": [
        38.790915505826476,
        28.00216259729862,
        15.12121285635233,
        4.777247068386525
    ],
    "actual": [
        7.106,
        7.106,
        7.106,
        74.248
    ],
    "mse": 1582.7531579805056,
    "rmse": 39.783830358331585,
    "mape": 236.57851958216827
}