{
    "predictions": [
        283.85522844791416,
        329.1334119558335,
        349.1046330690384,
        314.7985943794251
    ],
    "actual": [
        282.4,
        349.6,
        356.0,
        315.0
    ],
    "mse": 117.14639133545934,
    "rmse": 10.823418652877626,
    "mape": 2.0926084593967236
}