{
    "predictions": [
        99.19462017416953,
        99.88089371323585,
        95.67955901026725,
        97.63999262452126
    ],
    "actual": [
        83.9,
        102.8,
        83.5,
        39.9
    ],
    "mse": 931.1737484374727,
    "rmse": 30.515139659478418,
    "mape": 45.091809944780394
}