{
    "predictions": [
        64.23219091892241,
        58.75703930854796,
        39.373172426223746,
        15.591996741294853
    ],
    "actual": [
        95.5,
        107.99999999999999,
        44.800000000000004,
        66.7
    ],
    "mse": 1511.0058792494806,
    "rmse": 38.871659075082974,
    "mape": 41.76841069057418
}