{
    "predictions": [
        85.53904953056573,
        79.63505101203917,
        73.55146614181994,
        73.47182108062505
    ],
    "actual": [
        56.026,
        45.149,
        62.51499999999999,
        81.056
    ],
    "mse": 559.9077904448059,
    "rmse": 23.66237076974338,
    "mape": 39.017749440338015
}