{
    "predictions": [
        259.78321051597595,
        263.14410376548767,
        262.67135059833527,
        259.168234705925
    ],
    "actual": [
        348.0,
        294.0,
        341.0,
        311.0
    ],
    "mse": 4389.0493724731505,
    "rmse": 66.24990092425158,
    "mape": 18.870323960581434
}