{
    "predictions": [
        832.1362875699996,
        831.2008768916129,
        872.3096394538878,
        849.1340084671973
    ],
    "actual": [
        1074.0,
        472.00000000000006,
        574.0,
        556.0
    ],
    "mse": 90609.87831532025,
    "rmse": 301.01474767080805,
    "mape": 50.828510966286224
}