{
    "predictions": [
        370.42585519528393,
        406.53640470737224,
        443.230535797596,
        475.94346859228614
    ],
    "actual": [
        423.6000000000001,
        403.8,
        517.8,
        524.6
    ],
    "mse": 2690.760156624725,
    "rmse": 51.872537595771476,
    "mape": 9.22669120024425
}