{
    "predictions": [
        984.7062594468593,
        998.2667855244875,
        1004.7586960360408,
        1007.5711029723287
    ],
    "actual": [
        1240.0,
        1179.0,
        1078.0,
        1056.0
    ],
    "mse": 26387.258863480933,
    "rmse": 162.4415552236586,
    "mape": 11.82445595356294
}