{
    "predictions": [
        -60.75274395942688,
        -100.69380581378937,
        -122.7000162601471,
        -186.96181750297546
    ],
    "actual": [
        -560.0,
        253.99999999999994,
        154.00000000000003,
        185.99999999999997
    ],
    "mse": 147679.73371505004,
    "rmse": 384.2912095209179,
    "mape": 152.24674194378457
}