{
    "predictions": [
        134619235.20011076,
        223451649.60995,
        204765888.8857166,
        341962195.5056885
    ],
    "actual": [
        176900000.0,
        226200000.0,
        285000000.0,
        458900000.0
    ],
    "mse": 5476794802044760.0,
    "rmse": 74005370.08923583,
    "mape": 19.687616834085897
}