{
    "predictions": [
        8566.59379118681,
        8602.88026022911,
        8535.549719512463,
        8571.613572180271
    ],
    "actual": [
        5684.0,
        7800.0,
        5377.0,
        5268.0
    ],
    "mse": 7461065.660545064,
    "rmse": 2731.495132806402,
    "mape": 45.61508380292209
}