{
    "predictions": [
        244.60736792087553,
        242.68516095876691,
        242.8583267211914,
        240.7800840616226
    ],
    "actual": [
        38.3,
        105.5,
        149.9,
        214.7
    ],
    "mse": 17675.979934296844,
    "rmse": 132.95104337423172,
    "mape": 185.71391110491953
}