{
    "predictions": [
        288360436.0818862,
        280363128.12566745,
        288164794.50464237,
        271008140.98119724
    ],
    "actual": [
        132000000.00000007,
        396000000.0,
        396000000.0,
        246000000.00000003
    ],
    "mse": 1.2518577692039958e+16,
    "rmse": 111886449.99301729,
    "mape": 46.26328238942519
}