{
    "predictions": [
        578.4559452533722,
        601.8787689805031,
        593.291141629219,
        578.0493782162666
    ],
    "actual": [
        522.0,
        621.0,
        572.0,
        626.0
    ],
    "mse": 1576.3675178687097,
    "rmse": 39.70349503341878,
    "mape": 6.319122424841578
}