{
    "predictions": [
        37.97061404585838,
        41.76445556879044,
        46.37979990839958,
        50.74256657361984
    ],
    "actual": [
        72.7,
        44.3,
        55.4,
        51.7
    ],
    "mse": 323.70998069320626,
    "rmse": 17.991942104542417,
    "mape": 17.907062035253464
}