{
    "predictions": [
        446.77087855339056,
        457.3902220726014,
        449.4444060325623,
        426.10121965408325
    ],
    "actual": [
        291.0,
        298.0,
        340.0,
        357.99999999999994
    ],
    "mse": 16571.415906960603,
    "rmse": 128.73001167933063,
    "mape": 39.557095368212735
}