{
    "predictions": [
        116.40753823792936,
        115.24891180139781,
        117.94641619956495,
        118.19324821794034
    ],
    "actual": [
        78.58699999999999,
        107.47800000000001,
        97.50400000000002,
        112.13599999999998
    ],
    "mse": 486.34070472043936,
    "rmse": 22.05313367121415,
    "mape": 20.43083660133332
}