{
    "predictions": [
        999.1351409554483,
        996.6646706461908,
        1003.9220958948137,
        998.2596455812455
    ],
    "actual": [
        1033.0,
        837.0000000000001,
        1348.0,
        970.0
    ],
    "mse": 36456.96184811483,
    "rmse": 190.9370625313871,
    "mape": 12.698140343456998
}