{
    "predictions": [
        405.42871093750006,
        408.8364524841309,
        416.454704284668,
        427.2075271606446
    ],
    "actual": [
        548.0,
        586.0,
        586.0,
        493.0
    ],
    "mse": 21196.9379537168,
    "rmse": 145.591682295785,
    "mape": 24.631829843451815
}