{
    "predictions": [
        153.9517181038857,
        152.83551539182668,
        150.06118680238728,
        136.04509572386746
    ],
    "actual": [
        96.89999999999998,
        -579.3,
        114.09999999999997,
        77.8
    ],
    "mse": 135990.75239219487,
    "rmse": 368.76924002985237,
    "mape": 72.91052747180264
}