{
    "predictions": [
        1905.7606152380708,
        1777.074213557482,
        1859.8272477808002,
        1960.388591499925
    ],
    "actual": [
        1030.1179999999997,
        1349.2509999999997,
        1368.5429999999997,
        1524.0929999999998
    ],
    "mse": 345374.1867398591,
    "rmse": 587.6854488073183,
    "mape": 45.309305810132855
}