{
    "predictions": [
        812654546.9462872,
        842635811.9606972,
        847242132.216692,
        883392569.4704056
    ],
    "actual": [
        881000000.0,
        919999999.9999999,
        919999999.9999999,
        976000000.0
    ],
    "mse": 6131540514441206.0,
    "rmse": 78304153.87730849,
    "mape": 8.390948544766552
}