{
    "predictions": [
        445.77354722893244,
        466.24714082902676,
        467.649179370761,
        462.14149524575475
    ],
    "actual": [
        395.0,
        432.0,
        418.0,
        413.0
    ],
    "mse": 2157.68683008759,
    "rmse": 46.45090774234224,
    "mape": 11.139525680692861
}