{
    "predictions": [
        1858.1271839186552,
        1372.019082479924,
        989.383645727113,
        2066.8591348946097
    ],
    "actual": [
        3836.5,
        3116.3,
        4115.2,
        4901.2
    ],
    "mse": 6190172.73472013,
    "rmse": 2488.005774655704,
    "mape": 60.33182418028631
}