{
    "predictions": [
        3612.945358455181,
        4053.727410554886,
        4114.979371666908,
        3601.621559739113
    ],
    "actual": [
        3948.9999999999995,
        3948.9999999999995,
        3030.0,
        2274.9999999999995
    ],
    "mse": 765251.3880831762,
    "rmse": 874.7864814245681,
    "mape": 26.320700182558344
}