{
    "predictions": [
        1345364508.152008,
        1261653308.659792,
        1133219938.9636517,
        1148193192.6459074
    ],
    "actual": [
        1141000000.0,
        1075000000.0,
        886000000.0,
        993999999.9999999
    ],
    "mse": 4.037438717634733e+16,
    "rmse": 200933788.04060638,
    "mape": 19.672354898158673
}