{
    "predictions": [
        526.1311173439027,
        617.0919463038446,
        532.8018411993982,
        488.34383934736263
    ],
    "actual": [
        168.00000000000017,
        937.0000000000001,
        580.9999999999999,
        690.0000000000002
    ],
    "mse": 68396.8324176462,
    "rmse": 261.5278807654094,
    "mape": 71.20906843042016
}