{
    "predictions": [
        1105.0396332740784,
        970.614452123642,
        1075.3376284837723,
        991.8520776033401
    ],
    "actual": [
        1118.0,
        1012.0,
        920.9999999999999,
        947.0000000000001
    ],
    "mse": 6928.136777506922,
    "rmse": 83.23542982112198,
    "mape": 6.685642229487672
}