{
    "predictions": [
        423962710.1421356,
        457064894.48547363,
        588946901.7982483,
        648720742.7501678
    ],
    "actual": [
        310600000.0,
        305800000.0,
        280600000.0,
        232700000.0
    ],
    "mse": 7.597081065036282e+16,
    "rmse": 275628029.5078184,
    "mape": 93.6578898082768
}