{
    "predictions": [
        60.06447908726335,
        61.10825413575769,
        60.489710185110575,
        59.730728273838764
    ],
    "actual": [
        60.774,
        17.835,
        23.492,
        22.829
    ],
    "mse": 1150.9115129902866,
    "rmse": 33.92508677940687,
    "mape": 140.7333310211617
}