{
    "predictions": [
        79.30862227165699,
        54.99182284408808,
        33.60360474520921,
        14.176915340214965
    ],
    "actual": [
        21.912,
        21.912,
        21.912,
        15.953999999999999
    ],
    "mse": 1132.1246447494411,
    "rmse": 33.647059971852535,
    "mape": 119.35102274366895
}