{
    "predictions": [
        228.89514061808586,
        324.9583921432495,
        507.4100171327591,
        651.2912971377373
    ],
    "actual": [
        359.00000000000006,
        398.0,
        398.0,
        203.00000000000003
    ],
    "mse": 58799.497462878164,
    "rmse": 242.4860768433482,
    "mape": 75.72904400918468
}