{
    "predictions": [
        365.15267556905746,
        374.9311218261719,
        374.9272004365921,
        372.2244864702225
    ],
    "actual": [
        314.0,
        391.99999999999994,
        273.0,
        327.0
    ],
    "mse": 3835.587796330697,
    "rmse": 61.93212249173039,
    "mape": 17.952763927087425
}