{
    "predictions": [
        80.49008609062433,
        80.48262089002132,
        80.86501022958755,
        87.84532424640656
    ],
    "actual": [
        38.99399999999999,
        57.443,
        49.483,
        48.103
    ],
    "mse": 1204.2580485382166,
    "rmse": 34.70242136419614,
    "mape": 73.14106527010719
}