{
    "predictions": [
        2304.620853626728,
        2279.3189792871476,
        2278.8607720911505,
        2281.671300947666
    ],
    "actual": [
        2985.0,
        2108.0,
        2304.0,
        2438.0
    ],
    "mse": 129334.1546027151,
    "rmse": 359.63058073906217,
    "mape": 9.605909908528174
}