{
    "predictions": [
        480.3337170991899,
        457.34523856115356,
        456.8394216923715,
        454.9744633135797
    ],
    "actual": [
        561.4829999999998,
        649.998,
        575.963,
        641.937
    ],
    "mse": 23211.42740959088,
    "rmse": 152.35296980889765,
    "mape": 23.474725254993956
}