{
    "predictions": [
        350.2544992951751,
        361.0151592795849,
        366.28624251908064,
        380.26290979820493
    ],
    "actual": [
        301.9,
        383.9,
        369.2,
        316.2
    ],
    "mse": 1743.6049828391035,
    "rmse": 41.756496295056934,
    "mape": 10.756832918919898
}