{
    "predictions": [
        174.4139056198597,
        167.97132633018495,
        167.40541328430177,
        164.58917784011365
    ],
    "actual": [
        134.325,
        176.978,
        190.58999999999997,
        186.809
    ],
    "mse": 679.8715205968161,
    "rmse": 26.074346024336183,
    "mape": 14.748226065758137
}