{
    "predictions": [
        207.4827514482737,
        215.47443105876448,
        215.20974171620608,
        216.23974778419733
    ],
    "actual": [
        194.0,
        193.0,
        219.0,
        226.0
    ],
    "mse": 199.12830480125828,
    "rmse": 14.111282889987653,
    "mape": 6.161015507094072
}