{
    "predictions": [
        2181.05908036232,
        2182.2616295814514,
        2192.975419521332,
        2197.308421730995
    ],
    "actual": [
        2052.0,
        2033.0,
        2306.9999999999995,
        1466.0
    ],
    "mse": 146687.22323432335,
    "rmse": 382.99768045553924,
    "mape": 17.11463223323424
}