{
    "predictions": [
        3151.191215276718,
        3205.6812175512314,
        3278.5162311792374,
        3240.2369223833084
    ],
    "actual": [
        3058.0,
        5451.0,
        3271.0,
        3020.0
    ],
    "mse": 1274675.458283496,
    "rmse": 1129.0152604298562,
    "mape": 12.940201342027336
}