{
    "predictions": [
        578.0351319313046,
        641.9445660114285,
        669.6176947951313,
        680.0511960387227
    ],
    "actual": [
        53.99999999999994,
        749.9999999999998,
        806.0,
        898.9999999999995
    ],
    "mse": 88206.87706044651,
    "rmse": 296.99642600618364,
    "mape": 256.5296019771554
}