{
    "predictions": [
        -0.19193990170955338,
        -5.59261258101463,
        -1.8512310459613768,
        2.2336910109519987
    ],
    "actual": [
        -54.676,
        -25.020000000000003,
        -67.701,
        -26.305999999999997
    ],
    "mse": 2124.16055525559,
    "rmse": 46.08861633045182,
    "mape": 95.76328616010093
}