{
    "predictions": [
        55.02441033935547,
        55.01319952392578,
        55.80222897338867,
        55.66359298706055
    ],
    "actual": [
        62.209999999999994,
        66.423,
        60.076,
        75.447
    ],
    "mse": 147.86613937562737,
    "rmse": 12.160022178253927,
    "mape": 15.51588960036241
}