{
    "predictions": [
        196.0567299426794,
        197.9160310446024,
        202.80548399454355,
        207.18242779183387
    ],
    "actual": [
        199.055,
        215.74599999999998,
        200.092,
        198.635
    ],
    "mse": 101.82973338308133,
    "rmse": 10.09107196402252,
    "mape": 3.857446546818998
}