{
    "predictions": [
        1314.1232902407646,
        1299.1616156101227,
        1314.052190899849,
        1063.5917492508888
    ],
    "actual": [
        1576.0,
        1626.0,
        1680.0,
        1503.0
    ],
    "mse": 125600.03760912559,
    "rmse": 354.4009559935266,
    "mape": 21.93383109692448
}