{
    "predictions": [
        158.81915330886838,
        114.55616092681883,
        88.71934700012206,
        67.69678163528441
    ],
    "actual": [
        239.00000000000006,
        272.0,
        400.99999999999994,
        280.99999999999994
    ],
    "mse": 43558.749960246045,
    "rmse": 208.70733087327346,
    "mape": 61.30408224567858
}