{
    "predictions": [
        121.40150927007197,
        131.4581081215143,
        130.51322353982923,
        139.66342186307907
    ],
    "actual": [
        122.635,
        156.107,
        127.995,
        106.93099999999998
    ],
    "mse": 421.71056525930607,
    "rmse": 20.53559264446259,
    "mape": 12.343447863739984
}