{
    "predictions": [
        586.3838011707068,
        582.6187495135068,
        553.5391836169362,
        559.7209814134836
    ],
    "actual": [
        498.469,
        481.899,
        544.822,
        554.243
    ],
    "mse": 4494.8694443815775,
    "rmse": 67.04378751518725,
    "mape": 10.281483845366166
}