{
    "predictions": [
        297.72466135025024,
        297.54944372177124,
        295.63862562179565,
        290.9389269351959
    ],
    "actual": [
        95.0,
        241.0,
        -49.00000000000001,
        194.00000000000003
    ],
    "mse": 43117.01643266072,
    "rmse": 207.6463735119415,
    "mape": 247.5428831997729
}