{
    "predictions": [
        335.73195934295654,
        339.6394901275635,
        339.16487646102905,
        341.67693614959717
    ],
    "actual": [
        480.99999999999994,
        275.0,
        320.0,
        411.0
    ],
    "mse": 7613.511747915331,
    "rmse": 87.25543964656491,
    "mape": 19.14061859906737
}