{
    "predictions": [
        204.89049061203005,
        205.0599167523384,
        205.19892241668703,
        204.1016717596054
    ],
    "actual": [
        204.206,
        247.118,
        259.762,
        254.031
    ],
    "mse": 1809.8545369412213,
    "rmse": 42.542385181618826,
    "mape": 14.503618308271161
}