{
    "predictions": [
        78.88168100464344,
        85.04918656301498,
        78.34389956390858,
        87.47702591037749
    ],
    "actual": [
        68.44,
        90.8,
        103.327,
        78.782
    ],
    "mse": 210.46483509292656,
    "rmse": 14.507406215203549,
    "mape": 14.201420566484893
}