{
    "predictions": [
        1025.6307765582203,
        1034.3568052357434,
        1091.9808448934555,
        1148.3672493392228
    ],
    "actual": [
        1401.0,
        1583.0,
        1511.0,
        1968.0
    ],
    "mse": 322321.5768425922,
    "rmse": 567.7337200154595,
    "mape": 32.70766217615616
}