{
    "predictions": [
        571.1067404866219,
        576.0676520884037,
        574.3958329975605,
        583.8317308902741
    ],
    "actual": [
        565.5,
        591.7,
        687.5,
        760.2
    ],
    "mse": 11043.531195547483,
    "rmse": 105.08820673866066,
    "mape": 10.82129131147779
}