{
    "predictions": [
        55.62014663314819,
        54.40715558624267,
        52.7170988740921,
        56.34054801464081
    ],
    "actual": [
        198.99600000000004,
        82.63799999999999,
        82.973,
        135.795
    ],
    "mse": 7145.5113495553105,
    "rmse": 84.53112651299112,
    "mape": 50.2967548788785
}