{
    "predictions": [
        4977.732685327531,
        5178.622788071633,
        5055.405416846276,
        5104.5387560129175
    ],
    "actual": [
        5552.0,
        6433.000000000001,
        5505.0,
        5834.0
    ],
    "mse": 659373.5335466666,
    "rmse": 812.0181854778048,
    "mape": 12.628294116450189
}