{
    "predictions": [
        903.1798492661713,
        896.6489829499125,
        941.0532384685276,
        975.7094533360599
    ],
    "actual": [
        831.214,
        867.186,
        979.624,
        1019.5259999999998
    ],
    "mse": 2363.6860578947626,
    "rmse": 48.61775455422394,
    "mape": 5.072624866512608
}