{
    "predictions": [
        16.831601305305956,
        30.035646164417265,
        32.13698726296425,
        44.63937397599219
    ],
    "actual": [
        50.1,
        264.7,
        110.1,
        146.2
    ],
    "mse": 18141.734356551064,
    "rmse": 134.69125567961368,
    "mape": 73.8337356152697
}