{
    "predictions": [
        423.75727382302284,
        419.6822162628174,
        404.2946784257889,
        377.0240148305893
    ],
    "actual": [
        398.7,
        430.6,
        358.0,
        374.8
    ],
    "mse": 723.8021164219302,
    "rmse": 26.903570700223607,
    "mape": 5.586271745258671
}