{
    "predictions": [
        421.1847700178623,
        410.2783667325973,
        397.27715466618537,
        377.5140693724155
    ],
    "actual": [
        100.30000000000001,
        198.19999999999996,
        176.1,
        148.1
    ],
    "mse": 62373.604559405896,
    "rmse": 249.74708118295575,
    "mape": 176.85737870097915
}