{
    "predictions": [
        1001.8272831439974,
        -706.332148015499,
        -2840.928405970335,
        -3041.8340437505394
    ],
    "actual": [
        5947.000000000001,
        2406.0,
        6850.000000000001,
        4262.0
    ],
    "mse": 45350357.42684996,
    "rmse": 6734.267400901895,
    "mape": 131.33891029474367
}