{
    "predictions": [
        906.0021073009967,
        973.5455101685524,
        991.8649747169018,
        1036.1618182857037
    ],
    "actual": [
        889.819,
        1070.259,
        928.4,
        1205.29
    ],
    "mse": 10561.884235773525,
    "rmse": 102.77102819264545,
    "mape": 7.930815359609484
}