{
    "predictions": [
        453.19285241216426,
        456.09069917351013,
        444.74249118232734,
        445.4765427752734
    ],
    "actual": [
        325.5,
        405.6,
        472.09999999999997,
        439.90000000000003
    ],
    "mse": 4908.576594554537,
    "rmse": 70.06123460626809,
    "mape": 14.685172761494567
}