{
    "predictions": [
        3447.524031817913,
        3527.7747574448586,
        3614.236920773983,
        3662.9107192754745
    ],
    "actual": [
        3397.0000000000005,
        3875.0,
        4137.0,
        3748.0
    ],
    "mse": 100909.86738867457,
    "rmse": 317.66313507971705,
    "mape": 6.338626806874364
}