{
    "predictions": [
        41.12347799226642,
        45.56400226718188,
        45.807631937682636,
        54.10166494283081
    ],
    "actual": [
        125.2,
        84.4,
        81.3,
        109.4
    ],
    "mse": 3223.67758089658,
    "rmse": 56.777439013190616,
    "mape": 51.842740088985906
}