{
    "predictions": [
        384.958387758255,
        355.2195318951607,
        360.88259355962276,
        338.7099409393072
    ],
    "actual": [
        371.5930000000001,
        566.322,
        633.666,
        535.801
    ],
    "mse": 39499.6395051912,
    "rmse": 198.74516221833224,
    "mape": 30.176414990482954
}