{
    "predictions": [
        925.1210146460533,
        948.098176794529,
        981.4149807596207,
        1018.1178873949051
    ],
    "actual": [
        866.1569999999999,
        879.862,
        839.844,
        834.106
    ],
    "mse": 15508.91203564758,
    "rmse": 124.53478243305193,
    "mape": 13.370165244669552
}