{
    "predictions": [
        124.51627381145954,
        -105.09269690513611,
        -700.7898611277342,
        -767.6552924662828
    ],
    "actual": [
        2889.0,
        1704.0,
        2049.0,
        579.9999999999999
    ],
    "mse": 5073176.43150751,
    "rmse": 2252.3712907750155,
    "mape": 142.1033286452491
}