{
    "predictions": [
        33.67788143080473,
        -0.5431579580940307,
        21.816765766382222,
        4.918999989509583
    ],
    "actual": [
        45.82,
        0.0,
        46.557,
        0.0
    ],
    "mse": 196.00045368672647,
    "rmse": 14.000016203087998,
    "mape": Infinity
}