{
    "predictions": [
        2335.051263332367,
        2140.3190833330154,
        1845.1672966480255,
        1944.8647659420967
    ],
    "actual": [
        3081.0,
        2866.0,
        3156.0,
        4234.0
    ],
    "mse": 2010368.7016332624,
    "rmse": 1417.8747129536032,
    "mape": 36.28294062421408
}