{
    "predictions": [
        697.2111411744952,
        703.9460094217062,
        707.1240695754885,
        714.9710390161872
    ],
    "actual": [
        669.0,
        736.0,
        746.0,
        750.0
    ],
    "mse": 1140.423218084395,
    "rmse": 33.77015276963365,
    "mape": 4.613463151476489
}