{
    "predictions": [
        64.46674490815403,
        27.266991581767808,
        1.982305366188296,
        -18.979101361066096
    ],
    "actual": [
        180.398,
        160.93599999999998,
        232.07,
        174.917
    ],
    "mse": 30460.876265901774,
    "rmse": 174.53044509741494,
    "mape": 89.32939142846878
}