{
    "predictions": [
        30.106471193313592,
        18.60935268211364,
        0.07743438529967707,
        -15.783847848892217
    ],
    "actual": [
        76.08600000000001,
        110.079,
        86.41200000000002,
        79.07599999999998
    ],
    "mse": 6733.215350884349,
    "rmse": 82.05617192438574,
    "mape": 90.84907164881196
}