{
    "predictions": [
        49.969824116283654,
        50.645767455995085,
        50.78772226543427,
        51.0695766367197
    ],
    "actual": [
        56.058,
        56.85300000000001,
        54.173,
        79.776
    ],
    "mse": 227.77861727461257,
    "rmse": 15.092336375611715,
    "mape": 16.002832409660517
}