{
    "predictions": [
        717.9685884130001,
        634.2460210394859,
        604.6291315424443,
        617.9589845997095
    ],
    "actual": [
        700.2990000000001,
        767.8279999999999,
        767.8279999999999,
        716.0189999999999
    ],
    "mse": 13601.499185955934,
    "rmse": 116.6254654265351,
    "mape": 13.717578643246014
}