{
    "predictions": [
        150.48323782008887,
        305.4032970145345,
        376.4302421737909,
        270.5736122419834
    ],
    "actual": [
        144.883,
        320.671,
        356.712,
        281.266
    ],
    "mse": 191.90041212149876,
    "rmse": 13.852812426417199,
    "mape": 4.488955909751841
}