{
    "predictions": [
        1244.5859307169915,
        1252.236945474148,
        1329.6586454868318,
        1397.2000145792963
    ],
    "actual": [
        1164.0,
        1222.1,
        1303.3,
        1252.7
    ],
    "mse": 7244.340029338207,
    "rmse": 85.11368884814127,
    "mape": 5.7366815455418205
}