{
    "predictions": [
        2358469154.3877125,
        2384377656.4359665,
        2322380384.349823,
        2384663913.476467
    ],
    "actual": [
        3330000000.0,
        1988000000.0,
        3548000000.0,
        3990999999.9999995
    ],
    "mse": 1.2958616239080049e+18,
    "rmse": 1138359180.534863,
    "mape": 30.976633575613892
}