{
    "predictions": [
        25.381574671760198,
        16.526913164772093,
        20.361185821056367,
        34.61357435622811
    ],
    "actual": [
        47.190999999999995,
        47.447,
        67.776,
        53.216
    ],
    "mse": 1006.4794116254794,
    "rmse": 31.725059678832434,
    "mape": 54.07435632230745
}