{
    "predictions": [
        146.3644998512864,
        141.3224267692566,
        140.0992644073367,
        132.17744392490388
    ],
    "actual": [
        112.923,
        111.90800000000002,
        124.214,
        121.89100000000002
    ],
    "mse": 585.4237420946843,
    "rmse": 24.19553144889949,
    "mape": 19.281644222340304
}