{
    "predictions": [
        -41.139196071386394,
        -42.732903528511585,
        -17.58934300327307,
        -18.028930869937003
    ],
    "actual": [
        101.627,
        -119.23,
        -83.758,
        -82.454
    ],
    "mse": 8690.71830260641,
    "rmse": 93.22402213274437,
    "mape": 90.44355258167838
}