{
    "predictions": [
        290.7616874694824,
        289.85952233076097,
        288.71035091280936,
        277.38293142318724
    ],
    "actual": [
        243.9,
        259.3,
        230.59999999999997,
        243.6
    ],
    "mse": 1912.0003740813356,
    "rmse": 43.72642649567119,
    "mape": 17.516676644116288
}