{
    "predictions": [
        91.5926267680526,
        86.10866171956064,
        98.61276605033876,
        77.97044265508653
    ],
    "actual": [
        -80.341,
        100.55199999999999,
        92.724,
        91.88800000000002
    ],
    "mse": 7499.539500585948,
    "rmse": 86.59988164302506,
    "mape": 62.466489842462124
}