{
    "predictions": [
        230.97432885360718,
        228.35045771932602,
        237.94999983382223,
        229.5712016210556
    ],
    "actual": [
        178.149,
        207.35500000000002,
        260.6,
        214.7
    ],
    "mse": 991.3749396294223,
    "rmse": 31.486107089150007,
    "mape": 13.84892056415366
}