{
    "predictions": [
        361.06929067069296,
        364.48507246518136,
        370.1139465566874,
        379.74175105595594
    ],
    "actual": [
        385.994,
        318.341,
        329.815,
        319.965
    ],
    "mse": 1986.9454048017083,
    "rmse": 44.57516578546521,
    "mape": 12.963344979750547
}