{
    "predictions": [
        824.3749012396336,
        996.7191954584123,
        905.3985704395772,
        842.6619461216927
    ],
    "actual": [
        893.011,
        694.884,
        516.489,
        363.052
    ],
    "mse": 119272.93841720252,
    "rmse": 345.3591441053827,
    "mape": 64.63160852969555
}