{
    "predictions": [
        394.3432180714607,
        401.1556416136622,
        412.3749073168635,
        410.41591316473483
    ],
    "actual": [
        310.8,
        252.3,
        438.6,
        313.2
    ],
    "mse": 9819.040146160762,
    "rmse": 99.09106996173148,
    "mape": 30.72458894528694
}