{
    "predictions": [
        1358.4216084480288,
        1374.05656349659,
        1402.1094343662264,
        1534.5143787860873
    ],
    "actual": [
        1232.0,
        1309.0,
        1437.0,
        1978.0000000000002
    ],
    "mse": 54527.90683257687,
    "rmse": 233.5121128176799,
    "mape": 10.020090830041381
}