{
    "predictions": [
        1400.6548305062054,
        936.0326774784922,
        254.5586081390083,
        96.3089971497003
    ],
    "actual": [
        965.616,
        1227.052,
        1108.0,
        1021.0
    ],
    "mse": 464341.672555751,
    "rmse": 681.4262047762406,
    "mape": 59.09063041151709
}