{
    "predictions": [
        276.3973293364048,
        278.5135457603932,
        276.7898259814978,
        275.60035441720487
    ],
    "actual": [
        349.00000000000006,
        319.0,
        209.99999999999997,
        323.0
    ],
    "mse": 3404.477005098901,
    "rmse": 58.34789632110913,
    "mape": 19.99355696362221
}