{
    "predictions": [
        343.72755113840105,
        348.1309899806976,
        341.84604212045673,
        340.57367024421694
    ],
    "actual": [
        348.8999999999999,
        315.0,
        333.8,
        347.6
    ],
    "mse": 309.63120699202693,
    "rmse": 17.596340727322456,
    "mape": 4.108024536869329
}