{
    "predictions": [
        148.14000049233437,
        81.59422101676465,
        33.36526255309582,
        -22.260845901072024
    ],
    "actual": [
        166.39999999999998,
        204.79999999999998,
        136.99999999999997,
        90.0
    ],
    "mse": 9713.936971249695,
    "rmse": 98.55930687281489,
    "mape": 67.87817403646731
}