{
    "predictions": [
        848.0753099918364,
        866.4287745952605,
        893.3671891689299,
        923.1613171100615
    ],
    "actual": [
        3510.0,
        997.9999999999999,
        912.0,
        969.0000000000001
    ],
    "mse": 1776400.6022795283,
    "rmse": 1332.8167924660645,
    "mape": 23.94884634233489
}