{
    "predictions": [
        57.41602958792448,
        109.51049876266717,
        143.77055047029256,
        184.1228568737507
    ],
    "actual": [
        102.544,
        232.52100000000002,
        218.72500000000002,
        83.987
    ],
    "mse": 8203.369116078695,
    "rmse": 90.57245230244511,
    "mape": 62.601993481274796
}