{
    "predictions": [
        38.8420779452324,
        38.80067580056191,
        37.94036302423478,
        37.210261719584466
    ],
    "actual": [
        46.621,
        46.621,
        46.621,
        53.388
    ],
    "mse": 114.68544327327784,
    "rmse": 10.709128968934767,
    "mape": 20.59537100704732
}