{
    "predictions": [
        564.3560373326541,
        677.2552792532445,
        717.8935265027285,
        520.3428482278586
    ],
    "actual": [
        671.694,
        526.595,
        660.911,
        254.55400000000003
    ],
    "mse": 27027.669535791974,
    "rmse": 164.40094140786414,
    "mape": 39.40645518401996
}