{
    "predictions": [
        1118.3284853458404,
        1170.018559217453,
        1023.6140354394913,
        1099.6079669713974
    ],
    "actual": [
        979.9,
        977.8,
        1089.4,
        1080.9
    ],
    "mse": 15197.050306034116,
    "rmse": 123.2763168902856,
    "mape": 10.388644294615288
}