{
    "predictions": [
        51.09794425964356,
        45.63369226455689,
        47.07572507858277,
        39.55552768707276
    ],
    "actual": [
        103.0,
        16.999999999999993,
        70.00000000000001,
        90.99999999999999
    ],
    "mse": 1671.4419587511668,
    "rmse": 40.88327235864525,
    "mape": 77.02629515466532
}