{
    "predictions": [
        31.51669169425964,
        31.32300256848335,
        31.475579289197917,
        32.135868201255796
    ],
    "actual": [
        37.29,
        26.31,
        32.13,
        22.4
    ],
    "mse": 38.41916991092545,
    "rmse": 6.198319926474064,
    "mape": 20.00906955363944
}