{
    "predictions": [
        24.675366891264915,
        15.743168269708752,
        8.021569084912539,
        -9.507964429225773
    ],
    "actual": [
        51.366,
        65.966,
        56.633,
        37.008
    ],
    "mse": 1940.3822212868936,
    "rmse": 44.04976982104326,
    "mape": 84.9059036397699
}