{
    "predictions": [
        -26794144.173383698,
        73299551.80096628,
        69646405.44819833,
        143643617.4695492
    ],
    "actual": [
        19759999.999999996,
        32717999.99999999,
        50888000.00000001,
        61488000.000000015
    ],
    "mse": 2728893485763150.0,
    "rmse": 52238812.06309299,
    "mape": 132.52670115610047
}