{
    "predictions": [
        101.92951446342471,
        107.34422357177736,
        103.74649921369554,
        87.04957330787184
    ],
    "actual": [
        38.036,
        39.358,
        53.76899999999999,
        35.732
    ],
    "mse": 3458.9378859758244,
    "rmse": 58.81273574639956,
    "mape": 144.32154982222428
}