{
    "predictions": [
        251.5845761919617,
        258.8525573909282,
        252.75501166373485,
        263.0815184760093
    ],
    "actual": [
        268.8829999999999,
        254.37700000000004,
        250.206,
        253.465
    ],
    "mse": 104.56024206582002,
    "rmse": 10.225470261353266,
    "mape": 3.251411375209387
}