{
    "predictions": [
        436.9900220032334,
        435.9194375613928,
        435.25369730478525,
        436.1964207552075
    ],
    "actual": [
        528.974,
        577.48,
        534.873,
        623.953
    ],
    "mse": 18419.245891307834,
    "rmse": 135.7175224181013,
    "mape": 22.65473606696003
}