{
    "predictions": [
        43.82394579946995,
        50.043187212944034,
        35.47072636783123,
        47.139415958523756
    ],
    "actual": [
        85.8,
        32.4,
        18.100000000000005,
        79.4
    ],
    "mse": 853.9396496300118,
    "rmse": 29.222245800588492,
    "mape": 59.994686004121014
}