{
    "predictions": [
        168.68366350144143,
        161.77787827494737,
        156.05166437411305,
        137.90420505487916
    ],
    "actual": [
        85.0,
        113.0,
        113.0,
        121.0
    ],
    "mse": 2880.358724986685,
    "rmse": 53.66897357865795,
    "mape": 48.421717054067685
}