{
    "predictions": [
        4090.6472571492195,
        4222.341132640839,
        4043.280711054802,
        4036.9756485819817
    ],
    "actual": [
        2628.9999999999995,
        2968.0,
        2888.0,
        4000.0
    ],
    "mse": 1261456.2753224717,
    "rmse": 1123.1457052949415,
    "mape": 34.69660859285838
}