{
    "predictions": [
        75.71187201142313,
        74.58449238538742,
        76.79257637262346,
        77.26938050985338
    ],
    "actual": [
        88.99999999999999,
        128.0,
        80.0,
        108.0
    ],
    "mse": 996.1123349352918,
    "rmse": 31.561247360256402,
    "mape": 22.281225762467372
}