{
    "predictions": [
        389.65561917865284,
        404.24636506605157,
        359.08366547083864,
        370.49707041728504
    ],
    "actual": [
        -347.817,
        -170.508,
        332.5180000000001,
        384.13100000000003
    ],
    "mse": 218775.01570461938,
    "rmse": 467.7339154953587,
    "mape": 140.16274209460772
}