{
    "predictions": [
        1828.9916101694107,
        1737.958726525307,
        1718.6193537116053,
        2313.9389350414276
    ],
    "actual": [
        4185.0,
        2518.0,
        2039.0,
        1315.0
    ],
    "mse": 1814940.6689335043,
    "rmse": 1347.1973385267297,
    "mape": 44.738168923328445
}