{
    "predictions": [
        133.24288014197347,
        118.36763994812965,
        110.65062873649596,
        69.8076192548573
    ],
    "actual": [
        158.194,
        171.072,
        149.75,
        144.842
    ],
    "mse": 2639.8067694137903,
    "rmse": 51.37904990765974,
    "mape": 31.12370861706556
}