{
    "predictions": [
        174.90842283500731,
        174.16836947885156,
        176.1308472381532,
        176.02650742846726
    ],
    "actual": [
        199.604,
        251.648,
        166.424,
        183.561
    ],
    "mse": 1690.9890347052774,
    "rmse": 41.12163706256449,
    "mape": 13.274601043170895
}