{
    "predictions": [
        11898.157524645329,
        11902.751219451427,
        11833.16216635704,
        11831.048638999462
    ],
    "actual": [
        12155.0,
        12215.0,
        10432.0,
        11259.0
    ],
    "mse": 613490.6049779693,
    "rmse": 783.2564107480828,
    "mape": 5.795382869942856
}