{
    "predictions": [
        162640811.88416478,
        248892668.4674024,
        270255701.31194586,
        220006723.36244577
    ],
    "actual": [
        -135000000.0,
        62999999.99999997,
        27999999.99999999,
        8000000.000000016
    ],
    "mse": 5.669520316450493e+16,
    "rmse": 238107545.37499422,
    "mape": 1007.7063446208259
}