{
    "predictions": [
        81.9629041366577,
        102.18572835952043,
        126.04072502797841,
        147.37784138989448
    ],
    "actual": [
        148.0,
        195.99999999999994,
        251.99999999999997,
        233.0
    ],
    "mse": 9089.727147507336,
    "rmse": 95.34006055959549,
    "mape": 44.803907626521806
}