{
    "predictions": [
        124.18975049257278,
        337.024877846241,
        491.9992075562477,
        725.1663262844086
    ],
    "actual": [
        426.0,
        343.0,
        925.0000000000001,
        895.9999999999999
    ],
    "mse": 76949.7397811426,
    "rmse": 277.3981610990646,
    "mape": 34.61666230960396
}