{
    "predictions": [
        535.4029776858091,
        702.5033542428017,
        788.456773919344,
        912.5504761211872
    ],
    "actual": [
        546.0,
        744.0,
        536.0,
        355.0
    ],
    "mse": 94107.80615293779,
    "rmse": 306.76995640534585,
    "mape": 52.91874231565058
}