{
    "predictions": [
        1561.1840677261353,
        1565.8510427474976,
        1665.390537261963,
        1684.736970424652
    ],
    "actual": [
        1513.0,
        1573.0,
        1684.0,
        1706.0
    ],
    "mse": 792.8101256388518,
    "rmse": 28.156884160695974,
    "mape": 1.4976480881072325
}