{
    "predictions": [
        259.1045457212925,
        244.76257535272833,
        276.69683270597454,
        282.6280574787259
    ],
    "actual": [
        194.86100000000002,
        185.92300000000003,
        274.429,
        235.48499999999999
    ],
    "mse": 2454.234932039483,
    "rmse": 49.54023548631438,
    "mape": 21.365532859562553
}