{
    "predictions": [
        9235.50797778368,
        9504.450172424316,
        9466.836811423302,
        9690.099917173386
    ],
    "actual": [
        9969.0,
        11151.0,
        9968.0,
        11233.0
    ],
    "mse": 1470210.5221288092,
    "rmse": 1212.52238005276,
    "mape": 10.221702913970745
}