{
    "predictions": [
        79.84399656593799,
        76.9209076052308,
        79.52922542417048,
        79.12807287991045
    ],
    "actual": [
        19.926999999999992,
        18.212999999999997,
        8.289000000000003,
        18.068000000000005
    ],
    "mse": 3960.0417778633855,
    "rmse": 62.92886283624856,
    "mape": 455.1060248964184
}