{
    "predictions": [
        355.15653370845314,
        365.8978660423159,
        379.8215103523731,
        373.743848875761
    ],
    "actual": [
        364.04,
        362.1019999999999,
        319.141,
        256.707
    ],
    "mse": 4368.268225939108,
    "rmse": 66.0928757578236,
    "mape": 17.02345956074393
}