{
    "predictions": [
        373.8074626922608,
        347.1387164592743,
        417.9683670401574,
        425.34139114618307
    ],
    "actual": [
        344.0,
        403.0,
        443.0,
        456.99999999999994
    ],
    "mse": 1409.4544985407808,
    "rmse": 37.54270233401934,
    "mape": 8.776071942954196
}