{
    "predictions": [
        581.2612800598145,
        601.9894466102123,
        614.567327529192,
        641.9640360176563
    ],
    "actual": [
        535.0,
        649.0,
        661.0,
        728.0
    ],
    "mse": 3477.069583484784,
    "rmse": 58.96668197791685,
    "mape": 8.683310486022872
}