{
    "predictions": [
        122443558.27248095,
        121622545.3751087,
        117833950.80691575,
        119745041.0966873
    ],
    "actual": [
        69724999.99999999,
        89027999.99999999,
        19414000.0,
        140931000.0
    ],
    "mse": 3494245586506890.5,
    "rmse": 59112144.15419974,
    "mape": 158.55179488547216
}