{
    "predictions": [
        560.8740133025705,
        534.4273068725864,
        522.2107979944624,
        545.233156944035,
        586.8109592735858,
        561.1638166920534
    ],
    "actual": [
        509.0,
        461.00000000000006,
        431.0,
        469.00000000000006,
        504.0,
        483.99999999999994
    ],
    "mse": 5837.549353568839,
    "rmse": 76.40385692861872,
    "mape": 15.98497938916989
}