{
    "predictions": [
        2764.4380516482533,
        2750.8848796817483,
        2359.1699764122077,
        2873.563293022984,
        2905.7081127467727,
        2892.2774580862206
    ],
    "actual": [
        1293.9999999999998,
        1224.0,
        84.0,
        1514.0,
        223.99999999999977,
        1735.0
    ],
    "mse": 3341537.6309675407,
    "rmse": 1827.987316960252,
    "mape": 716.7681148929316
}