{
    "predictions": [
        -9.938482357318614,
        92.93352613142815,
        125.22253669789153,
        123.11315396525237,
        81.7742839057595,
        -5.950099651972188
    ],
    "actual": [
        180.73199999999997,
        180.73199999999997,
        144.483,
        144.483,
        50.157,
        -436.318
    ],
    "mse": 38517.93715228848,
    "rmse": 196.25987147730552,
    "mape": 57.31208089884595
}