{
    "predictions": [
        21603.771874767557,
        20761.311038035325,
        14997.491823520377,
        16973.900869265228,
        11873.48960332936,
        10573.05053160824
    ],
    "actual": [
        29622.0,
        43221.0,
        30736.0,
        28202.0,
        32502.0,
        45912.0
    ],
    "mse": 436146208.49371403,
    "rmse": 20884.113782818604,
    "mape": 51.748553408662204
}