{
    "predictions": [
        1772.9595100939948,
        2039.268051113994,
        1880.3943012338366,
        1962.0436178532266,
        2227.421196927581,
        2117.6061281747675
    ],
    "actual": [
        2278.0,
        2410.0,
        2382.0,
        2552.0,
        2399.0,
        2664.0
    ],
    "mse": 220025.0721786079,
    "rmse": 469.06830225310244,
    "mape": 18.231896487506535
}