{
    "predictions": [
        64989824.67271135,
        83650292.725736,
        34898470.451440245,
        72152047.34954986,
        62174742.39504629,
        80117350.69074036
    ],
    "actual": [
        55400000.0,
        62200000.0,
        33300000.0,
        33300000.0,
        53900000.00000001,
        75800000.0
    ],
    "mse": 358537894166685.1,
    "rmse": 18935096.88823073,
    "mape": 32.38615340904663
}