{
    "predictions": [
        161.07244462785354,
        153.62826803849916,
        158.1430803448576,
        166.74551143066796,
        163.72184221321754,
        161.1970477501033
    ],
    "actual": [
        167.718,
        160.425,
        162.405,
        171.685,
        166.132,
        143.003
    ],
    "mse": 78.2922853540718,
    "rmse": 8.848292793193034,
    "mape": 4.645658881240363
}