{
    "predictions": [
        49281469.1014324,
        50162850.142836586,
        172423780.5058119,
        13720838.2074496,
        55722123.557086095,
        71045217.08748615
    ],
    "actual": [
        42455999.99999999,
        92388000.0,
        201251000.0,
        41721000.0,
        88826999.99999999,
        159486999.99999997
    ],
    "mse": 2060408293689072.0,
    "rmse": 45391720.541185394,
    "mape": 39.32340918290054
}