{
    "predictions": [
        1953.9087228685703,
        1963.6258676550103,
        1979.4190733344415,
        1969.7232444600752,
        2001.0698022588945,
        2008.898356326746
    ],
    "actual": [
        1964.9999999999998,
        1964.9999999999998,
        2119.0,
        2099.0,
        2205.0,
        2175.0
    ],
    "mse": 17582.91681025605,
    "rmse": 132.60059128923993,
    "mape": 5.044307688810066
}