{
    "predictions": [
        109.76027096448435,
        114.61966902313411,
        119.96205218260256,
        124.75197192893611,
        129.54189167526968,
        134.33181142160325
    ],
    "actual": [
        141.684,
        117.548,
        127.372,
        141.084,
        134.345,
        140.463
    ],
    "mse": 235.00056472943757,
    "rmse": 15.329728136188116,
    "mape": 8.392779101515318
}