{
    "predictions": [
        863.9001789292768,
        886.9684578870149,
        800.3449944764458,
        872.3616304740144,
        791.7811846205401,
        813.9334051754158
    ],
    "actual": [
        920.397,
        1033.908,
        1033.908,
        1092.712,
        1092.712,
        1070.803
    ],
    "mse": 47405.07118619964,
    "rmse": 217.72705662411283,
    "mape": 19.105739940236834
}