{
    "predictions": [
        1217.2650131678722,
        1249.2071124035986,
        1314.1007284975824,
        1240.3327465400096,
        1236.8253413433633,
        1257.136137286218
    ],
    "actual": [
        1253.0,
        1074.0,
        1331.0,
        1069.0,
        748.0,
        679.0
    ],
    "mse": 105801.10408510659,
    "rmse": 325.2708165284838,
    "mape": 31.159788874708923
}