{
    "predictions": [
        299.5564307324261,
        310.5023010104056,
        289.08596954973973,
        292.684300706737,
        303.79766759137163,
        309.0770710669639
    ],
    "actual": [
        380.99999999999994,
        376.0,
        353.99999999999994,
        402.00000000000006,
        404.99999999999994,
        435.0
    ],
    "mse": 8864.208854211165,
    "rmse": 94.14992753162991,
    "mape": 23.043692072394265
}