{
    "predictions": [
        503.6270493677601,
        619.6943321565813,
        545.6065746806188,
        610.3385202456258,
        580.856938266499,
        700.8617045315203
    ],
    "actual": [
        497.9,
        527.0,
        300.0,
        -210.1,
        195.19999999999996,
        348.1
    ],
    "mse": 169206.5145924446,
    "rmse": 411.3471947059377,
    "mape": 131.6694254001042
}