{
    "predictions": [
        457.1403701672197,
        -484.222655121367,
        60.62966089890094,
        -73.824933118582,
        767.480882287367,
        617.7817969646173
    ],
    "actual": [
        -22.246,
        -775.675,
        -5.853999999999998,
        -320.666,
        -967.584,
        137.256
    ],
    "mse": 603576.9229997314,
    "rmse": 776.9021321889466,
    "mape": 655.7657832418249
}