{
    "predictions": [
        193.68191754980225,
        186.71821956500224,
        188.90629777569927,
        195.0574308138769,
        192.47270778522523,
        191.36636516293984
    ],
    "actual": [
        70.582,
        70.582,
        91.482,
        111.321,
        46.36699999999998,
        129.278
    ],
    "mse": 11724.389629030338,
    "rmse": 108.27922067059006,
    "mape": 147.29970037958788
}