{
    "predictions": [
        1979.9873822403476,
        1961.1317470166068,
        1962.1141906960152,
        1919.3039461704695,
        1919.3039461704695,
        1919.3039461704695
    ],
    "actual": [
        2101.0,
        2058.0,
        2008.0,
        2037.0,
        2156.0,
        2280.0
    ],
    "mse": 37685.34097038188,
    "rmse": 194.1271257974575,
    "mape": 7.554703296387426
}