{
    "predictions": [
        124.41817107027946,
        92.44253174581652,
        85.58405682148715,
        110.7465088654892,
        124.16294775451676,
        102.46063289111257
    ],
    "actual": [
        164.822,
        87.98700000000001,
        87.98700000000001,
        87.98700000000001,
        87.98700000000001,
        114.111
    ],
    "mse": 603.4201307911527,
    "rmse": 24.564611350297255,
    "mape": 18.250028531679266
}