{
    "predictions": [
        279.89337754048375,
        275.01456566562666,
        210.07871255266917,
        227.72019383605613,
        280.5976886262399,
        278.5308461655515
    ],
    "actual": [
        324.347,
        324.347,
        233.34600000000003,
        247.32399999999998,
        300.367,
        283.628
    ],
    "mse": 958.716026300563,
    "rmse": 30.96313980042339,
    "mape": 9.198618457944013
}