{
    "predictions": [
        2474.5838720368342,
        2548.687614692155,
        2559.2020107974395,
        2587.529729671347,
        2653.5835741164447,
        2715.501487599966
    ],
    "actual": [
        2791.5,
        2416.7,
        1947.0,
        1955.4999999999998,
        2123.1,
        1581.0
    ],
    "mse": 410102.648597008,
    "rmse": 640.3925738146938,
    "mape": 29.553849407692027
}