{
    "predictions": [
        19204.362200429547,
        20206.04243997824,
        19075.28474309379,
        19360.907692446504,
        17652.074227863126,
        18575.43766769588
    ],
    "actual": [
        23319.0,
        27029.0,
        25311.0,
        27872.0,
        30853.0,
        36834.0
    ],
    "mse": 113740895.13408728,
    "rmse": 10664.93765261135,
    "mape": 31.736203570458187
}