{
    "predictions": [
        1001.8760358678098,
        1001.8760358678098,
        1001.8760358678098,
        1001.8760358678098,
        1001.8760358678098,
        1001.8760358678098
    ],
    "actual": [
        1095.9,
        1016.1000000000001,
        1132.1,
        1265.5,
        1229.6,
        1040.3
    ],
    "mse": 24805.55119092471,
    "rmse": 157.49778154286716,
    "mape": 10.754609317634694
}