{
    "predictions": [
        13.52448083972772,
        23.41736160653983,
        21.093912837133995,
        21.65622533913826,
        22.960201409004767,
        32.891221955791806
    ],
    "actual": [
        7.134,
        9.83,
        2.387,
        6.716999999999999,
        13.41,
        23.975
    ],
    "mse": 161.5481738894966,
    "rmse": 12.710160262148413,
    "mape": 223.719471941626
}