{
    "predictions": [
        762.961654801177,
        781.1884258621084,
        719.9420419564054,
        756.8420187592291,
        799.1147523509475,
        816.2514756477916
    ],
    "actual": [
        767.9,
        821.3000000000001,
        804.6000000000001,
        843.7,
        1032.0,
        1109.5
    ],
    "mse": 26095.806667627297,
    "rmse": 161.54196565483318,
    "mape": 12.556789289739957
}