{
    "predictions": [
        297.0717775295658,
        65.71298196568999,
        -150.75442940427163,
        -149.49934801341882,
        -14.620733014502651,
        24.880220594788483
    ],
    "actual": [
        258.99000000000007,
        341.07500000000005,
        262.33700000000005,
        130.20799999999997,
        174.93499999999995,
        282.874
    ],
    "mse": 71441.22641102558,
    "rmse": 267.28491616816984,
    "mape": 111.21359269228282
}