{
    "predictions": [
        372242584.53917783,
        299315315.9557617,
        327766330.86278206,
        323305489.31337994,
        305532185.2086416,
        298521955.1031911
    ],
    "actual": [
        420882000.0,
        272494000.0,
        268204000.0,
        269811000.0,
        361155000.0,
        342288000.0
    ],
    "mse": 2417311930316559.5,
    "rmse": 49166166.5204494,
    "mape": 15.270272523654342
}