{
    "predictions": [
        448.65827307402145,
        514.1780055799011,
        448.3536477249688,
        466.8374507102905,
        466.65133838589236,
        531.2633678956852
    ],
    "actual": [
        416.447,
        399.511,
        226.465,
        247.314,
        219.634,
        306.143
    ],
    "mse": 37217.99186456967,
    "rmse": 192.91965131776925,
    "mape": 68.19683227873833
}