{
    "predictions": [
        124.34182297991764,
        116.53938355369093,
        108.28954595136915,
        123.91017149761484,
        133.8831214192253,
        130.9208460819276
    ],
    "actual": [
        123.39999999999999,
        110.7,
        95.4,
        104.9,
        102.3,
        100.0
    ],
    "mse": 419.3507878362645,
    "rmse": 20.478056251418604,
    "mape": 16.577552786865578
}