{
    "predictions": [
        62999660.21470141,
        82847505.75486764,
        85762508.73476544,
        90602483.83997412,
        76642166.2228059,
        85608941.63840595
    ],
    "actual": [
        79923000.0,
        85211000.0,
        88984000.0,
        90853999.99999999,
        90308000.0,
        124029000.0
    ],
    "mse": 327547116370062.2,
    "rmse": 18098262.799784463,
    "mape": 12.325756242558594
}