{
    "predictions": [
        158.23891377725033,
        138.6309968474461,
        120.42574979495419,
        107.27788602713115,
        99.33178356412881,
        95.35124205529158
    ],
    "actual": [
        164.6,
        167.2,
        147.9,
        177.2,
        185.2,
        202.90000000000003
    ],
    "mse": 4240.112289192552,
    "rmse": 65.11614461247343,
    "mape": 29.726314293538376
}