{
    "predictions": [
        425.7284654082418,
        429.9189618206147,
        434.30374488483403,
        431.6060029287288,
        433.62050800776507,
        434.8484982302904
    ],
    "actual": [
        430.11799999999994,
        442.95599999999996,
        438.58399999999995,
        440.57,
        517.9459999999999,
        641.192
    ],
    "mse": 8329.389254681046,
    "rmse": 91.26548775238669,
    "mape": 9.239379808646603
}