{
    "predictions": [
        5209.51208680362,
        5278.004551064101,
        5345.4923488873255,
        5411.990216998875,
        5477.512675961958,
        5542.074033348138
    ],
    "actual": [
        5140.0,
        5840.0,
        5840.0,
        6673.0,
        6673.0,
        7607.0
    ],
    "mse": 1308077.24905979,
    "rmse": 1143.7120481396487,
    "mape": 13.900123824478044
}