{
    "predictions": [
        82090948.99950856,
        83830273.13902152,
        86180562.07788196,
        86842520.59972218,
        83452709.09118322,
        81360875.6909675
    ],
    "actual": [
        118800000.0,
        126000000.0,
        137400000.0,
        116500000.0,
        133500000.00000001,
        132100000.0
    ],
    "mse": 1951337876213501.2,
    "rmse": 44173950.19933695,
    "mape": 33.833471113981474
}