{
    "predictions": [
        335.95673683900554,
        335.1736172875895,
        337.2650597003667,
        336.13061782734917,
        337.4886933579544,
        336.21556444636747
    ],
    "actual": [
        282.337,
        284.219,
        210.844,
        201.76200000000003,
        188.459,
        176.15
    ],
    "mse": 14556.582236350825,
    "rmse": 120.65066198057441,
    "mape": 55.570564981153815
}