{
    "predictions": [
        319.4465809919599,
        291.7478601084078,
        275.8456963725313,
        285.55114364979784,
        308.0699416321399,
        319.72384710782404
    ],
    "actual": [
        328.3,
        338.1,
        340.3,
        346.2,
        347.4,
        358.6
    ],
    "mse": 2186.2922813776954,
    "rmse": 46.75780449697885,
    "mape": 12.504595621282164
}