{
    "predictions": [
        203.16203398199139,
        187.62683860974244,
        197.13969202152484,
        191.31457184339604,
        194.88153788616256,
        192.69733458027704
    ],
    "actual": [
        245.90000000000003,
        238.20000000000002,
        181.00000000000003,
        274.0,
        278.0,
        264.0
    ],
    "mse": 3912.3828200797457,
    "rmse": 62.54904331866112,
    "mape": 22.435506877832367
}