{
    "predictions": [
        1290.4342495824417,
        950.9872787706474,
        811.5006352951696,
        1038.4182624011053,
        1338.789113208832,
        1015.2682556004594
    ],
    "actual": [
        1380.986,
        968.828,
        868.21,
        1029.405,
        1472.02,
        974.322
    ],
    "mse": 5207.027804143844,
    "rmse": 72.15973811027756,
    "mape": 4.843212309009352
}