{
    "predictions": [
        89.67454951175326,
        88.31638075680853,
        77.30599241714266,
        82.07098353151844,
        96.46773000310758,
        91.53585758645352
    ],
    "actual": [
        86.91,
        77.681,
        69.455,
        90.072,
        88.073,
        84.317
    ],
    "mse": 61.498633497790905,
    "rmse": 7.842106445196399,
    "mape": 9.191963439076593
}