{
    "predictions": [
        205.74055399720802,
        127.98362220505639,
        278.22619653958265,
        277.65147906110076,
        161.62743314174566,
        182.80731137163045
    ],
    "actual": [
        308.97600000000006,
        290.623,
        308.179,
        303.83,
        603.785,
        331.721
    ],
    "mse": 42728.368417587866,
    "rmse": 206.7084139980467,
    "mape": 37.6386859382616
}