{
    "predictions": [
        713.7318529485271,
        664.5479041992845,
        711.3094384705405,
        666.8510095926533,
        709.1197659346608,
        668.9328360814416
    ],
    "actual": [
        749.0,
        780.0,
        554.0,
        135.0,
        350.0,
        382.0
    ],
    "mse": 88913.7071940947,
    "rmse": 298.18401565827554,
    "mape": 103.26468670141142
}