{
    "predictions": [
        242.97005939147715,
        316.1381620837121,
        348.55509174941864,
        328.3531253723973,
        265.86899004996224,
        338.6269336285262
    ],
    "actual": [
        302.29999999999995,
        299.4,
        213.4,
        185.0,
        235.49999999999997,
        198.1
    ],
    "mse": 10547.886655678403,
    "rmse": 102.70290480642893,
    "mape": 41.6453317041638
}