{
    "predictions": [
        268.3955856288739,
        171.51694474216086,
        110.16885147516977,
        112.71714081199501,
        115.2654301488202,
        117.81371948564544
    ],
    "actual": [
        221.41499999999996,
        217.85599999999997,
        161.074,
        179.644,
        192.107,
        164.62
    ],
    "mse": 3253.412808018215,
    "rmse": 57.03869570754765,
    "mape": 29.963328486757206
}