{
    "predictions": [
        422.78831599003286,
        256.5506698875871,
        161.3180070881334,
        286.50213804818657,
        396.79903011660025,
        280.73607923624655
    ],
    "actual": [
        300.5,
        230.6,
        89.3,
        265.2,
        316.3,
        237.8
    ],
    "mse": 4931.974112592939,
    "rmse": 70.22801515487205,
    "mape": 30.688998654744797
}