{
    "predictions": [
        510.1969392140276,
        432.8719845327802,
        511.4579435258197,
        505.49529306294346,
        504.7569651733927,
        433.66499854189806
    ],
    "actual": [
        541.0,
        392.99999999999994,
        421.0,
        520.0,
        543.0,
        357.0
    ],
    "mse": 3045.280248132532,
    "rmse": 55.18405791650821,
    "mape": 11.438798251626743
}