{
    "predictions": [
        786.7342261842165,
        781.7397289867635,
        720.9677764306474,
        715.6420545050462,
        727.4430654393124,
        730.375322262078
    ],
    "actual": [
        410.3,
        652.1,
        681.5000000000001,
        918.9000000000002,
        762.0000000000002,
        535.5
    ],
    "mse": 40091.87611847684,
    "rmse": 200.22955855336852,
    "mape": 30.077294307977787
}