{
    "predictions": [
        400.8441186620886,
        16.826719626639317,
        -166.81885531604226,
        -68.79194292941955,
        -245.78411461938634,
        -460.09446392163034
    ],
    "actual": [
        782.239,
        632.585,
        513.978,
        632.838,
        569.728,
        440.634
    ],
    "mse": 492793.5041986788,
    "rmse": 701.9925243182287,
    "mape": 122.8301185854448
}