{
    "predictions": [
        96.85132132382219,
        101.47193930447567,
        140.88343907508553,
        101.35288536139292,
        75.07911966062042,
        88.80270779203501
    ],
    "actual": [
        106.214,
        140.586,
        -9.422,
        95.656,
        83.753,
        18.190000000000005
    ],
    "mse": 4883.856619387803,
    "rmse": 69.8845950076825,
    "mape": 339.4008042901128
}