{
    "predictions": [
        4882.01291582659,
        4581.1613063698105,
        4965.653618349658,
        4771.48442602786,
        4765.658177023083,
        4654.464322987178
    ],
    "actual": [
        5150.0,
        4889.0,
        -8559.0,
        4403.0,
        4773.0,
        4725.0
    ],
    "mse": 30537274.53187326,
    "rmse": 5526.054155713031,
    "mape": 29.922086396498663
}