{
    "predictions": [
        242.28715556429557,
        231.15477053377478,
        407.3894354417493,
        560.3451037223471,
        287.74758801130537,
        286.5811049447701
    ],
    "actual": [
        228.60000000000002,
        204.2,
        425.2,
        566.0,
        212.70000000000002,
        338.0
    ],
    "mse": 1589.8558631299459,
    "rmse": 39.87299666603886,
    "mape": 12.4785678009418
}