{
    "predictions": [
        924.3001516016553,
        956.4232674132182,
        970.6434574769202,
        878.6027259201358,
        973.4404672664243,
        923.7786098856798
    ],
    "actual": [
        1014.0,
        1008.0,
        981.0,
        807.9999999999999,
        1146.0,
        1251.0
    ],
    "mse": 25441.47591882979,
    "rmse": 159.5038429594403,
    "mape": 10.828481465541843
}