{
    "predictions": [
        601.9270899197492,
        398.3675295375949,
        242.80666580095428,
        212.9666637257004,
        337.15661823748286,
        314.5638953855008
    ],
    "actual": [
        235.00000000000003,
        329.40000000000003,
        160.30000000000004,
        343.8,
        208.69999999999996,
        129.6
    ],
    "mse": 35671.577765822985,
    "rmse": 188.86920809338665,
    "mape": 78.4786066636137
}