{
    "predictions": [
        343.33802881634085,
        343.89208442466963,
        334.55786622020935,
        331.82568200981086,
        333.0895829814141,
        333.0895829814141
    ],
    "actual": [
        306.249,
        282.669,
        326.554,
        282.694,
        293.136,
        290.329
    ],
    "mse": 1837.7670710928176,
    "rmse": 42.86918556600787,
    "mape": 13.65975359626531
}