{
    "predictions": [
        67354730.74869624,
        86140172.42346315,
        51373787.26212429,
        60547829.95942535,
        73235724.17571086,
        90551683.49672395
    ],
    "actual": [
        51122000.000000015,
        65842000.00000001,
        22498000.000000007,
        22498000.000000007,
        22498000.000000007,
        65211000.0
    ],
    "mse": 1028930815975433.4,
    "rmse": 32076951.475715913,
    "mape": 104.07262161591686
}