{
    "predictions": [
        226740207.7215329,
        234661163.36369714,
        235839926.8056918,
        244442297.45962682,
        244796253.41548482,
        251739690.238064
    ],
    "actual": [
        218431000.0,
        216994999.99999997,
        198388000.0,
        194810000.00000003,
        200716000.0,
        198623000.0
    ],
    "mse": 1501933259425332.2,
    "rmse": 38754783.69731061,
    "mape": 17.50078264574724
}