{
    "predictions": [
        533.5024825314475,
        569.6406557417336,
        544.0437307273897,
        562.5683162554981,
        531.4887668328068,
        616.0160608593751
    ],
    "actual": [
        606.9,
        596.5,
        582.3,
        564.8,
        515.9,
        597.2
    ],
    "mse": 1362.3660488592989,
    "rmse": 36.91024314278218,
    "mape": 4.955670988944
}