{
    "predictions": [
        596839391.4853328,
        639721385.1605884,
        734781679.0628161,
        700251487.330792,
        654851207.954138,
        684401372.361701
    ],
    "actual": [
        679000000.0,
        675000000.0,
        551000000.0,
        578000000.0,
        755000000.0,
        758000000.0
    ],
    "mse": 1.2027102751452162e+16,
    "rmse": 109668148.29955032,
    "mape": 15.801000597427194
}