{
    "predictions": [
        142.54443507785,
        146.2016250783345,
        141.46930020978425,
        135.160491830724,
        138.9880119721024,
        130.56966988342975
    ],
    "actual": [
        186.99999999999997,
        200.0,
        219.0,
        200.0,
        213.0,
        190.99999999999997
    ],
    "mse": 4035.88879936551,
    "rmse": 63.528645502367745,
    "mape": 30.8134075749337
}