{
    "predictions": [
        483.8792348775251,
        382.52786852217093,
        404.429433002359,
        498.61206062710403,
        510.4324411855201,
        407.2510412549893
    ],
    "actual": [
        513.0,
        468.0,
        362.0,
        492.0,
        545.0,
        502.99999999999994
    ],
    "mse": 3393.3765957443507,
    "rmse": 58.252696038418264,
    "mape": 10.397140097972933
}