{
    "predictions": [
        155.27209658197813,
        151.49651071111674,
        199.7264370635209,
        121.17240951520489,
        160.69045243646354,
        148.41341143979332
    ],
    "actual": [
        139.63,
        128.398,
        128.398,
        128.398,
        128.398,
        132.28
    ],
    "mse": 1203.543487229508,
    "rmse": 34.69212428245794,
    "mape": 21.2865160913886
}