{
    "predictions": [
        79399461.47238153,
        115333886.89389911,
        101247606.19695684,
        125741469.49309206,
        103430338.31965251,
        126845875.98411645
    ],
    "actual": [
        129200000.0,
        134121000.0,
        99425000.0,
        115615000.00000001,
        136915000.0,
        153919000.0
    ],
    "mse": 798848857678781.9,
    "rmse": 28263914.40828361,
    "mape": 17.53176003854229
}