{
    "predictions": [
        340.67056300224027,
        289.3410035908653,
        376.108594754295,
        356.1041906534446,
        366.3507932108969,
        325.3238629498289
    ],
    "actual": [
        340.839,
        374.455,
        357.374,
        375.768,
        458.644,
        544.239
    ],
    "mse": 10737.32407391552,
    "rmse": 103.62105999224057,
    "mape": 15.600319768388074
}