{
    "predictions": [
        543742749.0947443,
        531652576.85973215,
        528062995.45453686,
        569474408.73353,
        593028794.0403776,
        612505342.8553357
    ],
    "actual": [
        557500000.0,
        557500000.0,
        395200000.0,
        501400000.0,
        562700000.0,
        485300000.0
    ],
    "mse": 6707514486653560.0,
    "rmse": 81899416.88836105,
    "mape": 14.316930745694197
}