{
    "predictions": [
        24.46003583939365,
        19.80813315225045,
        -1.5862387937748943,
        18.62674406323452,
        40.59184683642354,
        33.68923355219272
    ],
    "actual": [
        1.6000000000000036,
        51.3,
        22.399999999999995,
        29.899999999999995,
        89.60000000000001,
        69.89999999999999
    ],
    "mse": 988.293925044129,
    "rmse": 31.437142443996542,
    "mape": 290.2374643412618
}