{
    "predictions": [
        221.05893837064346,
        139.72252634168944,
        132.5210181824344,
        138.40946916822998,
        231.09289620905315,
        149.7564841800991
    ],
    "actual": [
        292.4,
        155.9,
        160.0,
        220.5,
        418.3,
        210.2
    ],
    "mse": 8590.854289467637,
    "rmse": 92.68686147166511,
    "mape": 27.114735543218266
}