{
    "predictions": [
        123.99264772721439,
        132.5426858569601,
        105.72369175756174,
        95.59552403737811,
        123.91238340821657,
        134.19656593074757
    ],
    "actual": [
        143.601,
        155.575,
        117.75099999999999,
        78.352,
        158.022,
        176.486
    ],
    "mse": 718.138736059951,
    "rmse": 26.798110680791492,
    "mape": 17.7047692546054
}