{
    "predictions": [
        120.4387452368516,
        142.28849585847712,
        259.8943992036549,
        345.6543318680946,
        288.31689289742525,
        297.9467751176804
    ],
    "actual": [
        138.927,
        127.65899999999999,
        151.011,
        203.144,
        265.532,
        208.688
    ],
    "mse": 6867.8178840688315,
    "rmse": 82.87229865322206,
    "mape": 36.39588149367505
}