{
    "predictions": [
        5431.01161051948,
        5585.899286896441,
        5456.220043530181,
        5636.3629324523845,
        5630.0264494589765,
        5778.0703175546105
    ],
    "actual": [
        5285.0,
        5421.0,
        5232.0,
        5348.0,
        5336.0,
        5488.0
    ],
    "mse": 58755.21934439106,
    "rmse": 242.3947593170922,
    "mape": 4.379653867501043
}