{
    "predictions": [
        99.95903957179495,
        95.10569886924011,
        116.6905358879289,
        134.62468737012318,
        141.29893438510638,
        132.04457774291893
    ],
    "actual": [
        135.204,
        122.424,
        45.608,
        61.034,
        61.034,
        103.364
    ],
    "mse": 3286.974703272597,
    "rmse": 57.33214371774874,
    "mape": 80.6778141555472
}