{
    "predictions": [
        1069.346519759977,
        1095.2788675950585,
        1095.98296253081,
        1150.1938484225625,
        1094.9648935880732,
        1094.9648935880732
    ],
    "actual": [
        1174.0,
        1224.0,
        1197.0,
        1249.0,
        1215.0,
        1218.0
    ],
    "mse": 12839.1070806119,
    "rmse": 113.30978369325352,
    "mape": 9.29359007633402
}