{
    "predictions": [
        1240.8650292680272,
        1399.0268485316237,
        1943.7820479339384,
        2082.527864989483,
        1813.2606876694103,
        1500.9856164154585
    ],
    "actual": [
        575.0,
        239.0,
        233.00000000000003,
        291.0,
        63.0,
        -178.99999999999997
    ],
    "mse": 2301858.3298744936,
    "rmse": 1517.187638321145,
    "mape": 944.6311751626367
}