{
    "predictions": [
        292.9755287723679,
        240.2370537379975,
        225.69258949726895,
        270.4975227550907,
        282.705509883346,
        254.28164880142904
    ],
    "actual": [
        247.33799999999997,
        245.629,
        222.913,
        320.1820000000001,
        292.359,
        246.601
    ],
    "mse": 790.0521252095849,
    "rmse": 28.107865895680963,
    "mape": 7.304615023482238
}