{
    "predictions": [
        363.6789161295746,
        368.4463109072779,
        345.50436870287166,
        395.4666047288894,
        392.4910933606928,
        395.07264633063596
    ],
    "actual": [
        312.356,
        305.637,
        197.1,
        243.262,
        227.972,
        200.459
    ],
    "mse": 19451.692170966,
    "rmse": 139.4693234047043,
    "mape": 57.34895040459575
}