{
    "predictions": [
        31.962992222579764,
        31.962992222579764,
        31.962992222579764,
        31.962992222579764,
        31.962992222579764,
        31.962992222579764
    ],
    "actual": [
        44.943,
        38.482,
        35.368,
        32.125,
        62.352,
        25.789000000000005
    ],
    "mse": 197.36806040812914,
    "rmse": 14.048774338287634,
    "mape": 21.438559765395475
}