{
    "predictions": [
        1135.148451613641,
        1129.745895993758,
        1131.9657472799465,
        1131.0536345541364,
        1131.4284117429333,
        1131.2744198762834
    ],
    "actual": [
        1090.0,
        980.9999999999999,
        2575.0,
        1349.0,
        1229.0,
        1243.0
    ],
    "mse": 362669.16951357806,
    "rmse": 602.2202001872555,
    "mape": 18.071422258226022
}