{
    "predictions": [
        39.983379408386,
        43.10041421491918,
        82.23854470090778,
        80.17465641375377,
        42.88481247769391,
        45.210069580891634
    ],
    "actual": [
        23.7,
        29.600000000000005,
        47.5,
        47.5,
        34.4,
        13.8
    ],
    "mse": 630.0656337472923,
    "rmse": 25.101108217512873,
    "mape": 84.75210513128776
}