{
    "predictions": [
        295.32477109993044,
        291.96702700679407,
        260.2256266802296,
        301.41937148283426,
        294.7116444424831,
        290.5378501786129
    ],
    "actual": [
        336.9,
        401.5,
        304.1,
        246.2,
        243.4,
        273.3
    ],
    "mse": 3605.0232976929165,
    "rmse": 60.04184622155548,
    "mape": 17.31104066971491
}