{
    "predictions": [
        861951066.7617414,
        908054466.1287555,
        892513488.9120908,
        880114293.863225,
        896088407.4904871,
        891536113.937786
    ],
    "actual": [
        824424000.0,
        1046885000.0,
        1171576000.0,
        987897000.0,
        952616000.0,
        1073247999.9999999
    ],
    "mse": 2.439829549379656e+16,
    "rmse": 156199537.43144235,
    "mape": 12.567983069264512
}