{
    "predictions": [
        229.07172965834158,
        229.3402072351043,
        229.5294789342485,
        229.6629119625442,
        229.75697976623948,
        229.82329581860722
    ],
    "actual": [
        224.674,
        227.43600000000004,
        231.377,
        264.00300000000004,
        223.99,
        225.905
    ],
    "mse": 209.0386849328374,
    "rmse": 14.458170179273635,
    "mape": 3.484955139509962
}