{
    "predictions": [
        384.7445598242989,
        2648.015233258721,
        3396.158800532708,
        3139.899119788637,
        1439.5030160642566,
        3367.4800950449467
    ],
    "actual": [
        1158.0,
        1273.0,
        1052.0,
        942.0,
        998.0,
        983.0000000000001
    ],
    "mse": 3115850.3545328095,
    "rmse": 1765.1771453689314,
    "mape": 152.9584603549699
}