{
    "predictions": [
        2414.340720569887,
        2012.7385784658595,
        2121.8520051270502,
        2325.946071101286,
        2560.137539334979,
        3106.474986460232
    ],
    "actual": [
        2418.0,
        2748.0,
        2596.0,
        2789.0,
        2763.0,
        2995.0
    ],
    "mse": 172239.6434977171,
    "rmse": 415.01764239332897,
    "mape": 12.139857402709826
}