{
    "predictions": [
        346.9016059273751,
        315.0566139430798,
        287.2493717992116,
        411.7215380129355,
        428.11209216263404,
        382.4401878369732
    ],
    "actual": [
        288.603,
        232.57400000000004,
        240.753,
        343.13,
        288.014,
        217.86500000000004
    ],
    "mse": 10630.214768768987,
    "rmse": 103.10293288150918,
    "mape": 36.52517069321573
}