{
    "predictions": [
        92.94768790849548,
        100.54836447716721,
        102.71290612993536,
        105.22869932404335,
        101.9228271311579,
        96.96945915801693
    ],
    "actual": [
        102.1,
        103.39999999999999,
        60.8,
        143.9,
        151.2,
        155.5
    ],
    "mse": 1533.0203025338658,
    "rmse": 39.15380316819639,
    "mape": 29.627051631469918
}