{
    "predictions": [
        4594.896212193587,
        4524.026319330825,
        4338.949500309731,
        4227.701810726233,
        4247.736083810183,
        4258.267081253654
    ],
    "actual": [
        4800.0,
        3530.0,
        3594.0,
        3578.0000000000005,
        4118.0,
        4127.0
    ],
    "mse": 340213.4310384739,
    "rmse": 583.2781763776817,
    "mape": 12.94156035576398
}