{
    "predictions": [
        132.4976728209002,
        125.10124058425409,
        118.06232352586478,
        112.6318997181084,
        117.48942004093026,
        118.54294894983984
    ],
    "actual": [
        88.719,
        108.885,
        -14.6,
        22.7,
        59.2,
        96.5
    ],
    "mse": 5291.687568324701,
    "rmse": 72.74398647534173,
    "mape": 248.39407157513085
}