{
    "predictions": [
        489.4800926073276,
        461.8247472581833,
        387.9939136908121,
        413.93212556785267,
        433.2695766929359,
        433.07324514144386
    ],
    "actual": [
        351.6,
        295.3,
        272.3,
        434.50000000000006,
        384.7,
        302.4
    ],
    "mse": 13330.671881081265,
    "rmse": 115.45852883646693,
    "mape": 33.110913468113246
}