{
    "predictions": [
        29.26652842206984,
        30.519921210552436,
        29.482615604234375,
        30.495524270630632,
        29.723329938490195,
        30.269382591330018
    ],
    "actual": [
        31.039,
        21.362,
        27.607000000000003,
        25.965,
        25.965,
        21.295
    ],
    "mse": 34.28622454616602,
    "rmse": 5.8554440093101405,
    "mape": 21.57348783290146
}