{
    "predictions": [
        127.08658113756911,
        126.97415967679423,
        126.86372375625845,
        125.45593536440683,
        125.45593536440683,
        125.45593536440683
    ],
    "actual": [
        124.90199999999999,
        125.42099999999999,
        128.589,
        133.119,
        131.913,
        142.489
    ],
    "mse": 66.78380200721053,
    "rmse": 8.172135706607577,
    "mape": 4.489089303600072
}