{
    "predictions": [
        4746.819692824054,
        5132.4638160178865,
        5051.6355019390285,
        5196.504340693129,
        5100.471083082631,
        5303.535066927692
    ],
    "actual": [
        4932.0,
        4700.0,
        3434.0,
        4220.0,
        3220.0,
        3578.0
    ],
    "mse": 1717544.1340606168,
    "rmse": 1310.551080294323,
    "mape": 31.638059940744196
}