{
    "predictions": [
        1233.1451445387356,
        1225.1455945706311,
        1439.2963866553018,
        1459.1463388630564,
        1597.9862134536736,
        1689.6361871181844
    ],
    "actual": [
        1016.9999999999999,
        900.0,
        792.0,
        830.0,
        965.0000000000001,
        853.0
    ],
    "mse": 344647.9608460385,
    "rmse": 587.0672541081119,
    "mape": 63.09777436886669
}