{
    "predictions": [
        2313.831194207654,
        1853.5287091970804,
        1410.3590835357822,
        1734.5614500174174,
        1458.8287477108752,
        1291.8389837803943
    ],
    "actual": [
        2578.0,
        1931.9999999999998,
        1229.0000000000002,
        2886.9999999999995,
        2040.0,
        2351.9999999999995
    ],
    "mse": 483108.3391500036,
    "rmse": 695.0599536370971,
    "mape": 23.757867949544995
}