{
    "predictions": [
        4763.821062148998,
        4663.819514115892,
        5363.487852893115,
        5219.04175531256,
        5148.558743834028,
        5057.434114582796
    ],
    "actual": [
        4332.0,
        3537.0,
        4478.0,
        3748.0,
        2937.0000000000005,
        2273.0
    ],
    "mse": 2841384.9410805665,
    "rmse": 1685.6408102204236,
    "mape": 49.77490753670744
}