{
    "predictions": [
        463.68241940797674,
        405.18632617515453,
        436.27203558653684,
        443.8323299557346,
        441.6572902808493,
        425.470962029168
    ],
    "actual": [
        459.0,
        387.0,
        431.0,
        478.0,
        479.0,
        513.0
    ],
    "mse": 1767.283667334819,
    "rmse": 42.0390731027079,
    "mape": 6.491477619140283
}