{
    "predictions": [
        2077570198.7044818,
        1410610486.5751047,
        1273967711.4422371,
        1618874387.1391525,
        1842927954.138916,
        1352756738.943042
    ],
    "actual": [
        2094500000.0,
        1267500000.0,
        1473400000.0,
        1740800000.0,
        1733300000.0,
        1134000000.0
    ],
    "mse": 2.2546520248704588e+16,
    "rmse": 150154987.4253419,
    "mape": 9.70901829761941
}