{
    "predictions": [
        1966.9521383623826,
        1793.4097422320012,
        1645.6627743313516,
        1633.2478411562709,
        1633.2478411562709,
        1633.2478411562709
    ],
    "actual": [
        1956.0,
        1830.0,
        1922.0,
        1728.0000000000002,
        1655.0,
        2020.0
    ],
    "mse": 39474.90316311303,
    "rmse": 198.68292116614612,
    "mape": 7.146799822988316
}