{
    "predictions": [
        34.25897035447594,
        7.547422651509219,
        -24.03887959225575,
        -17.115975851071468,
        6.9382382866241485,
        42.50348761773994
    ],
    "actual": [
        319.3999999999999,
        -12.099999999999985,
        150.5,
        136.0,
        -16.30000000000001,
        -97.19999999999999
    ],
    "mse": 25942.805120921403,
    "rmse": 161.06770353153175,
    "mape": 127.75017584395431
}