{
    "predictions": [
        418.44666469301825,
        375.864983332244,
        419.6315407547032,
        472.19946132544334,
        412.1972223184952,
        379.1890972830799
    ],
    "actual": [
        496.802,
        422.27599999999995,
        422.27599999999995,
        567.838,
        567.838,
        387.18499999999995
    ],
    "mse": 6955.875070211833,
    "rmse": 83.4018888887526,
    "mape": 12.284323652064382
}