{
    "predictions": [
        681.3240236354843,
        695.6253218031641,
        709.8248495154188,
        723.923330988014,
        737.9214852830729,
        751.8200263457516
    ],
    "actual": [
        588.3039999999999,
        607.664,
        850.8869999999998,
        629.759,
        652.477,
        636.7009999999999
    ],
    "mse": 10951.420125390638,
    "rmse": 104.64903308387822,
    "mape": 15.498919176391073
}