{
    "predictions": [
        783.6014584812339,
        579.0156962304926,
        618.0476351185613,
        532.3629145208894,
        577.8773553265079,
        661.1121667210595
    ],
    "actual": [
        858.1,
        654.6,
        654.6,
        449.7,
        449.7,
        589.5
    ],
    "mse": 6831.664886873478,
    "rmse": 82.6538860966227,
    "mape": 14.140827551811208
}