{
    "predictions": [
        96.43670737952226,
        101.11938705786919,
        98.6112362467509,
        110.50799153088894,
        106.35568186917712,
        105.0499493295898
    ],
    "actual": [
        94.462,
        95.824,
        105.407,
        105.407,
        102.1,
        118.996
    ],
    "mse": 52.79104506480915,
    "rmse": 7.265744632507335,
    "mape": 5.798507835715004
}