{
    "predictions": [
        80.44246046867643,
        80.98646821672345,
        81.49719232290998,
        81.97666915679045,
        82.42681049815896,
        82.84941115973659
    ],
    "actual": [
        91.356,
        83.282,
        302.62500000000006,
        513.801,
        452.634,
        397.033
    ],
    "mse": 78543.13758382191,
    "rmse": 280.2554862689077,
    "mape": 55.45664208537531
}