{
    "predictions": [
        438.5944267864618,
        408.7291487507121,
        390.70659232423026,
        423.94672442551786,
        442.9722797560587,
        410.3766605293616
    ],
    "actual": [
        458.004,
        455.385,
        919.956,
        471.33199999999994,
        501.25900000000007,
        418.617
    ],
    "mse": 48061.50746765616,
    "rmse": 219.22934901070195,
    "mape": 15.943849949959562
}