{
    "predictions": [
        365.1308677284862,
        324.38421393766373,
        414.78668709722933,
        327.026890524497,
        289.6171675488645,
        259.3628842235195
    ],
    "actual": [
        390.6,
        411.3,
        512.4999999999999,
        523.9,
        391.7,
        447.5
    ],
    "mse": 17054.403722070874,
    "rmse": 130.59251020663808,
    "mape": 25.40002814757723
}