{
    "predictions": [
        596.1343895815677,
        565.3475310675096,
        565.975406752957,
        583.7141387466072,
        555.7295066028109,
        557.9381829144379
    ],
    "actual": [
        706.1339999999999,
        677.9069999999999,
        658.287,
        644.848,
        718.181,
        654.83
    ],
    "mse": 12134.473250541116,
    "rmse": 110.15658514379027,
    "mape": 15.516897526280784
}