{
    "predictions": [
        554963767.3761177,
        558739284.2139249,
        556175941.6257987,
        591547110.3111995,
        560388135.5058119,
        560257480.915577
    ],
    "actual": [
        551000000.0,
        519000000.0,
        124000000.00000001,
        473000000.0,
        496999999.99999994,
        490999999.9999999
    ],
    "mse": 3.5206506405100544e+16,
    "rmse": 187633969.21959665,
    "mape": 68.13793605576878
}