{
    "predictions": [
        127.50662594923091,
        97.31951356137318,
        116.20094447074051,
        126.08814326085898,
        125.20290295209195,
        101.17259829563916
    ],
    "actual": [
        161.937,
        88.102,
        126.23199999999999,
        150.622,
        149.655,
        100.768
    ],
    "mse": 428.5023608131506,
    "rmse": 20.700298568212744,
    "mape": 12.11654734570623
}