{
    "predictions": [
        517.1889857566119,
        415.85242086408795,
        498.347686481113,
        615.1745848770919,
        540.8789230551579,
        446.19724834966036
    ],
    "actual": [
        467.0,
        483.9999999999999,
        424.0000000000001,
        446.00000000000006,
        513.0,
        495.00000000000006
    ],
    "mse": 7411.598067692187,
    "rmse": 86.09063867629388,
    "mape": 15.931194525709738
}