{
    "predictions": [
        383.68906775231187,
        383.68906775231187,
        383.68906775231187,
        383.68906775231187,
        383.68906775231187,
        383.68906775231187
    ],
    "actual": [
        405.4,
        433.0,
        392.90000000000003,
        448.80000000000007,
        423.5,
        481.9
    ],
    "mse": 3076.250821437389,
    "rmse": 55.46395966244557,
    "mape": 10.562694327808634
}