{
    "predictions": [
        142.08216213886956,
        136.19870385179794,
        126.75304754520111,
        149.2276927519404,
        164.37459595143926,
        160.24293511866193
    ],
    "actual": [
        100.127,
        105.895,
        113.157,
        110.065,
        113.24499999999999,
        116.577
    ],
    "mse": 1486.3447636025319,
    "rmse": 38.55314207172396,
    "mape": 33.45359911257866
}