{
    "predictions": [
        470.0546362826201,
        382.1771464695316,
        462.1284433926547,
        488.12685974469895,
        498.24036614398733,
        402.8304954063738
    ],
    "actual": [
        379.0,
        287.0,
        394.0,
        467.0,
        485.99999999999994,
        488.00000000000006
    ],
    "mse": 4973.522679413972,
    "rmse": 70.52320667279652,
    "mape": 16.49575598706375
}