{
    "predictions": [
        1301.1122559762614,
        811.4104325931709,
        981.8396332994104,
        1106.4778093794312,
        1252.9598148975226,
        837.0470145913174
    ],
    "actual": [
        1084.0,
        1084.0,
        1166.0,
        928.0,
        1236.0,
        1193.0
    ],
    "mse": 52367.05603350536,
    "rmse": 228.83849333865436,
    "mape": 18.568519523921957
}