{
    "predictions": [
        146.09569988733324,
        134.74576619972785,
        131.2607927468064,
        125.78050418391963,
        140.65542049671518,
        131.88214659918114
    ],
    "actual": [
        132.1,
        120.1,
        110.00000000000001,
        11.7,
        184.8,
        129.5
    ],
    "mse": 2638.5298913225292,
    "rmse": 51.366622346836564,
    "mape": 173.81528536517692
}