{
    "predictions": [
        122.16958933761711,
        128.70850102959662,
        126.29881446127239,
        123.31621899354792,
        127.10729398049968,
        133.62669773755627
    ],
    "actual": [
        118.369,
        127.777,
        101.068,
        113.866,
        121.88799999999999,
        167.16700000000003
    ],
    "mse": 315.56761939958074,
    "rmse": 17.764223017052583,
    "mape": 10.258235242888375
}