{
    "predictions": [
        258.1376758482453,
        264.63231964214816,
        270.9396709633945,
        277.06513095043437,
        283.01394498374106,
        288.7912071775586
    ],
    "actual": [
        235.346,
        174.991,
        201.803,
        223.209,
        229.991,
        230.37400000000002
    ],
    "mse": 3743.231929530484,
    "rmse": 61.18195754902326,
    "mape": 27.951680900600014
}