{
    "predictions": [
        2561.2136058960477,
        1839.5159932913818,
        1812.5937151778921,
        1688.5439016574098,
        1381.135754339299,
        1265.322589774475
    ],
    "actual": [
        3474.0,
        3513.0,
        3407.0000000000005,
        3180.0,
        3081.0,
        2909.9999999999995
    ],
    "mse": 2332467.108952688,
    "rmse": 1527.2416668467006,
    "mape": 46.55023077180415
}