{
    "predictions": [
        90.18039756937286,
        90.18039756937286,
        90.18039756937286,
        90.18039756937286,
        90.18039756937286,
        90.18039756937286
    ],
    "actual": [
        85.9,
        57.6,
        89.8,
        103.0,
        77.7,
        48.8
    ],
    "mse": 518.7314407348972,
    "rmse": 22.775676515416556,
    "mape": 29.212366090538367
}