{
    "predictions": [
        123.69372046916902,
        132.10943581866647,
        123.15861498132057,
        125.59277527589076,
        122.91909585610411,
        121.1195158172286
    ],
    "actual": [
        147.357,
        147.357,
        135.176,
        119.953,
        180.43799999999996,
        176.791
    ],
    "mse": 1229.400350749184,
    "rmse": 35.062805802576385,
    "mape": 17.227506913339415
}