{
    "predictions": [
        1083.7765360849833,
        1143.291000291942,
        1144.6711757855653,
        1143.6398047528153,
        1193.401999238196,
        1206.0877760473425
    ],
    "actual": [
        843.58,
        1106.017,
        907.0,
        946.9999999999999,
        1232.9999999999998,
        1211.0
    ],
    "mse": 25971.776544333276,
    "rmse": 161.15761398188195,
    "mape": 13.738222253101231
}