{
    "predictions": [
        530.2327775306176,
        550.7520457523883,
        557.550196139768,
        574.4671197282797,
        583.0392198531018,
        598.1352295220456
    ],
    "actual": [
        457.5,
        463.9,
        476.20000000000005,
        416.8,
        428.4,
        333.30000000000007
    ],
    "mse": 23060.1828244757,
    "rmse": 151.85579615041271,
    "mape": 34.18111075555086
}