{
    "predictions": [
        226.95661836563292,
        210.0543760640458,
        181.50971268154646,
        221.89825836443575,
        248.96693470747792,
        232.58102719617855
    ],
    "actual": [
        230.76899999999998,
        204.44,
        150.387,
        220.15,
        235.6,
        196.269
    ],
    "mse": 419.1622311419151,
    "rmse": 20.473451861909243,
    "mape": 8.34369717719702
}