{
    "predictions": [
        924.3022907965579,
        251.31714706378682,
        -53.854773826841466,
        359.72461252804806,
        659.8258554623155,
        78.51772533899609
    ],
    "actual": [
        1127.0,
        428.0,
        117.00000000000001,
        753.9999999999998,
        1071.0,
        567.9999999999999
    ],
    "mse": 110934.11684786475,
    "rmse": 333.0677361256487,
    "mape": 63.69259896083316
}