{
    "predictions": [
        348.78682547076374,
        353.98649915642636,
        357.4428109356187,
        351.27028070839685,
        359.90689128597114,
        370.09355544123025
    ],
    "actual": [
        352.425,
        506.304,
        695.046,
        571.374,
        548.051,
        558.509
    ],
    "mse": 42755.66721360828,
    "rmse": 206.77443559010933,
    "mape": 31.046040845067065
}