{
    "predictions": [
        1600.6053556571367,
        1747.8403981523036,
        1757.3058135032452,
        1713.288424955848,
        1914.3057491479929,
        2116.82558328054
    ],
    "actual": [
        1783.0,
        1783.0,
        1547.0,
        1664.9999999999998,
        1710.0,
        2762.0
    ],
    "mse": 89842.52969820745,
    "rmse": 299.7374345960268,
    "mape": 10.667146867799266
}