{
    "predictions": [
        97.09825683104367,
        84.32987298485831,
        90.04188388089273,
        90.1687081232318,
        96.338049625272,
        91.74256794099321
    ],
    "actual": [
        118.748,
        127.394,
        112.654,
        117.83,
        102.94800000000001,
        73.743
    ],
    "mse": 661.2268614254298,
    "rmse": 25.71433182926264,
    "mape": 21.068752431726892
}