{
    "predictions": [
        1780.0041033601358,
        1679.834866487789,
        1478.117234717331,
        1754.6407135562483,
        1964.091383261759,
        1761.0390672729059
    ],
    "actual": [
        2040.0000000000002,
        2395.0,
        2358.0,
        2627.0,
        2541.0,
        1846.9999999999995
    ],
    "mse": 409079.3789615627,
    "rmse": 639.5931354865862,
    "mape": 23.41432695512057
}