{
    "predictions": [
        2495.588167729988,
        2586.7959663429774,
        2544.36393019025,
        2298.8462956483254,
        2314.430711886765,
        2445.9818843509242
    ],
    "actual": [
        2258.0,
        2196.0,
        2429.0,
        2977.0,
        2286.0,
        2441.0
    ],
    "mse": 113867.33873669134,
    "rmse": 337.4423487600383,
    "mape": 9.549143535831977
}