{
    "predictions": [
        5.903475424667585,
        -16.84568774205644,
        -0.5853184960352256,
        -0.8264155485629029,
        2.3838824133162992,
        -18.33755018864662
    ],
    "actual": [
        16.689,
        10.828,
        15.176999999999998,
        15.433000000000003,
        14.449999999999998,
        14.100000000000001
    ],
    "mse": 432.12761130298236,
    "rmse": 20.787679314992868,
    "mape": 140.49489356945284
}