{
    "predictions": [
        172.64240751854638,
        169.91557779602013,
        187.48933516380833,
        191.69947414052908,
        189.3168978184819,
        197.4124510168231
    ],
    "actual": [
        168.695,
        154.183,
        202.181,
        198.02,
        203.713,
        183.063
    ],
    "mse": 155.34076592157504,
    "rmse": 12.463577573135854,
    "mape": 6.317940080701397
}