{
    "predictions": [
        125.13723034450469,
        139.74267993774976,
        135.63442572556238,
        132.1777365822539,
        125.38350890053384,
        111.25011624929309
    ],
    "actual": [
        96.303,
        159.408,
        159.408,
        143.462,
        143.462,
        131.656
    ],
    "mse": 442.31450324247027,
    "rmse": 21.031274408424952,
    "mape": 15.526325707248246
}