{
    "predictions": [
        51.8249805336311,
        51.8249805336311,
        51.8249805336311,
        51.8249805336311,
        51.8249805336311,
        51.8249805336311
    ],
    "actual": [
        215.0,
        28.000000000000014,
        121.99999999999999,
        240.99999999999997,
        70.0,
        171.99999999999994
    ],
    "mse": 13779.634109804845,
    "rmse": 117.38668625446773,
    "mape": 65.47240857158049
}