{
    "predictions": [
        363.7076073877903,
        295.57752289304375,
        375.1211201263418,
        360.29725113671526,
        352.7980422691655,
        311.7597560185182
    ],
    "actual": [
        191.30000000000004,
        198.5,
        198.5,
        115.4,
        102.40000000000002,
        194.5
    ],
    "mse": 34461.19036316468,
    "rmse": 185.63725478245115,
    "mape": 124.17346222563917
}