{
    "predictions": [
        193.91545310429694,
        193.91545310429694,
        193.91545310429694,
        193.91545310429694,
        193.91545310429694,
        193.91545310429694
    ],
    "actual": [
        181.815,
        181.815,
        185.11299999999997,
        244.01599999999996,
        194.726,
        194.676
    ],
    "mse": 480.270888068527,
    "rmse": 21.91508357429939,
    "mape": 6.5674162347227965
}