{
    "predictions": [
        196.58019952005478,
        180.42166410946712,
        227.46523105347043,
        181.8503033635624,
        259.9905558011077,
        225.79762472233097
    ],
    "actual": [
        258.4,
        243.39999999999998,
        336.5,
        364.7,
        388.6,
        323.9
    ],
    "mse": 13212.502682408327,
    "rmse": 114.94565099388636,
    "mape": 32.62025939407389
}