{
    "predictions": [
        385.83809320516104,
        494.1077891479463,
        415.32790019602726,
        426.1480112441079,
        512.0062154973497,
        625.5960224882158
    ],
    "actual": [
        330.4,
        414.4,
        379.1,
        502.5,
        499.6,
        608.1
    ],
    "mse": 2838.1376257576,
    "rmse": 53.27417409737667,
    "mape": 11.020782939564194
}