{
    "predictions": [
        151.27206248460874,
        147.56712797298945,
        142.95097243049065,
        147.6716321569665,
        145.1582291503268,
        144.28631454151122
    ],
    "actual": [
        161.952,
        114.478,
        114.478,
        144.304,
        153.132,
        133.101
    ],
    "mse": 369.9491406122152,
    "rmse": 19.234061989403465,
    "mape": 12.719220925356979
}