{
    "predictions": [
        61.81915397577663,
        82.20645629227131,
        85.34892657342557,
        70.98077574474526,
        71.10144602185977,
        71.10144602185977
    ],
    "actual": [
        61.905,
        51.484,
        63.131,
        54.948,
        70.46,
        60.071
    ],
    "mse": 302.7741736523233,
    "rmse": 17.40040728409319,
    "mape": 23.909440550325662
}