{
    "predictions": [
        90.3466584141793,
        99.00630218137819,
        97.57543722719548,
        106.5449465759593,
        105.40394766027103,
        114.64255738427883
    ],
    "actual": [
        173.496,
        173.496,
        238.311,
        124.635,
        210.038,
        875.115
    ],
    "mse": 103643.81627268037,
    "rmse": 321.93759686106927,
    "mape": 50.19110264684774
}