{
    "predictions": [
        2219.9106878946986,
        2036.7209993956355,
        2226.169762245912,
        2242.1487540981757,
        2105.03922936891,
        2172.2655089295795
    ],
    "actual": [
        3307.0,
        2728.0,
        -3542.0,
        2984.0,
        3763.9999999999995,
        3103.0
    ],
    "mse": 6516695.506277553,
    "rmse": 2552.7819151422927,
    "mape": 53.332199220465924
}