{
    "predictions": [
        1007.2348331787574,
        1016.3733537646366,
        971.7826676150411,
        1035.445670136699,
        952.8575719154024,
        1053.265089467235
    ],
    "actual": [
        1078.2,
        1073.4,
        1032.4,
        992.1,
        975.7,
        1220.0
    ],
    "mse": 7027.284716509565,
    "rmse": 83.82890143923852,
    "mape": 6.357172975101237
}