{
    "predictions": [
        7069529.905462734,
        15913354.414494714,
        19264890.922424547,
        20535019.80755956,
        21016359.45014957,
        21198772.31725325
    ],
    "actual": [
        9968000.0,
        14374000.0,
        5375000.0,
        33484000.000000004,
        33484000.000000004,
        24787000.0
    ],
    "mse": 89948889591153.83,
    "rmse": 9484138.842886781,
    "mape": 64.76443908516109
}