{
    "predictions": [
        843.1433730742705,
        922.9001751338564,
        784.1960785030047,
        839.5748370685775,
        905.9473875687039,
        970.7324446419549
    ],
    "actual": [
        678.0,
        730.0000000000001,
        716.0000000000001,
        593.0,
        935.0,
        874.0
    ],
    "mse": 23355.64779518259,
    "rmse": 152.82554693238492,
    "mape": 19.343772788506307
}