{
    "predictions": [
        271.9878038334296,
        216.82207652208936,
        245.5215986571177,
        239.54443804452595,
        216.05466678676615,
        228.57706761685264
    ],
    "actual": [
        281.5,
        243.19999999999996,
        266.9,
        269.3,
        261.1,
        273.3
    ],
    "mse": 1026.3214932366786,
    "rmse": 32.03625279642859,
    "mape": 11.15009917639795
}