{
    "predictions": [
        184.58286532491798,
        205.30018296639093,
        267.97517387748184,
        338.9153955139137,
        369.7599399808101,
        429.8636673873826
    ],
    "actual": [
        185.7,
        154.9,
        175.6,
        230.2,
        249.19999999999996,
        272.6
    ],
    "mse": 10360.032768645913,
    "rmse": 101.78424617123179,
    "mape": 39.83997049384564
}