{
    "predictions": [
        286356131.2338707,
        284883942.82460964,
        317747863.60523754,
        297305245.8670366,
        311553924.47832805,
        333700811.3894962
    ],
    "actual": [
        315000000.0,
        341000000.0,
        464999999.99999994,
        171000000.0,
        171000000.0,
        214000000.0
    ],
    "mse": 1.2614896638453414e+16,
    "rmse": 112316056.90395926,
    "mape": 44.86828207962308
}