{
    "predictions": [
        729.6847841541198,
        683.7983100053068,
        780.5331195927629,
        765.0385810137958,
        779.1147514677464,
        733.7380053984931
    ],
    "actual": [
        723.0,
        614.0,
        732.0,
        716.0,
        745.0,
        695.0
    ],
    "mse": 2056.864312332651,
    "rmse": 45.35266598925195,
    "mape": 5.987423189878033
}