{
    "predictions": [
        1318.334385823569,
        1367.2773994799368,
        1284.2193400448614,
        1351.0847163329593,
        1386.3392379599593,
        1415.1606595589385
    ],
    "actual": [
        1293.0,
        1314.0,
        1164.0,
        1305.0,
        1257.0,
        1207.0
    ],
    "mse": 13352.716977464805,
    "rmse": 115.55395699613581,
    "mape": 7.901516792174286
}