{
    "predictions": [
        179.61440945241725,
        173.8568335897993,
        221.29057142817385,
        239.2514905965799,
        179.14923422617795,
        177.99883028933613
    ],
    "actual": [
        375.0,
        -56.599999999999994,
        165.9,
        279.8,
        357.7,
        102.9
    ],
    "mse": 22253.064738181292,
    "rmse": 149.17461157375706,
    "mape": 105.00815852711195
}