{
    "predictions": [
        178.3428566328627,
        186.6226795905895,
        177.18852534667406,
        196.5496635544315,
        208.38764645664548,
        218.71297091485545
    ],
    "actual": [
        185.285,
        179.456,
        157.957,
        171.01,
        169.617,
        167.826
    ],
    "mse": 869.0545780121547,
    "rmse": 29.47973164756007,
    "mape": 14.671515166926305
}