{
    "predictions": [
        178.6117676079092,
        194.5808580707609,
        180.67830674717658,
        198.86999089321017,
        190.35814151353551,
        206.50800789993477
    ],
    "actual": [
        178.898,
        233.176,
        223.715,
        251.984,
        266.756,
        264.831
    ],
    "mse": 2566.854337979381,
    "rmse": 50.66413265792064,
    "mape": 17.948311422746468
}