{
    "predictions": [
        131.10237921850262,
        114.65995477778145,
        122.10457596075645,
        124.90712023937333,
        130.70492122850945,
        124.90769738700601
    ],
    "actual": [
        150.7,
        114.1,
        84.8,
        -186.39999999999998,
        143.6,
        78.3
    ],
    "mse": 16837.782550205615,
    "rmse": 129.76048146568206,
    "mape": 48.83350529074066
}