{
    "predictions": [
        194.54331756377692,
        211.5165665293828,
        211.27917132107675,
        214.79755778870717,
        229.26166341061472,
        218.1751182631022
    ],
    "actual": [
        250.0,
        390.0,
        285.0,
        320.0,
        152.0,
        180.00000000000003
    ],
    "mse": 9810.133060999475,
    "rmse": 99.046115829948,
    "mape": 33.12146954841162
}