{
    "predictions": [
        134.28196648026736,
        135.03587182189554,
        136.15294534848522,
        135.99283324358248,
        135.98115167661953,
        136.38085158107486
    ],
    "actual": [
        131.029,
        125.11899999999999,
        137.436,
        174.419,
        132.057,
        106.586
    ],
    "mse": 415.04580093397095,
    "rmse": 20.37267289616095,
    "mape": 10.716412139978067
}