{
    "predictions": [
        43.65261384011933,
        77.08530513093353,
        64.40301775915678,
        51.543229260559244,
        65.55217808537611,
        67.02437423470023
    ],
    "actual": [
        66.821,
        57.76799999999999,
        38.18099999999998,
        59.931999999999995,
        103.37599999999999,
        68.23000000000002
    ],
    "mse": 516.665520395085,
    "rmse": 22.730277613682702,
    "mape": 31.52378258954634
}