{
    "predictions": [
        53.23807798350156,
        51.590102950447566,
        51.628337844200516,
        52.25222360643011,
        53.07951639070048,
        53.97745607202597
    ],
    "actual": [
        79.477,
        79.477,
        27.146,
        98.887,
        90.352,
        35.781
    ],
    "mse": 993.4493898704553,
    "rmse": 31.519032184863406,
    "mape": 49.59290141999049
}