{
    "predictions": [
        321.3225684850482,
        323.6845160258086,
        87.1732650818526,
        356.3420977967527,
        308.07118574098496,
        324.3322542101688
    ],
    "actual": [
        259.211,
        249.652,
        24.372,
        339.551,
        310.664,
        144.988
    ],
    "mse": 7622.614072311512,
    "rmse": 87.30758313177334,
    "mape": 73.46160279707496
}