{
    "predictions": [
        313.6064111431386,
        331.9805700821079,
        297.0022145300323,
        277.6010927256296,
        299.7606043230314,
        306.6622937919628
    ],
    "actual": [
        264.3,
        315.1,
        317.5,
        344.9,
        320.4,
        301.0
    ],
    "mse": 1353.9040300845445,
    "rmse": 36.79543490821306,
    "mape": 9.717363748734762
}