{
    "predictions": [
        2259.2761945089424,
        2049.7323403196733,
        2226.9979215861736,
        2259.3922453156483,
        2216.9182317839795,
        2216.9182317839795
    ],
    "actual": [
        2468.0,
        2009.0,
        2382.0,
        2533.0,
        2478.0,
        2306.0
    ],
    "mse": 36701.808230983595,
    "rmse": 191.5771599930002,
    "mape": 7.032113250878218
}