{
    "predictions": [
        240.54679359383144,
        256.63912906279836,
        261.98722421116673,
        249.2434304826043,
        244.519912163338,
        242.76912854366614
    ],
    "actual": [
        187.389,
        208.031,
        225.795,
        224.576,
        216.319,
        191.388
    ],
    "mse": 1757.0287113300963,
    "rmse": 41.916926310621776,
    "mape": 19.771588137758307
}