{
    "predictions": [
        1293.7003990146657,
        1302.2355787482552,
        1461.1771095542151,
        1500.7814808037103,
        1358.0142290881045,
        1327.3012594471818
    ],
    "actual": [
        1212.0,
        1232.0,
        1220.0,
        1139.0,
        1266.0,
        1424.0
    ],
    "mse": 36412.915754314774,
    "rmse": 190.82168575482916,
    "mape": 13.005390134351188
}