{
    "predictions": [
        1188.543823040815,
        1244.5021890716273,
        1235.2692541483302,
        1244.846759876968,
        1157.392748921756,
        1204.6957104242392
    ],
    "actual": [
        1372.0,
        1230.0,
        1254.0,
        1216.0,
        1332.0,
        1118.0
    ],
    "mse": 12175.549513828804,
    "rmse": 110.34287251032032,
    "mape": 6.54660264340847
}