{
    "predictions": [
        358.53744498036616,
        315.8485973165531,
        291.14039385030486,
        299.6031461904379,
        327.6338796608072,
        326.7803089638757
    ],
    "actual": [
        334.758,
        342.727,
        324.36,
        322.88,
        349.044,
        303.809
    ],
    "mse": 653.2231631421547,
    "rmse": 25.558230829659447,
    "mape": 7.681956334567315
}