{
    "predictions": [
        343.77808564527106,
        315.6810117922135,
        373.3284564217625,
        406.91576309668187,
        420.8658679361827,
        398.1806507205457
    ],
    "actual": [
        315.0,
        283.0,
        282.4,
        349.6000000000001,
        356.00000000000006,
        315.0
    ],
    "mse": 4095.9848515293966,
    "rmse": 63.99988165246399,
    "mape": 18.984066182851343
}