{
    "predictions": [
        122.34393560176878,
        153.9490622583639,
        257.6513135199506,
        285.07271435566133,
        222.70142694426556,
        212.65194745484217
    ],
    "actual": [
        110.99999999999997,
        43.0,
        52.0,
        138.99999999999997,
        118.0,
        71.99999999999999
    ],
    "mse": 17802.239841610684,
    "rmse": 133.42503453854036,
    "mape": 175.48206093622784
}