{
    "predictions": [
        2980.3197660727387,
        4120.303737282858,
        1884.623132332519,
        2870.783465674694,
        2503.9358216646187,
        3634.8653599434324
    ],
    "actual": [
        3251.0,
        5183.0,
        2637.0,
        3801.0,
        3584.0000000000005,
        5193.0
    ],
    "mse": 1038047.8455721174,
    "rmse": 1018.8463306957126,
    "mape": 23.66238064101629
}