{
    "predictions": [
        75.99827124293175,
        69.73362932064983,
        71.883026066133,
        77.56537323785295,
        67.67288881528103,
        69.90737111937523
    ],
    "actual": [
        72.868,
        88.69199999999998,
        56.025999999999996,
        45.148999999999994,
        62.51500000000001,
        81.056
    ],
    "mse": 303.73011489608035,
    "rmse": 17.427854569512576,
    "mape": 24.629637586920094
}