{
    "predictions": [
        149.48307018151044,
        139.81360414669953,
        145.36210426150308,
        139.00266946440448,
        127.83060368419468,
        140.88920297182813
    ],
    "actual": [
        232.00000000000003,
        18.00000000000001,
        33.000000000000036,
        357.99999999999994,
        329.0,
        229.00000000000003
    ],
    "mse": 21744.21828077889,
    "rmse": 147.4592088707209,
    "mape": 202.2659324834034
}