{
    "predictions": [
        237.8901742271455,
        222.27539355788684,
        277.19340508012164,
        261.91546202506385,
        233.79173122377796,
        227.34411690263872
    ],
    "actual": [
        279.0,
        257.0,
        348.0,
        294.0,
        341.0,
        311.0
    ],
    "mse": 4571.7878666068345,
    "rmse": 67.614997349751,
    "mape": 19.6407380359214
}