{
    "predictions": [
        2869.708998484044,
        1784.5783917154615,
        1297.9323645321438,
        1939.7778877065994,
        1764.7877544833007,
        1110.9953301392725
    ],
    "actual": [
        3255.0000000000005,
        4259.0,
        2090.0,
        859.0000000000003,
        138.00000000000003,
        3077.0
    ],
    "mse": 2429712.6988594662,
    "rmse": 1558.753572204236,
    "mape": 246.06282178924457
}