{
    "predictions": [
        659.6550523559995,
        904.1435084226117,
        776.0132080306836,
        622.19828404867,
        749.5817454834198,
        871.4825956254722
    ],
    "actual": [
        564.0,
        590.0,
        1074.0,
        472.00000000000006,
        574.0,
        556.0
    ],
    "mse": 58258.31718903596,
    "rmse": 241.367597636957,
    "mape": 36.18376468584532
}