{
    "predictions": [
        413.1738203988309,
        469.57404331789195,
        415.3584884964492,
        420.8279787940463,
        449.21583448443164,
        505.29761627469327
    ],
    "actual": [
        465.6,
        478.6,
        423.6,
        403.8,
        517.7999999999998,
        524.6
    ],
    "mse": 1377.3694253701376,
    "rmse": 37.11292800858129,
    "mape": 6.038849470714196
}