{
    "predictions": [
        460.57278548963046,
        462.0077474882826,
        458.1037969461569,
        459.8663118696525,
        462.22982486551973,
        462.70846641307344
    ],
    "actual": [
        480.944,
        503.56800000000004,
        471.368,
        461.205,
        397.99100000000004,
        559.039
    ],
    "mse": 2621.028409879003,
    "rmse": 51.195980407440224,
    "mape": 8.160882114512171
}