{
    "predictions": [
        1041.0151629633863,
        1002.4661984012757,
        951.3611361309833,
        990.5624453348446,
        958.2677246442845,
        940.6174931982222
    ],
    "actual": [
        1167.0,
        1013.0000000000001,
        1240.0,
        1179.0,
        1078.0,
        1056.0
    ],
    "mse": 27075.531086793806,
    "rmse": 164.54644051693677,
    "mape": 12.188149743835961
}