{
    "predictions": [
        453.3768502441976,
        429.6439928571332,
        428.47184585346645,
        426.4262534269365,
        426.4262534269365,
        426.4262534269365
    ],
    "actual": [
        429.43000000000006,
        397.735,
        377.365,
        390.36800000000005,
        412.09,
        412.543
    ],
    "mse": 983.6692805172747,
    "rmse": 31.363502363691378,
    "mape": 7.203895628953038
}