{
    "predictions": [
        642791466.4543729,
        704670237.0318404,
        657772875.2606554,
        655348615.1714779,
        684712072.5579633,
        747098581.520903
    ],
    "actual": [
        625000000.0,
        651000000.0,
        453000000.0,
        534000000.0,
        511000000.0,
        471000000.00000006
    ],
    "mse": 2.7710126389740028e+16,
    "rmse": 166463588.78067008,
    "mape": 28.605547798086572
}