{
    "predictions": [
        499.8691422792665,
        381.5982395276192,
        235.74483711704679,
        336.5675713066236,
        354.2372188782527,
        311.95053188790496
    ],
    "actual": [
        32.99999999999999,
        121.00000000000004,
        -560.0,
        253.99999999999994,
        154.00000000000003,
        185.99999999999997
    ],
    "mse": 163643.99473238757,
    "rmse": 404.5293496551116,
    "mape": 333.74485675024295
}