{
    "predictions": [
        246863595.04033697,
        373461068.8951941,
        139287879.05558008,
        239286654.35371456,
        244625888.8092977,
        350630539.9727281
    ],
    "actual": [
        208500000.0,
        373900000.0,
        176900000.0,
        226200000.0,
        285000000.0,
        458900000.0
    ],
    "mse": 2735039179680204.5,
    "rmse": 52297602.045220055,
    "mape": 13.887340725078412
}