{
    "predictions": [
        8129.135782457872,
        9224.080228687371,
        9001.539212035948,
        8971.032279377707,
        8396.006395190676,
        9467.872980993276
    ],
    "actual": [
        7971.0,
        6460.0,
        5684.0,
        7800.0,
        5377.0,
        5268.0
    ],
    "mse": 7799310.354955698,
    "rmse": 2792.72453975606,
    "mape": 42.33698829066475
}