{
    "predictions": [
        228.68174350587265,
        254.2006236136997,
        160.0921157477589,
        199.3110391928796,
        222.2273876514838,
        248.06905579857744
    ],
    "actual": [
        199.0,
        192.4,
        38.3,
        105.5,
        149.9,
        214.7
    ],
    "mse": 5779.816399788445,
    "rmse": 76.02510374730471,
    "mape": 86.2907425055703
}