{
    "predictions": [
        439493341.5083262,
        326727227.47434086,
        297284189.99516416,
        318197810.89336145,
        359520077.9346147,
        305202664.7824105
    ],
    "actual": [
        404000000.0,
        132000000.00000007,
        132000000.00000007,
        396000000.0,
        396000000.0,
        246000000.00000003
    ],
    "mse": 1.2897709122441338e+16,
    "rmse": 113568081.44210827,
    "mape": 55.74110762914556
}