{
    "predictions": [
        110.64885984311233,
        110.57346535583463,
        110.59123666672052,
        110.58704777304929,
        110.58803514141518,
        110.58780240781856
    ],
    "actual": [
        138.525,
        148.44,
        147.245,
        162.434,
        183.06800000000004,
        190.53200000000004
    ],
    "mse": 2981.163082046574,
    "rmse": 54.60002822386243,
    "mape": 30.66587716707776
}