{
    "predictions": [
        415.45031149075623,
        415.45031149075623,
        415.45031149075623,
        415.45031149075623,
        415.45031149075623,
        415.45031149075623
    ],
    "actual": [
        390.0,
        335.0,
        291.0,
        298.0,
        340.0,
        357.99999999999994
    ],
    "mse": 7565.952411299203,
    "rmse": 86.98248335900283,
    "mape": 25.159811108107714
}