{
    "predictions": [
        91.16223315060432,
        114.1432980985028,
        118.4852309025764,
        150.91397005085014,
        153.24143588782167,
        163.02793067602727
    ],
    "actual": [
        82.98100000000001,
        112.977,
        78.58699999999999,
        107.47800000000001,
        97.50400000000002,
        112.13599999999998
    ],
    "mse": 1540.5825863025611,
    "rmse": 39.2502558756317,
    "mape": 34.10386603131265
}