{
    "predictions": [
        953.6614903335417,
        949.3072670554457,
        815.1847168050398,
        724.3115514051292,
        735.1012237965898,
        745.8908961880504
    ],
    "actual": [
        1047.794,
        1111.958,
        881.252,
        1128.88,
        1292.244,
        1406.863
    ],
    "mse": 158441.4834839947,
    "rmse": 398.0470870186022,
    "mape": 26.173775831833364
}