{
    "predictions": [
        1651.800467291404,
        1605.9497999438536,
        1663.9599845693476,
        1690.2502029399188,
        1630.944892661359,
        1598.1091815750292
    ],
    "actual": [
        1574.0,
        1496.0,
        1669.0,
        1778.0,
        1577.0,
        1603.0
    ],
    "mse": 4800.211901198744,
    "rmse": 69.2835615510544,
    "mape": 3.5425927101157058
}