{
    "predictions": [
        58.95440873905494,
        40.50518725504183,
        47.61008407157651,
        52.824487701190435,
        51.69419629500279,
        37.71461614036446
    ],
    "actual": [
        67.7,
        51.5,
        50.7,
        75.7,
        77.7,
        39.6
    ],
    "mse": 235.01073596982454,
    "rmse": 15.33005988148202,
    "mape": 18.135171795034307
}