{
    "predictions": [
        -10.287241808598587,
        1.1492102146849703,
        25.157846356286203,
        48.92215159279557,
        68.74415305488645,
        77.44339105992974
    ],
    "actual": [
        1.300000000000003,
        -9.6,
        13.3,
        24.6,
        58.099999999999994,
        52.99999999999999
    ],
    "mse": 282.12710534119054,
    "rmse": 16.796639703857153,
    "mape": 209.29408567617628
}