{
    "predictions": [
        506.67654110637324,
        507.82142903715584,
        508.57399980919274,
        542.1384060353417,
        547.118247725388,
        547.4237492170117
    ],
    "actual": [
        486.0,
        230.99999999999994,
        230.99999999999994,
        354.0,
        354.0,
        282.0
    ],
    "mse": 49540.90539580484,
    "rmse": 222.57786366978374,
    "mape": 74.34566167731762
}