{
    "predictions": [
        1417.7094961600717,
        1483.8376422648037,
        951.9082812420025,
        1166.201208913405,
        1270.654269470821,
        1317.4444037198398
    ],
    "actual": [
        1598.894,
        1983.423,
        1030.1180000000002,
        1349.2509999999997,
        1368.5430000000001,
        1524.0930000000003
    ],
    "mse": 62387.19768822519,
    "rmse": 249.7742934895927,
    "mape": 13.065090463314474
}