{
    "predictions": [
        2982461.1544530205,
        12116941.78242211,
        -969394.6982834494,
        15661593.9927578,
        -5626684.761567305,
        15408170.927460212
    ],
    "actual": [
        83836000.0,
        83836000.0,
        19406000.0,
        77660000.0,
        81135000.0,
        46415000.0
    ],
    "mse": 4071481750635610.5,
    "rmse": 63808163.66763434,
    "mape": 90.09270848358523
}