{
    "predictions": [
        786797806.675875,
        777603326.4188731,
        771260621.8695482,
        767953612.4674593,
        803079041.7038622,
        723292009.4486837
    ],
    "actual": [
        877000000.0,
        786000000.0,
        881000000.0,
        920000000.0,
        920000000.0,
        976000000.0000001
    ],
    "mse": 2.014993564320601e+16,
    "rmse": 141950468.97846448,
    "mape": 13.15626902950303
}