{
    "predictions": [
        250.74762157537828,
        177.9331005219695,
        172.65686163571706,
        305.124207562806,
        272.8596302944771,
        209.44795779855147
    ],
    "actual": [
        231.8,
        197.6,
        190.0,
        344.7,
        323.2,
        271.4
    ],
    "mse": 1497.5059081360005,
    "rmse": 38.69762147905218,
    "mape": 12.856442260244535
}