{
    "predictions": [
        14303.00548131202,
        17443.510537162158,
        16370.95501135327,
        23226.154878054032,
        28161.448461885637,
        35128.875273823855
    ],
    "actual": [
        3053.0,
        2739.0,
        1516.0,
        1933.0,
        1953.0000000000005,
        2046.9999999999995
    ],
    "mse": 466357771.48822385,
    "rmse": 21595.318277076258,
    "mape": 990.8098167275944
}