{
    "predictions": [
        -17.96136513570021,
        -131.1458082663844,
        -86.33293744297823,
        5.2308579683543295,
        -49.503804796723955,
        -23.534025289412185
    ],
    "actual": [
        188.0,
        125.00000000000001,
        183.0,
        236.00000000000003,
        147.00000000000003,
        113.00000000000001
    ],
    "mse": 48513.445414667425,
    "rmse": 220.2576795815924,
    "mape": 135.65553271385846
}