{
    "predictions": [
        295908678.6348687,
        320276215.75324214,
        322356880.28169286,
        309103684.2620861,
        312356457.465188,
        312356457.465188
    ],
    "actual": [
        431699999.99999994,
        373000000.0,
        310600000.0,
        305800000.0,
        280600000.0,
        232700000.00000003
    ],
    "mse": 4786973792281707.0,
    "rmse": 69187959.87945957,
    "mape": 16.00072936012334
}