{
    "predictions": [
        120.99153457258217,
        28.973931575786658,
        105.02100037801141,
        56.80220968230895,
        130.54489347680598,
        37.8396824728981
    ],
    "actual": [
        44.564,
        6.049,
        21.911999999999992,
        21.911999999999992,
        21.911999999999992,
        15.954000000000002
    ],
    "mse": 4461.873641092187,
    "rmse": 66.7972577363187,
    "mape": 286.9917854294198
}