{
    "predictions": [
        290.15578167494664,
        345.0679692217297,
        78.43163908863194,
        70.99736901284906,
        119.77667685389687,
        203.69689214273998
    ],
    "actual": [
        540.7009999999999,
        788.5699999999999,
        788.5699999999999,
        216.482,
        674.0909999999999,
        867.1579999999999
    ],
    "mse": 255395.70628424248,
    "rmse": 505.3669026402921,
    "mape": 69.76293200287466
}