{
    "predictions": [
        839.0337765551791,
        782.7406345481828,
        718.7188032752364,
        753.4604699334864,
        694.6165186805707,
        704.1498420366355
    ],
    "actual": [
        1126.0,
        359.00000000000006,
        359.00000000000006,
        398.0,
        398.0,
        203.00000000000003
    ],
    "mse": 142798.00420135146,
    "rmse": 377.8862318229542,
    "mape": 109.07159407044801
}