{
    "predictions": [
        146.45024304703887,
        147.04592569589485,
        92.07563153794194,
        123.64292713292792,
        140.8543731110244,
        141.43044804116914
    ],
    "actual": [
        92.8,
        39.9,
        99.5,
        135.8,
        92.6,
        90.0
    ],
    "mse": 3255.8481916742694,
    "rmse": 57.06004023547713,
    "mape": 75.33637981854704
}