{
    "predictions": [
        364.26782685786424,
        234.05335321279296,
        -36.315231429040004,
        159.23758542196884,
        371.2681137908711,
        233.1981847322815
    ],
    "actual": [
        523.9229999999999,
        523.9229999999999,
        18.486999999999988,
        131.444,
        545.0,
        204.1
    ],
    "mse": 24053.237840048576,
    "rmse": 155.09106305667189,
    "mape": 74.91923681680316
}