{
    "predictions": [
        79.84064776153244,
        62.2001455604822,
        38.700760551174426,
        58.44330840697941,
        63.39172222788063,
        49.84759157017066
    ],
    "actual": [
        57.32,
        64.75,
        38.994,
        57.443,
        49.483,
        48.103
    ],
    "mse": 118.54401555070281,
    "rmse": 10.88779204203969,
    "mape": 12.909267643009462
}