{
    "predictions": [
        528.3804680723188,
        609.4783617278435,
        678.1900439671946,
        733.7264732772824,
        794.6936735130755,
        863.8372351200866
    ],
    "actual": [
        686.0,
        820.0000000000001,
        375.0,
        673.0,
        861.0,
        714.0
    ],
    "mse": 31937.151717340443,
    "rmse": 178.70968557227235,
    "mape": 27.868432925968605
}