{
    "predictions": [
        189.39754787927788,
        178.0845711415373,
        176.40764514533558,
        154.18349409311787,
        193.76808988321827,
        185.65975803757146
    ],
    "actual": [
        154.256,
        175.631,
        134.325,
        176.978,
        190.59,
        186.809
    ],
    "mse": 590.4846555098844,
    "rmse": 24.299890030818748,
    "mape": 11.778307446405838
}