{
    "predictions": [
        307.0097451294973,
        361.21996949099787,
        285.2285272667821,
        287.1108307350931,
        317.912180224731,
        372.08507529571796
    ],
    "actual": [
        304.9,
        360.2,
        283.5,
        293.0,
        343.0,
        359.1
    ],
    "mse": 140.1953941547633,
    "rmse": 11.840413597284654,
    "mape": 2.42083630740183
}