{
    "predictions": [
        580.092015676009,
        453.6599275016002,
        358.04806555588345,
        644.2385079980365,
        626.9700312642543,
        505.2487765002457
    ],
    "actual": [
        701.4,
        506.4,
        1584.0,
        554.0,
        645.0,
        553.0
    ],
    "mse": 255200.58921986746,
    "rmse": 505.1738207982154,
    "mape": 22.13743463629928
}