{
    "predictions": [
        2228.550334688573,
        2179.3183113134146,
        2053.2338990112407,
        2184.5778226723387,
        2201.8519503311322,
        2161.0070982748575
    ],
    "actual": [
        2456.0,
        2145.0,
        2052.0,
        2033.0,
        2306.9999999999995,
        1466.0
    ],
    "mse": 94996.5724293576,
    "rmse": 308.21513984448853,
    "mape": 11.723846942309086
}