{
    "predictions": [
        109.29718642846397,
        109.29718642846397,
        109.29718642846397,
        109.29718642846397,
        109.29718642846397,
        109.29718642846397
    ],
    "actual": [
        95.06,
        140.74900000000002,
        142.012,
        158.162,
        172.002,
        144.605
    ],
    "mse": 1638.079738497043,
    "rmse": 40.47319777948171,
    "mape": 25.354625086208333
}