{
    "predictions": [
        3391.1084624437435,
        3083.9215115132074,
        3139.5370225212555,
        3330.33611560174,
        3355.6728735278107,
        3212.250786561412
    ],
    "actual": [
        3190.0,
        2837.0,
        3058.0,
        5451.0,
        3271.0000000000005,
        3020.0
    ],
    "mse": 774901.3839320233,
    "rmse": 880.284831138208,
    "mape": 10.922157287522703
}