{
    "predictions": [
        1444.5144878980032,
        1444.5144878980032,
        1444.5144878980032,
        1444.5144878980032,
        1444.5144878980032,
        1444.5144878980032
    ],
    "actual": [
        1485.0,
        1518.0,
        1665.0,
        1568.0,
        1741.0,
        1597.0000000000002
    ],
    "mse": 30342.870035402913,
    "rmse": 174.1920492887173,
    "mape": 9.210470359862207
}