{
    "predictions": [
        251.14914067382313,
        253.06721772374138,
        246.62447921789783,
        243.68708648640887,
        241.8640166497467,
        243.2367215904411
    ],
    "actual": [
        261.983,
        -155.831,
        -678.529,
        -99.81499999999998,
        -479.18,
        193.243
    ],
    "mse": 277270.269106652,
    "rmse": 526.5645915807975,
    "mape": 153.8941643108336
}