{
    "predictions": [
        447.64462767903797,
        450.09643350442974,
        429.32442488231993,
        378.89430048349004,
        315.25447755753805,
        280.7290320874835
    ],
    "actual": [
        380.2,
        189.3,
        189.3,
        255.6,
        255.6,
        -3.0000000000000018
    ],
    "mse": 38239.59782419319,
    "rmse": 195.54947666560804,
    "mape": 1635.252415704981
}