{
    "predictions": [
        27241.84432396729,
        27761.05568323563,
        28150.749483653522,
        29421.390909027803,
        28915.78421333956,
        29212.026450255256
    ],
    "actual": [
        30816.0,
        32991.0,
        33554.0,
        34331.0,
        37934.99999999999,
        36786.0
    ],
    "mse": 38689602.11001764,
    "rmse": 6220.096631887453,
    "mape": 17.036616422925363
}