{
    "predictions": [
        546.5963534737482,
        540.2991727541207,
        465.0760857999783,
        529.4118686907539,
        478.3310797655669,
        787.3805699193763
    ],
    "actual": [
        732.9999999999999,
        863.0000000000001,
        53.999999999999794,
        749.9999999999999,
        806.0000000000005,
        899.0
    ],
    "mse": 79391.77229895299,
    "rmse": 281.7654561846661,
    "mape": 151.0927630099205
}