{
    "predictions": [
        242.1686927899685,
        251.38872987306908,
        248.6878895289427,
        226.7937809039397,
        241.86534479987534,
        252.5090452758921
    ],
    "actual": [
        240.67599999999996,
        271.358,
        293.442,
        225.1,
        247.09499999999997,
        243.06199999999998
    ],
    "mse": 420.5658561551099,
    "rmse": 20.50770236167645,
    "mape": 4.997708015418478
}