{
    "predictions": [
        391.8596319655724,
        323.0614724679278,
        375.233509028052,
        181.30027794739323,
        277.6844582278695,
        334.06695622874213
    ],
    "actual": [
        532.804,
        532.804,
        531.841,
        587.433,
        636.988,
        653.303
    ],
    "mse": 80722.9372765461,
    "rmse": 284.1178228773163,
    "mape": 44.945641089644745
}