{
    "predictions": [
        259.68329106174144,
        285.8561019124468,
        193.61113576321864,
        250.87205008238035,
        258.79535546292703,
        283.55275363699553
    ],
    "actual": [
        290.559,
        264.209,
        240.053,
        304.135,
        257.741,
        225.406
    ],
    "mse": 1632.9752725543437,
    "rmse": 40.41008874717233,
    "mape": 13.647408336878494
}