{
    "predictions": [
        -41.68507312926633,
        -109.49512867655875,
        437.36415419223664,
        601.1386224740053,
        -45.42681689957468,
        -109.89361057002465
    ],
    "actual": [
        -90.182,
        -144.569,
        420.709,
        615.689,
        -120.559,
        -145.363
    ],
    "mse": 1829.0264228009728,
    "rmse": 42.767118476710266,
    "mape": 28.51337033848504
}