{
    "predictions": [
        88.08844235889629,
        81.12244270437803,
        88.64007366304662,
        86.06371083475632,
        88.55512804512071,
        84.13564711299595
    ],
    "actual": [
        101.3,
        101.3,
        92.7,
        98.49999999999999,
        73.5,
        96.6
    ],
    "mse": 189.14005618868396,
    "rmse": 13.752819935878021,
    "mape": 13.89202755942022
}