{
    "predictions": [
        38.77731505386143,
        45.311346274673866,
        49.472790959292496,
        47.333410469864155,
        40.948192842511006,
        45.445851321380886
    ],
    "actual": [
        50.60000000000001,
        45.8,
        80.3,
        82.3,
        64.8,
        63.5
    ],
    "mse": 534.6424752658564,
    "rmse": 23.122337149731564,
    "mape": 28.42479763222495
}