{
    "predictions": [
        96.67248447510829,
        111.87562543766,
        92.04258175240399,
        113.75287305774486,
        97.02765041293958,
        103.58056188150759
    ],
    "actual": [
        144.487,
        149.532,
        121.682,
        179.154,
        188.227,
        213.092
    ],
    "mse": 4861.684900552585,
    "rmse": 69.72578361375787,
    "mape": 36.49707858484765
}