{
    "predictions": [
        260.0949642058003,
        326.36430610891864,
        340.5770627916975,
        276.61854183893183,
        274.0623051206834,
        342.03303603492907
    ],
    "actual": [
        234.903,
        322.9,
        375.628,
        65.202,
        -84.48600000000002,
        337.363
    ],
    "mse": 29191.809196859667,
    "rmse": 170.85610670052057,
    "mape": 128.52487289696006
}