{
    "predictions": [
        152.43492354810962,
        181.18200789967398,
        189.35925183007507,
        139.06274060455394,
        163.61742037858755,
        183.5330102585172
    ],
    "actual": [
        164.15,
        170.648,
        140.796,
        127.54,
        142.626,
        156.358
    ],
    "mse": 653.0820383527088,
    "rmse": 25.555469832360913,
    "mape": 14.822348891687284
}