{
    "predictions": [
        72.05706805798174,
        71.47405226557144,
        78.82452256562365,
        81.85273434446087,
        82.86386153231834,
        83.97424003825334
    ],
    "actual": [
        62.654,
        61.55500000000001,
        62.209999999999994,
        66.423,
        60.076,
        75.447
    ],
    "mse": 215.48746744342202,
    "rmse": 14.67949138912592,
    "mape": 21.71545589761962
}