{
    "predictions": [
        186.55764070445562,
        191.4961610831734,
        192.7166007945269,
        193.7516689191653,
        195.31381866981943,
        200.20592866321334
    ],
    "actual": [
        188.448,
        197.464,
        199.055,
        215.746,
        200.092,
        198.635
    ],
    "mse": 98.06888291229113,
    "rmse": 9.902973437927173,
    "mape": 3.4305015607911264
}