{
    "predictions": [
        1264.9668062938113,
        1264.9668062938113,
        1264.9668062938113,
        1264.9668062938113,
        1264.9668062938113,
        1264.9668062938113
    ],
    "actual": [
        1333.0,
        7.000000000000064,
        1576.0,
        1626.0,
        1680.0,
        1503.0
    ],
    "mse": 340517.99481860065,
    "rmse": 583.5391973283377,
    "mape": 3009.7565125369347
}