{
    "predictions": [
        177.84539901655876,
        201.0487241281945,
        210.62430217871304,
        205.22270075670187,
        172.27414917629412,
        177.8971901758567
    ],
    "actual": [
        252.0,
        260.0,
        239.00000000000006,
        272.0,
        400.99999999999994,
        280.99999999999994
    ],
    "mse": 12864.041653943777,
    "rmse": 113.41975865758037,
    "mape": 30.37556801981639
}