{
    "predictions": [
        1416.0374511709233,
        1471.5086030499363,
        1455.3980486731944,
        1412.2929928584329,
        1544.2623736918613,
        1524.919423013303
    ],
    "actual": [
        1313.0,
        1245.0,
        1288.0,
        568.0,
        1483.0,
        1969.0
    ],
    "mse": 167289.37756267932,
    "rmse": 409.0102413909453,
    "mape": 35.72756771253409
}