{
    "predictions": [
        100.46887941957657,
        116.56379417200621,
        104.62093520126125,
        129.9302563725207,
        107.46120187721588,
        125.91991402660005
    ],
    "actual": [
        114.627,
        155.722,
        122.63499999999999,
        156.107,
        127.99500000000002,
        106.93100000000001
    ],
    "mse": 587.6269368010225,
    "rmse": 24.24101765192671,
    "mape": 17.126014452293973
}