{
    "predictions": [
        316.2748847935543,
        362.351598758826,
        375.9664767265293,
        391.463453080947,
        329.26672915980254,
        374.01599324660293
    ],
    "actual": [
        271.0,
        375.99999999999994,
        445.0,
        430.99999999999994,
        363.0,
        420.99999999999994
    ],
    "mse": 1985.0483965870596,
    "rmse": 44.55388194744718,
    "mape": 10.912644372464133
}