{
    "predictions": [
        457.9423812121129,
        540.8725281201821,
        540.6606787732654,
        448.6783142194389,
        544.3039701843974,
        559.5797466887517
    ],
    "actual": [
        482.188,
        554.216,
        498.469,
        481.899,
        544.822,
        554.243
    ],
    "mse": 613.066535626997,
    "rmse": 24.760180444152603,
    "mape": 3.975301395008201
}