{
    "predictions": [
        294.16850680524306,
        251.60133996528992,
        244.2028936310046,
        309.5753676243127,
        281.0125504864255,
        215.0002972433086
    ],
    "actual": [
        229.0,
        171.0,
        95.0,
        241.0,
        -48.99999999999999,
        194.0
    ],
    "mse": 24509.481793160434,
    "rmse": 156.55504397227332,
    "mape": 157.57053885601485
}