{
    "predictions": [
        318.7335464176583,
        345.4438529997809,
        426.55360332638,
        345.4058222114597,
        313.63424722836606,
        352.7860357393528
    ],
    "actual": [
        345.00000000000006,
        346.0,
        481.0000000000001,
        275.0,
        319.99999999999994,
        411.00000000000006
    ],
    "mse": 2006.8357064302502,
    "rmse": 44.79771987981364,
    "mape": 10.141502433740392
}