{
    "predictions": [
        935.4994747810734,
        966.960684274941,
        997.7682875781535,
        1027.9358633502518,
        1057.4767081543134,
        1086.4038423175023
    ],
    "actual": [
        950.788,
        956.387,
        969.989,
        1123.693,
        1196.892,
        1194.876
    ],
    "mse": 6914.915405489802,
    "rmse": 83.15597035384653,
    "mape": 5.804218819805088
}