{
    "predictions": [
        656.4941247144164,
        496.90965278772256,
        536.5476075921704,
        674.2727047940655,
        649.7469720031032,
        542.5333773298495
    ],
    "actual": [
        663.0,
        555.0,
        534.0,
        625.0,
        694.0,
        592.0
    ],
    "mse": 1709.3969733210836,
    "rmse": 41.344854254442396,
    "mape": 5.756847636332005
}