{
    "predictions": [
        177.55415478601546,
        141.77662442153914,
        172.4764023817459,
        173.3196708446296,
        163.4740690903538,
        160.22077449278828
    ],
    "actual": [
        215.12,
        215.12,
        204.20599999999996,
        247.118,
        259.762,
        254.031
    ],
    "mse": 5219.18804459994,
    "rmse": 72.24394815207665,
    "mape": 28.492490794608344
}