{
    "predictions": [
        359.98616355800806,
        304.55780434801153,
        250.37882058030587,
        295.64008080395456,
        305.0371892541451,
        304.30508682039994
    ],
    "actual": [
        368.0,
        329.0,
        329.0,
        320.0,
        316.00000000000006,
        157.0
    ],
    "mse": 4875.884973667613,
    "rmse": 69.82753735932273,
    "mape": 23.06842358116715
}