{
    "predictions": [
        909.6830218551482,
        924.737180104751,
        939.4864958598989,
        953.9371420958516,
        968.0951667868458,
        981.966495437331
    ],
    "actual": [
        1039.0,
        1039.0,
        1401.0,
        1583.0,
        1511.0,
        1968.0
    ],
    "mse": 317583.5660985803,
    "rmse": 563.545531522148,
    "mape": 30.35959080808233
}