{
    "predictions": [
        515.1357890583439,
        626.3494043733393,
        474.1722044748822,
        575.7877206688602,
        547.0168812616839,
        646.9797147566812
    ],
    "actual": [
        613.2,
        700.4,
        565.5,
        591.7,
        687.5,
        760.2
    ],
    "mse": 9374.731115047513,
    "rmse": 96.8231951293052,
    "mape": 13.455230646605298
}