{
    "predictions": [
        191.49436838231304,
        132.83303375813443,
        84.98376837191773,
        125.16403745116808,
        160.2582023476973,
        136.50219863618318
    ],
    "actual": [
        134.067,
        157.89,
        198.996,
        82.638,
        82.973,
        135.795
    ],
    "mse": 4117.751608418842,
    "rmse": 64.16970943068732,
    "mape": 43.52081071732437
}