{
    "predictions": [
        853430053.3046976,
        864974594.4737489,
        869851146.6457497,
        871911060.5685306,
        872781192.8299322,
        873148747.0971076
    ],
    "actual": [
        851800000.0,
        783800000.0,
        708700000.0,
        577400000.0,
        632100000.0,
        606100000.0
    ],
    "mse": 4.142348310539472e+16,
    "rmse": 203527597.8961937,
    "mape": 27.73832162740509
}