{
    "predictions": [
        4709.249575089438,
        5170.587622300432,
        5300.408480425402,
        6192.735443348792,
        5033.989357842109,
        5483.4940924604425
    ],
    "actual": [
        4920.0,
        5305.0,
        5552.0,
        6433.0,
        5505.0,
        5834.0
    ],
    "mse": 88035.53250493483,
    "rmse": 296.7078234643213,
    "mape": 4.9412830889728205
}