{
    "predictions": [
        934.7647659152542,
        923.6178792612224,
        836.7754107033376,
        861.7195980082976,
        969.483242145719,
        966.1303203461143
    ],
    "actual": [
        951.699,
        1002.132,
        831.2139999999999,
        867.186,
        979.624,
        1019.5260000000001
    ],
    "mse": 1577.6633091209912,
    "rmse": 39.719810033797884,
    "mape": 2.864330288843914
}