{
    "predictions": [
        120.23798711832578,
        143.3250361015834,
        70.10299098593198,
        109.9357343886281,
        117.25417080845924,
        135.50352744266684
    ],
    "actual": [
        109.7,
        109.7,
        50.1,
        264.7,
        110.1,
        146.2
    ],
    "mse": 4293.231078179287,
    "rmse": 65.5227523702972,
    "mape": 25.411023329936082
}