{
    "predictions": [
        2981.7628368584697,
        2935.5365179230416,
        2613.8936747863513,
        2221.5001265225,
        2414.2257661875997,
        2962.6905590556503
    ],
    "actual": [
        3403.0,
        3055.0000000000005,
        2987.0,
        3662.0,
        3755.0,
        2135.0
    ],
    "mse": 814784.6156949479,
    "rmse": 902.6542060473367,
    "mape": 23.765056638349012
}