{
    "predictions": [
        525.2525133626599,
        512.7935151397875,
        512.7935151397875,
        512.7935151397875,
        512.7935151397875,
        512.7935151397875
    ],
    "actual": [
        640.0,
        709.0,
        714.0,
        760.0000000000001,
        757.0,
        712.0
    ],
    "mse": 42096.51615927935,
    "rmse": 205.17435551081755,
    "mape": 27.758091554075033
}