{
    "predictions": [
        60.8821192734399,
        48.62333896687281,
        62.480333759908476,
        29.41291189513263,
        50.25234664615812,
        35.19946372340846
    ],
    "actual": [
        52.657,
        66.918,
        80.488,
        85.324,
        46.802,
        21.856
    ],
    "mse": 673.7709903301135,
    "rmse": 25.957099035333542,
    "mape": 33.21402097071571
}