{
    "predictions": [
        1827.0,
        1827.0,
        1827.0,
        1827.0,
        1827.0,
        1827.0
    ],
    "actual": [
        1864.7,
        2079.2,
        1657.0,
        1573.3,
        1715.1,
        1606.7999999999997
    ],
    "mse": 36549.91166666668,
    "rmse": 191.18031192219215,
    "mape": 10.127490463544907
}