{
    "predictions": [
        31.364286042425398,
        37.847219338989504,
        34.19586150870414,
        29.014712625256255,
        33.70070187009815,
        28.698793384203363
    ],
    "actual": [
        50.579,
        31.373999999999995,
        26.042,
        47.298,
        46.308,
        53.685
    ],
    "mse": 265.85439049936286,
    "rmse": 16.30504187358508,
    "mape": 33.72583652720401
}