{
    "predictions": [
        76.69383529208919,
        85.93796922388687,
        72.5526064540022,
        71.37244493208223,
        81.06116736063555,
        80.67542990507731
    ],
    "actual": [
        80.09600000000002,
        116.958,
        77.48200000000001,
        76.673,
        76.62000000000002,
        71.976
    ],
    "mse": 186.93598116810685,
    "rmse": 13.672453370485739,
    "mape": 10.321347305824059
}