{
    "predictions": [
        332.4469638211113,
        336.09768731250665,
        361.64265886206465,
        353.4428757433442,
        350.76388230995747,
        350.76388230995747
    ],
    "actual": [
        247.79999999999998,
        247.79999999999998,
        100.3,
        198.19999999999996,
        176.09999999999997,
        148.1
    ],
    "mse": 29823.674475926266,
    "rmse": 172.69532268109134,
    "mape": 107.4510772175038
}