{
    "predictions": [
        4345.033932960384,
        2892.50241865271,
        5147.876672716494,
        5548.276089410564,
        5697.7592652784615,
        3882.9013977650566
    ],
    "actual": [
        -905.0,
        1141.9999999999998,
        5946.999999999999,
        2406.0,
        6850.000000000001,
        4262.0
    ],
    "mse": 7101831.098367099,
    "rmse": 2664.926096229893,
    "mape": 150.52552362027606
}