{
    "predictions": [
        926.707561614614,
        1000.1210417347712,
        853.5370747136083,
        1056.9903113990113,
        1031.299922115221,
        1066.809507813835
    ],
    "actual": [
        849.8950000000001,
        967.999,
        889.819,
        1070.259,
        928.4,
        1205.29
    ],
    "mse": 6364.945345687939,
    "rmse": 79.7806075790849,
    "mape": 6.707744517221979
}