{
    "predictions": [
        257.7374015589534,
        264.79773170549754,
        198.21399419595744,
        256.22278455120346,
        288.0868191707233,
        295.7628085230233
    ],
    "actual": [
        249.0,
        201.3,
        102.5,
        190.0,
        145.6,
        163.2
    ],
    "mse": 9255.053639551128,
    "rmse": 96.20318934188788,
    "mape": 57.062578114125216
}