{
    "predictions": [
        396.18979029192104,
        373.7172959470757,
        394.3305685886635,
        413.11977911895417,
        403.5592542657452,
        389.4119066384688
    ],
    "actual": [
        390.4,
        396.1,
        325.5,
        405.6,
        472.1,
        439.90000000000003
    ],
    "mse": 2095.930459945375,
    "rmse": 45.78133309489114,
    "mape": 9.354891364242675
}