{
    "predictions": [
        1847.6144394813539,
        1838.4122794985562,
        2181.1237629292573,
        2452.1965112458597,
        2521.8178921635977,
        2883.3228305793036
    ],
    "actual": [
        1305.504,
        1282.187,
        1494.112,
        1800.1320000000003,
        1947.043,
        1570.614
    ],
    "mse": 592335.7049866566,
    "rmse": 769.6334874384407,
    "mape": 46.70168991003833
}