{
    "predictions": [
        3591.4971619131265,
        3608.5354848328616,
        3613.0302869492107,
        4236.1675373375365,
        3821.7882663910596,
        3821.7882663910596
    ],
    "actual": [
        3798.9999999999995,
        3345.0,
        3397.0,
        3875.0,
        4137.0,
        3748.0
    ],
    "mse": 65737.09995796153,
    "rmse": 256.39247250643206,
    "mape": 6.434748728723662
}