{
    "predictions": [
        45.45657664944967,
        45.32157781591486,
        43.9744164217912,
        42.257385104371544,
        41.04713622928457,
        40.194092767124275
    ],
    "actual": [
        49.2,
        73.5,
        125.19999999999999,
        84.4,
        81.3,
        109.4
    ],
    "mse": 2598.5637917828317,
    "rmse": 50.976110010306115,
    "mape": 45.58771272417603
}