{
    "predictions": [
        264.8,
        264.8,
        264.8,
        264.8,
        264.8,
        264.8
    ],
    "actual": [
        309.0,
        330.99999999999994,
        325.5,
        331.1,
        254.6,
        257.1
    ],
    "mse": 2429.931666666665,
    "rmse": 49.294337064886726,
    "mape": 13.329638410109693
}