{
    "predictions": [
        170.9599508532455,
        239.21714424353195,
        231.81526933437843,
        297.3450087709905,
        184.51692846015635,
        263.603787341866
    ],
    "actual": [
        322.113,
        312.384,
        371.593,
        566.322,
        633.666,
        535.801
    ],
    "mse": 65985.54664870864,
    "rmse": 256.87652023629687,
    "mape": 46.19029294373596
}