{
    "predictions": [
        680.8028465656652,
        573.8097637200832,
        644.4936131693037,
        704.5323045689427,
        646.5386956004794,
        600.9803645163524
    ],
    "actual": [
        761.9999999999999,
        706.0,
        734.0,
        889.0,
        806.9999999999999,
        593.0
    ],
    "mse": 15319.746110353357,
    "rmse": 123.77296195192775,
    "mape": 13.925569778882982
}