{
    "predictions": [
        2510.244136068092,
        1904.4894542850789,
        304.3144786299315,
        -562.5525132610235,
        -684.4039090929915,
        -797.7251193405313
    ],
    "actual": [
        2424.0,
        2889.0,
        2889.0,
        1704.0,
        2049.0,
        580.0000000000001
    ],
    "mse": 3694030.340014446,
    "rmse": 1921.9860405357906,
    "mape": 105.17609638003245
}