{
    "predictions": [
        160.01213014322298,
        146.78680088223635,
        159.1698742730865,
        150.76445401755876,
        160.05554062524945,
        155.55646936724625
    ],
    "actual": [
        149.067,
        145.14,
        211.988,
        129.97,
        220.92,
        141.562
    ],
    "mse": 1207.4998563402805,
    "rmse": 34.74909864068823,
    "mape": 14.471384051170277
}