{
    "predictions": [
        287.57719031760104,
        305.6673389749654,
        310.03537352173083,
        292.53925644188007,
        263.84252628478947,
        245.18377770175326
    ],
    "actual": [
        237.118,
        277.992,
        414.473,
        364.994,
        314.957,
        -615.92
    ],
    "mse": 127263.56122646465,
    "rmse": 356.7401872882626,
    "mape": 38.72017375541447
}