{
    "predictions": [
        331.60741578902343,
        426.4227820964686,
        394.67952750515303,
        333.2911627264302,
        371.7820129348133,
        443.023094009549
    ],
    "actual": [
        422.088,
        545.637,
        498.254,
        354.665,
        475.26900000000006,
        624.6
    ],
    "mse": 12877.16790379806,
    "rmse": 113.47760970252264,
    "mape": 20.15739033717942
}