{
    "predictions": [
        -11.066868362105534,
        21.61385399581947,
        3.5158742925728412,
        -28.153383362854242,
        -10.849109939532246,
        -16.77655870370081
    ],
    "actual": [
        51.392,
        0.0,
        45.82,
        0.0,
        46.557,
        0.0
    ],
    "mse": 1754.5725581002414,
    "rmse": 41.887618195598584,
    "mape": Infinity
}