{
    "predictions": [
        2194.774300958604,
        1807.6150745184752,
        1393.953290385968,
        1017.2273409016868,
        748.5050531239181,
        602.8105006365029
    ],
    "actual": [
        2458.0,
        3337.0,
        3081.0,
        2866.0,
        3156.0,
        4234.0
    ],
    "mse": 4608993.677316088,
    "rmse": 2146.8566969679387,
    "mape": 56.30822372740284
}