{
    "predictions": [
        -117.65150864318183,
        3.2645511982034647,
        79.03454488033225,
        85.68099628955352,
        59.05906642644392,
        79.03116416776584
    ],
    "actual": [
        292.784,
        164.019,
        128.58,
        92.521,
        77.575,
        150.78
    ],
    "mse": 33715.262096318664,
    "rmse": 183.61716176958694,
    "mape": 59.26210354644108
}