{
    "predictions": [
        49.58653201147327,
        58.50634200727265,
        70.26553683921095,
        56.76804781571546,
        44.962641192816776,
        51.13150874209923
    ],
    "actual": [
        49.99999999999999,
        56.9,
        65.3,
        65.3,
        65.3,
        58.8
    ],
    "mse": 95.43599600382622,
    "rmse": 9.769134864655427,
    "mape": 11.41769213282144
}