{
    "predictions": [
        686.387976920077,
        666.4437331255082,
        659.0049824597137,
        702.4386499639919,
        711.5142624200226,
        691.8215365219929
    ],
    "actual": [
        670.0000000000001,
        717.0000000000001,
        669.0,
        736.0,
        746.0,
        750.0
    ],
    "mse": 1437.4610347974633,
    "rmse": 37.91386335890163,
    "mape": 4.65515350454126
}