{
    "predictions": [
        1118.4451666161413,
        1137.4226471001164,
        1241.8714905412842,
        1221.13881696507,
        1233.914207570184,
        1226.0420629327225
    ],
    "actual": [
        1316.4,
        1316.4,
        830.9,
        1763.6000000000001,
        1628.5,
        1055.7
    ],
    "mse": 119849.17934001716,
    "rmse": 346.192402198571,
    "mape": 24.86979728310834
}