{
    "predictions": [
        141.43383755803669,
        149.74236775225566,
        157.9140526683082,
        166.11824055280277,
        174.36417743915516,
        182.57909078864458
    ],
    "actual": [
        138.739,
        141.178,
        145.226,
        182.32500000000002,
        167.303,
        164.94900000000004
    ],
    "mse": 144.15610079937403,
    "rmse": 12.006502438236293,
    "mape": 6.7572072834412396
}