{
    "predictions": [
        57.261201507095606,
        166.33732584385058,
        254.88719602230006,
        275.58168400026733,
        77.40576477649452,
        162.99965127134672
    ],
    "actual": [
        234.40000000000003,
        375.50000000000006,
        179.10000000000002,
        281.9,
        255.39999999999995,
        456.2
    ],
    "mse": 33093.198442843466,
    "rmse": 181.91536065666216,
    "mape": 51.63216399934333
}