{
    "predictions": [
        102.75937949319483,
        100.07254529121666,
        101.32297283861246,
        105.41104886538876,
        105.41104886538876,
        105.41104886538876
    ],
    "actual": [
        80.441,
        71.51399999999998,
        76.08600000000001,
        110.079,
        86.41200000000002,
        79.07599999999998
    ],
    "mse": 504.48229912275974,
    "rmse": 22.46068340729551,
    "mape": 26.72980676953164
}