{
    "predictions": [
        -33708809.28041235,
        4186538.887669582,
        3713892.3947551576,
        4634187.06830846,
        -3425589.5748868473,
        -7271240.023695458
    ],
    "actual": [
        5024999.999999997,
        13717000.000000006,
        47695999.99999999,
        60767000.0,
        58947000.00000001,
        70366000.0
    ],
    "mse": 2765722852697133.5,
    "rmse": 52590140.261242256,
    "mape": 206.83888038907577
}