{
    "predictions": [
        52.35664434595722,
        51.25204610138589,
        50.254572335700416,
        51.627242560634905,
        53.02892091515492,
        53.028156119084834
    ],
    "actual": [
        53.277,
        53.977,
        56.058,
        56.853,
        54.172999999999995,
        79.776
    ],
    "mse": 131.00280182992145,
    "rmse": 11.445645540113562,
    "mape": 10.326779789775536
}