{
    "predictions": [
        271.3486544008,
        234.46356678792404,
        145.01216653162103,
        291.2066329489322,
        288.451720548126,
        244.8583043827828
    ],
    "actual": [
        326.324,
        264.777,
        144.88299999999998,
        320.67100000000005,
        356.712,
        281.266
    ],
    "mse": 1799.0574195952133,
    "rmse": 42.41529699996469,
    "mape": 11.608868520556442
}