{
    "predictions": [
        -193.15740949933334,
        -384.590966123646,
        -449.64962058826836,
        -410.69617211618316,
        -249.12176900185034,
        -16.4589212792151
    ],
    "actual": [
        165.01800000000003,
        508.0,
        227.95500000000004,
        123.126,
        186.667,
        185.776
    ],
    "mse": 316655.53410565475,
    "rmse": 562.7215422441678,
    "mape": 244.3146543114676
}