{
    "predictions": [
        548.9942064284728,
        525.8469341921201,
        588.642478816834,
        600.3270260874741,
        577.2342884540659,
        554.1000955933687
    ],
    "actual": [
        450.1,
        390.2,
        469.5,
        426.0,
        343.4,
        246.4
    ],
    "mse": 37020.47006482482,
    "rmse": 192.40704265911063,
    "mape": 52.66758003034872
}