{
    "predictions": [
        1099.6313068808774,
        1096.059741888646,
        1105.6392282475485,
        1114.5321460403475,
        1116.6491427557087,
        1117.6183657687395
    ],
    "actual": [
        1121.1,
        1140.7,
        1164.0,
        1222.1,
        1303.3,
        1252.7
    ],
    "mse": 11752.678455022513,
    "rmse": 108.40977103113221,
    "mape": 7.458119543381487
}