{
    "predictions": [
        68.9134861178264,
        76.68677460226858,
        80.00486361271031,
        81.4212158686763,
        82.02579691115801,
        82.2838670595894
    ],
    "actual": [
        58.108,
        73.878,
        189.1,
        53.293,
        49.44,
        61.123
    ],
    "mse": 2387.868251895655,
    "rmse": 48.86581885014979,
    "mape": 38.899907131140914
}