{
    "predictions": [
        131.67822924948865,
        146.63291580279534,
        142.96968727536745,
        124.57658469880789,
        127.97686610767609,
        132.9669980606691
    ],
    "actual": [
        125.0,
        165.0,
        165.0,
        169.0,
        169.0,
        195.0
    ],
    "mse": 1395.2856462559655,
    "rmse": 37.3535225414681,
    "mape": 18.699623067970165
}