{
    "predictions": [
        134.11,
        134.11,
        134.11,
        134.11,
        134.11,
        134.11
    ],
    "actual": [
        134.11,
        120.492,
        112.923,
        111.908,
        124.214,
        121.891
    ],
    "mse": 229.083745666667,
    "rmse": 15.1355127322026,
    "mape": 11.315879102549705
}