{
    "predictions": [
        65.95611135671525,
        65.82640316132749,
        65.72795182116025,
        65.65322511363223,
        65.59650591805307,
        65.55345481552803
    ],
    "actual": [
        139.82499999999996,
        -29.720999999999982,
        101.627,
        -119.23,
        -83.758,
        -82.454
    ],
    "mse": 15711.573777971375,
    "rmse": 125.34581675497341,
    "mape": 153.75318105183317
}