{
    "predictions": [
        1366.9265380349264,
        1365.48873134209,
        1289.7314376447387,
        1294.4020388424055,
        1503.0748956490463,
        1485.5954235210954
    ],
    "actual": [
        1109.9,
        1281.7,
        1076.9,
        1398.7,
        1816.9,
        1663.4
    ],
    "mse": 43226.52364057056,
    "rmse": 207.90989308008062,
    "mape": 14.146141183595832
}