{
    "predictions": [
        295.83419728256115,
        292.4014260206668,
        286.85760466968094,
        326.0092235120673,
        316.8413409372137,
        316.72148752072076
    ],
    "actual": [
        305.514,
        297.59799999999996,
        326.452,
        310.919,
        303.132,
        289.21
    ],
    "mse": 476.8269872540832,
    "rmse": 21.836368453890934,
    "mape": 5.988644418004967
}