{
    "predictions": [
        58.18172524598122,
        55.110866644886116,
        51.93797296157944,
        38.083658530482225,
        50.50672265121708,
        49.51340107129811
    ],
    "actual": [
        70.2,
        67.0,
        50.9,
        44.1,
        84.3,
        63.00000000000001
    ],
    "mse": 274.48968619683393,
    "rmse": 16.5677302669024,
    "mape": 18.673497719791634
}