{
    "predictions": [
        283.32923466231796,
        295.6211663691901,
        275.6902805302082,
        280.94435468297837,
        289.95649424206795,
        302.24248076719385
    ],
    "actual": [
        310.7,
        275.3,
        243.89999999999998,
        259.3,
        230.6,
        243.6
    ],
    "mse": 1600.5570971410018,
    "rmse": 40.006963108201575,
    "mape": 14.564251910517243
}