{
    "predictions": [
        209.8186497343708,
        181.2853978047136,
        176.41626343843868,
        199.3428561102297,
        206.58420691171355,
        187.49760668480533
    ],
    "actual": [
        209.14300000000003,
        182.354,
        168.237,
        258.457,
        218.05400000000003,
        191.276
    ],
    "mse": 618.1355301605978,
    "rmse": 24.862331551175924,
    "mape": 5.9796981006345025
}