{
    "predictions": [
        56021241.22374493,
        57260179.64500229,
        56925542.22822198,
        56200083.80232814,
        54578358.68786755,
        54792684.36495256
    ],
    "actual": [
        58625000.0,
        61651000.0,
        61651000.0,
        71519000.0,
        75789000.0,
        74539000.0
    ],
    "mse": 187144382301632.8,
    "rmse": 13680072.452353196,
    "mape": 15.854224539964024
}