{
    "predictions": [
        265.2460664744381,
        193.26048359432215,
        196.53264029511934,
        213.63156873754937,
        261.6022258016266,
        191.97666591185094
    ],
    "actual": [
        267.14,
        189.2,
        178.14900000000003,
        207.35500000000002,
        260.6,
        214.7
    ],
    "mse": 152.46373757926753,
    "rmse": 12.34762072543806,
    "mape": 4.528276941463619
}