{
    "predictions": [
        305.72556057922907,
        268.9184722833198,
        267.1408965723121,
        229.12924995291525,
        291.7449476848641,
        358.023765189637
    ],
    "actual": [
        460.305,
        418.512,
        351.329,
        465.341,
        447.611,
        567.79
    ],
    "mse": 29575.458962706587,
    "rmse": 171.9751696109255,
    "mape": 35.969326184985874
}