{
    "predictions": [
        421.808076077145,
        531.2795906865042,
        486.3025076328162,
        480.48922240527673,
        486.5348885618503,
        580.7812414864072
    ],
    "actual": [
        419.415,
        437.291,
        434.84,
        408.12,
        401.72299999999996,
        428.374
    ],
    "mse": 7857.716622445344,
    "rmse": 88.64376245650533,
    "mape": 18.053535656161255
}