{
    "predictions": [
        959.4992482185357,
        953.8854155097019,
        993.5346645936368,
        994.4029735095066,
        973.9004660662658,
        970.0561345608677
    ],
    "actual": [
        996.982,
        1027.592,
        1027.592,
        1444.143,
        1128.329,
        1084.362
    ],
    "mse": 41196.268961283175,
    "rmse": 202.968640339544,
    "mape": 11.602797481333075
}