{
    "predictions": [
        1241.1671811428396,
        1177.3456311435546,
        1226.4357352899474,
        1280.032709865321,
        1280.5132084250579,
        1216.896164930895
    ],
    "actual": [
        840.968,
        630.258,
        893.0110000000001,
        694.8840000000001,
        516.489,
        363.052
    ],
    "mse": 370969.69609066006,
    "rmse": 609.0728167392303,
    "mape": 106.50808958557569
}