{
    "predictions": [
        894.3460078731265,
        838.3811918450907,
        723.7211989654164,
        881.5896005755895,
        878.2399214591694,
        838.1202659182696
    ],
    "actual": [
        1106.8,
        917.1999999999999,
        763.8,
        1059.4,
        1161.4,
        928.9999999999999
    ],
    "mse": 28835.117978576596,
    "rmse": 169.80906329927328,
    "mape": 13.997261473741734
}