{
    "predictions": [
        45.04690256495519,
        45.51177326341281,
        45.976643961870444,
        46.44151466032807,
        46.9063853587857,
        47.37125605724333
    ],
    "actual": [
        51.843,
        30.2833,
        28.211,
        28.211,
        28.211,
        39.132
    ],
    "mse": 223.91098042196697,
    "rmse": 14.963655316197542,
    "mape": 46.386126481221474
}