{
    "predictions": [
        448.64872918334214,
        367.72847042051734,
        314.02648024528423,
        355.79605053620685,
        393.5036241555529,
        330.1659794135894
    ],
    "actual": [
        445.0,
        387.3,
        310.8,
        252.3,
        438.6,
        313.2
    ],
    "mse": 2239.9547029777,
    "rmse": 47.32815972523863,
    "mape": 10.60521387705782
}