{
    "predictions": [
        1176.7714610438381,
        1491.9230824641152,
        1129.9759855371267,
        1289.6584517731794,
        1237.5064163018121,
        1533.8674556898247
    ],
    "actual": [
        1265.0,
        1685.0,
        1232.0,
        1309.0,
        1437.0,
        1978.0
    ],
    "mse": 48816.22883976742,
    "rmse": 220.94394954324372,
    "mape": 10.754695182162411
}