{
    "predictions": [
        1370.9748598611566,
        1504.6186516579055,
        1555.5390062011525,
        1483.9757832793828,
        1437.7270014825017,
        1570.1159751256569
    ],
    "actual": [
        1060.302,
        964.342,
        965.6160000000001,
        1227.052,
        1108.0,
        1021.0
    ],
    "mse": 202113.95324763775,
    "rmse": 449.5708545353421,
    "mape": 41.81632908071356
}