{
    "predictions": [
        625.7866238405353,
        457.01609883519313,
        408.03227124461984,
        598.1724091440882,
        618.9630554219003,
        478.8073480327444
    ],
    "actual": [
        768.0999999999999,
        554.1,
        485.29999999999995,
        776.4,
        693.2,
        706.8
    ],
    "mse": 20817.58837332575,
    "rmse": 144.28301484695191,
    "mape": 19.648766757433382
}