{
    "predictions": [
        239.3977052085855,
        210.47297569198432,
        270.2361474256869,
        254.80833681617366,
        232.55669902530744,
        204.1921935843945
    ],
    "actual": [
        283.0,
        283.0,
        349.0,
        319.0,
        210.0,
        323.0
    ],
    "mse": 5351.623832818858,
    "rmse": 73.15479364210427,
    "mape": 21.875033417384607
}