{
    "predictions": [
        377.1459238023599,
        426.61484718827296,
        454.9252554852885,
        416.1510408076449,
        417.95754822354934,
        429.2023349102099
    ],
    "actual": [
        336.1,
        341.2,
        348.9,
        315.0,
        333.8,
        347.6
    ],
    "mse": 7365.7976373288,
    "rmse": 85.82422523582022,
    "mape": 24.738975070524823
}