{
    "predictions": [
        223.08453840326513,
        180.90953591958268,
        181.92577838733555,
        202.4406151350157,
        200.56463745967596,
        162.30674447027982
    ],
    "actual": [
        175.6,
        134.8,
        166.4,
        204.8,
        137.0,
        90.0
    ],
    "mse": 2316.0359354724337,
    "rmse": 48.12521101743278,
    "mape": 33.078001317193575
}