{
    "predictions": [
        49.75546350398555,
        49.75546350398555,
        49.75546350398555,
        49.75546350398555,
        49.75546350398555,
        49.75546350398555
    ],
    "actual": [
        68.355,
        45.19100000000001,
        27.137000000000004,
        27.137000000000004,
        9.079000000000002,
        38.447
    ],
    "mse": 528.7371495866806,
    "rmse": 22.9942851505908,
    "mape": 113.57501015229691
}