{
    "predictions": [
        2211.416588079229,
        2067.3372318771603,
        1971.3829630486912,
        2036.362659122789,
        1922.293499907252,
        1876.3209198239224
    ],
    "actual": [
        2598.0,
        2014.0,
        2014.0,
        2414.0,
        2414.0,
        1923.0
    ],
    "mse": 90111.99774991447,
    "rmse": 300.1866048808882,
    "mape": 9.680732955851228
}