{
    "predictions": [
        837.5601313373004,
        907.3298293301807,
        880.7410022321853,
        849.849711842487,
        859.2002288436516,
        943.3076452494633
    ],
    "actual": [
        881.0,
        937.0,
        3510.0,
        998.0,
        912.0,
        969.0000000000001
    ],
    "mse": 1156861.1065613276,
    "rmse": 1075.5747796231221,
    "mape": 17.71508549950749
}