{
    "predictions": [
        237.53223812225377,
        144.13341233937663,
        42.038736571832096,
        119.68900890526528,
        221.0336170326358,
        223.38696035798043
    ],
    "actual": [
        228.66,
        155.992,
        102.54400000000001,
        232.52099999999996,
        218.725,
        83.98700000000001
    ],
    "mse": 6008.161081321138,
    "rmse": 77.51232857630545,
    "mape": 47.67422680861639
}