{
    "predictions": [
        90.83810476975967,
        90.17298264942299,
        74.07713199896516,
        76.95934644546529,
        73.87820845758999,
        104.68513156956347
    ],
    "actual": [
        89.4,
        78.30000000000001,
        36.9,
        72.4,
        104.5,
        127.40000000000002
    ],
    "mse": 499.93700184656944,
    "rmse": 22.359271049087656,
    "mape": 28.492210316299126
}