{
    "predictions": [
        37.508550436089784,
        41.69827726070803,
        40.043715017029825,
        37.311206214134934,
        40.70358909545324,
        37.774512845634014
    ],
    "actual": [
        32.861,
        42.732,
        46.621,
        46.621,
        46.621,
        53.388
    ],
    "mse": 71.89966312884417,
    "rmse": 8.479366906134217,
    "mape": 15.429521295730108
}