{
    "predictions": [
        2232.1657949766222,
        2367.867549429077,
        2508.337794722659,
        2479.4507529851157,
        2375.910476893416,
        2397.7117926880146
    ],
    "actual": [
        2801.0,
        2789.0,
        2788.0,
        2910.0,
        2837.0,
        2986.0
    ],
    "mse": 220532.5100125208,
    "rmse": 469.60889047431886,
    "mape": 16.031452385334628
}