{
    "predictions": [
        821.664416523697,
        443.6179592286227,
        607.729503421512,
        671.0280506486641,
        922.7533447648725,
        567.7609018881159
    ],
    "actual": [
        589.109,
        326.029,
        671.6940000000001,
        526.595,
        660.911,
        254.55399999999997
    ],
    "mse": 43253.58748858635,
    "rmse": 207.9749684182843,
    "mape": 45.858873126567914
}