{
    "predictions": [
        152520327.02941468,
        206912391.1010222,
        234629546.88313508,
        404233869.8163611,
        202387421.7019967,
        238075795.87324065
    ],
    "actual": [
        297500000.0,
        489100000.0,
        241500000.0,
        334500000.0,
        292900000.0,
        533700000.0
    ],
    "mse": 3.3524194135351436e+16,
    "rmse": 183096133.58930176,
    "mape": 36.06895239173157
}