{
    "predictions": [
        187.65612019891677,
        234.3297661287383,
        222.06819655352922,
        213.98569198645234,
        214.19310967923013,
        265.4137922688902
    ],
    "actual": [
        189.6,
        243.3,
        170.29999999999998,
        171.0,
        214.39999999999998,
        263.4
    ],
    "mse": 769.3429695420415,
    "rmse": 27.737032457385226,
    "mape": 10.184876430802586
}