{
    "predictions": [
        30.65197387115004,
        34.907455296718986,
        28.23509605276371,
        32.50937213550157,
        33.676417083688044,
        35.78328297265622
    ],
    "actual": [
        39.81,
        37.29,
        37.29,
        26.31,
        32.13,
        22.4
    ],
    "mse": 65.24552185514197,
    "rmse": 8.077470015737724,
    "mape": 23.633092928053458
}