{
    "predictions": [
        420.03498023123086,
        504.30799380367,
        501.1199924366227,
        397.43673254711916,
        411.4057426008679,
        630.7813508465719
    ],
    "actual": [
        450.709,
        450.709,
        367.418,
        670.723,
        438.149,
        441.269
    ],
    "mse": 22167.581220850214,
    "rmse": 148.88781421207787,
    "mape": 24.147222251604727
}