{
    "predictions": [
        3734.9145920892356,
        3985.4787898693767,
        4233.4104832484345,
        3728.691365723566,
        3868.5861634361318,
        3766.110538956709
    ],
    "actual": [
        2999.0000000000005,
        3295.9999999999995,
        2875.0,
        3251.0,
        4224.0,
        3085.9999999999995
    ],
    "mse": 613214.7851394551,
    "rmse": 783.0803184472555,
    "mape": 22.975464270805002
}