{
    "predictions": [
        21.911919754044302,
        21.911919754044302,
        21.911919754044302,
        21.911919754044302,
        21.911919754044302,
        21.911919754044302
    ],
    "actual": [
        27.730999999999998,
        26.01,
        24.195,
        15.872999999999998,
        19.129000000000005,
        23.809
    ],
    "mse": 17.28008660557818,
    "rmse": 4.156932355184311,
    "mape": 17.789549191401598
}