{
    "predictions": [
        119.38715909191839,
        148.4057094831159,
        151.8486109769618,
        129.2721329908837,
        113.80201541373785,
        113.80201541373785
    ],
    "actual": [
        124.39999999999999,
        249.69999999999993,
        -2267.1,
        115.79999999999998,
        57.19999999999998,
        104.39999999999998
    ],
    "mse": 977511.9548037872,
    "rmse": 988.6920424499164,
    "mape": 45.1480390509069
}