{
    "predictions": [
        -10001000.000000002,
        -10001000.000000002,
        -10001000.000000002,
        -10001000.000000002,
        -10001000.000000002,
        -10001000.000000002
    ],
    "actual": [
        -28201999.999999993,
        34352000.00000001,
        19760000.000000015,
        32718000.000000007,
        50888000.0,
        61488000.0
    ],
    "mse": 2304540422333333.5,
    "rmse": 48005629.06923868,
    "mape": 118.4581365517551
}