{
    "predictions": [
        357.00987395249115,
        345.0491637349768,
        310.0743802342121,
        351.99789948170996,
        339.70195202151325,
        330.3813134955207
    ],
    "actual": [
        357.0,
        412.0,
        345.0,
        438.0,
        379.0,
        243.0
    ],
    "mse": 3713.067551130877,
    "rmse": 60.93494523777696,
    "mape": 15.389964328184435
}