{
    "predictions": [
        1268.9330626176106,
        1409.2633453569624,
        1021.5371392362517,
        488.5621294599408,
        1161.90442065778,
        1326.1266199020683
    ],
    "actual": [
        3056.0000000000005,
        2431.0000000000005,
        1729.0,
        229.0,
        2106.0,
        1611.9999999999998
    ],
    "mse": 963078.3801530609,
    "rmse": 981.3655690684593,
    "mape": 52.888849733807355
}