{
    "predictions": [
        149.36380284949112,
        98.47465110927635,
        160.8593092909518,
        174.55853574716963,
        209.7591862039298,
        159.25587193323398
    ],
    "actual": [
        86.545,
        33.324,
        38.036,
        39.358,
        53.769,
        35.732
    ],
    "mse": 13524.440772037176,
    "rmse": 116.29462916247326,
    "mape": 261.72117018827373
}