{
    "predictions": [
        303104196.9652642,
        355492652.2487285,
        407881107.53219384,
        460269562.81565917,
        512658018.09912443,
        565046473.3825897
    ],
    "actual": [
        600000000.0000002,
        600000000.0000002,
        -312000000.00000024,
        1397000000.0,
        1259000000.0000002,
        1430000000.0
    ],
    "mse": 4.7479910650816154e+17,
    "rmse": 689056678.7341673,
    "mape": 84.63079731591927
}