{
    "predictions": [
        406.8662081288213,
        422.71718764561473,
        402.5208150843109,
        422.53026979321834,
        404.69626159069,
        418.15472228108007
    ],
    "actual": [
        422.552,
        476.67699999999996,
        528.974,
        577.48,
        534.873,
        623.953
    ],
    "mse": 17076.07443623032,
    "rmse": 130.6754546050264,
    "mape": 20.515071189272703
}