{
    "predictions": [
        64.94097388491753,
        78.27599317824527,
        52.8050068999431,
        67.1319952335952,
        63.2752076717576,
        74.70004223193298
    ],
    "actual": [
        30.4,
        104.99999999999999,
        85.8,
        32.4,
        18.100000000000005,
        79.4
    ],
    "mse": 1044.1869118858447,
    "rmse": 32.31388110218029,
    "mape": 90.03873395845386
}