{
    "predictions": [
        3821.792671442265,
        4093.974364600654,
        3397.342499240086,
        3586.582131467379,
        3664.077858630174,
        3487.8916086530453
    ],
    "actual": [
        2274.0000000000005,
        3543.000000000001,
        2629.0,
        2968.0,
        2887.9999999999995,
        4000.0
    ],
    "mse": 756130.1334784444,
    "rmse": 869.5574354109361,
    "mape": 28.893068990108418
}