{
    "predictions": [
        186.13882035670628,
        161.79053452209666,
        204.46508730416122,
        202.40559492918763,
        189.53251598890452,
        164.96048166710378
    ],
    "actual": [
        218.0,
        218.0,
        260.0,
        242.0,
        127.0,
        198.0
    ],
    "mse": 2304.734591032039,
    "rmse": 48.00765138008773,
    "mape": 24.007518616366937
}