{
    "predictions": [
        618.7928093487266,
        255.45061160441747,
        121.95592031432261,
        431.9693850569931,
        580.0019595603244,
        256.4932637185815
    ],
    "actual": [
        364.456,
        364.456,
        -347.817,
        -170.508,
        332.518,
        384.131
    ],
    "mse": 122962.44756957045,
    "rmse": 350.6600170672021,
    "mape": 115.95918709458091
}