{
    "predictions": [
        6370.638823650088,
        4108.443945204278,
        3460.881889584237,
        3653.6310095684607,
        3081.0258577241575,
        2692.8613752145493
    ],
    "actual": [
        3428.0,
        4185.0,
        4185.0,
        2518.0,
        2039.0,
        1315.0
    ],
    "mse": 2243884.793529689,
    "rmse": 1497.9602109300797,
    "mape": 50.993145228700406
}