{
    "predictions": [
        144.91553236223,
        147.54272475651794,
        153.9582210951748,
        147.1278919111132,
        148.55064075435618,
        149.62083170471996
    ],
    "actual": [
        141.5,
        94.244,
        158.194,
        171.072,
        149.75,
        144.842
    ],
    "mse": 577.9929586922505,
    "rmse": 24.041484120000796,
    "mape": 13.290353023632386
}