{
    "predictions": [
        179.42690690083808,
        151.5149703522445,
        161.80207127158775,
        159.5635702269094,
        157.42798295674922,
        137.40685085701526
    ],
    "actual": [
        161.346,
        128.293,
        100.285,
        95.078,
        36.122,
        65.175
    ],
    "mse": 4790.249951008966,
    "rmse": 69.21163161643399,
    "mape": 100.85394508575953
}