{
    "predictions": [
        98.62623294174166,
        63.25156522759417,
        39.729437492158475,
        23.76900987352724,
        13.272247220556968,
        -1.3350439496428423
    ],
    "actual": [
        118.518,
        104.871,
        104.871,
        65.212,
        86.656,
        104.643
    ],
    "mse": 4117.554219241224,
    "rmse": 64.16817138769987,
    "mape": 61.349487819446146
}