{
    "predictions": [
        1296782190.436999,
        1293533301.0414007,
        1232337802.2765534,
        1249479330.654821,
        1250323603.1611059,
        1249535895.5264173
    ],
    "actual": [
        1246300000.0,
        1270400000.0,
        530500000.0,
        1034000000.0,
        540300000.0,
        1209300000.0
    ],
    "mse": 1.7464061469115235e+17,
    "rmse": 417900244.90439385,
    "mape": 48.958062256741016
}