{
    "predictions": [
        -7.12684759278793,
        16.404135746670807,
        50.236197255344834,
        -3.7033172791419724,
        -4.788917350998516,
        16.73991679264344
    ],
    "actual": [
        3.2670000000000012,
        42.101,
        84.40099999999998,
        14.565,
        14.565,
        62.391999999999996
    ],
    "mse": 788.0021468382353,
    "rmse": 28.07137593418312,
    "mape": 125.18957603833694
}