{
    "predictions": [
        12350.968286445557,
        10464.89782526685,
        12221.929332210875,
        12625.197293304025,
        12441.701792958087,
        11580.745731489344
    ],
    "actual": [
        11904.0,
        11678.0,
        12155.0,
        12215.0,
        10432.0,
        11259.0
    ],
    "mse": 997760.0837875135,
    "rmse": 998.8794140373069,
    "mape": 6.695655488453542
}