{
    "predictions": [
        56440069.5294242,
        103616841.30483717,
        117378524.31573442,
        97549194.47850691,
        49486751.335857056,
        -12785078.698860025
    ],
    "actual": [
        -45999999.99999999,
        -66999999.99999998,
        -135000000.0,
        62999999.99999997,
        27999999.99999999,
        8000000.000000016
    ],
    "mse": 1.756439012273691e+16,
    "rmse": 132530713.88450645,
    "mape": 175.947788820097
}