{
    "predictions": [
        760.1744206333005,
        786.7470821132623,
        998.3906989971749,
        695.6379840744614,
        684.7386143198478,
        710.6697251719556
    ],
    "actual": [
        1579.0,
        729.0,
        1044.0,
        879.0,
        3063.0,
        794.0
    ],
    "mse": 1062097.1742433743,
    "rmse": 1030.5809886871455,
    "mape": 28.85791242958598
}