{
    "predictions": [
        446.77849528969125,
        422.1203457218742,
        409.95064334328714,
        415.5654095839049,
        421.32011143460784,
        399.5779496522397
    ],
    "actual": [
        446.2,
        374.80000000000007,
        286.9,
        465.5,
        385.2,
        355.9
    ],
    "mse": 3847.8166098550005,
    "rmse": 62.03077147557493,
    "mape": 14.670245323967738
}