{
    "predictions": [
        -412.0,
        -412.0,
        -412.0,
        -412.0,
        -412.0,
        -412.0
    ],
    "actual": [
        -391.99999999999994,
        -79.00000000000001,
        426.0,
        343.0,
        925.0000000000001,
        896.0000000000001
    ],
    "mse": 813665.1666666666,
    "rmse": 902.0339054972749,
    "mape": 188.99565744250967
}