{
    "predictions": [
        692178021.8694805,
        689939501.7108998,
        702437338.0135988,
        765778809.4853151,
        719479651.5673895,
        715538993.7735628
    ],
    "actual": [
        605717000.0,
        631584000.0,
        667182000.0,
        620921000.0,
        741906000.0,
        805567000.0
    ],
    "mse": 6952596619851805.0,
    "rmse": 83382232.03927684,
    "mape": 11.054327545518916
}