{
    "predictions": [
        135.07980264240157,
        138.8671912962312,
        139.22738507937717,
        150.86985005420456,
        141.52214777445985,
        151.97570976081803
    ],
    "actual": [
        140.485,
        122.387,
        127.052,
        146.829,
        130.559,
        139.556
    ],
    "mse": 123.3035223823752,
    "rmse": 11.104211920815237,
    "mape": 7.824127675157053
}