{
    "predictions": [
        85.54249985827944,
        63.272197467845345,
        73.2147013557745,
        48.6753057283912,
        80.0962455832078,
        105.61379021473135
    ],
    "actual": [
        73.0,
        54.1,
        49.8,
        58.0,
        28.7,
        14.399999999999999
    ],
    "mse": 1973.028542884933,
    "rmse": 44.41878592313091,
    "mape": 151.62338106789016
}