{
    "predictions": [
        376.12185803469583,
        562.5423596999397,
        704.580564971069,
        610.4320107195045,
        632.6626282446117,
        642.3542643418954
    ],
    "actual": [
        626.0,
        626.0,
        546.0,
        744.0,
        536.0,
        355.0
    ],
    "mse": 33561.71637101507,
    "rmse": 183.19857087601713,
    "mape": 32.67155353631193
}