{
    "predictions": [
        8952.959939895232,
        9362.444251579305,
        9097.90695408837,
        10271.938776843417,
        9049.673460241514,
        9451.087674364391
    ],
    "actual": [
        9188.0,
        10371.0,
        9969.0,
        11151.0,
        9968.0,
        11233.000000000002
    ],
    "mse": 1103752.5710160888,
    "rmse": 1050.5962930717435,
    "mape": 8.996682478283224
}