{
    "predictions": [
        131.61736816100165,
        135.8303281316881,
        145.3087139114787,
        168.4340155042922,
        181.2052861882912,
        185.3815927663957
    ],
    "actual": [
        90.303,
        73.823,
        42.434,
        57.639,
        -419.382,
        20.177
    ],
    "mse": 69401.36229727762,
    "rmse": 263.4413830385758,
    "mape": 254.39780741411354
}