{
    "predictions": [
        56.033030699384945,
        41.69774772040853,
        43.2591590682846,
        61.465165770627436,
        64.15302459172239,
        48.59373449533052
    ],
    "actual": [
        23.411000000000005,
        17.922,
        19.926999999999992,
        18.212999999999997,
        8.289000000000003,
        18.068000000000005
    ],
    "mse": 1349.538711219612,
    "rmse": 36.73606826022093,
    "mape": 244.9129888136526
}