{
    "predictions": [
        365.17051249553447,
        366.3521717719435,
        366.11198571418544,
        366.16080633743366,
        366.15088297520106,
        366.1529000145473
    ],
    "actual": [
        361.13,
        334.38499999999993,
        364.04,
        362.102,
        319.141,
        256.707
    ],
    "mse": 2541.2211622240798,
    "rmse": 50.41052630377985,
    "mape": 11.62226628798589
}