{
    "predictions": [
        208.47562555763656,
        213.25729080917264,
        204.58831318159952,
        198.40563253444395,
        198.68985387306083,
        198.34513366191297
    ],
    "actual": [
        172.229,
        90.245,
        40.484,
        35.965,
        53.915,
        42.826
    ],
    "mse": 19151.497584391465,
    "rmse": 138.38893591754893,
    "mape": 274.34000838076105
}