{
    "predictions": [
        18.975161816801243,
        49.100799167101805,
        46.80613175385558,
        -4.590834031401345,
        18.577506181386333,
        39.739029653890164
    ],
    "actual": [
        33.70000000000001,
        33.70000000000001,
        19.0,
        -61.2,
        38.5,
        46.6
    ],
    "mse": 812.6271305538022,
    "rmse": 28.506615557687695,
    "mape": 65.78502187162398
}