{
    "predictions": [
        400.97465334100616,
        176.75741774373776,
        229.09083171893477,
        329.44949291109526,
        285.5669409955045,
        451.3198455186194
    ],
    "actual": [
        520.0,
        318.0,
        326.0,
        399.0,
        207.0,
        294.0
    ],
    "mse": 13211.243022392604,
    "rmse": 114.9401714910527,
    "mape": 34.321422521474005
}