{
    "predictions": [
        694.2346579318374,
        1032.140819552363,
        1343.1216390217146,
        1262.5507713219242,
        1092.348719190784,
        1115.6740382896876
    ],
    "actual": [
        499.0,
        174.0,
        421.0,
        457.99999999999994,
        271.00000000000006,
        125.00000000000003
    ],
    "mse": 654696.877880683,
    "rmse": 809.1334116699687,
    "mape": 337.1044792125483
}