{
    "predictions": [
        13568.535075373922,
        10601.129352067319,
        11960.450356832045,
        7749.928945941897,
        9454.167730141973,
        10030.999736125978
    ],
    "actual": [
        16826.0,
        17167.0,
        17402.0,
        19723.0,
        18010.0,
        15567.999999999998
    ],
    "mse": 55091210.97287055,
    "rmse": 7422.345382213802,
    "mape": 38.77585513373893
}