{
    "predictions": [
        170618956.6794013,
        170451877.22806057,
        170378616.41609707,
        170346493.09676316,
        170332407.69943586,
        170326231.55008447
    ],
    "actual": [
        166000000.0,
        158000000.00000003,
        135000000.0,
        137000000.0,
        -371000000.0,
        130000000.0
    ],
    "mse": 4.9534499947562984e+16,
    "rmse": 222563473.97442147,
    "mape": 39.69036762044493
}