{
    "predictions": [
        136.81173291324197,
        157.06868932436382,
        138.57493848579634,
        155.4589566540555,
        140.04455683897794,
        154.11725679056545
    ],
    "actual": [
        119.0,
        148.0,
        -65.0,
        115.0,
        129.0,
        144.0
    ],
    "mse": 7283.9204715334445,
    "rmse": 85.34588725611472,
    "mape": 64.17613246729594
}