{
    "predictions": [
        301.42268051911606,
        276.95292892668056,
        252.6966569644913,
        294.3541674718016,
        287.7220178795271,
        274.81886683104756
    ],
    "actual": [
        395.0,
        395.0,
        344.0,
        403.0,
        443.0,
        457.0
    ],
    "mse": 16688.87668325856,
    "rmse": 129.18543525977904,
    "mape": 30.332128668911036
}