{
    "predictions": [
        600.1556906004753,
        604.4193769121465,
        577.6711662403625,
        598.0208539764319,
        600.359417878459,
        631.8759330979874
    ],
    "actual": [
        639.0,
        736.0,
        535.0,
        649.0,
        661.0,
        728.0
    ],
    "mse": 6026.526490056775,
    "rmse": 77.6307058454113,
    "mape": 10.360932511095205
}