{
    "predictions": [
        590876135.3596472,
        577518875.1494597,
        587190116.1141254,
        580187714.3996413,
        585257759.6968431,
        581586825.0141743
    ],
    "actual": [
        542100000.0,
        679800000.0,
        504400000.0,
        596500000.0,
        573500000.0,
        723100000.0000001
    ],
    "mse": 6687509579445020.0,
    "rmse": 81777194.73939553,
    "mape": 10.802027776591629
}