{
    "predictions": [
        123642784.08270283,
        149907935.7950633,
        76677409.19486164,
        97994587.28033045,
        123845845.3791647,
        148189473.37757388
    ],
    "actual": [
        99385000.0,
        150353000.0,
        69725000.0,
        89028000.0,
        19414000.000000004,
        140931000.0
    ],
    "mse": 1946011602814806.2,
    "rmse": 44113621.51098917,
    "mape": 97.96956749602909
}