{
    "predictions": [
        951.8130846801379,
        889.6407980626102,
        965.3768546481173,
        975.5349479901878,
        1007.0734330672634,
        944.9450245354064
    ],
    "actual": [
        919.0000000000002,
        859.0,
        931.0,
        966.0,
        1039.0,
        822.0
    ],
    "mse": 3237.1708558225187,
    "rmse": 56.896140957208324,
    "mape": 4.97445076128055
}