{
    "predictions": [
        1268.2161667224384,
        1494.3208955902903,
        812.0141834840398,
        1107.2275939412075
    ],
    "actual": [
        84.0,
        1514.0,
        223.99999999999977,
        1735.0
    ],
    "mse": 535653.5176161006,
    "rmse": 731.8835410200865,
    "mape": 427.44253478242734
}