{
    "predictions": [
        140.5702342700179,
        184.81648294476454,
        131.78653754157781,
        89.75064928753012
    ],
    "actual": [
        144.483,
        144.483,
        50.157,
        -436.318
    ],
    "mse": 71263.42618614288,
    "rmse": 266.95210466700365,
    "mape": 78.48547468226512
}