{
    "predictions": [
        36162.960699330164,
        30416.798203032602,
        31066.730786023632,
        41693.17603138373
    ],
    "actual": [
        30736.0,
        28202.0,
        32502.0,
        45912.0
    ],
    "mse": 13553926.726747517,
    "rmse": 3681.565798236875,
    "mape": 9.77872634111106
}