{
    "predictions": [
        59307000.0,
        59307000.0,
        59307000.0,
        59307000.0
    ],
    "actual": [
        71355000.0,
        62795000.0,
        71337000.0,
        60752000.0
    ],
    "mse": 76032343250000.0,
    "rmse": 8719652.702372957,
    "mape": 10.420328794402659
}