{
    "predictions": [
        6918.153933020748,
        6854.3961282672535,
        6878.86174032398,
        6869.473616381751
    ],
    "actual": [
        5716.0,
        4489.0,
        5003.0,
        6034.0
    ],
    "mse": 2814286.588695069,
    "rmse": 1677.5835563974358,
    "mape": 31.266346334771367
}