{
    "predictions": [
        218.56667775260797,
        214.05090300977471,
        206.44562360721991,
        218.5818300981717
    ],
    "actual": [
        281.4,
        122.3,
        255.6,
        277.5
    ],
    "mse": 4563.439512724373,
    "rmse": 67.5532346577451,
    "mape": 34.45318940034116
}