{
    "predictions": [
        2155.1959857978695,
        2331.965504106989,
        2558.495569257626,
        2693.2635702414786
    ],
    "actual": [
        2382.0,
        2552.0,
        2399.0,
        2664.0
    ],
    "mse": 31537.608349295933,
    "rmse": 177.58831140955178,
    "mape": 6.472630434207835
}