{
    "predictions": [
        20422058.910377517,
        63036396.56147516,
        52516068.33902045,
        59625608.949816585
    ],
    "actual": [
        33300000.0,
        33300000.0,
        53900000.00000001,
        75800000.0
    ],
    "mse": 328405209963903.44,
    "rmse": 18121953.811990127,
    "mape": 37.969205478259106
}