{
    "predictions": [
        165.14816689899803,
        171.16025462099248,
        170.01413110316528,
        168.436472599919
    ],
    "actual": [
        162.405,
        171.685,
        166.132,
        143.003
    ],
    "mse": 167.43319818538566,
    "rmse": 12.939598068927245,
    "mape": 5.529195386688668
}