{
    "predictions": [
        148.19436056321038,
        153.52658760511886,
        162.39688300321086,
        171.2671784013028
    ],
    "actual": [
        127.372,
        141.084,
        134.345,
        140.463
    ],
    "mse": 581.0485581851293,
    "rmse": 24.104948831829727,
    "mape": 16.994472541223843
}