{
    "predictions": [
        1130.923300583518,
        1188.2363539399403,
        1154.3285078592562,
        1139.2386515333617
    ],
    "actual": [
        1331.0,
        1069.0,
        748.0,
        679.0
    ],
    "mse": 107792.61660366518,
    "rmse": 328.31785909947877,
    "mape": 37.07247354507287
}