{
    "predictions": [
        365.6878114901013,
        378.8788311632864,
        408.18768896874275,
        404.5039627762863
    ],
    "actual": [
        354.0,
        402.00000000000006,
        405.0,
        434.99999999999994
    ],
    "mse": 402.84075827888364,
    "rmse": 20.07089331043548,
    "mape": 4.212710791542862
}