{
    "predictions": [
        601172000.0,
        601172000.0,
        601172000.0,
        601172000.0
    ],
    "actual": [
        596389000.0,
        545471000.0,
        630050000.0,
        679410000.0
    ],
    "mse": 2520150504500000.0,
    "rmse": 50201100.63036467,
    "mape": 6.778140183523547
}