{
    "predictions": [
        514.2270369989541,
        593.2949041334291,
        580.1857031108864,
        631.8567176722382
    ],
    "actual": [
        300.0,
        -210.1,
        195.2,
        348.1
    ],
    "mse": 230017.1154482047,
    "rmse": 479.60099608758605,
    "mape": 183.13451755387206
}