{
    "predictions": [
        338.57805525888523,
        330.76811849530213,
        338.32358977928743,
        340.8362054690557
    ],
    "actual": [
        351.263,
        330.265,
        244.318,
        330.123
    ],
    "mse": 2278.246158119831,
    "rmse": 47.730976924004295,
    "mape": 11.3713819498413
}