{
    "predictions": [
        94.02290747961756,
        66.3917783361282,
        31.496522342209843,
        80.36130324722849
    ],
    "actual": [
        91.482,
        111.321,
        46.36699999999998,
        129.278
    ],
    "mse": 1159.7663742786863,
    "rmse": 34.05534281546269,
    "mape": 28.261795780413408
}