{
    "predictions": [
        -7.748063513337458,
        444.831346723424,
        286.8889027956774,
        174.154162273991
    ],
    "actual": [
        -22.999999999999986,
        474.0,
        553.9999999999999,
        353.99999999999994
    ],
    "mse": 26194.073874407317,
    "rmse": 161.84583366403757,
    "mape": 42.871350027695655
}