{
    "predictions": [
        305.37511225314125,
        273.83033287841124,
        273.83033287841124,
        273.83033287841124
    ],
    "actual": [
        296.0,
        307.0,
        320.99999999999994,
        446.99999999999994
    ],
    "mse": 8350.207663519834,
    "rmse": 91.37947068964579,
    "mape": 16.851684383552097
}