{
    "predictions": [
        2094.525876127328,
        2090.0809208748697,
        2080.204444767476,
        2036.5254937506768
    ],
    "actual": [
        2008.0,
        2037.0,
        2156.0,
        2279.9999999999995
    ],
    "mse": 18832.278196720992,
    "rmse": 137.2307480002969,
    "mape": 5.2772914542011815
}