{
    "predictions": [
        84.85898509474593,
        124.19287106040737,
        137.3926491843987,
        103.36361832526994
    ],
    "actual": [
        87.987,
        87.987,
        87.987,
        114.111
    ],
    "mse": 969.2684901711337,
    "rmse": 31.133077107332866,
    "mape": 27.568409301716034
}