{
    "predictions": [
        248.75958761279338,
        271.96073982443414,
        347.007608623498,
        324.7684321527577
    ],
    "actual": [
        233.34599999999998,
        247.324,
        300.367,
        283.628
    ],
    "mse": 1178.1072906900238,
    "rmse": 34.32356756938334,
    "mape": 11.649931907499244
}