{
    "predictions": [
        2416.7,
        2416.7,
        2416.7,
        2416.7
    ],
    "actual": [
        1947.0,
        1955.5,
        2123.1,
        1581.0
    ],
    "mse": 304479.7449999998,
    "rmse": 551.7968330826119,
    "mape": 28.599209985366215
}