{
    "predictions": [
        29974.474383173118,
        32577.921483211874,
        33825.78433865105,
        34142.705556665256
    ],
    "actual": [
        25311.0,
        27872.0,
        30853.0,
        36834.0
    ],
    "mse": 14993550.70838009,
    "rmse": 3872.150656725548,
    "mape": 13.062651860016752
}