{
    "predictions": [
        442.9729006173869,
        469.24455833440044,
        431.08471926612486,
        391.47300258446256
    ],
    "actual": [
        405.6,
        334.8,
        414.1,
        423.5
    ],
    "mse": 5196.570554573248,
    "rmse": 72.08724266174458,
    "mape": 15.258739423341092
}