{
    "predictions": [
        11.223603598806585,
        17.314541787782964,
        13.550721776489363,
        17.462201717762145
    ],
    "actual": [
        2.387,
        6.716999999999999,
        13.41,
        23.975
    ],
    "mse": 58.20744979743658,
    "rmse": 7.629380695537258,
    "mape": 139.04583374425889
}