{
    "predictions": [
        760.0135866740533,
        799.0039023823456,
        851.1898607775629,
        881.3583331076466
    ],
    "actual": [
        804.6,
        843.7,
        1032.0,
        1109.5
    ],
    "mse": 22181.654003394426,
    "rmse": 148.93506639940247,
    "mape": 12.230498917537409
}