{
    "predictions": [
        343343476.6142511,
        286125329.042368,
        350425892.48686,
        264623930.3487194
    ],
    "actual": [
        268204000.0,
        269811000.0,
        361155000.0,
        342288000.0
    ],
    "mse": 3014729935198430.0,
    "rmse": 54906556.3953744,
    "mape": 14.930707743230878
}