{
    "predictions": [
        347.1184786781515,
        366.99253959859675,
        390.2087075046399,
        431.35739516083953
    ],
    "actual": [
        226.465,
        247.314,
        219.634,
        306.143
    ],
    "mse": 18413.6475883451,
    "rmse": 135.69689601588203,
    "mape": 55.057998364560426
}