{
    "predictions": [
        107.75939731597722,
        120.91304442044152,
        126.56342101847187,
        116.50348132747258
    ],
    "actual": [
        95.4,
        104.89999999999999,
        102.29999999999998,
        99.99999999999999
    ],
    "mse": 317.56269726776964,
    "rmse": 17.820288922118227,
    "mape": 17.110447544947768
}