{
    "predictions": [
        134.9503463004313,
        134.9503463004313,
        134.9503463004313,
        134.9503463004313
    ],
    "actual": [
        113.00000000000001,
        5.000000000000022,
        82.99999999999999,
        61.999999999999986
    ],
    "mse": 6347.375428099615,
    "rmse": 79.67041752181053,
    "mape": 699.6711596942791
}