{
    "predictions": [
        88340708.33715628,
        75887924.69884002,
        68038314.01398662,
        77540704.74646004
    ],
    "actual": [
        88984000.0,
        90853999.99999999,
        90308000.0,
        124029000.0
    ],
    "mse": 720374435894855.5,
    "rmse": 26839792.024061132,
    "mape": 19.83427354707396
}