{
    "predictions": [
        151.79404833122635,
        133.22748717551062,
        117.84962902558381,
        107.3045087759036
    ],
    "actual": [
        147.9,
        177.2,
        185.2,
        202.90000000000003
    ],
    "mse": 3905.828977318397,
    "rmse": 62.496631727785115,
    "mape": 27.73223892699453
}