{
    "predictions": [
        171.61154626156932,
        184.74683823277633,
        188.6960470214241,
        178.94136132171553
    ],
    "actual": [
        178.84199999999998,
        193.275,
        210.436,
        190.90200000000002
    ],
    "mse": 185.1728593736719,
    "rmse": 13.607823462026245,
    "mape": 6.262904133607253
}