{
    "predictions": [
        442.956,
        442.956,
        442.956,
        442.956
    ],
    "actual": [
        438.584,
        440.57,
        517.946,
        641.192
    ],
    "mse": 11236.454794,
    "rmse": 106.00214523300932,
    "mape": 11.733387828203064
}