{
    "predictions": [
        107512674.03077875,
        104546628.72697282,
        109487475.74001524,
        107296223.80963333
    ],
    "actual": [
        137400000.0,
        116500000.0,
        133500000.0,
        132100000.0
    ],
    "mse": 556990993254868.9,
    "rmse": 23600656.627620954,
    "mape": 17.19397143401375
}