{
    "predictions": [
        886.2495615657194,
        1095.4780460220932,
        1432.8192822640851,
        1082.8284289412359
    ],
    "actual": [
        868.21,
        1029.4050000000002,
        1472.02,
        974.3220000000001
    ],
    "mse": 4500.353646177828,
    "rmse": 67.08467519618641,
    "mape": 5.574004812518643
}