{
    "predictions": [
        64.04114537059631,
        83.36348237535408,
        87.74311631118458,
        67.6077378331658
    ],
    "actual": [
        69.455,
        90.07200000000002,
        88.07300000000001,
        84.317
    ],
    "mse": 88.40557401916097,
    "rmse": 9.402423837456007,
    "mape": 8.858616387528619
}