{
    "predictions": [
        604995138.5960417,
        712194416.3850614,
        656237908.9661005,
        550527266.8576502
    ],
    "actual": [
        254000000.0,
        287000000.0,
        287000000.0,
        749000000.0
    ],
    "mse": 1.1992898456543506e+17,
    "rmse": 346307644.39358693,
    "mape": 110.37277823758657
}