{
    "predictions": [
        546.9669399583889,
        559.3651742182516,
        637.7821853667674,
        573.4473867643112
    ],
    "actual": [
        546.0,
        593.9999999999999,
        593.9999999999999,
        559.0
    ],
    "mse": 831.5282174056931,
    "rmse": 28.836230984747175,
    "mape": 3.990779485297327
}