{
    "predictions": [
        368.62287330865547,
        307.9778522997544,
        274.0839589528923,
        314.42935654542174
    ],
    "actual": [
        213.40000000000003,
        185.0,
        235.50000000000003,
        198.1
    ],
    "mse": 13559.733409301358,
    "rmse": 116.44626833566355,
    "mape": 53.57972377816878
}