{
    "predictions": [
        96.93069516549076,
        98.7368388322615,
        103.75765182442431,
        85.5277861320433
    ],
    "actual": [
        84.517,
        99.184,
        112.244,
        113.834
    ],
    "mse": 256.88990741681573,
    "rmse": 16.027785480746108,
    "mape": 11.891373670936126
}