{
    "predictions": [
        167.73743009084436,
        254.58273540547816,
        291.36698558252823,
        233.4497511330795
    ],
    "actual": [
        89.3,
        265.2,
        316.3,
        237.8
    ],
    "mse": 1726.4341549680455,
    "rmse": 41.5503809244638,
    "mape": 25.38786129898486
}