{
    "predictions": [
        81.40841722937908,
        89.75666327006277,
        85.89141888260403,
        91.67160808927676
    ],
    "actual": [
        67.57,
        94.525,
        111.898,
        101.678
    ],
    "mse": 247.67724176778214,
    "rmse": 15.737764827566275,
    "mape": 14.651807055184907
}