{
    "predictions": [
        79.4396755380259,
        90.4131214523574,
        92.11892234275449,
        85.2117741712113
    ],
    "actual": [
        81.537,
        80.04,
        58.964,
        69.73300000000002
    ],
    "mse": 362.7104359903976,
    "rmse": 19.044958282716127,
    "mape": 23.48961306107899
}