{
    "predictions": [
        704.4354696965512,
        620.1206434449647,
        625.993390793742,
        649.3098888129148
    ],
    "actual": [
        681.5000000000001,
        918.9000000000002,
        762.0000000000002,
        535.5
    ],
    "mse": 30311.40705325858,
    "rmse": 174.10171467638847,
    "mape": 18.745495777474652
}