{
    "predictions": [
        150.02039485154597,
        129.34296293995206,
        122.53464980232087,
        138.48288590148147
    ],
    "actual": [
        540.455,
        -2737.617,
        106.86099999999999,
        126.10699999999999
    ],
    "mse": 2093074.3589620134,
    "rmse": 1446.7461280273099,
    "mape": 50.36190294300656
}