{
    "predictions": [
        2650113075.967236,
        3898596899.3421807,
        4465912122.81058,
        4208310108.8555193
    ],
    "actual": [
        1333000000.0,
        2367000000.0,
        3364000000.0,
        1920000000.0
    ],
    "mse": 2.6327873494114335e+18,
    "rmse": 1622586623.084091,
    "mape": 78.86331442692122
}