{
    "predictions": [
        399.046594159229,
        652.543754539848,
        917.8400671181954,
        827.7573054721347
    ],
    "actual": [
        513.9779999999998,
        632.838,
        569.7279999999998,
        440.63400000000007
    ],
    "mse": 71161.00243087386,
    "rmse": 266.7601964890449,
    "mape": 43.60811242304606
}