{
    "predictions": [
        167.99239698201103,
        139.50819838993556,
        109.29211704500851,
        137.75552929917853
    ],
    "actual": [
        -9.422,
        95.656,
        83.753,
        18.190000000000005
    ],
    "mse": 12086.76146403806,
    "rmse": 109.93980836820691,
    "mape": 654.1579671765602
}