{
    "predictions": [
        5320.052068164257,
        5173.11567749602,
        5323.2967811923045,
        5497.000522519297
    ],
    "actual": [
        -8559.0,
        4403.0,
        4773.0,
        4725.0
    ],
    "mse": 48529993.9554251,
    "rmse": 6966.34724625647,
    "mape": 51.879027572217986
}