{
    "predictions": [
        397.3064152976806,
        552.788592862706,
        271.131331523318,
        237.0871788212264
    ],
    "actual": [
        425.2,
        566.0,
        212.7,
        338.0
    ],
    "mse": 3637.552831984962,
    "rmse": 60.312128398730565,
    "mape": 16.555346579407182
}