{
    "predictions": [
        1036.358901886603,
        972.0062883014829,
        987.9830289112023,
        1011.2124446780317
    ],
    "actual": [
        981.0,
        807.9999999999999,
        1146.0,
        1251.0
    ],
    "mse": 28107.52636497091,
    "rmse": 167.6529939039888,
    "mape": 14.724288481238656
}