{
    "predictions": [
        518.4503588725362,
        502.93520188824334,
        500.1680286599792,
        497.46201756839594
    ],
    "actual": [
        455.0,
        475.0,
        477.0,
        524.0
    ],
    "mse": 1511.836402280072,
    "rmse": 38.88234049385495,
    "mape": 7.436939621432861
}