{
    "predictions": [
        67.23883680276367,
        66.11029344350479,
        33.57083290962353,
        8.362831593976937
    ],
    "actual": [
        40.233,
        47.04399999999999,
        47.745000000000005,
        33.967000000000006
    ],
    "mse": 487.32980489031013,
    "rmse": 22.075547669091023,
    "mape": 53.179751368514275
}