{
    "predictions": [
        295.6862045286993,
        302.1698179187992,
        302.1698179187992,
        302.1698179187992
    ],
    "actual": [
        326.554,
        282.694,
        293.136,
        290.329
    ],
    "mse": 388.4857790101106,
    "rmse": 19.710042592803056,
    "mape": 5.875536670755801
}