{
    "predictions": [
        44268852.903798275,
        45680775.547609545,
        50153830.81826022,
        57522311.71500927
    ],
    "actual": [
        22498000.0,
        22498000.0,
        22498000.0,
        65210999.99999999
    ],
    "mse": 458843006010412.5,
    "rmse": 21420621.046328522,
    "mape": 83.63196828436831
}