{
    "predictions": [
        213928231.79899517,
        221952462.84867245,
        217568136.84483132,
        217285131.4113515
    ],
    "actual": [
        198388000.0,
        194810000.0,
        200716000.0,
        198623000.0
    ],
    "mse": 402620439727384.6,
    "rmse": 20065404.050937638,
    "mape": 9.889451337430769
}