{
    "predictions": [
        609.6316895354339,
        597.9061803432885,
        515.9833562296066,
        605.8119301230756
    ],
    "actual": [
        582.3,
        564.8,
        515.9,
        597.2
    ],
    "mse": 479.3031796223613,
    "rmse": 21.8929938478583,
    "mape": 3.003382917113263
}