{
    "predictions": [
        4300.0,
        4300.0,
        4300.0,
        4300.0
    ],
    "actual": [
        4199.0,
        4168.0,
        4096.0,
        3853.9999999999995
    ],
    "mse": 67039.2500000001,
    "rmse": 258.91938899974275,
    "mape": 5.531295559361083
}