{
    "predictions": [
        1103.4819069541527,
        1119.7959503017594,
        1136.0466151409112,
        1152.2341476910922
    ],
    "actual": [
        1043.0,
        993.9999999999999,
        963.0,
        1039.0
    ],
    "mse": 15562.446349047059,
    "rmse": 124.74953446424985,
    "mape": 11.830570264925404
}