{
    "predictions": [
        470.5757126893438,
        526.3822657063068,
        506.9777546236907,
        461.0438308667599
    ],
    "actual": [
        362.0,
        492.0,
        545.0,
        502.99999999999994
    ],
    "mse": 4044.209213222833,
    "rmse": 63.5940973143171,
    "mape": 13.074825419168867
}