{
    "predictions": [
        171.47565153181233,
        125.56644063464782,
        172.9461298561003,
        126.84937998664407
    ],
    "actual": [
        128.398,
        128.398,
        128.398,
        132.28
    ],
    "mse": 969.4323243353011,
    "rmse": 31.135708187470236,
    "mape": 18.639034336553323
}