{
    "predictions": [
        96977000.85265239,
        102813163.62956707,
        101192482.38786319,
        106686981.27815278
    ],
    "actual": [
        99425000.0,
        115615000.0,
        136915000.0,
        153919000.0
    ],
    "mse": 919210392842776.2,
    "rmse": 30318482.693610776,
    "mape": 17.578068281354167
}