{
    "predictions": [
        27.779,
        27.779,
        27.779,
        27.779
    ],
    "actual": [
        44.12700000000001,
        34.026,
        49.126,
        120.7
    ],
    "mse": 2349.0721907500006,
    "rmse": 48.46722800769609,
    "mape": 43.96143943561485
}