{
    "predictions": [
        404.2343218014366,
        411.4502768115251,
        403.3987618804703,
        441.3201051202692
    ],
    "actual": [
        357.374,
        375.768,
        458.64400000000006,
        544.239
    ],
    "mse": 4278.362473984281,
    "rmse": 65.40919258012806,
    "mape": 13.391044603815534
}