{
    "predictions": [
        531819983.76484346,
        535577421.85885483,
        588585372.0189486,
        600726105.2968987
    ],
    "actual": [
        395200000.0,
        501400000.0,
        562700000.0,
        485300000.0
    ],
    "mse": 8456588599348584.0,
    "rmse": 91959711.8272376,
    "mape": 17.442731401365666
}