{
    "predictions": [
        40.736890491628394,
        30.753042069630446,
        23.03225469279068,
        18.118907990336595
    ],
    "actual": [
        22.4,
        29.899999999999995,
        89.6,
        69.9
    ],
    "mse": 1862.378859668312,
    "rmse": 43.1552877370585,
    "mape": 58.271818960733114
}