{
    "predictions": [
        156.77774749662396,
        169.0619478234779,
        256.6165314355607,
        159.44739875433095
    ],
    "actual": [
        160.0,
        220.50000000000003,
        418.3,
        210.2
    ],
    "mse": 7843.406665785011,
    "rmse": 88.56300957953614,
    "mape": 22.034811858660362
}