{
    "predictions": [
        154.7203939226633,
        221.6760321741546,
        190.4330195172166,
        191.96484474607453
    ],
    "actual": [
        151.011,
        203.14399999999998,
        265.532,
        208.688
    ],
    "mse": 1569.1791527444423,
    "rmse": 39.61286600013236,
    "mape": 11.968728484279358
}