{
    "predictions": [
        1139.1492860049245,
        1183.9774417106053,
        1229.0519313585053,
        1226.9639158856405
    ],
    "actual": [
        1197.0,
        1249.0,
        1215.0,
        1218.0
    ],
    "mse": 1963.1116897866846,
    "rmse": 44.30701625912858,
    "mape": 2.9828589888415533
}