{
    "predictions": [
        303.05971994362693,
        150.62531125070052,
        -147.29556488807734,
        -40.289480721368776
    ],
    "actual": [
        233.00000000000003,
        291.0,
        63.0,
        -178.99999999999997
    ],
    "mse": 22019.562592546295,
    "rmse": 148.38990057462232,
    "mape": 122.40041703725007
}