{
    "predictions": [
        246.9635327739359,
        277.2464394452731,
        259.2873842500052,
        249.7075221108391
    ],
    "actual": [
        222.91299999999998,
        320.182,
        292.359,
        246.60100000000003
    ],
    "mse": 881.318183699806,
    "rmse": 29.687003616057414,
    "mape": 9.192665469242055
}