{
    "predictions": [
        269.32719153565813,
        318.341488470868,
        309.7790310559234,
        288.8786553324862
    ],
    "actual": [
        197.1,
        243.262,
        227.972,
        200.459
    ],
    "mse": 6341.030641369077,
    "rmse": 79.63058860368342,
    "mape": 36.87546540184062
}