{
    "predictions": [
        1025.1070451260323,
        1007.2590503576849,
        1014.4812733912324,
        1011.5587879118659
    ],
    "actual": [
        2575.0,
        1349.0,
        1229.0,
        1243.0
    ],
    "mse": 654634.5917372655,
    "rmse": 809.0949213394343,
    "mape": 30.39930786581097
}