{
    "predictions": [
        362.19675267483734,
        331.7426160946935,
        302.55432964225287,
        326.8807934647631
    ],
    "actual": [
        304.1,
        246.2,
        243.4,
        273.3
    ],
    "mse": 4265.726995855813,
    "rmse": 65.31253322185424,
    "mape": 24.43953070541079
}