{
    "predictions": [
        2358.657816142274,
        2994.3961046168233,
        3054.5642138907865,
        2685.0247833212184
    ],
    "actual": [
        2713.0,
        2713.0,
        3748.0,
        2744.0
    ],
    "mse": 172268.3541484492,
    "rmse": 415.052230627001,
    "mape": 11.020941954269265
}