{
    "predictions": [
        300.88900308422456,
        237.0099935927042,
        333.71867832190344,
        398.48108151253365
    ],
    "actual": [
        166.59999999999997,
        61.4,
        343.1,
        376.50000000000006
    ],
    "mse": 12360.895834968267,
    "rmse": 111.17956572575856,
    "mape": 93.79698909037695
}