{
    "predictions": [
        384.9294079744868,
        362.5021508133239,
        380.95773707308,
        397.58234190739347
    ],
    "actual": [
        459.0,
        401.0,
        364.0,
        527.0
    ],
    "mse": 6001.258016956148,
    "rmse": 77.46778696307355,
    "mape": 13.738498595397038
}