{
    "predictions": [
        226.41848148544412,
        226.44482934996486,
        226.46300602861336,
        226.4755456272753
    ],
    "actual": [
        231.377,
        264.00300000000004,
        223.99,
        225.905
    ],
    "mse": 360.41109239167963,
    "rmse": 18.984496105814333,
    "mape": 4.431523807810175
}