{
    "predictions": [
        374.0995745021627,
        144.1420432908279,
        233.70120853796018,
        293.6125789767038
    ],
    "actual": [
        313.00000000000006,
        55.99999999999999,
        115.99999999999999,
        715.0
    ],
    "mse": 50730.77772194715,
    "rmse": 225.23493894586414,
    "mape": 84.32974985797766
}