{
    "predictions": [
        3201.555859732316,
        3645.752980769279,
        3982.1158732212452,
        4152.564455499306
    ],
    "actual": [
        2596.0,
        2789.0,
        2763.0,
        2995.0
    ],
    "mse": 981730.6375721481,
    "rmse": 990.8232120676968,
    "mape": 34.20457577120211
}