{
    "predictions": [
        213.2811087715665,
        289.9309798938382,
        296.23359185438386,
        250.717415362417
    ],
    "actual": [
        240.75300000000001,
        343.12999999999994,
        288.01400000000007,
        217.865
    ],
    "mse": 1182.9208583300274,
    "rmse": 34.39361653461333,
    "mape": 11.21200043022737
}