{
    "predictions": [
        111.72467885880755,
        110.31195522719649,
        94.83396254756956,
        74.42623779074187
    ],
    "actual": [
        60.8,
        143.9,
        151.2,
        155.5
    ],
    "mse": 3367.8911913461643,
    "rmse": 58.03353505815551,
    "mape": 49.12888218406037
}