{
    "predictions": [
        3311.325105425813,
        3434.549350827621,
        3869.196034044912,
        3996.8953015469447
    ],
    "actual": [
        3594.0,
        3578.0000000000005,
        4118.0,
        4127.0
    ],
    "mse": 44828.45770126149,
    "rmse": 211.72731921332564,
    "mape": 5.267204795388888
}