{
    "predictions": [
        265.2602530516141,
        370.0333173506316,
        369.4042318983337,
        279.9121274643732
    ],
    "actual": [
        272.3,
        434.50000000000006,
        384.7,
        302.4
    ],
    "mse": 1236.2940354775608,
    "rmse": 35.16097318729334,
    "mape": 7.20869066257066
}