{
    "predictions": [
        1427595131.337928,
        1987929741.409248,
        2397463606.917603,
        2594337475.5411935
    ],
    "actual": [
        889000000.0,
        764000000.0,
        799000000.0,
        835000000.0
    ],
    "mse": 1.8596107457226803e+18,
    "rmse": 1363675454.6895242,
    "mape": 157.88543235560314
}