{
    "predictions": [
        184.1961229541037,
        187.50524590820743,
        190.81436886231114,
        194.12349181641486
    ],
    "actual": [
        169.524,
        169.003,
        174.757,
        176.827
    ],
    "mse": 278.65300489093534,
    "rmse": 16.69290282997344,
    "mape": 9.643190583679772
}