{
    "predictions": [
        125.42099999999999,
        125.42099999999999,
        125.42099999999999,
        125.42099999999999
    ],
    "actual": [
        128.589,
        133.119,
        131.913,
        142.489
    ],
    "mse": 100.68952900000019,
    "rmse": 10.034417222738956,
    "mape": 6.286588285501632
}