{
    "predictions": [
        174.44505037944882,
        104.75545092825828,
        61.99396215352705,
        32.6604440351256
    ],
    "actual": [
        203.0,
        104.0,
        51.00000000000001,
        57.0
    ],
    "mse": 382.30926058441514,
    "rmse": 19.552730259081855,
    "mape": 19.76265917055429
}