{
    "predictions": [
        4810.164648783062,
        5128.813247311401,
        5082.140897794224,
        4996.880546077547
    ],
    "actual": [
        3434.0,
        4220.0,
        3220.0,
        3578.0
    ],
    "mse": 2050140.3465810244,
    "rmse": 1431.8311166408644,
    "mape": 39.77417360866963
}