{
    "predictions": [
        8920.0,
        8920.0,
        8920.0,
        8920.0
    ],
    "actual": [
        12159.0,
        11334.000000000002,
        9655.0,
        12075.0
    ],
    "mse": 6703191.750000002,
    "rmse": 2589.05228800038,
    "mape": 20.419612825614863
}