{
    "predictions": [
        72.27856561938653,
        101.314020793269,
        104.90374374410581,
        100.81800428054459
    ],
    "actual": [
        85.818,
        59.386,
        76.834,
        79.578
    ],
    "mse": 795.0808766712636,
    "rmse": 28.197178523236392,
    "mape": 37.40080549835894
}