{
    "predictions": [
        2267.127927235404,
        2433.989567130342,
        2267.9132905694273,
        2243.3687898950825
    ],
    "actual": [
        1229.0000000000002,
        2886.9999999999995,
        2040.0,
        2351.9999999999995
    ],
    "mse": 336668.31335546833,
    "rmse": 580.2312585129039,
    "mape": 28.98790072054321
}