{
    "predictions": [
        288.40461840700453,
        286.7969806418015,
        285.5726936434066,
        297.15081238699196
    ],
    "actual": [
        275.88,
        275.969,
        197.855,
        226.248
    ],
    "mse": 3248.928453380955,
    "rmse": 56.99937239462339,
    "mape": 21.03409258787834
}