{
    "predictions": [
        686.0,
        686.0,
        686.0,
        686.0
    ],
    "actual": [
        654.0,
        693.0,
        838.0,
        550.0
    ],
    "mse": 10668.25,
    "rmse": 103.2872208939712,
    "mape": 12.192191229808099
}