{
    "predictions": [
        4313.723371354218,
        4383.791063919128,
        4199.902222663327,
        3631.0829703238355
    ],
    "actual": [
        4478.0,
        3747.9999999999995,
        2937.0,
        2273.0
    ],
    "mse": 967632.1164925562,
    "rmse": 983.6829349401951,
    "mape": 30.84505459916249
}