{
    "predictions": [
        685.8788889743872,
        676.8902762985654,
        746.5121563612837,
        832.7332283259361
    ],
    "actual": [
        778.39,
        788.755,
        788.755,
        570.816
    ],
    "mse": 22864.278601154285,
    "rmse": 151.20938661721462,
    "mape": 19.32692798772841
}