{
    "predictions": [
        342.5899762503514,
        376.12387199945726,
        442.7812553366091,
        469.2951703063896
    ],
    "actual": [
        431.0,
        478.0,
        479.0,
        513.0
    ],
    "mse": 5354.246839833949,
    "rmse": 73.17271923219711,
    "mape": 14.476637141134447
}