{
    "predictions": [
        1014385130.2913053,
        1397886208.7755892,
        1773057267.5119476,
        1123802459.6995304
    ],
    "actual": [
        1473400000.0,
        1740800000.0,
        1733300000.0,
        1134000000.0
    ],
    "mse": 8.249228724344626e+16,
    "rmse": 287214705.82727176,
    "mape": 13.511266168899732
}