{
    "predictions": [
        1858.578838302871,
        1852.0966954557152,
        1853.5669503151198,
        1853.2334727286839
    ],
    "actual": [
        1921.9999999999998,
        1728.0000000000002,
        1655.0,
        2020.0
    ],
    "mse": 21665.53548740593,
    "rmse": 147.19217196374925,
    "mape": 7.683760428007
}