{
    "predictions": [
        571.9697455067704,
        560.8759056074831,
        618.5012540244809,
        680.4761310884522
    ],
    "actual": [
        654.6,
        449.7,
        449.7,
        589.5
    ],
    "mse": 13989.590183330116,
    "rmse": 118.2775979775127,
    "mape": 22.578607235243695
}