{
    "predictions": [
        97.9205371457406,
        94.90462320882051,
        92.55327880653344,
        93.87904612723891
    ],
    "actual": [
        105.407,
        105.407,
        102.1,
        118.996
    ],
    "mse": 222.08707543107573,
    "rmse": 14.902586199417728,
    "mape": 11.88095846169105
}