{
    "predictions": [
        449.7519655169835,
        465.7766293308856,
        478.7702605690602,
        475.6230557588298
    ],
    "actual": [
        919.9560000000001,
        471.332,
        501.25900000000007,
        418.617
    ],
    "mse": 56219.53249543717,
    "rmse": 237.1065846733008,
    "mape": 17.598598663864326
}