{
    "predictions": [
        450.0615103052966,
        447.8824730314623,
        395.4106874637036,
        397.46200844930365
    ],
    "actual": [
        512.4999999999999,
        523.9,
        391.7,
        447.5
    ],
    "mse": 3048.6998004121906,
    "rmse": 55.21503237717235,
    "mape": 9.705513419348684
}