{
    "predictions": [
        677.9069999999999,
        677.9069999999999,
        677.9069999999999,
        677.9069999999999
    ],
    "actual": [
        658.287,
        644.848,
        718.181,
        654.83
    ],
    "mse": 908.0962214999995,
    "rmse": 30.134634915658086,
    "mape": 4.309749181792116
}