{
    "predictions": [
        1838.723347733945,
        1621.325023045992,
        1482.0226830191673,
        1392.7619126576542
    ],
    "actual": [
        1577.0,
        1896.0,
        1991.0,
        1954.0000000000005
    ],
    "mse": 179497.88839961262,
    "rmse": 423.6719112705168,
    "mape": 21.342445852326364
}