{
    "predictions": [
        42.56263297537698,
        47.66671858723983,
        47.19356140367991,
        44.70812307633286
    ],
    "actual": [
        38.624,
        38.624,
        38.624,
        51.278
    ],
    "mse": 53.471063651578454,
    "rmse": 7.3123911035706,
    "mape": 17.152240167699805
}