{
    "predictions": [
        107.24461252459535,
        123.35977571709222,
        153.75727054368107,
        96.25965077767826
    ],
    "actual": [
        126.23199999999999,
        150.622,
        149.655,
        100.768
    ],
    "mse": 285.22589807917063,
    "rmse": 16.88863221457471,
    "mape": 10.089140639261823
}