{
    "predictions": [
        497.35261686430925,
        569.440247877803,
        522.6659948149866,
        452.56723620148597
    ],
    "actual": [
        424.0000000000001,
        446.00000000000006,
        513.0,
        495.00000000000006
    ],
    "mse": 5628.018024079851,
    "rmse": 75.02011746245037,
    "mape": 13.858454035033596
}