{
    "predictions": [
        -21.398858994310235,
        -16.986211046531018,
        -263.36336294572806,
        -150.07944196738077
    ],
    "actual": [
        -113.5,
        -113.5,
        4.100000000000001,
        -14.799999999999999
    ],
    "mse": 26908.67739248723,
    "rmse": 164.03864603344917,
    "mape": 1900.9318739515895
}