{
    "predictions": [
        409.1478956123267,
        409.1478956123267,
        409.1478956123267,
        409.1478956123267
    ],
    "actual": [
        392.9,
        448.79999999999995,
        423.5,
        481.8999999999999
    ],
    "mse": 1833.7837718473943,
    "rmse": 42.822701594450976,
    "mape": 7.86409308890694
}