{
    "predictions": [
        110.58920977445122,
        114.14707145971305,
        117.70493314497489,
        121.2627948302367
    ],
    "actual": [
        113.157,
        110.065,
        113.245,
        116.577
    ],
    "mse": 16.276132723336556,
    "rmse": 4.034368937434523,
    "mape": 3.4839499823459157
}