{
    "predictions": [
        375.41504681560406,
        454.2200681085206,
        442.1389175155212,
        378.867817239565
    ],
    "actual": [
        394.0,
        467.0,
        485.99999999999994,
        488.00000000000006
    ],
    "mse": 3585.588753696072,
    "rmse": 59.87978585212269,
    "mape": 9.710415402140661
}