{
    "predictions": [
        1183.014124834008,
        1164.0592355589074,
        1303.1749366793038,
        1102.4576784579256
    ],
    "actual": [
        1166.0,
        928.0,
        1236.0,
        1193.0
    ],
    "mse": 17180.956811154952,
    "rmse": 131.07614890267013,
    "mape": 9.980233943394335
}