{
    "predictions": [
        123.38119406832143,
        122.40656992476454,
        123.65236274390983,
        132.40656397118158
    ],
    "actual": [
        101.068,
        113.866,
        121.888,
        167.167
    ],
    "mse": 445.55521324401053,
    "rmse": 21.108178823480024,
    "mape": 12.95482953846416
}