{
    "predictions": [
        200.9274716142133,
        189.78174118931238,
        194.57141761686796,
        192.5131406438821
    ],
    "actual": [
        201.803,
        223.209,
        229.991,
        230.374
    ],
    "mse": 951.5349172325573,
    "rmse": 30.84695961083616,
    "mape": 11.811139968731146
}