{
    "predictions": [
        3384.3941658507683,
        3492.6783847448482,
        3410.1584824762867,
        3473.0442320338816
    ],
    "actual": [
        3407.0,
        3180.0,
        3081.0,
        2910.0
    ],
    "mse": 130910.72745923635,
    "rmse": 361.8158750790744,
    "mape": 10.132064779720473
}