{
    "predictions": [
        1355.9166354042095,
        1477.5219772550004,
        1337.3457445650326,
        1456.3790092716279
    ],
    "actual": [
        907.0,
        947.0000000000001,
        1233.0,
        1211.0
    ],
    "mse": 138519.65162328692,
    "rmse": 372.182282790687,
    "mape": 33.56031495984779
}