{
    "predictions": [
        443.8433666799467,
        439.59032005223116,
        433.6500733715573,
        428.9933818993204
    ],
    "actual": [
        603.172,
        479.025,
        447.51,
        745.186
    ],
    "mse": 31777.64417143175,
    "rmse": 178.26285134999875,
    "mape": 20.04397351523061
}