{
    "predictions": [
        175.9776322469154,
        215.85586573951034,
        248.4883977939501,
        218.77996926706828
    ],
    "actual": [
        150.387,
        220.15,
        235.59999999999997,
        196.269
    ],
    "mse": 336.543645720492,
    "rmse": 18.345125939074173,
    "mape": 8.976743201699808
}