{
    "predictions": [
        61.720722667642704,
        538.0199003128133,
        876.9067833644368,
        228.85199485200872
    ],
    "actual": [
        117.00000000000003,
        754.0,
        1071.0,
        568.0000000000001
    ],
    "mse": 50599.187025769104,
    "rmse": 224.94263052113777,
    "mape": 38.4308982267035
}