{
    "predictions": [
        525.4963817787805,
        531.0031176450394,
        485.8400312354677,
        523.9110154388351
    ],
    "actual": [
        695.046,
        571.374,
        548.051,
        558.509
    ],
    "mse": 8861.026587848904,
    "rmse": 94.13302602088655,
    "mape": 12.25140205102907
}