{
    "predictions": [
        1632.562907743419,
        1538.7716656772652,
        1569.5604287183812,
        1743.8313925779614
    ],
    "actual": [
        1547.0,
        1665.0,
        1710.0000000000002,
        2762.0
    ],
    "mse": 269911.2974722248,
    "rmse": 519.5298812120674,
    "mape": 14.547117150937167
}