{
    "predictions": [
        108.63224308911369,
        110.31966326320085,
        113.8233577229285,
        119.6192476505696
    ],
    "actual": [
        112.654,
        117.83,
        102.94800000000001,
        73.743
    ],
    "mse": 573.8707976621077,
    "rmse": 23.95560054897618,
    "mape": 20.679700562193812
}