{
    "predictions": [
        2153.651547660752,
        1996.400558974054,
        1893.9434137001929,
        1827.187288951216
    ],
    "actual": [
        2358.0,
        2627.0,
        2541.0,
        1846.9999999999995
    ],
    "mse": 214622.1785971859,
    "rmse": 463.273330332306,
    "mape": 14.802015944609115
}