{
    "predictions": [
        2567.239655165219,
        2364.1249440043184,
        2305.8338700143836,
        2221.2995797578455
    ],
    "actual": [
        2429.0,
        2977.0,
        2286.0,
        2441.0
    ],
    "mse": 110846.92339405882,
    "rmse": 332.9368159186647,
    "mape": 9.036567305970474
}