{
    "predictions": [
        12.869118170046304,
        12.15829008881559,
        12.405838990432912,
        12.319629032905846
    ],
    "actual": [
        15.176999999999992,
        15.43299999999999,
        14.449999999999996,
        14.099999999999998
    ],
    "mse": 5.849589639236451,
    "rmse": 2.4185924913545174,
    "mape": 15.799627825729248
}