{
    "predictions": [
        181.61500450648836,
        184.24707976354577,
        181.5383546864027,
        176.2762551308446
    ],
    "actual": [
        202.181,
        198.02,
        203.713,
        183.063
    ],
    "mse": 287.6070757954305,
    "rmse": 16.958982156822692,
    "mape": 7.929988685809603
}