{
    "predictions": [
        149.1034449430864,
        133.00584458102702,
        121.6911630699584,
        115.21499128965483
    ],
    "actual": [
        159.408,
        143.462,
        143.462,
        131.656
    ],
    "mse": 239.94778727869735,
    "rmse": 15.490248134833003,
    "mape": 10.353975352445698
}