{
    "predictions": [
        118.6245092585502,
        153.75403447170876,
        121.09995224511636,
        146.61735774158632
    ],
    "actual": [
        134.954,
        137.909,
        119.648,
        147.967
    ],
    "mse": 130.41177120813214,
    "rmse": 11.419797336561281,
    "mape": 6.4287927921698405
}