{
    "predictions": [
        324.0423865576097,
        309.83558779403415,
        203.82757548249597,
        221.41076622103722
    ],
    "actual": [
        198.5,
        115.4,
        102.40000000000002,
        194.5
    ],
    "mse": 16144.457757563148,
    "rmse": 127.06084273907186,
    "mape": 86.15503715801202
}