{
    "predictions": [
        722.8522033553071,
        690.0885774933114,
        894.4186036181218,
        414.28072553301087
    ],
    "actual": [
        1158.0,
        645.0,
        1044.0,
        777.0000000000001
    ],
    "mse": 86331.61273962825,
    "rmse": 293.8224170134543,
    "mape": 26.39443608284741
}