{
    "predictions": [
        243.05009615395875,
        243.05009615395875,
        243.05009615395875,
        243.05009615395875
    ],
    "actual": [
        336.5,
        364.7,
        388.6,
        323.9
    ],
    "mse": 12813.266274022853,
    "rmse": 113.19569900849967,
    "mape": 30.885905507811344
}