{
    "predictions": [
        367.08279882983675,
        380.0299882215754,
        389.26154359990795,
        470.18057126325795
    ],
    "actual": [
        379.1,
        502.5,
        499.6,
        608.1
    ],
    "mse": 11584.91517319898,
    "rmse": 107.63324381063214,
    "mape": 18.076954136083483
}