{
    "predictions": [
        119.92545338701514,
        131.2548352898646,
        144.4085862584594,
        133.67859192199293
    ],
    "actual": [
        114.478,
        144.304,
        153.132,
        133.101
    ],
    "mse": 69.09675194259933,
    "rmse": 8.312445605391913,
    "mape": 4.982989492865408
}