{
    "predictions": [
        1306.0262810323068,
        1306.0262810323068,
        1306.0262810323068,
        1306.0262810323068
    ],
    "actual": [
        1247.0,
        1373.0,
        1399.0,
        1663.0000000000002
    ],
    "mse": 36010.98233429445,
    "rmse": 189.76559839521613,
    "mape": 9.43068707457854
}