{
    "predictions": [
        119.92690114487708,
        118.82482804414246,
        117.64436312081644,
        118.17711131870757
    ],
    "actual": [
        129.802,
        103.28,
        128.094,
        139.526
    ],
    "mse": 226.0323037883543,
    "rmse": 15.034370748001205,
    "mape": 11.529441620540373
}