{
    "predictions": [
        3077.7018222813945,
        3100.459846161746,
        3130.8439627251087,
        2933.676611843
    ],
    "actual": [
        -3542.0,
        2984.0,
        3763.9999999999995,
        3103.0
    ],
    "mse": 11065893.02224956,
    "rmse": 3326.5437051464633,
    "mape": 53.26814331629605
}