{
    "predictions": [
        954.0861590407004,
        1022.014864066977,
        982.3287810780012,
        1014.8711380099945
    ],
    "actual": [
        1032.4,
        992.1,
        975.7000000000002,
        1220.0
    ],
    "mse": 12287.436884459743,
    "rmse": 110.84871169508351,
    "mape": 7.023536505013397
}