{
    "predictions": [
        655.3208482479855,
        694.2429497273082,
        808.7561484157053,
        867.6265245245773
    ],
    "actual": [
        716.0000000000001,
        593.0,
        935.0,
        874.0
    ],
    "mse": 7477.556394825879,
    "rmse": 86.47286507816125,
    "mape": 9.944749688171132
}