{
    "predictions": [
        5459.391968022737,
        5459.391968022737,
        5459.391968022737,
        5459.391968022737
    ],
    "actual": [
        6732.000000000002,
        7335.000000000001,
        6795.000000000002,
        10905.000000000002
    ],
    "mse": 9143983.086422037,
    "rmse": 3023.9019637584215,
    "mape": 28.51676788624278
}