{
    "predictions": [
        502.11919930677243,
        574.5211161896756,
        576.7719494547628,
        521.7512368584213
    ],
    "actual": [
        433.481,
        507.324,
        431.447,
        426.777
    ],
    "mse": 9841.52535728846,
    "rmse": 99.20446238596558,
    "mape": 21.254144353639653
}