{
    "predictions": [
        336996748.148859,
        303688226.62298846,
        343122839.33849204,
        336290195.4486018
    ],
    "actual": [
        465000000.0,
        171000000.0,
        171000000.0,
        214000000.0
    ],
    "mse": 1.964304042340543e+16,
    "rmse": 140153631.50273857,
    "mape": 65.73115438626336
}