{
    "predictions": [
        745.4091021735262,
        707.3271623480646,
        708.7393949961405,
        678.0930536032953
    ],
    "actual": [
        732.0000000000001,
        716.0000000000001,
        745.0000000000001,
        695.0000000000001
    ],
    "mse": 463.9246114359679,
    "rmse": 21.538909244341227,
    "mape": 2.5857460486017385
}