{
    "predictions": [
        119.74771997844306,
        120.31390600228214,
        120.74263149154643,
        121.06726957409498
    ],
    "actual": [
        681.0,
        595.0,
        193.0,
        161.99999999999997
    ],
    "mse": 136806.9063470232,
    "rmse": 369.87417637221336,
    "mape": 56.22531104982854
}