{
    "predictions": [
        79.50393559597029,
        368.62509169349414,
        318.59804850166955,
        11.112564042883406
    ],
    "actual": [
        165.9,
        279.8,
        357.7,
        102.9
    ],
    "mse": 6327.018217355615,
    "rmse": 79.5425560147247,
    "mape": 45.98880693754405
}