{
    "predictions": [
        190.54902704440127,
        157.8501861322397,
        137.4305338043969,
        150.65181329693166
    ],
    "actual": [
        67.911,
        -44.611,
        144.615,
        145.384
    ],
    "mse": 14027.495994715951,
    "rmse": 118.4377304524025,
    "mape": 160.75367114759806
}