{
    "predictions": [
        1313.5940176510153,
        1313.5940176510153,
        1313.5940176510153,
        1313.5940176510153
    ],
    "actual": [
        2085.0000000000005,
        1853.0,
        1727.9999999999998,
        1682.0000000000005
    ],
    "mse": 298370.3223587059,
    "rmse": 546.2328462832548,
    "mape": 27.998111036109393
}