{
    "predictions": [
        114.85812262316972,
        119.41538714882353,
        135.8987901243118,
        109.46394465306726
    ],
    "actual": [
        84.8,
        -186.39999999999998,
        143.6,
        78.3
    ],
    "mse": 23864.260458125784,
    "rmse": 154.48061515324758,
    "mape": 61.16840083515147
}