{
    "predictions": [
        276.13564554327957,
        273.672406608688,
        271.2931456579148,
        268.99499967119067
    ],
    "actual": [
        285.0,
        320.0,
        152.0,
        180.00000000000003
    ],
    "mse": 6093.946814200203,
    "rmse": 78.06373558958221,
    "mape": 36.377917974459045
}