{
    "predictions": [
        130.82774580974638,
        131.05756022327236,
        129.02140088185922,
        126.00122960238312
    ],
    "actual": [
        137.436,
        174.419,
        132.057,
        106.586
    ],
    "mse": 577.5123713682736,
    "rmse": 24.031487081915543,
    "mape": 12.54575011598423
}