{
    "predictions": [
        116.19440285186043,
        350.53164472873385,
        265.87900808833564,
        234.63187676018217
    ],
    "actual": [
        24.372,
        339.551,
        310.664,
        144.988
    ],
    "mse": 4648.412091317647,
    "rmse": 68.17926437941118,
    "mape": 114.05797730746127
}