{
    "predictions": [
        319.43836535053634,
        328.5088417747533,
        304.11555246370756,
        301.50498824509515
    ],
    "actual": [
        317.5,
        344.9,
        320.4,
        301.0
    ],
    "mse": 134.466393221794,
    "rmse": 11.595964523134503,
    "mape": 2.6533133776303544
}