{
    "predictions": [
        2221.547849216341,
        2221.547849216341,
        2221.547849216341,
        2221.547849216341
    ],
    "actual": [
        2382.0,
        2533.0,
        2478.0,
        2306.0
    ],
    "mse": 48911.80158310485,
    "rmse": 221.16012656693982,
    "mape": 8.260811423266075
}