{
    "predictions": [
        217.33629837699345,
        222.96387722104507,
        214.50920939281932,
        218.38438294444705
    ],
    "actual": [
        225.795,
        224.576,
        216.319,
        191.388
    ],
    "mse": 201.5571517816374,
    "rmse": 14.19708250950305,
    "mape": 4.851561567780541
}