{
    "predictions": [
        6.143642431252887,
        1.0026834275471603,
        1.0026834275471603,
        1.0026834275471603
    ],
    "actual": [
        7.106,
        7.106,
        7.106,
        74.248
    ],
    "mse": 1360.075869564029,
    "rmse": 36.87920646602946,
    "mape": 70.9929201067038
}