{
    "predictions": [
        1235.0353945975291,
        1255.4142437284127,
        1221.8507111272934,
        1231.466067799908
    ],
    "actual": [
        1254.0,
        1216.0,
        1332.0,
        1118.0
    ],
    "mse": 6730.138311972604,
    "rmse": 82.03742019330328,
    "mape": 5.793030053452791
}