{
    "predictions": [
        305.760368136918,
        310.53176087093146,
        338.49733761238355,
        341.6520865849871
    ],
    "actual": [
        324.36,
        322.88,
        349.04400000000004,
        303.809
    ],
    "mse": 510.4391512070073,
    "rmse": 22.59290046025537,
    "mape": 6.259114002748315
}