{
    "predictions": [
        340.5858605246372,
        368.367195407899,
        342.8062866624111,
        322.48738044851945
    ],
    "actual": [
        282.4,
        349.6,
        356.0,
        315.0
    ],
    "mse": 991.984231521536,
    "rmse": 31.495781170206527,
    "mape": 8.013823647961727
}