{
    "predictions": [
        197.20790188992757,
        225.80280125172482,
        198.06812574573618,
        189.04102770192134
    ],
    "actual": [
        52.0,
        139.0,
        118.0,
        72.00000000000001
    ],
    "mse": 12182.392000594551,
    "rmse": 110.37387372288131,
    "mape": 143.0263375997675
}