{
    "predictions": [
        80.87664113349386,
        75.98459358875432,
        79.99619621215876,
        78.9190532210239
    ],
    "actual": [
        83.9,
        102.8,
        83.5,
        39.9
    ],
    "mse": 565.7424687711858,
    "rmse": 23.7853414684588,
    "mape": 32.91920947182739
}