{
    "predictions": [
        59.99999999999999,
        59.99999999999999,
        59.99999999999999,
        59.99999999999999
    ],
    "actual": [
        95.5,
        108.0,
        44.80000000000001,
        66.7
    ],
    "mse": 960.0450000000003,
    "rmse": 30.98459294552698,
    "mape": 31.397692063342546
}