{
    "predictions": [
        115899214.91823052,
        131126270.24147679,
        138902290.1548893,
        139805764.4128504
    ],
    "actual": [
        120400000.0,
        128300000.0,
        127399999.99999999,
        125900000.00000001
    ],
    "mse": 88479458135773.95,
    "rmse": 9406352.009986334,
    "mape": 6.503656593362843
}