{
    "predictions": [
        89.083338417184,
        83.30615925851988,
        84.56061537738577,
        85.81507149625163
    ],
    "actual": [
        56.025999999999996,
        45.148999999999994,
        62.51500000000001,
        81.056
    ],
    "mse": 764.3535861955854,
    "rmse": 27.646945332090223,
    "mape": 46.163319565609825
}