{
    "predictions": [
        210.9,
        210.9,
        210.9,
        210.9
    ],
    "actual": [
        204.7,
        227.5,
        217.00000000000003,
        224.9
    ],
    "mse": 136.80250000000007,
    "rmse": 11.696260086027502,
    "mape": 4.840393688950965
}