{
    "predictions": [
        463.7620376835868,
        585.1922999029944,
        567.6186446800034,
        615.5017230994667
    ],
    "actual": [
        450.0,
        476.0,
        508.0,
        417.0
    ],
    "mse": 13767.417226561949,
    "rmse": 117.33463779533284,
    "mape": 21.334018688799482
}