{
    "predictions": [
        -97.30686390238864,
        91.15406809835363,
        91.15406809835363,
        91.15406809835363
    ],
    "actual": [
        33.000000000000036,
        357.99999999999994,
        329.0,
        229.00000000000003
    ],
    "mse": 40939.70460413241,
    "rmse": 202.33562366556316,
    "mape": 150.47389519209142
}