{
    "predictions": [
        294.1964777140796,
        299.1198962628536,
        284.43821714767785,
        275.3041651814928
    ],
    "actual": [
        348.0,
        294.0,
        341.0,
        311.0
    ],
    "mse": 1848.6150627343272,
    "rmse": 42.995523752296904,
    "mape": 11.31675926657261
}