{
    "predictions": [
        4753.9722131217195,
        4560.203654454783,
        4409.2775200553,
        4558.915617233347
    ],
    "actual": [
        2090.0,
        859.0,
        138.0000000000002,
        3077.0
    ],
    "mse": 10308885.498490978,
    "rmse": 3210.74531822301,
    "mape": 925.406502567129
}