{
    "predictions": [
        3066.5118306243917,
        361.5211095037123,
        662.077020946347,
        721.0368903936038
    ],
    "actual": [
        3303.0,
        280.0,
        481.0,
        796.0
    ],
    "mse": 25245.175216501757,
    "rmse": 158.8873035094427,
    "mape": 20.83447690049925
}