{
    "predictions": [
        586.8100675695143,
        542.4857719706007,
        707.5860948809412,
        722.6340701904171
    ],
    "actual": [
        1074.0,
        472.00000000000006,
        574.0,
        556.0
    ],
    "mse": 71983.60810141935,
    "rmse": 268.29761106170764,
    "mape": 28.384653176248207
}