{
    "predictions": [
        455.0589409160514,
        455.0589409160514,
        455.0589409160514,
        455.0589409160514
    ],
    "actual": [
        423.6,
        403.8,
        517.7999999999998,
        524.6
    ],
    "mse": 3097.385845221899,
    "rmse": 55.65416287414536,
    "mape": 11.373394087608732
}