{
    "predictions": [
        455.30832628384206,
        442.5543241867507,
        471.5854407320299,
        498.88889714504876
    ],
    "actual": [
        471.368,
        461.205,
        397.99100000000004,
        559.039
    ],
    "mse": 2409.9843520704603,
    "rmse": 49.09159145994821,
    "mape": 9.175493576012082
}