{
    "predictions": [
        162.48056221213108,
        171.14058001425326,
        167.92677715086572,
        164.08585142967786
    ],
    "actual": [
        186.1,
        193.2,
        193.79999999999998,
        199.5
    ],
    "mse": 742.0203577710963,
    "rmse": 27.24005061983359,
    "mape": 13.80291181746745
}