{
    "predictions": [
        996.8583922631688,
        1040.537460446596,
        1071.5566051960247,
        1017.8438203921287
    ],
    "actual": [
        1240.0,
        1178.9999999999998,
        1078.0,
        1056.0
    ],
    "mse": 19946.78191282426,
    "rmse": 141.23307655370346,
    "mape": 8.890813097642205
}