{
    "predictions": [
        590767788.2656442,
        587726625.2889102,
        596357778.1670285,
        648424482.8873935
    ],
    "actual": [
        453000000.0,
        534000000.0,
        511000000.0,
        471000000.0
    ],
    "mse": 1.515797779250324e+16,
    "rmse": 123117739.5524432,
    "mape": 23.71182221051253
}