{
    "predictions": [
        134.27986066361274,
        143.75427675462205,
        150.51372721418417,
        155.33620599033065
    ],
    "actual": [
        -560.0,
        253.99999999999994,
        154.00000000000003,
        185.99999999999997
    ],
    "mse": 123782.76669449659,
    "rmse": 351.8277514558745,
    "mape": 46.5330247129012
}