{
    "predictions": [
        138134037.19327044,
        240079553.75796834,
        221529251.3453869,
        368690388.3959529
    ],
    "actual": [
        176900000.0,
        226200000.0,
        285000000.0,
        458900000.0
    ],
    "mse": 3465437961345794.0,
    "rmse": 58867970.589666106,
    "mape": 17.494562788897706
}