{
    "predictions": [
        8154.3008944969615,
        7765.13942464468,
        7748.652523832659,
        7204.510896617421
    ],
    "actual": [
        5684.0,
        7800.0,
        5377.0,
        5268.0
    ],
    "mse": 3869602.978896606,
    "rmse": 1967.1306461179963,
    "mape": 31.193695277020822
}