{
    "predictions": [
        98.92818531053291,
        155.3967626971248,
        184.84346457192046,
        201.88535809470443
    ],
    "actual": [
        38.3,
        105.5,
        149.9,
        214.7
    ],
    "mse": 1887.6811362878802,
    "rmse": 43.447452586864976,
    "mape": 58.718363587482024
}