{
    "predictions": [
        180594114.45131046,
        241681230.4476934,
        264242676.72176236,
        245121950.84951136
    ],
    "actual": [
        132000000.00000007,
        396000000.0,
        396000000.0,
        246000000.00000003
    ],
    "mse": 1.0884108450800414e+16,
    "rmse": 104326930.61142178,
    "mape": 27.3530228004061
}