{
    "predictions": [
        563.2526618512134,
        563.2526618512134,
        563.2526618512134,
        563.2526618512134
    ],
    "actual": [
        522.0,
        621.0,
        572.0,
        626.0
    ],
    "mse": 2262.5703856320642,
    "rmse": 47.56648384768486,
    "mape": 7.188672104773169
}