{
    "predictions": [
        94.46878891366939,
        90.9062108817219,
        92.00402356448322,
        92.98019689671032
    ],
    "actual": [
        86.8,
        93.2,
        79.7,
        98.5
    ],
    "mse": 61.48225352399854,
    "rmse": 7.841062015058836,
    "mape": 8.084485018056114
}