{
    "predictions": [
        161.53433679922662,
        116.93744478405003,
        133.16224904820518,
        170.90104362954852
    ],
    "actual": [
        172.83300000000008,
        205.719,
        204.58699999999993,
        235.15799999999996
    ],
    "mse": 4310.068956801822,
    "rmse": 65.65111542694322,
    "mape": 27.982682849423558
}