{
    "predictions": [
        152.98728555706882,
        160.57241725429014,
        166.7333071068685,
        170.04738101454623
    ],
    "actual": [
        147.245,
        162.434,
        183.06800000000004,
        190.53200000000004
    ],
    "mse": 180.72028515754562,
    "rmse": 13.443224507444098,
    "mape": 6.179973211290983
}