{
    "predictions": [
        382.80624003014816,
        382.80624003014816,
        382.80624003014816,
        382.80624003014816
    ],
    "actual": [
        291.0,
        298.0,
        340.0,
        357.99999999999994
    ],
    "mse": 4517.051946619067,
    "rmse": 67.20901685502524,
    "mape": 19.881548456392103
}