{
    "predictions": [
        104.99115636914883,
        130.95915136050903,
        118.23039412964965,
        130.84763016692847
    ],
    "actual": [
        78.58699999999999,
        107.47800000000001,
        97.50400000000002,
        112.13599999999998
    ],
    "mse": 507.0631149757702,
    "rmse": 22.51806197202082,
    "mape": 23.34738808563032
}