{
    "predictions": [
        997.8077360004384,
        1029.8152521831166,
        1145.6398322821929,
        1102.6730707665033
    ],
    "actual": [
        881.252,
        1128.88,
        1292.244,
        1406.863
    ],
    "mse": 34355.839723484314,
    "rmse": 185.3532835519358,
    "mape": 13.742107594143377
}