{
    "predictions": [
        1739.486468889158,
        1710.2800061601283,
        1545.9453365667043,
        1578.8081930827798
    ],
    "actual": [
        1669.0,
        1778.0,
        1577.0,
        1603.0
    ],
    "mse": 2775.993876252458,
    "rmse": 52.68770137567645,
    "mape": 2.877607856354664
}