{
    "predictions": [
        97.96149912520836,
        106.49921880747172,
        90.47665562768202,
        81.79997057273864
    ],
    "actual": [
        68.745,
        96.38100000000001,
        70.195,
        67.013
    ],
    "mse": 396.49555667202486,
    "rmse": 19.912196179026182,
    "mape": 25.9892731996317
}