{
    "predictions": [
        55.8325789684476,
        64.96513799708192,
        57.11095508351637,
        46.03094066165116
    ],
    "actual": [
        50.7,
        75.7,
        77.7,
        39.6
    ],
    "mse": 151.7115993639259,
    "rmse": 12.317126262400897,
    "mape": 16.760525404377148
}