{
    "predictions": [
        349.5610590417023,
        349.5610590417023,
        349.5610590417023,
        349.5610590417023
    ],
    "actual": [
        265.958,
        247.20900000000006,
        233.82799999999997,
        133.69
    ],
    "mse": 19364.967639535687,
    "rmse": 139.15806710189563,
    "mape": 70.9510108987244
}