{
    "predictions": [
        14.676283513337214,
        38.51376911387065,
        55.7280677795892,
        62.664549339085184
    ],
    "actual": [
        13.3,
        24.6,
        58.099999999999994,
        52.99999999999999
    ],
    "mse": 73.62917591225488,
    "rmse": 8.580744484731781,
    "mape": 22.306382915226557
}