{
    "predictions": [
        364.9994047438939,
        424.33432136241026,
        427.5626721160131,
        430.68704623573353
    ],
    "actual": [
        230.99999999999994,
        354.0,
        354.0,
        282.0
    ],
    "mse": 12605.51542009598,
    "rmse": 112.27428654904016,
    "mape": 37.8457928641872
}