{
    "predictions": [
        23.3457264703863,
        24.93922742237159,
        17.448463278970184,
        13.773951605055395
    ],
    "actual": [
        18.795,
        18.795,
        18.795,
        6.737
    ],
    "mse": 27.448122764767746,
    "rmse": 5.239095605614365,
    "mape": 42.12995587732659
}