{
    "predictions": [
        -230.64403746463114,
        -86.31110181731688,
        -40.39584956539153,
        -357.08254053138614
    ],
    "actual": [
        96.9,
        -579.3,
        114.09999999999998,
        77.8
    ],
    "mse": 140828.7354504931,
    "rmse": 375.27154894888196,
    "mape": 279.37560594148385
}