{
    "predictions": [
        1324.4174651961682,
        1493.1845626170264,
        1611.988810286641,
        1818.406147243234
    ],
    "actual": [
        1030.1179999999997,
        1349.2509999999997,
        1368.5429999999997,
        1524.0929999999998
    ],
    "mse": 63303.78421217933,
    "rmse": 251.6024328423303,
    "mape": 19.084136989398107
}