{
    "predictions": [
        807904798.658684,
        807904798.658684,
        807904798.658684,
        807904798.658684
    ],
    "actual": [
        881000000.0,
        920000000.0,
        920000000.0,
        976000000.0000001
    ],
    "mse": 1.4682393375151364e+16,
    "rmse": 121170926.27834189,
    "mape": 12.472058916937808
}