{
    "predictions": [
        207.74439539100848,
        311.17324047490945,
        243.75208448347254,
        217.87124663720084
    ],
    "actual": [
        190.0,
        344.7,
        323.2,
        271.4
    ],
    "mse": 2654.0514721355885,
    "rmse": 51.51748705183113,
    "mape": 15.842591824635763
}