{
    "predictions": [
        3463.0777266504347,
        2881.2527179054214,
        2956.37650668077,
        3031.5002954561187
    ],
    "actual": [
        3836.5,
        3116.3,
        4115.2,
        4901.2
    ],
    "mse": 1258335.0732234162,
    "rmse": 1121.7553535523762,
    "mape": 20.895826741063004
}