{
    "predictions": [
        2586.0942252934024,
        2512.4354687197883,
        2489.8608797210622,
        2616.5256956858125
    ],
    "actual": [
        2441.0,
        2568.0,
        2564.0,
        1242.0
    ],
    "mse": 479739.31215154595,
    "rmse": 692.6321622272142,
    "mape": 30.417415908061034
}