{
    "predictions": [
        2570.1171335355216,
        2629.3264771183344,
        3290.1918468765807,
        3061.7443898763963
    ],
    "actual": [
        3948.9999999999995,
        3948.9999999999995,
        3030.0,
        2274.9999999999995
    ],
    "mse": 1082380.6746518074,
    "rmse": 1040.3752566510832,
    "mape": 27.87613599261698
}