{
    "predictions": [
        220.2205008919225,
        314.28717121840117,
        479.4763835906791,
        536.2839749550717
    ],
    "actual": [
        183.0,
        236.00000000000003,
        147.00000000000003,
        113.00000000000001
    ],
    "mse": 74306.02899083175,
    "rmse": 272.59132229554143,
    "mape": 163.56840019116228
}