{
    "predictions": [
        287.9258637909987,
        377.869341446172,
        441.60598999896564,
        486.7716926674426
    ],
    "actual": [
        168.00000000000017,
        937.0000000000001,
        580.9999999999999,
        690.0000000000002
    ],
    "mse": 96935.43526656993,
    "rmse": 311.34456036129797,
    "mape": 46.12558345475574
}