{
    "predictions": [
        414885187.40369684,
        433823000.76684576,
        447423359.9624543,
        457190578.9492833
    ],
    "actual": [
        310600000.0,
        305800000.0,
        280600000.0,
        232700000.0
    ],
    "mse": 2.6372835625829744e+16,
    "rmse": 162397153.99547416,
    "mape": 57.841204372222464
}