{
    "predictions": [
        27.984702257765843,
        30.132541429664023,
        26.307158488849083,
        5.702143287360473
    ],
    "actual": [
        21.912,
        21.912,
        21.912,
        15.953999999999999
    ],
    "mse": 57.218249576722826,
    "rmse": 7.564274557201293,
    "mape": 37.386821252189385
}