{
    "predictions": [
        546.2567000266057,
        539.7249451216404,
        619.8811571860808,
        705.0944128850819
    ],
    "actual": [
        788.57,
        216.48199999999997,
        674.091,
        867.1580000000001
    ],
    "mse": 48101.262560343144,
    "rmse": 219.3200003655461,
    "mape": 51.69386839801786
}