{
    "predictions": [
        404.5451499577821,
        582.962027971571,
        702.2166088089054,
        720.1906907059941
    ],
    "actual": [
        359.00000000000006,
        398.0,
        398.0,
        203.00000000000003
    ],
    "mse": 99079.81702604174,
    "rmse": 314.7694664767244,
    "mape": 97.59240394567351
}