{
    "predictions": [
        154.31171016024024,
        351.46534530474884,
        596.6649624007181,
        472.2794909303885
    ],
    "actual": [
        18.486999999999988,
        131.444,
        545.0,
        204.1
    ],
    "mse": 35361.81299384369,
    "rmse": 188.04736901601066,
    "mape": 260.7419327203218
}