{
    "predictions": [
        2952.491542672743,
        3266.8573066171743,
        3363.214004330106,
        3049.6569829535692
    ],
    "actual": [
        3291.0000000000005,
        3430.0000000000005,
        3338.0,
        3015.0
    ],
    "mse": 35760.09164202127,
    "rmse": 189.10338876398083,
    "mape": 4.236769789719153
}