{
    "predictions": [
        44.37181767135844,
        54.10631536753247,
        68.57902998191636,
        57.77310058405663
    ],
    "actual": [
        38.994,
        57.443,
        49.483,
        48.103
    ],
    "mse": 124.55589840473532,
    "rmse": 11.160461388524013,
    "mape": 19.573520764926563
}