{
    "predictions": [
        2194.427971428856,
        1983.6471817058562,
        2164.407590570835,
        2399.5823070716
    ],
    "actual": [
        2985.0,
        2108.0,
        2304.0,
        2438.0
    ],
    "mse": 165357.42891924267,
    "rmse": 406.64164680863996,
    "mape": 10.004600174072184
}