{
    "predictions": [
        331.54614939445804,
        337.28053192438915,
        335.74712975266846,
        333.03280559559096
    ],
    "actual": [
        301.9,
        383.9,
        369.2,
        316.2
    ],
    "mse": 1113.6767123937952,
    "rmse": 33.3717951628886,
    "mape": 9.08697040482712
}