{
    "predictions": [
        176.92857602468433,
        177.91539767337142,
        179.91491792490484,
        193.99617295446328
    ],
    "actual": [
        134.325,
        176.978,
        190.59000000000003,
        186.80900000000003
    ],
    "mse": 495.38905921912186,
    "rmse": 22.25733719965445,
    "mape": 10.423716631128352
}