{
    "predictions": [
        282.7379587776944,
        280.37421734050355,
        305.4054193631027,
        359.926850715087
    ],
    "actual": [
        283.5,
        293.0,
        343.0,
        359.1
    ],
    "mse": 393.5068174896373,
    "rmse": 19.83700626328573,
    "mape": 3.9421784949994745
}