{
    "predictions": [
        446.6392158602336,
        729.0847282944916,
        806.6207971847837,
        626.1718484539406
    ],
    "actual": [
        1584.0000000000002,
        554.0,
        645.0000000000001,
        553.0
    ],
    "mse": 338929.904217448,
    "rmse": 582.1768667831521,
    "mape": 35.42402707723189
}