{
    "predictions": [
        36.495841148091465,
        29.164867917565623,
        22.511449411434246,
        29.89268012427415
    ],
    "actual": [
        29.133,
        29.133,
        29.133,
        23.075
    ],
    "mse": 36.13453495251427,
    "rmse": 6.011200791232503,
    "mape": 19.41425605866051
}