{
    "predictions": [
        118.79408383806931,
        118.79408383806931,
        118.79408383806931,
        118.79408383806931
    ],
    "actual": [
        142.012,
        158.162,
        172.002,
        144.605
    ],
    "mse": 1396.5475473121264,
    "rmse": 37.37041005009346,
    "mape": 22.50596902626812
}