{
    "predictions": [
        2905.8531499161754,
        3065.7688778938045,
        3133.56518253451,
        2924.1243689447847
    ],
    "actual": [
        3058.0,
        5451.0,
        3271.0000000000005,
        3020.0
    ],
    "mse": 1435139.1588841048,
    "rmse": 1197.972937458983,
    "mape": 14.027338845013285
}