{
    "predictions": [
        7135.847018425008,
        6019.959005237486,
        5374.919086295973,
        5249.92592984486
    ],
    "actual": [
        5488.0,
        2760.9999999999995,
        3494.0,
        2197.0
    ],
    "mse": 6548606.734065569,
    "rmse": 2559.024566913254,
    "mape": 85.21337631835448
}