{
    "predictions": [
        -469.5201260312522,
        -1077.9533971615497,
        -1686.3866682918474,
        -2294.8199394221447
    ],
    "actual": [
        -678.529,
        -99.81499999999997,
        -479.18,
        193.243
    ],
    "mse": 2162061.1409734283,
    "rmse": 1470.3948928683847,
    "mape": 637.554251930678
}