{
    "predictions": [
        4160.832510220719,
        5105.287802794809,
        4891.737987019343,
        4984.6064578573605
    ],
    "actual": [
        6130.000000000001,
        6957.000000000001,
        7448.0,
        6072.0
    ],
    "mse": 3755839.714645889,
    "rmse": 1937.998894387169,
    "mape": 27.742441104392906
}