{
    "predictions": [
        1203.7898760639139,
        1213.1545643078662,
        1211.2969672800518,
        1211.6654436914234
    ],
    "actual": [
        1060.0,
        957.0,
        1065.0,
        1120.0
    ],
    "mse": 29024.011369178632,
    "rmse": 170.36434887962514,
    "mape": 15.563178463917064
}