{
    "predictions": [
        176.9395420970283,
        169.00434007656477,
        94.24017015706941,
        59.066399256025505
    ],
    "actual": [
        189.3,
        255.6,
        255.6,
        -3.0000000000000018
    ],
    "mse": 9385.205460173564,
    "rmse": 96.87727009042712,
    "mape": 543.1046814212581
}