{
    "predictions": [
        32369.2287680403,
        32415.323294583504,
        33103.813478452066,
        34253.63213350019
    ],
    "actual": [
        33554.0,
        34331.0,
        37935.0,
        36786.0
    ],
    "mse": 8706687.58225548,
    "rmse": 2950.7096743420016,
    "mape": 7.18261134554046
}