{
    "predictions": [
        280.27459776177517,
        272.98121459379735,
        276.353194458344,
        292.25009032493097
    ],
    "actual": [
        293.442,
        225.09999999999997,
        247.09499999999997,
        243.06200000000004
    ],
    "mse": 1435.3753413640798,
    "rmse": 37.886347691009746,
    "mape": 14.459007165689114
}