{
    "predictions": [
        602.5814627035004,
        547.8889162198307,
        618.9245976411736,
        578.8453813709499
    ],
    "actual": [
        531.841,
        587.433,
        636.988,
        653.303
    ],
    "mse": 3109.5427755510764,
    "rmse": 55.763274433547,
    "mape": 8.566396538779047
}