{
    "predictions": [
        385.320598290785,
        558.0484572931014,
        -86.135854646145,
        -149.48816608071508
    ],
    "actual": [
        420.70899999999995,
        615.689,
        -120.55900000000001,
        -145.363
    ],
    "mse": 1444.1852675811706,
    "rmse": 38.00243765314497,
    "mape": 12.29108773306122
}