{
    "predictions": [
        103.94426020959035,
        96.99163797062812,
        102.1254280302526,
        97.32739679513652
    ],
    "actual": [
        92.7,
        98.49999999999999,
        73.5,
        96.6
    ],
    "mse": 237.16319492134355,
    "rmse": 15.4001037308631,
    "mape": 13.340055471638507
}