{
    "predictions": [
        89.96134362265387,
        181.90318635231498,
        221.58378587649392,
        209.65676449215908
    ],
    "actual": [
        147.647,
        249.435,
        298.567,
        247.123
    ],
    "mse": 3804.5787165363745,
    "rmse": 61.68126714438002,
    "mape": 26.772273802626867
}