{
    "predictions": [
        52.773738574884305,
        53.794895553178975,
        48.63040264055625,
        49.66754127651494
    ],
    "actual": [
        80.3,
        82.3,
        64.8,
        63.5
    ],
    "mse": 505.75721016785906,
    "rmse": 22.48904644861269,
    "mape": 28.912842063490263
}