{
    "predictions": [
        221.71994966427323,
        215.41947717642478,
        211.31864470277628,
        198.16811208827104
    ],
    "actual": [
        201.33600000000004,
        200.43999999999997,
        215.421,
        177.978
    ],
    "mse": 266.09002137906555,
    "rmse": 16.312265979288885,
    "mape": 7.711536623965759
}