{
    "predictions": [
        706.9978493760772,
        668.4625017419604,
        629.9932550945152,
        597.539756895332
    ],
    "actual": [
        190.0,
        1174.9999999999998,
        1740.9999999999998,
        1776.0
    ],
    "mse": 786742.886301199,
    "rmse": 886.9852796417757,
    "mape": 111.3456841153719
}