{
    "predictions": [
        127.22305798298427,
        135.92547078219425,
        121.67351702994533,
        130.81505660612407
    ],
    "actual": [
        121.682,
        179.154,
        188.227,
        213.092
    ],
    "mse": 3274.5676428974753,
    "rmse": 57.22383806507106,
    "mape": 25.663017277923995
}