{
    "predictions": [
        163.44419119692014,
        151.60428085490057,
        163.03190501244686,
        170.050499435028
    ],
    "actual": [
        140.796,
        127.54,
        142.626,
        156.358
    ],
    "mse": 423.97891942775766,
    "rmse": 20.590748394066633,
    "mape": 14.50456895699224
}