{
    "predictions": [
        196.4628650696961,
        199.12242257632346,
        201.78185171124835,
        204.44115248066703
    ],
    "actual": [
        199.05500000000004,
        215.74600000000004,
        200.092,
        198.635
    ],
    "mse": 79.90737382315906,
    "rmse": 8.939092449637103,
    "mape": 3.1937362688514486
}