{
    "predictions": [
        336.7050944704213,
        456.6751560415812,
        403.40797114794606,
        702.9487251459736
    ],
    "actual": [
        1576.0,
        1626.0,
        1680.0,
        1503.0
    ],
    "mse": 1293235.426023526,
    "rmse": 1137.2050940896836,
    "mape": 69.94189310850827
}