{
    "predictions": [
        260.0,
        260.0,
        260.0,
        260.0
    ],
    "actual": [
        239.00000000000006,
        272.0,
        400.99999999999994,
        280.99999999999994
    ],
    "mse": 5226.7499999999945,
    "rmse": 72.2962654637153,
    "mape": 13.958444989044144
}