{
    "predictions": [
        1309.0936059719265,
        1335.4922971182912,
        1346.3653145382566,
        1350.843661860834
    ],
    "actual": [
        1288.0,
        568.0,
        1483.0,
        1969.0
    ],
    "mse": 247568.91550041572,
    "rmse": 497.56297641646904,
    "mape": 44.34185343491075
}