{
    "predictions": [
        115.6432152813712,
        147.26535118606634,
        127.74874901958067,
        163.0048584574969
    ],
    "actual": [
        122.635,
        156.107,
        127.995,
        106.931
    ],
    "mse": 817.8495122893353,
    "rmse": 28.598068331433424,
    "mape": 15.999204341563797
}