{
    "predictions": [
        372.5259444724539,
        385.4049017517172,
        310.39949941646177,
        362.41957045107273
    ],
    "actual": [
        445.00000000000006,
        431.0,
        363.0,
        421.0
    ],
    "mse": 3382.4702741640112,
    "rmse": 58.15900853835123,
    "mape": 13.817575272393178
}