{
    "predictions": [
        1692.590248503807,
        1692.590248503807,
        1692.590248503807,
        1692.590248503807
    ],
    "actual": [
        1350.179,
        1584.449,
        1296.87,
        863.738
    ],
    "mse": 243132.63941390737,
    "rmse": 493.0848196952603,
    "mape": 39.665039164514546
}