{
    "predictions": [
        13774.533052874818,
        15138.090918674354,
        15477.36671625688,
        15981.821007223409
    ],
    "actual": [
        17458.0,
        19216.0,
        22502.0,
        24739.0
    ],
    "mse": 39057731.97718029,
    "rmse": 6249.618546533883,
    "mape": 27.234134221809214
}