{
    "predictions": [
        491.9138390485381,
        413.6834759692873,
        413.3831841717572,
        407.0591462252874
    ],
    "actual": [
        498.469,
        481.899,
        544.822,
        554.243
    ],
    "mse": 10908.89424304776,
    "rmse": 104.44565210217111,
    "mape": 16.53788781262782
}