{
    "predictions": [
        245.60724464260994,
        297.60852230684867,
        254.3770245125761,
        217.094238975974
    ],
    "actual": [
        95.0,
        241.0,
        -48.99999999999999,
        194.0
    ],
    "mse": 29614.50745314688,
    "rmse": 172.08866160542618,
    "mape": 203.2659966871924
}