{
    "predictions": [
        403.6639618442183,
        361.15252305452384,
        373.7715534018071,
        359.8038604402196
    ],
    "actual": [
        480.99999999999994,
        275.0,
        320.0,
        411.0
    ],
    "mse": 4728.886171840171,
    "rmse": 68.76689735505137,
    "mape": 19.166615173797652
}