{
    "predictions": [
        575.7462385375234,
        661.3023660850677,
        636.8743666636302,
        578.8135388343894
    ],
    "actual": [
        534.0,
        625.0,
        694.0,
        592.0
    ],
    "mse": 1624.4577393898978,
    "rmse": 40.30456226520638,
    "mape": 6.021207068661309
}