{
    "predictions": [
        260.5244007485167,
        276.13441911160805,
        322.135020508365,
        307.75515665477093
    ],
    "actual": [
        329.0,
        320.0,
        316.00000000000006,
        157.0
    ],
    "mse": 7344.463153542095,
    "rmse": 85.69984336941401,
    "mape": 33.12127525991899
}