{
    "predictions": [
        75.76729575526882,
        78.03704006929877,
        77.18342323404185,
        77.18342323404185
    ],
    "actual": [
        68.44,
        90.8,
        103.327,
        78.782
    ],
    "mse": 225.65611576801834,
    "rmse": 15.0218546048089,
    "mape": 13.023295902614148
}