{
    "predictions": [
        1039.0,
        1039.0,
        1039.0,
        1039.0
    ],
    "actual": [
        1401.0,
        1583.0,
        1511.0,
        1968.0
    ],
    "mse": 378201.25,
    "rmse": 614.9806907537829,
    "mape": 34.661672926380604
}