{
    "predictions": [
        466.9478634226018,
        662.8363016873026,
        620.4742630164665,
        629.4532402667814
    ],
    "actual": [
        565.5,
        591.7,
        687.5,
        760.2
    ],
    "mse": 9090.015410159718,
    "rmse": 95.34157230799018,
    "mape": 14.099496546408838
}