{
    "predictions": [
        5441.903325791242,
        6336.087249899493,
        5275.000439876163,
        5653.870247760123
    ],
    "actual": [
        5552.0,
        6433.0,
        5505.0,
        5834.0
    ],
    "mse": 26714.971025757666,
    "rmse": 163.44715055869793,
    "mape": 2.688775214316934
}