{
    "predictions": [
        245.75003021744263,
        274.2039628924601,
        300.80892270015545,
        276.0723317094003
    ],
    "actual": [
        305.9,
        309.00000000000006,
        318.1,
        277.6000000000001
    ],
    "mse": 1282.5245469567913,
    "rmse": 35.812351876926364,
    "mape": 9.227545334149433
}