{
    "predictions": [
        3135.1922622366997,
        3135.1922622366997,
        3135.1922622366997,
        3135.1922622366997
    ],
    "actual": [
        2987.0,
        3662.0,
        3755.0,
        2135.0
    ],
    "mse": 421008.38309588603,
    "rmse": 648.8515878811471,
    "mape": 20.675161140053937
}