{
    "predictions": [
        364.96002983213697,
        363.1032790930377,
        339.76952928346816,
        339.76952928346816
    ],
    "actual": [
        398.7,
        430.6,
        358.0,
        374.8
    ],
    "mse": 1813.4192153221925,
    "rmse": 42.58426018286795,
    "mape": 9.644072306737938
}