{
    "predictions": [
        67.03166493844827,
        58.606908118700915,
        62.16128448849459,
        62.90245770266249
    ],
    "actual": [
        80.488,
        85.324,
        46.802,
        21.856
    ],
    "mse": 703.8988154543737,
    "rmse": 26.531091486299122,
    "mape": 67.16315136424372
}