{
    "predictions": [
        2079.2,
        2079.2,
        2079.2,
        2079.2
    ],
    "actual": [
        1657.0,
        1573.3,
        1715.1,
        1606.8
    ],
    "mse": 197479.55499999988,
    "rmse": 444.3867178483172,
    "mape": 27.066064413700797
}