{
    "predictions": [
        72.47879141806555,
        75.45106459029364,
        76.10997228999378,
        90.49883889986987
    ],
    "actual": [
        77.48200000000001,
        76.673,
        76.62000000000002,
        71.976
    ],
    "mse": 92.47022785883586,
    "rmse": 9.616144126355213,
    "mape": 8.612838001216112
}