{
    "predictions": [
        748.0687369943572,
        -578.4511385719069,
        -605.6484673280758,
        2256.185398858202
    ],
    "actual": [
        5947.000000000001,
        2406.0,
        6850.000000000001,
        4262.0
    ],
    "mse": 23886455.289626434,
    "rmse": 4887.377138059476,
    "mape": 91.84185941139464
}