{
    "predictions": [
        1197.0601439786362,
        1175.2567393997501,
        1168.9166921785345,
        1179.8731919022687
    ],
    "actual": [
        1272.073,
        1335.894,
        1191.978,
        941.766
    ],
    "mse": 22164.529203913666,
    "rmse": 148.8775644746839,
    "mape": 11.28484036069958
}