{
    "predictions": [
        154.0926826847606,
        198.78127241532192,
        258.5741005937372,
        239.85571742568789
    ],
    "actual": [
        102.5,
        190.0,
        145.6,
        163.2
    ],
    "mse": 5344.540517713315,
    "rmse": 73.10636441318441,
    "mape": 44.87964100993989
}