{
    "predictions": [
        435.78882265284125,
        450.54103377976674,
        437.3616616637986,
        423.9771682204087
    ],
    "actual": [
        325.5,
        405.6,
        472.09999999999997,
        439.90000000000003
    ],
    "mse": 3910.90241039639,
    "rmse": 62.53720820756544,
    "mape": 13.985234475118006
}