{
    "predictions": [
        1838.1678414008793,
        1366.490825355405,
        1450.5826200373735,
        1909.449793574768
    ],
    "actual": [
        1494.112,
        1800.132,
        1947.043,
        1570.614
    ],
    "mse": 166925.42355732233,
    "rmse": 408.56507872959764,
    "mape": 23.54712233360553
}