{
    "predictions": [
        3655.2108216065017,
        4366.7475482183145,
        3821.6141294041627,
        3548.4776600318055
    ],
    "actual": [
        3397.0,
        3875.0,
        4137.0,
        3748.0
    ],
    "mse": 111941.47277282656,
    "rmse": 334.5765574167242,
    "mape": 8.309594382407425
}