{
    "predictions": [
        57.474412110764426,
        39.59855604237487,
        33.49430435553657,
        28.80925406019182
    ],
    "actual": [
        125.2,
        84.40000000000002,
        81.3,
        109.4
    ],
    "mse": 3843.544375704145,
    "rmse": 61.9963255016307,
    "mape": 59.91098075312031
}