{
    "predictions": [
        201.3034309562433,
        274.49378792142414,
        257.0749007118286,
        276.64829928416674
    ],
    "actual": [
        371.593,
        566.322,
        633.666,
        535.801
    ],
    "mse": 80785.80526036758,
    "rmse": 284.22843851445896,
    "mape": 51.28880522912688
}