{
    "predictions": [
        719.2485227257456,
        772.0420721620299,
        757.0924846752338,
        723.2105469950159
    ],
    "actual": [
        734.0,
        889.0,
        806.9999999999999,
        593.0
    ],
    "mse": 8335.57740013942,
    "rmse": 91.29938335026924,
    "mape": 10.827030174730778
}