{
    "predictions": [
        882.2773112380067,
        -120.59580797532006,
        -157.04702704585267,
        -435.67190779802087
    ],
    "actual": [
        2889.0,
        1704.0,
        2049.0,
        580.0
    ],
    "mse": 3313579.6804752974,
    "rmse": 1820.324059192565,
    "mape": 114.82961011759024
}