{
    "predictions": [
        162.03694930173992,
        144.70777702728554,
        150.44429704298477,
        157.38181679502262
    ],
    "actual": [
        211.988,
        129.97,
        220.92,
        141.562
    ],
    "mse": 1982.350212069914,
    "rmse": 44.52359163488402,
    "mape": 19.49467767173786
}