{
    "predictions": [
        295.91387378325726,
        286.83534387717356,
        272.34582406495775,
        246.47677160410228
    ],
    "actual": [
        414.473,
        364.994,
        314.957,
        -615.92
    ],
    "mse": 191427.23648098725,
    "rmse": 437.52398389229734,
    "mape": 50.891333884815104
}