{
    "predictions": [
        248.43279116160681,
        246.15060003779007,
        245.21505109812944,
        244.83153728573836
    ],
    "actual": [
        254.0,
        248.1,
        248.1,
        169.8
    ],
    "mse": 1418.2121230226242,
    "rmse": 37.65915722666433,
    "mape": 12.082136880109033
}