{
    "predictions": [
        467.9826892791078,
        400.9018454888009,
        492.36044162056197,
        568.9582009987438
    ],
    "actual": [
        498.254,
        354.665,
        475.26899999999995,
        624.6
    ],
    "mse": 1610.5813265703332,
    "rmse": 40.132048621648174,
    "mape": 7.904198603131557
}