{
    "predictions": [
        212.37165300620867,
        212.37165300620867,
        212.37165300620867,
        212.37165300620867
    ],
    "actual": [
        255.627,
        252.945,
        227.70800000000003,
        231.363
    ],
    "mse": 1028.274082396112,
    "rmse": 32.066712996440906,
    "mape": 11.976303694365402
}