{
    "predictions": [
        1432.6505403304561,
        1365.619125320432,
        1353.2795312513183,
        1353.2795312513183
    ],
    "actual": [
        830.9,
        1763.6000000000001,
        1628.5,
        1055.7
    ],
    "mse": 171198.09330917711,
    "rmse": 413.76091322063894,
    "mape": 35.01901459401729
}