{
    "predictions": [
        145.42713334434507,
        150.20118231570478,
        154.18088231943096,
        158.22348946480685
    ],
    "actual": [
        145.226,
        182.325,
        167.303,
        164.949
    ],
    "mse": 312.3506454044353,
    "rmse": 17.67344463890487,
    "mape": 7.419533909515258
}