{
    "predictions": [
        376.8410692531656,
        324.8221832118238,
        175.72418713064178,
        231.9546705661188
    ],
    "actual": [
        179.10000000000002,
        281.9,
        255.39999999999995,
        456.2
    ],
    "mse": 24394.511802589368,
    "rmse": 156.18742523836343,
    "mape": 51.49643785989243
}