{
    "predictions": [
        71.51399999999998,
        71.51399999999998,
        71.51399999999998,
        71.51399999999998
    ],
    "actual": [
        76.08600000000001,
        110.079,
        86.41200000000002,
        79.07599999999998
    ],
    "mse": 446.82416425000054,
    "rmse": 21.13821573004686,
    "mape": 16.961633280184692
}