{
    "predictions": [
        36130935.47074327,
        42136855.14351425,
        31463095.76582382,
        20721901.231099017
    ],
    "actual": [
        47695999.99999999,
        60767000.00000001,
        58946999.999999985,
        70366000.0
    ],
    "mse": 925183637367319.2,
    "rmse": 30416831.48139068,
    "mape": 43.02045201576531
}