{
    "predictions": [
        52.39922751465986,
        53.96797072888839,
        56.44979456939959,
        56.766491751248196
    ],
    "actual": [
        56.058,
        56.853,
        54.172999999999995,
        79.776
    ],
    "mse": 139.08281833881935,
    "rmse": 11.793337879447844,
    "mape": 11.16169265814542
}