{
    "predictions": [
        641.7093769354209,
        669.4200624902307,
        670.9142352453605,
        691.264187386403
    ],
    "actual": [
        731.3,
        694.3,
        702.6,
        736.9
    ],
    "mse": 2933.0265281448,
    "rmse": 54.15742357373364,
    "mape": 6.634265034555041
}