{
    "predictions": [
        579.545330762524,
        581.772818125319,
        616.1416604671916,
        616.1416604671916
    ],
    "actual": [
        700.299,
        767.828,
        767.828,
        716.019
    ],
    "mse": 20545.55197243717,
    "rmse": 143.33719675100798,
    "mape": 18.794687398779008
}