{
    "predictions": [
        146.10756209934996,
        293.51309827427923,
        312.8039396746211,
        261.9488772754637
    ],
    "actual": [
        144.88299999999998,
        320.671,
        356.712,
        281.266
    ],
    "mse": 760.0300425927447,
    "rmse": 27.568642378484014,
    "mape": 7.122829861787816
}