{
    "predictions": [
        1123.4121410029009,
        1131.586348459385,
        1150.155108383314,
        1160.9100217796347
    ],
    "actual": [
        1164.0,
        1222.1,
        1303.3,
        1252.7
    ],
    "mse": 10429.713335791479,
    "rmse": 102.12596797970377,
    "mape": 7.492812901576388
}