{
    "predictions": [
        24.18638468167569,
        36.58321858471111,
        36.58321858471111,
        36.58321858471111
    ],
    "actual": [
        47.190999999999995,
        47.447,
        67.776,
        53.216
    ],
    "mse": 474.21827565350713,
    "rmse": 21.776553346512554,
    "mape": 37.23078097225249
}