{
    "predictions": [
        160.13220012768244,
        131.5080494240226,
        136.8605928895948,
        157.6580157559099
    ],
    "actual": [
        165.0,
        169.0,
        169.0,
        195.0
    ],
    "mse": 964.1767775706758,
    "rmse": 31.051196073109256,
    "mape": 15.825476011816104
}