{
    "predictions": [
        127.09121772121684,
        126.61397858335597,
        131.12754000624852,
        126.80189271968284
    ],
    "actual": [
        112.923,
        111.90800000000002,
        124.214,
        121.89100000000002
    ],
    "mse": 122.22952555303985,
    "rmse": 11.055746268481375,
    "mape": 8.820669833760187
}