{
    "predictions": [
        131.28814068405757,
        129.7513387335991,
        130.13349188442066,
        130.03846270343917
    ],
    "actual": [
        1850.927,
        474.508,
        364.587,
        316.6669999999999
    ],
    "mse": 791453.4050895367,
    "rmse": 889.6366702702495,
    "mape": 72.20109258692199
}