{
    "predictions": [
        1799.3173147357395,
        1820.4907404242394,
        1820.4907404242394,
        1820.4907404242394
    ],
    "actual": [
        1532.2,
        1953.0000000000002,
        1735.1000000000001,
        1507.4
    ],
    "mse": 48556.93849863667,
    "rmse": 220.35638973861563,
    "mape": 12.477527693401512
}