{
    "predictions": [
        288.35327630317323,
        312.05316772586804,
        304.77414069164973,
        298.00824015172725
    ],
    "actual": [
        326.452,
        310.919,
        303.132,
        289.21
    ],
    "mse": 383.226184894047,
    "rmse": 19.57616369195065,
    "mape": 3.904802697643432
}