{
    "predictions": [
        50.158098172548975,
        35.68693100013762,
        67.58925843793561,
        73.00542143663849
    ],
    "actual": [
        50.9,
        44.1,
        84.3,
        63.00000000000001
    ],
    "mse": 112.67187249921786,
    "rmse": 10.614700772947764,
    "mape": 14.059846616036358
}