{
    "predictions": [
        256.634012818863,
        250.93074827986192,
        244.7356730937018,
        238.3698817390738
    ],
    "actual": [
        243.9,
        259.3,
        230.59999999999997,
        243.6
    ],
    "mse": 114.8427119153204,
    "rmse": 10.716469190704576,
    "mape": 4.181398658939991
}