{
    "predictions": [
        179.48835858845837,
        181.684918277189,
        181.684918277189,
        181.684918277189
    ],
    "actual": [
        168.237,
        258.457,
        218.05400000000003,
        191.276
    ],
    "mse": 1858.8111390285474,
    "rmse": 43.1139320757055,
    "mape": 14.521251202486257
}