{
    "predictions": [
        62688074.51660402,
        60226127.07120989,
        58185344.88389357,
        59384943.15607801
    ],
    "actual": [
        61651000.0,
        71519000.0,
        75789000.0,
        74539000.0
    ],
    "mse": 167034653703607.2,
    "rmse": 12924188.705818528,
    "mape": 15.257441252080477
}