{
    "predictions": [
        2100.9414055217903,
        2105.761670754374,
        2104.6583228107825,
        2104.910876690266
    ],
    "actual": [
        2070.0,
        2184.0,
        2283.0,
        1532.0
    ],
    "mse": 91777.80829787075,
    "rmse": 302.94852417179845,
    "mape": 12.571272774318794
}