{
    "predictions": [
        80.1519258797358,
        80.1519258797358,
        80.1519258797358,
        80.1519258797358
    ],
    "actual": [
        -80.34099999999998,
        100.552,
        92.724,
        91.888
    ],
    "mse": 6617.483691248095,
    "rmse": 81.34791755938252,
    "mape": 61.595873269941556
}