{
    "predictions": [
        194.99063062598464,
        214.64225998285542,
        261.37402881724734,
        189.42301614233693
    ],
    "actual": [
        178.149,
        207.35500000000002,
        260.6,
        214.7
    ],
    "mse": 244.06742843757934,
    "rmse": 15.622657534413898,
    "mape": 6.259561860541135
}