{
    "predictions": [
        418.512,
        418.512,
        418.512,
        418.512
    ],
    "actual": [
        351.329,
        465.34100000000007,
        447.611,
        567.79
    ],
    "mse": 7459.295953749998,
    "rmse": 86.36721573461772,
    "mape": 15.494480092871488
}