{
    "predictions": [
        346.4506638459479,
        346.4506638459479,
        346.4506638459479,
        346.4506638459479
    ],
    "actual": [
        381.8,
        393.8,
        369.3,
        356.2
    ],
    "mse": 1027.1692297217971,
    "rmse": 32.04948095869568,
    "mape": 7.551635862059866
}