{
    "predictions": [
        408.03989066213313,
        364.8796870609774,
        379.3656798113406,
        399.5321543587036
    ],
    "actual": [
        434.84,
        408.12,
        401.723,
        428.374
    ],
    "mse": 979.9180874002071,
    "rmse": 31.303643356647914,
    "mape": 7.264108551062341
}