{
    "predictions": [
        257.8994396720834,
        269.99448722173844,
        260.53333031676095,
        279.2771795507379
    ],
    "actual": [
        229.649,
        240.291,
        266.899,
        278.361
    ],
    "mse": 430.4364075708257,
    "rmse": 20.74696140572941,
    "mape": 6.844304902044923
}