{
    "predictions": [
        1038.5502727795713,
        1025.4393802085876,
        1019.5618013321389,
        1021.0068311675994
    ],
    "actual": [
        1027.592,
        1444.143,
        1128.329,
        1084.362
    ],
    "mse": 47819.24647314477,
    "rmse": 218.67612232053312,
    "mape": 11.38547991059168
}