{
    "predictions": [
        526.7998903261496,
        531.6481540452783,
        532.3103849896477,
        533.3533039523414
    ],
    "actual": [
        506.19999999999993,
        485.3,
        511.3,
        550.2
    ],
    "mse": 824.4385774974111,
    "rmse": 28.71303845811883,
    "mape": 5.197765027965127
}