{
    "predictions": [
        921.1761810060058,
        1115.5662353754594,
        884.250706727183,
        845.5337622862097
    ],
    "actual": [
        893.011,
        694.884,
        516.489,
        363.052
    ],
    "mse": 136451.0361138229,
    "rmse": 369.39279380332107,
    "mape": 66.94852453155744
}