{
    "predictions": [
        805.5864576173752,
        935.7194589291362,
        1111.6922340278284,
        967.3422207565286
    ],
    "actual": [
        763.8,
        1059.4,
        1161.4000000000003,
        929.0000000000002
    ],
    "mse": 5245.993042569232,
    "rmse": 72.42922781977751,
    "mape": 6.388172925345824
}