{
    "predictions": [
        228.05438081688004,
        277.9023344129672,
        262.17022047040325,
        267.135307123855
    ],
    "actual": [
        4.000000000000001,
        343.0,
        823.0,
        200.0
    ],
    "mse": 93368.81567448677,
    "rmse": 305.5631124244004,
    "mape": 1430.512662849444
}