{
    "predictions": [
        41.21172200506506,
        41.21172200506506,
        41.21172200506506,
        41.21172200506506
    ],
    "actual": [
        28.211,
        28.211,
        28.211,
        39.132
    ],
    "mse": 127.84539039432521,
    "rmse": 11.306873590622883,
    "mape": 35.89156446129434
}