{
    "predictions": [
        345.9444476523726,
        414.26972694622214,
        429.3906930224578,
        383.99556850527665
    ],
    "actual": [
        310.8,
        252.3,
        438.6,
        313.2
    ],
    "mse": 8141.537125704011,
    "rmse": 90.23046672662184,
    "mape": 25.052166862409763
}