{
    "predictions": [
        1145.1462880515521,
        1428.6584736312182,
        1346.8385919305356,
        1645.752615832158
    ],
    "actual": [
        1232.0,
        1309.0,
        1437.0,
        1978.0
    ],
    "mse": 35094.78034560475,
    "rmse": 187.33600920699882,
    "mape": 9.815611242292416
}