{
    "predictions": [
        15.090282464852764,
        23.261854661221385,
        28.925382431613805,
        32.85064259394344
    ],
    "actual": [
        8.499999999999996,
        7.699999999999998,
        39.699999999999996,
        17.6
    ],
    "mse": 158.56940668417548,
    "rmse": 12.592434501881495,
    "mape": 98.35655411832147
}