{
    "predictions": [
        8485.95124217272,
        7710.936381491698,
        7196.141632082204,
        6733.675114923427
    ],
    "actual": [
        11640.0,
        11862.0,
        11586.0,
        10847.0
    ],
    "mse": 15842412.708055787,
    "rmse": 3980.2528447393624,
    "mape": 34.4754806638495
}