{
    "predictions": [
        343.9231198268441,
        315.9600931705245,
        297.74586714092266,
        289.6044433641488
    ],
    "actual": [
        349.0,
        319.0,
        210.0,
        323.0
    ],
    "mse": 2212.404037288818,
    "rmse": 47.03619922239485,
    "mape": 13.632642546827785
}