{
    "predictions": [
        -16806800.801232927,
        -25013749.155757267,
        -20595122.828333978,
        -22974114.114496373
    ],
    "actual": [
        51692000.00000001,
        -43772000.0,
        -9151000.000000002,
        -34330000.0
    ],
    "mse": 1325970444374274.5,
    "rmse": 36413877.085175574,
    "mape": 83.37628060573505
}