{
    "predictions": [
        143.20823792426464,
        164.86375149287736,
        156.63285509709442,
        135.4455422623724
    ],
    "actual": [
        166.4,
        204.8,
        137.0,
        90.0
    ],
    "mse": 1145.8770209461893,
    "rmse": 33.850805321974086,
    "mape": 24.565769120497574
}