{
    "predictions": [
        200.06795127027576,
        200.44592833747907,
        208.25090059527636,
        215.51793245022156
    ],
    "actual": [
        62.917,
        186.79400000000004,
        212.825,
        212.60100000000003
    ],
    "mse": 4756.547365489167,
    "rmse": 68.9677269850846,
    "mape": 57.20422796862743
}