{
    "predictions": [
        116.86964852392812,
        176.23350213854798,
        192.86500855809786,
        130.95378360336085
    ],
    "actual": [
        102.544,
        232.52100000000002,
        218.72500000000002,
        83.987
    ],
    "mse": 1562.0311351385676,
    "rmse": 39.52253958361694,
    "mape": 26.480572303922965
}