{
    "predictions": [
        83.85324692626213,
        61.36024827311936,
        68.95292653068874,
        96.319220727305
    ],
    "actual": [
        36.9,
        72.4,
        104.5,
        127.40000000000002
    ],
    "mse": 1139.0231968850774,
    "rmse": 33.74941772660792,
    "mape": 50.22635044987695
}