{
    "predictions": [
        42.80479646115711,
        42.74115002093125,
        41.99655423474337,
        40.51457651669919
    ],
    "actual": [
        46.621,
        46.621,
        46.621,
        53.388
    ],
    "mse": 54.1817940315394,
    "rmse": 7.360828352267114,
    "mape": 12.634970946442534
}