{
    "predictions": [
        2786.3046171894644,
        2735.4445540742076,
        2795.510938065203,
        2809.05718983009
    ],
    "actual": [
        2788.0,
        2910.0,
        2837.0,
        2986.0
    ],
    "mse": 15875.644589070176,
    "rmse": 125.99858963127396,
    "mape": 3.361863342912643
}