{
    "predictions": [
        532.6325806077498,
        586.6927897909123,
        608.3636720527251,
        423.32366558632856
    ],
    "actual": [
        671.694,
        526.595,
        660.911,
        254.55400000000003
    ],
    "mse": 13548.5610994149,
    "rmse": 116.39828649690209,
    "mape": 26.591625342727326
}