{
    "predictions": [
        -9.018653786282663,
        41.1027364807465,
        62.47749131500224,
        99.86549347004105
    ],
    "actual": [
        122.624,
        156.893,
        153.21,
        176.871
    ],
    "mse": 11224.8523974905,
    "rmse": 105.94740392048547,
    "mape": 70.97886406309121
}