{
    "predictions": [
        391564685.1055469,
        473217697.4528417,
        373417232.13465,
        488453717.08889663
    ],
    "actual": [
        241500000.0,
        334500000.0,
        292900000.0,
        533700000.0
    ],
    "mse": 1.2573065022585448e+16,
    "rmse": 112129679.49024668,
    "mape": 34.894066323990295
}