{
    "predictions": [
        225.03013246372765,
        212.4802992257882,
        209.7124483565641,
        252.77804608078011
    ],
    "actual": [
        170.3,
        171.0,
        214.4,
        263.4
    ],
    "mse": 1212.700417207502,
    "rmse": 34.82384839743451,
    "mape": 15.653489450042867
}