{
    "predictions": [
        987.1418675644592,
        889.0290135977605,
        972.6988141908569,
        969.3650730699578
    ],
    "actual": [
        979.9,
        977.7999999999998,
        1089.4,
        1080.9
    ],
    "mse": 8497.984841799444,
    "rmse": 92.18451519533768,
    "mape": 7.712205680429815
}