{
    "predictions": [
        52.48041631185608,
        51.285007988840924,
        64.57785139404409,
        103.5771697202571
    ],
    "actual": [
        103.0,
        16.999999999999993,
        70.00000000000001,
        90.99999999999999
    ],
    "mse": 978.8187506238713,
    "rmse": 31.286079182663194,
    "mape": 68.07291232276572
}