{
    "predictions": [
        177.69785780746045,
        177.69785780746045,
        177.69785780746045,
        177.69785780746045
    ],
    "actual": [
        136.2,
        140.6,
        140.6,
        243.3
    ],
    "mse": 2194.553842665874,
    "rmse": 46.846065391512596,
    "mape": 27.550645428423554
}