{
    "predictions": [
        409.58889791895484,
        394.05488556873973,
        515.9181877466073,
        610.5578618088192
    ],
    "actual": [
        367.418,
        670.723,
        438.149,
        441.269
    ],
    "mse": 28257.598867383087,
    "rmse": 168.09996688691848,
    "mape": 27.210112869316085
}