{
    "predictions": [
        69.24870334169532,
        71.5612371296984,
        66.68933214255135,
        68.28947732251352
    ],
    "actual": [
        59.466,
        78.796,
        89.471,
        120.004
    ],
    "mse": 835.3598311471211,
    "rmse": 28.90259211813226,
    "mape": 23.54729575681039
}