{
    "predictions": [
        190.41049200718675,
        190.41049200718675,
        190.41049200718675,
        190.41049200718675
    ],
    "actual": [
        -2267.1,
        115.79999999999998,
        57.19999999999998,
        104.39999999999998
    ],
    "mse": 1517516.8459397687,
    "rmse": 1231.875337012544,
    "mape": 122.02508454712246
}