{
    "predictions": [
        1755.7947726606528,
        1948.9668899767335,
        2062.598220606504,
        1964.085846924157
    ],
    "actual": [
        1771.0,
        1759.0,
        2087.0,
        1812.0
    ],
    "mse": 15011.04247452014,
    "rmse": 122.51955955895426,
    "mape": 5.305190762278321
}