{
    "predictions": [
        1710.4174620368474,
        745.0635547460067,
        1927.252681779238,
        1297.127236052107
    ],
    "actual": [
        1729.0,
        229.0,
        2106.0,
        1611.9999999999998
    ],
    "mse": 99440.59112538412,
    "rmse": 315.34202245400803,
    "mape": 63.61264933095322
}