{
    "predictions": [
        242.37265509802404,
        242.37265509802404,
        242.37265509802404,
        242.37265509802404
    ],
    "actual": [
        268.883,
        254.377,
        250.206,
        253.465
    ],
    "mse": 257.82602278125574,
    "rmse": 16.056961816646876,
    "mape": 5.52139792260759
}