{
    "predictions": [
        44.013993701499345,
        73.27778446506501,
        45.016949871192466,
        84.14500002483467
    ],
    "actual": [
        85.8,
        32.4,
        18.100000000000005,
        79.4
    ],
    "mse": 1041.0252001886538,
    "rmse": 32.26492213207175,
    "mape": 82.38903531643881
}