{
    "predictions": [
        118.02946429996197,
        117.60317799039247,
        107.95354410890326,
        91.0570616430494
    ],
    "actual": [
        85.0,
        113.0,
        113.0,
        121.0
    ],
    "mse": 508.5452585156562,
    "rmse": 22.55094806245751,
    "mape": 18.035980587826742
}