{
    "predictions": [
        2740.4554718190707,
        2799.7069207553445,
        2995.4602411706355,
        2867.9109576050714
    ],
    "actual": [
        3058.0,
        3099.0,
        3105.0,
        3131.0
    ],
    "mse": 67906.41941351813,
    "rmse": 260.588601848811,
    "mape": 7.9930891634083805
}