{
    "predictions": [
        3438.00549574561,
        3438.00549574561,
        3438.00549574561,
        3438.00549574561
    ],
    "actual": [
        2628.9999999999995,
        2968.0,
        2888.0,
        4000.0
    ],
    "mse": 373434.7315850474,
    "rmse": 611.0930629495375,
    "mape": 19.925626167532744
}