{
    "predictions": [
        255.98587335977365,
        233.16188885100064,
        231.05445433741343,
        215.23907535945412
    ],
    "actual": [
        260.0,
        242.0,
        127.0,
        198.0
    ],
    "mse": 2804.6851520179093,
    "rmse": 52.95927824298505,
    "mape": 23.95881295853109
}