{
    "predictions": [
        97.68742850656405,
        93.43590290005532,
        91.49492773594089,
        90.60880239261905
    ],
    "actual": [
        88.99999999999999,
        128.0,
        80.0,
        108.0
    ],
    "mse": 426.18383506613543,
    "rmse": 20.644220379228067,
    "mape": 16.808994225546428
}