{
    "predictions": [
        434.57823553764507,
        667.0809359932528,
        649.1553126952336,
        473.87592169584076
    ],
    "actual": [
        323.5,
        601.7,
        585.0,
        511.6
    ],
    "mse": 5538.012858107978,
    "rmse": 74.41782621192303,
    "mape": 15.885723689611417
}