{
    "predictions": [
        111.21848272989239,
        96.97692455178638,
        82.83478420584078,
        67.98784408698103
    ],
    "actual": [
        158.194,
        171.072,
        149.75,
        144.842
    ],
    "mse": 4520.246703588044,
    "rmse": 67.23277997813301,
    "mape": 42.68809955526993
}