{
    "predictions": [
        188.91466291212453,
        178.5350172183744,
        186.1971271030302,
        180.54106430313234
    ],
    "actual": [
        199.604,
        251.648,
        166.424,
        183.561
    ],
    "mse": 1464.9666864125782,
    "rmse": 38.27488323186079,
    "mape": 11.983828291765013
}