{
    "predictions": [
        40.04389946644745,
        40.39099830966722,
        40.66547721591036,
        40.88252971102549
    ],
    "actual": [
        46.305,
        35.812,
        25.435,
        33.596
    ],
    "mse": 86.30738921630227,
    "rmse": 9.290177028254213,
    "mape": 26.969081636722308
}