{
    "predictions": [
        131.81924318057727,
        130.35734127817798,
        134.6398492258222,
        123.11475950381721
    ],
    "actual": [
        100.28499999999998,
        95.07799999999999,
        36.122,
        65.175
    ],
    "mse": 3825.4556903589873,
    "rmse": 61.85026831274855,
    "mape": 107.54636915633351
}