{
    "predictions": [
        75.81617046000399,
        76.68785847262919,
        85.04220964940501,
        64.85220349783779
    ],
    "actual": [
        104.871,
        65.212,
        86.656,
        104.64300000000001
    ],
    "mse": 640.4475632135496,
    "rmse": 25.307065480089737,
    "mape": 21.297663217955375
}