{
    "predictions": [
        1274959505.1984963,
        1274959505.1984963,
        1274959505.1984963,
        1274959505.1984963
    ],
    "actual": [
        530500000.0,
        1034000000.0,
        540300000.0,
        1209300000.0
    ],
    "mse": 2.8907929930682624e+17,
    "rmse": 537660952.0011903,
    "mape": 76.25933977308179
}