{
    "predictions": [
        60.0869865784185,
        1.351763313505661,
        2.408876065893346,
        28.719059557507574
    ],
    "actual": [
        84.40099999999998,
        14.565,
        14.565,
        62.391999999999996
    ],
    "mse": 511.8497848857917,
    "rmse": 22.624097438036983,
    "mape": 64.2394989367303
}