{
    "predictions": [
        11841.812145180367,
        11841.812145180367,
        11841.812145180367,
        11841.812145180367
    ],
    "actual": [
        12155.0,
        12215.0,
        10432.0,
        11259.0
    ],
    "mse": 641149.0221648032,
    "rmse": 800.7178168148897,
    "mape": 6.080623197612603
}