{
    "predictions": [
        -96511.16437126158,
        69450286.21943113,
        77515261.32248001,
        79655052.87545654
    ],
    "actual": [
        -135000000.0,
        62999999.99999997,
        27999999.99999999,
        8000000.000000016
    ],
    "mse": 6456691299688788.0,
    "rmse": 80353539.43473049,
    "mape": 295.67385993883215
}