{
    "predictions": [
        539.0,
        539.0,
        539.0,
        539.0
    ],
    "actual": [
        522.0,
        540.0,
        553.0,
        483.0
    ],
    "mse": 905.5,
    "rmse": 30.091527046662154,
    "mape": 4.391934658549769
}