{
    "predictions": [
        1108.6113092606195,
        791.8332467567611,
        980.6400692668667,
        1032.2248450936931
    ],
    "actual": [
        1044.0,
        879.0,
        3063.0,
        794.0
    ],
    "mse": 1101186.6555245381,
    "rmse": 1049.3744115064642,
    "mape": 28.52321509255953
}