{
    "predictions": [
        393.1210016135063,
        436.96480415269804,
        433.62139084821257,
        406.30052874063296
    ],
    "actual": [
        286.9,
        465.5,
        385.2,
        355.9
    ],
    "mse": 4245.50074370778,
    "rmse": 65.15750719378221,
    "mape": 17.47139910061281
}