{
    "predictions": [
        131.7951515853042,
        151.6808185036616,
        172.46568582696185,
        160.26577326309175
    ],
    "actual": [
        147.99999999999997,
        196.0,
        252.0,
        233.00000000000003
    ],
    "mse": 3460.6904576600427,
    "rmse": 58.827633452825914,
    "mape": 24.084672825919164
}