{
    "predictions": [
        678946309.2313029,
        703109894.8419076,
        635461609.289816,
        681897132.1240202
    ],
    "actual": [
        667182000.0,
        620921000.0,
        741906000.0,
        805567000.0
    ],
    "mse": 8379514485287116.0,
    "rmse": 91539688.03359075,
    "mape": 11.174805049571452
}