{
    "predictions": [
        135.55169593681987,
        139.81652080274228,
        138.9285136741097,
        137.38723461285352
    ],
    "actual": [
        127.052,
        146.829,
        130.559,
        139.556
    ],
    "mse": 49.0429994889896,
    "rmse": 7.003070718548371,
    "mape": 4.857613341587054
}