{
    "predictions": [
        52.70220885417403,
        63.68244255081029,
        60.329168513573514,
        61.08312756947742
    ],
    "actual": [
        49.8,
        58.00000000000001,
        28.7,
        14.4
    ],
    "mse": 805.1079175261596,
    "rmse": 28.374423650995265,
    "mape": 112.50489783324123
}