{
    "predictions": [
        435.9801058789133,
        468.5339064952713,
        478.82472845087966,
        482.07783606095745
    ],
    "actual": [
        2.000000000000017,
        211.0,
        350.0,
        334.0
    ],
    "mse": 73296.32537158165,
    "rmse": 270.7329410536916,
    "mape": 5475.55025619838
}