{
    "predictions": [
        1559.5039996463015,
        1683.7482041006276,
        1714.9765647758595,
        1676.0677755651407
    ],
    "actual": [
        1513.0000000000002,
        1573.0,
        1683.9999999999998,
        1705.9999999999998
    ],
    "mse": 4070.818079887318,
    "rmse": 63.80296293972027,
    "mape": 3.4270477622302544
}