{
    "predictions": [
        9622.317237389661,
        10554.958432800882,
        9532.470151371854,
        10387.701980787268
    ],
    "actual": [
        9969.0,
        11151.0,
        9968.0,
        11233.000000000002
    ],
    "mse": 344917.3695128362,
    "rmse": 587.2966622694498,
    "mape": 5.179301191507958
}