{
    "predictions": [
        70.53997995533389,
        84.31073102715368,
        78.51648584548363,
        73.35071524997008
    ],
    "actual": [
        42.434,
        57.639,
        -419.382,
        20.177
    ],
    "mse": 63057.91838648615,
    "rmse": 251.1133576424921,
    "mape": 123.69164072863525
}