{
    "predictions": [
        27.899136025960285,
        50.33139540771157,
        53.8975751982446,
        40.71002230980792
    ],
    "actual": [
        19.926999999999992,
        18.212999999999997,
        8.289000000000003,
        18.068000000000005
    ],
    "mse": 921.9873955685734,
    "rmse": 30.364245348247557,
    "mape": 222.97529156574507
}