{
    "predictions": [
        211.41065860854314,
        360.8679916956271,
        460.80499144374943,
        461.66812332640154
    ],
    "actual": [
        326.0,
        399.0,
        207.0,
        294.0
    ],
    "mse": 26778.585119852934,
    "rmse": 163.64163626611943,
    "mape": 56.08701998284504
}