{
    "predictions": [
        17167.0,
        17167.0,
        17167.0,
        17167.0
    ],
    "actual": [
        17402.0,
        19723.0,
        18010.0,
        15568.0
    ],
    "mse": 2463952.75,
    "rmse": 1569.6982990371112,
    "mape": 7.31542754973164
}