{
    "predictions": [
        123.76302902200626,
        145.93894785839547,
        125.64881438071659,
        144.21352502830746
    ],
    "actual": [
        -65.00000000000001,
        114.99999999999999,
        129.0,
        144.0
    ],
    "mse": 9149.993914534974,
    "rmse": 95.65560053930442,
    "mape": 80.0135481333449
}