{
    "predictions": [
        640.531563756981,
        612.7042139871074,
        668.022900621956,
        696.4814795177863
    ],
    "actual": [
        535.0,
        649.0,
        661.0,
        728.0
    ],
    "mse": 3374.2583244552557,
    "rmse": 58.08836651563939,
    "mape": 7.67750753104808
}