{
    "predictions": [
        79802092.7569226,
        92536308.45115285,
        95846092.43577655,
        140397661.71987745
    ],
    "actual": [
        69725000.0,
        89028000.0,
        19414000.000000004,
        140931000.0
    ],
    "mse": 1489001307613046.5,
    "rmse": 38587579.7065979,
    "mape": 103.1168729212105
}