{
    "predictions": [
        931.9279664847887,
        976.6233080455794,
        968.5557302862778,
        946.69288619207
    ],
    "actual": [
        931.0,
        966.0,
        1039.0,
        822.0
    ],
    "mse": 5156.106699509079,
    "rmse": 71.80603525825025,
    "mape": 5.787213270084963
}