{
    "predictions": [
        445.29460386454224,
        466.95876660716283,
        499.62486859527394,
        467.8697913933985
    ],
    "actual": [
        431.0,
        469.00000000000006,
        504.0,
        484.0
    ],
    "mse": 121.95693447733038,
    "rmse": 11.043411360504976,
    "mape": 1.9881534457028296
}