{
    "predictions": [
        877.6205520916427,
        1568.665908073168,
        725.7290144716311,
        990.0462998533658
    ],
    "actual": [
        84.0,
        1514.0,
        223.99999999999977,
        1735.0
    ],
    "mse": 359877.4903831359,
    "rmse": 599.8978999655991,
    "mape": 303.8300113653468
}