{
    "predictions": [
        33766.60157263557,
        25325.26517153455,
        29924.73599062647,
        45352.189365485814
    ],
    "actual": [
        30736.0,
        28202.0,
        32502.0,
        45912.0
    ],
    "mse": 6103956.721473659,
    "rmse": 2470.6186920432824,
    "mape": 7.302358822988074
}