{
    "predictions": [
        2226.4008930567716,
        2298.6397819794965,
        2753.395912128994,
        2601.696868867608
    ],
    "actual": [
        2382.0,
        2552.0,
        2399.0,
        2664.0
    ],
    "mse": 54470.15620989225,
    "rmse": 233.38842347017183,
    "mape": 8.39288856205362
}