{
    "predictions": [
        162.69786978519565,
        171.73282677233658,
        171.58583403802396,
        168.83042116828014
    ],
    "actual": [
        162.405,
        171.685,
        166.132,
        143.003
    ],
    "mse": 174.22201250731678,
    "rmse": 13.199318637994795,
    "mape": 5.38794420011403
}