{
    "predictions": [
        173769046.7238212,
        21943707.188081503,
        62789816.64940391,
        106762799.14234716
    ],
    "actual": [
        201251000.00000003,
        41721000.0,
        88827000.0,
        159487000.0
    ],
    "mse": 1151043834938279.8,
    "rmse": 33927036.93130716,
    "mape": 30.85752727360516
}