{
    "predictions": [
        251.56800000000004,
        251.56800000000004,
        251.56800000000004,
        251.56800000000004
    ],
    "actual": [
        262.712,
        290.602,
        294.367,
        268.845
    ],
    "mse": 944.5227554999979,
    "rmse": 30.733088935217655,
    "mape": 9.659934332923484
}