{
    "predictions": [
        1980.66011251924,
        1963.5459131340758,
        1987.8991891782687,
        2000.7324919887885
    ],
    "actual": [
        2119.0,
        2099.0,
        2205.0,
        2175.0
    ],
    "mse": 28746.91513119037,
    "rmse": 169.54915255226246,
    "mape": 7.7099886175359895
}