{
    "predictions": [
        157.81564266052797,
        127.95666731255172,
        177.88703189244538,
        155.756012548153
    ],
    "actual": [
        127.372,
        141.084,
        134.345,
        140.463
    ],
    "mse": 807.2317540123908,
    "rmse": 28.411824193676665,
    "mape": 19.126041447733964
}