{
    "predictions": [
        1186.903311804089,
        1175.0816800327498,
        1183.0555876469748,
        1137.8438106525418
    ],
    "actual": [
        1331.0,
        1069.0,
        748.0,
        679.0
    ],
    "mse": 107957.04632615013,
    "rmse": 328.5681760702794,
    "mape": 36.62214179575622
}