{
    "predictions": [
        1568.136901279299,
        1249.101190915105,
        1370.7129783058979,
        1446.1252703884118
    ],
    "actual": [
        1753.6,
        1327.2,
        1410.6,
        1450.9
    ],
    "mse": 10527.439377513212,
    "rmse": 102.603310753178,
    "mape": 4.904341245862284
}