{
    "predictions": [
        38.608892138637884,
        36.199273116811526,
        35.45403072848034,
        35.22354357995815
    ],
    "actual": [
        41.99999999999999,
        47.6,
        55.29999999999999,
        10.400000000000007
    ],
    "mse": 287.8867495461579,
    "rmse": 16.967225746896805,
    "mape": 76.65023024321223
}