{
    "predictions": [
        316.2155009375551,
        301.63606374179176,
        303.86347433546354,
        297.42348192101474
    ],
    "actual": [
        351.263,
        330.265,
        244.318,
        330.123
    ],
    "mse": 1665.7162945604637,
    "rmse": 40.81318775298572,
    "mape": 13.230853189307886
}