{
    "predictions": [
        -44.42665935101621,
        367.68594517191326,
        336.5080831008961,
        165.17323888306998
    ],
    "actual": [
        -22.999999999999986,
        474.0,
        553.9999999999999,
        353.99999999999994
    ],
    "mse": 23680.01490382268,
    "rmse": 153.88312091916606,
    "mape": 52.04696892476797
}