{
    "predictions": [
        2060.410516213404,
        2015.462949966229,
        2060.8046305325474,
        2051.9841833458217
    ],
    "actual": [
        2008.0,
        2037.0,
        2156.0,
        2279.9999999999995
    ],
    "mse": 16066.019436607272,
    "rmse": 126.75180249845472,
    "mape": 4.520860352960229
}