{
    "predictions": [
        84.16619235508507,
        119.97359953443156,
        135.99938321213477,
        99.87111656029327
    ],
    "actual": [
        87.987,
        87.987,
        87.987,
        114.111
    ],
    "mse": 886.4260857302133,
    "rmse": 29.77290858700596,
    "mape": 26.935702529540855
}