{
    "predictions": [
        1164.896278657605,
        1172.9582910021497,
        1170.8686361236194,
        1171.4102698156494
    ],
    "actual": [
        899.0000000000001,
        1119.0,
        1522.0,
        1878.0000000000002
    ],
    "mse": 174043.6524178791,
    "rmse": 417.18539334195185,
    "mape": 23.773470553493127
}