{
    "predictions": [
        220.0370024906038,
        224.50146667194394,
        228.79056280795209,
        232.91117950834138
    ],
    "actual": [
        282.398,
        264.815,
        250.942,
        233.809
    ],
    "mse": 1501.3918077669232,
    "rmse": 38.747797456977125,
    "mape": 11.62931380423863
}