{
    "predictions": [
        230.47828029962506,
        246.6225160342903,
        317.6588569729629,
        314.06245127935375
    ],
    "actual": [
        233.34599999999998,
        247.324,
        300.367,
        283.628
    ],
    "mse": 308.4950095707073,
    "rmse": 17.56402600688997,
    "mape": 4.499976671931349
}