{
    "predictions": [
        439.8761920264977,
        452.5260393822933,
        413.5081671892967,
        376.3130520272582
    ],
    "actual": [
        405.6,
        334.8,
        414.1,
        423.5
    ],
    "mse": 4315.309003384168,
    "rmse": 65.69101158746277,
    "mape": 13.724722154494708
}