{
    "predictions": [
        9.295772340982065,
        7.989812360843827,
        6.2753918258618056,
        11.614830296499978
    ],
    "actual": [
        2.387,
        6.716999999999999,
        13.41,
        23.975
    ],
    "mse": 63.256903865808766,
    "rmse": 7.953420890774533,
    "mape": 103.28511183435924
}