{
    "predictions": [
        -176.63239628908212,
        -145.13277225291654,
        -18.870768936628867,
        42.97471531279048
    ],
    "actual": [
        262.337,
        130.20799999999994,
        174.93499999999995,
        282.874
    ],
    "mse": 90904.75365244661,
    "rmse": 301.50415196551876,
    "mape": 143.59693068942067
}