{
    "predictions": [
        503.5934500521599,
        519.5069104675977,
        534.0353901258537,
        548.4622585718574
    ],
    "actual": [
        547.544,
        430.558,
        551.151,
        547.837
    ],
    "mse": 2534.2236409339866,
    "rmse": 50.341073100739386,
    "mape": 7.9763499000885485
}