{
    "predictions": [
        322881753.1796057,
        322081050.4041017,
        336862766.5570367,
        286633427.49538195
    ],
    "actual": [
        268204000.0,
        269811000.0,
        361155000.0,
        342288000.0
    ],
    "mse": 2352339727084108.0,
    "rmse": 48500925.012664534,
    "mape": 15.686326128811464
}