{
    "predictions": [
        327.5107803559089,
        337.5641746329604,
        314.83860574778197,
        360.72398752459077
    ],
    "actual": [
        226.465,
        247.314,
        219.634,
        306.143
    ],
    "mse": 7599.586225941141,
    "rmse": 87.17560568152733,
    "mape": 35.57159659945723
}