{
    "predictions": [
        102.26464607585795,
        117.98643130716329,
        127.5523708934728,
        122.21650971766701
    ],
    "actual": [
        95.4,
        104.89999999999999,
        102.29999999999998,
        99.99999999999999
    ],
    "mse": 337.4083974701505,
    "rmse": 18.368679796603523,
    "mape": 16.64298225866578
}