{
    "predictions": [
        86861748.39262249,
        90800149.60246278,
        78829818.03546268,
        85792946.79365376
    ],
    "actual": [
        88984000.0,
        90853999.99999999,
        90308000.0,
        124029000.0
    ],
    "mse": 399562819439975.5,
    "rmse": 19989067.498009395,
    "mape": 11.495652088418447
}