{
    "predictions": [
        447.55364691736395,
        444.7249402728907,
        448.18600388828787,
        452.13070689738487
    ],
    "actual": [
        438.584,
        440.57,
        517.946,
        641.192
    ],
    "mse": 10177.086925408128,
    "rmse": 100.88154898398481,
    "mape": 11.485678736854274
}