{
    "predictions": [
        6030.966617346786,
        6050.657612742655,
        6062.499883210484,
        6252.263230567982
    ],
    "actual": [
        5839.999999999999,
        6673.0,
        6673.0,
        7606.999999999999
    ],
    "mse": 657950.1007422892,
    "rmse": 811.1412335359911,
    "mape": 9.888535815220267
}