{
    "predictions": [
        260.4201334834484,
        259.33562526432377,
        231.65330933832828,
        232.36442909443062
    ],
    "actual": [
        210.84400000000005,
        201.76200000000003,
        188.459,
        176.15
    ],
    "mse": 2699.5814337183565,
    "rmse": 51.957496415034825,
    "mape": 26.720288474899245
}