{
    "predictions": [
        202.82349976855642,
        191.59142249306254,
        198.27529336267108,
        194.29792313044598
    ],
    "actual": [
        181.00000000000003,
        274.0,
        278.0,
        264.0
    ],
    "mse": 4620.461789300619,
    "rmse": 67.97397876614711,
    "mape": 24.303389810657794
}