{
    "predictions": [
        892.3256861152455,
        1112.1161222309722,
        1463.3660580997669,
        1085.9227550465657
    ],
    "actual": [
        868.21,
        1029.4050000000002,
        1472.02,
        974.3220000000001
    ],
    "mse": 4988.078823722997,
    "rmse": 70.626332367772,
    "mape": 5.713643102055096
}