{
    "predictions": [
        76.65101064472611,
        84.52691351603475,
        85.31049101872283,
        82.80819455771662
    ],
    "actual": [
        69.455,
        90.07200000000002,
        88.07300000000001,
        84.317
    ],
    "mse": 23.109625761991705,
    "rmse": 4.807247212489878,
    "mape": 5.360754851684614
}