{
    "predictions": [
        269.5487860929047,
        310.5283825114663,
        319.65195559534817,
        279.40342585125336
    ],
    "actual": [
        308.179,
        303.83,
        603.785,
        331.721
    ],
    "mse": 21251.469310560824,
    "rmse": 145.77883697766566,
    "mape": 19.392461377967656
}