{
    "predictions": [
        555957802.4564564,
        534194066.7784059,
        474399945.1788928,
        579582336.7432977
    ],
    "actual": [
        254000000.0,
        287000000.0,
        287000000.0,
        749000000.0
    ],
    "mse": 5.402612629779819e+16,
    "rmse": 232435208.81699097,
    "mape": 73.23167256670658
}