{
    "predictions": [
        736.3053213243755,
        643.0569226301402,
        663.253779081229,
        605.1966679880487
    ],
    "actual": [
        546.0,
        593.9999999999999,
        593.9999999999999,
        559.0
    ],
    "mse": 11388.228758135774,
    "rmse": 106.71564439263707,
    "mape": 15.759060859131846
}