{
    "predictions": [
        355.8583994398003,
        335.8359596269828,
        284.829219748909,
        342.24846162179756
    ],
    "actual": [
        213.40000000000003,
        185.0,
        235.50000000000003,
        198.1
    ],
    "mse": 16564.508299127367,
    "rmse": 128.70317905602553,
    "mape": 60.5003894234734
}