{
    "predictions": [
        128.6506099266439,
        79.61535040324323,
        132.8800419370979,
        135.31850403638518
    ],
    "actual": [
        161.074,
        179.644,
        192.107,
        164.62
    ],
    "mse": 3855.854297772564,
    "rmse": 62.09552558576635,
    "mape": 31.110191267436356
}