{
    "predictions": [
        89.6869479414582,
        88.39101829430227,
        96.24099040408534,
        81.47397783561755
    ],
    "actual": [
        84.517,
        99.184,
        112.244,
        113.834
    ],
    "mse": 361.6210416057936,
    "rmse": 19.01633617723965,
    "mape": 14.920886835426142
}