{
    "predictions": [
        1249.9711769281496,
        1176.4394808142,
        1179.0387948291313,
        1179.0387948291313
    ],
    "actual": [
        1329.0,
        1205.0,
        1757.0,
        1254.0
    ],
    "mse": 86679.89877387906,
    "rmse": 294.4145016365177,
    "mape": 11.797299604959338
}