{
    "predictions": [
        174.32447487405335,
        240.13086245456063,
        314.37503365929666,
        225.50800974783792
    ],
    "actual": [
        89.3,
        265.2,
        316.3,
        237.8
    ],
    "mse": 2003.105376163194,
    "rmse": 44.756065244424626,
    "mape": 27.61068246216548
}