{
    "predictions": [
        82.54090925534722,
        85.25911816817374,
        95.54789356647166,
        103.36103722662612
    ],
    "actual": [
        67.57,
        94.525,
        111.898,
        101.678
    ],
    "mse": 145.03582118678085,
    "rmse": 12.04308188076378,
    "mape": 12.056399754445128
}