{
    "predictions": [
        84.55419294818361,
        103.09477496073598,
        110.98570231847239,
        105.72939463724434
    ],
    "actual": [
        81.537,
        80.04,
        58.964,
        69.73300000000002
    ],
    "mse": 1135.6560101921837,
    "rmse": 33.69949569640744,
    "mape": 43.08774731616337
}