{
    "predictions": [
        548.9099038651982,
        542.9694402403169,
        432.2345920492117,
        510.4770766670265
    ],
    "actual": [
        681.5000000000001,
        918.9000000000002,
        762.0000000000002,
        535.5
    ],
    "mse": 67068.82258183567,
    "rmse": 258.97649040373466,
    "mape": 27.07891860175714
}