{
    "predictions": [
        144.0821113057458,
        128.80919862963736,
        130.94633679731612,
        138.35209575632024
    ],
    "actual": [
        540.455,
        -2737.617,
        106.86099999999999,
        126.10699999999999
    ],
    "mse": 2093560.166225226,
    "rmse": 1446.9140148001975,
    "mape": 52.57369313250357
}