{
    "predictions": [
        2677826816.087252,
        3773888565.3784795,
        5058601674.541641,
        5080666844.841013
    ],
    "actual": [
        1333000000.0,
        2367000000.0,
        3364000000.0,
        1920000000.0
    ],
    "mse": 4.162346085024168e+18,
    "rmse": 2040182855.7813556,
    "mape": 93.82938148866577
}