{
    "predictions": [
        410.4498375892536,
        664.9546212081735,
        910.2911777483976,
        820.8613645550206
    ],
    "actual": [
        513.9779999999998,
        632.838,
        569.7279999999998,
        440.63400000000007
    ],
    "mse": 68076.4211411296,
    "rmse": 260.91458591104026,
    "mape": 42.821241530642276
}