{
    "predictions": [
        164.81742850958867,
        117.48260466412172,
        87.29497437285495,
        100.05845167333554
    ],
    "actual": [
        -9.422,
        95.656,
        83.753,
        18.190000000000005
    ],
    "mse": 9387.69202008979,
    "rmse": 96.8901027973951,
    "mape": 581.6009164368168
}