{
    "predictions": [
        399.3362690237941,
        551.7935134482636,
        274.30964722408635,
        251.71597577607778
    ],
    "actual": [
        425.2,
        566.0,
        212.7,
        338.0
    ],
    "mse": 3027.859576876246,
    "rmse": 55.02599001268624,
    "mape": 15.771508145099144
}