{
    "predictions": [
        992.9161086799004,
        923.6828598618708,
        993.6132484760981,
        938.1084451718316
    ],
    "actual": [
        981.0,
        807.9999999999999,
        1146.0,
        1251.0
    ],
    "mse": 33661.84120867215,
    "rmse": 183.47163597862246,
    "mape": 13.46011604872605
}