{
    "predictions": [
        277.72220383778955,
        306.0124010431177,
        290.52537726593886,
        299.00350499810367
    ],
    "actual": [
        160.3,
        343.8,
        208.7,
        129.6
    ],
    "mse": 12652.204114851333,
    "rmse": 112.48201685092303,
    "mape": 63.54061139973464
}