{
    "predictions": [
        280.9877679022641,
        277.8977375295086,
        288.5859117412712,
        294.6492031651124
    ],
    "actual": [
        326.554,
        282.694,
        293.136,
        290.329
    ],
    "mse": 534.6632749551616,
    "rmse": 23.12278692016085,
    "mape": 4.6726334500092985
}