{
    "predictions": [
        43001609.29510747,
        51565622.231888324,
        59270000.99249454,
        74555977.458569
    ],
    "actual": [
        22498000.0,
        22498000.0,
        22498000.0,
        65210999.99999999
    ],
    "mse": 676208329258842.0,
    "rmse": 26004006.023281142,
    "mape": 99.5280459595906
}