{
    "predictions": [
        217609938.11256987,
        227596949.3733215,
        228446141.35938063,
        237346656.72297367
    ],
    "actual": [
        198388000.0,
        194810000.0,
        200716000.0,
        198623000.0
    ],
    "mse": 928237320955537.5,
    "rmse": 30466987.395466875,
    "mape": 14.957737822097586
}