{
    "predictions": [
        547.6003928534961,
        572.4318860200417,
        538.2446533575636,
        624.4480819514164
    ],
    "actual": [
        582.3,
        564.8,
        515.9,
        597.2
    ],
    "mse": 626.0124810113468,
    "rmse": 25.02024142592047,
    "mape": 4.051038151161519
}