{
    "predictions": [
        757699528.5479431,
        741237142.4382247,
        748205774.0922297,
        741889038.420277
    ],
    "actual": [
        551000000.0,
        578000000.0,
        755000000.0,
        758000000.0
    ],
    "mse": 1.7419196090512082e+16,
    "rmse": 131981802.11874697,
    "mape": 17.195150085323593
}