{
    "predictions": [
        455.4553659639154,
        516.602900299957,
        533.1300439598263,
        473.01423780989944
    ],
    "actual": [
        362.0,
        492.0,
        545.0,
        502.99999999999994
    ],
    "mse": 2594.812480283976,
    "rmse": 50.93930192183611,
    "mape": 9.739086661995158
}