{
    "predictions": [
        194.60185893936494,
        111.34941300149512,
        151.901559085475,
        142.58011131913614
    ],
    "actual": [
        128.398,
        128.398,
        128.398,
        132.28
    ],
    "mse": 1333.0287099949828,
    "rmse": 36.51066570188748,
    "mape": 22.73279969766708
}