{
    "predictions": [
        94793281.34266153,
        101963051.10566987,
        102663546.771842,
        108304134.7183376
    ],
    "actual": [
        99425000.0,
        115615000.0,
        136915000.0,
        153919000.0
    ],
    "mse": 865426627309761.0,
    "rmse": 29418134.327481765,
    "mape": 17.77970729724654
}