{
    "predictions": [
        539064813.3575989,
        581321725.77848,
        604390353.9533677,
        623814747.4413593
    ],
    "actual": [
        395200000.0,
        501400000.0,
        562700000.0,
        485300000.0
    ],
    "mse": 1.2002246911331992e+16,
    "rmse": 109554766.72117919,
    "mape": 22.0734561975868
}