{
    "predictions": [
        25.29042955044882,
        19.79956622800943,
        44.71040868490329,
        24.395238913444512
    ],
    "actual": [
        22.4,
        29.899999999999995,
        89.6,
        69.9
    ],
    "mse": 1049.033008837344,
    "rmse": 32.388779057527685,
    "mape": 40.471052470513854
}