{
    "predictions": [
        122.93464906227756,
        108.9992183149971,
        137.28917073468452,
        146.2967266919653
    ],
    "actual": [
        117.751,
        78.352,
        158.02199999999996,
        176.486
    ],
    "mse": 576.8411600649703,
    "rmse": 24.017517774844475,
    "mape": 18.435744452373793
}