{
    "predictions": [
        5316.412495413646,
        5503.292342680673,
        5467.734144287097,
        5624.166202617604
    ],
    "actual": [
        5232.0,
        5348.0,
        5336.0,
        5488.0
    ],
    "mse": 16784.075145890547,
    "rmse": 129.55336794499226,
    "mape": 2.36676954908675
}