{
    "predictions": [
        194638915.31061637,
        194322869.32931802,
        194762914.1066132,
        195073745.47718468
    ],
    "actual": [
        213271000.0,
        158883000.0,
        179390000.0,
        207239000.0
    ],
    "mse": 496864705921421.2,
    "rmse": 22290462.218658034,
    "mape": 11.370421985817488
}