{
    "predictions": [
        129.65784216059978,
        143.20696891450856,
        165.55677547935528,
        167.730101063837
    ],
    "actual": [
        45.608,
        61.034,
        61.034,
        103.364
    ],
    "mse": 7221.194586878581,
    "rmse": 84.97761226863568,
    "mape": 138.1117238071125
}