{
    "predictions": [
        1111.5965078802371,
        1162.923759541136,
        1172.7147143882187,
        1188.7997229318514
    ],
    "actual": [
        1197.0,
        1249.0,
        1215.0,
        1218.0
    ],
    "mse": 4335.894299477286,
    "rmse": 65.8475079215401,
    "mape": 4.97601827518855
}