{
    "predictions": [
        240.3605078222991,
        271.28891522197574,
        262.5570382283257,
        255.5921316884415
    ],
    "actual": [
        222.91299999999998,
        320.182,
        292.359,
        246.60100000000003
    ],
    "mse": 915.9866606998719,
    "rmse": 30.265271528599772,
    "mape": 9.234273708969756
}