{
    "predictions": [
        56.1059902946933,
        36.061439926518055,
        56.35035833854866,
        47.75048325568957
    ],
    "actual": [
        79.1,
        62.900000000000006,
        62.900000000000006,
        26.5
    ],
    "mse": 435.87840840985,
    "rmse": 20.87770122426916,
    "mape": 40.585362290836294
}