{
    "predictions": [
        284.78420637586856,
        328.2658508642177,
        320.55010857544147,
        319.6093211148594
    ],
    "actual": [
        197.1,
        243.262,
        227.972,
        200.459
    ],
    "mse": 9420.419979673105,
    "rmse": 97.05884802362485,
    "mape": 44.869667376551185
}