{
    "predictions": [
        38.889840688552155,
        38.889840688552155,
        38.889840688552155,
        38.889840688552155
    ],
    "actual": [
        35.368,
        32.125,
        62.35199999999999,
        25.789
    ],
    "mse": 195.06784441990357,
    "rmse": 13.966669052422755,
    "mape": 29.861061060507303
}