{
    "predictions": [
        70.01747843013517,
        75.4509413926164,
        30.93257235901364,
        41.13132823910732
    ],
    "actual": [
        47.5,
        47.5,
        34.4,
        13.799999999999999
    ],
    "mse": 511.8291293360952,
    "rmse": 22.623640938984494,
    "mape": 78.59553489660891
}