{
    "predictions": [
        350.6004937618828,
        341.19483346573753,
        312.0810153278199,
        323.41402112783555
    ],
    "actual": [
        304.1,
        246.2,
        243.4,
        273.3
    ],
    "mse": 4603.702821335871,
    "rmse": 67.85059190114609,
    "mape": 25.10739493427312
}