{
    "predictions": [
        2489.4012010199403,
        3173.486402791696,
        2912.155189691937,
        2589.346333426602
    ],
    "actual": [
        2713.0,
        2713.0,
        3748.0,
        2744.0
    ],
    "mse": 246149.61339121978,
    "rmse": 496.1346726355857,
    "mape": 13.288059605254531
}