{
    "predictions": [
        233.95024810479924,
        196.5158475045476,
        290.068361411573,
        252.453747440009
    ],
    "actual": [
        166.59999999999997,
        61.4,
        343.1,
        376.50000000000006
    ],
    "mse": 10248.0439080502,
    "rmse": 101.23262274608022,
    "mape": 77.22213190118259
}