{
    "predictions": [
        272.26520712250294,
        279.37710667567166,
        261.2773254398142,
        256.59208002601406
    ],
    "actual": [
        236.335,
        217.47999999999996,
        76.81900000000002,
        146.105
    ],
    "mse": 12838.62506885517,
    "rmse": 113.30765670887017,
    "mape": 89.85163586919103
}