{
    "predictions": [
        2957.924576799967,
        3204.5572666551116,
        3453.623776699618,
        3533.3232816953446
    ],
    "actual": [
        2596.0,
        2789.0,
        2763.0,
        2995.0
    ],
    "mse": 267607.59942994785,
    "rmse": 517.3080314763612,
    "mape": 17.952747162224803
}