{
    "predictions": [
        199.58655364735924,
        310.4472175150835,
        297.37516768941066,
        247.2806515666982
    ],
    "actual": [
        240.75300000000001,
        343.12999999999994,
        288.01400000000007,
        217.865
    ],
    "mse": 928.9381484659677,
    "rmse": 30.478486649864486,
    "mape": 10.843990633959946
}