{
    "predictions": [
        108.03354486969793,
        110.84134394825979,
        105.93894882333097,
        98.04301147895207
    ],
    "actual": [
        60.8,
        143.9,
        151.2,
        155.5
    ],
    "mse": 2168.437696107478,
    "rmse": 46.56648683449803,
    "mape": 41.88612367177493
}