{
    "predictions": [
        111.14893459940089,
        110.93734430985685,
        112.71212571542121,
        116.0131542995696
    ],
    "actual": [
        -14.599999999999998,
        22.7,
        59.2,
        96.5
    ],
    "mse": 6710.733568260621,
    "rmse": 81.91906718377976,
    "mape": 340.1544575042547
}