{
    "predictions": [
        25.919749977943603,
        26.85885605987126,
        26.85885605987126,
        22.95015517608033
    ],
    "actual": [
        27.607,
        25.965,
        25.965,
        21.295
    ],
    "mse": 1.7960771513429907,
    "rmse": 1.3401780297195558,
    "mape": 5.192316248188382
}