{
    "predictions": [
        225.12805473608717,
        178.77045236558502,
        191.9698048151589,
        170.0425710040816
    ],
    "actual": [
        203.0,
        104.0,
        51.00000000000001,
        57.0
    ],
    "mse": 9682.845020548579,
    "rmse": 98.40144826448734,
    "mape": 139.38171682705874
}