{
    "predictions": [
        72.03124461940146,
        102.38559212024121,
        111.63678965653475,
        105.1943725714295
    ],
    "actual": [
        85.818,
        59.386,
        76.834,
        79.578
    ],
    "mse": 976.6180645067149,
    "rmse": 31.25088901946175,
    "mape": 41.48960232410841
}