{
    "predictions": [
        1482.4018344418048,
        1826.6992547745633,
        1605.7151792369086,
        1379.8691212925846
    ],
    "actual": [
        1229.0000000000002,
        2886.9999999999995,
        2040.0,
        2351.9999999999995
    ],
    "mse": 580522.977726442,
    "rmse": 761.9205849210547,
    "mape": 29.991459180618417
}