{
    "predictions": [
        197.48329964122186,
        190.07178562749388,
        187.39442820572972,
        186.42725162742218
    ],
    "actual": [
        141.00000000000003,
        180.0,
        218.0,
        194.0
    ],
    "mse": 1071.462886713714,
    "rmse": 32.733207705840776,
    "mape": 15.89931146966356
}