{
    "predictions": [
        310.40320189239713,
        321.97373928835765,
        315.1182105894111,
        318.84837394915553
    ],
    "actual": [
        275.88,
        275.969,
        197.855,
        226.248
    ],
    "mse": 6408.444329788248,
    "rmse": 80.05275966378828,
    "mape": 32.34501346528308
}