{
    "predictions": [
        723.2535173128922,
        719.3314465570954,
        692.2848579709708,
        737.9543173985275
    ],
    "actual": [
        654.0,
        693.0,
        838.0,
        550.0
    ],
    "mse": 15512.280695820693,
    "rmse": 124.54830667584643,
    "mape": 16.48770209809737
}