{
    "predictions": [
        4124.599690327475,
        4111.145163811194,
        4071.7988208524803,
        3861.035019598716
    ],
    "actual": [
        4478.0,
        3747.9999999999995,
        2937.0,
        2273.0
    ],
    "mse": 1016597.4440390425,
    "rmse": 1008.2645704571011,
    "mape": 31.521036105202484
}