{
    "predictions": [
        756.123193734724,
        664.9545303780427,
        683.209611477106,
        694.7034692788473
    ],
    "actual": [
        778.39,
        788.755,
        788.755,
        570.816
    ],
    "mse": 10577.575255659614,
    "rmse": 102.84733956529753,
    "mape": 13.410285450944912
}