{
    "predictions": [
        423.22261402937073,
        434.0974319837588,
        432.85939370708337,
        414.2616050578069
    ],
    "actual": [
        431.0,
        478.0,
        479.0,
        513.0
    ],
    "mse": 3466.5373489488175,
    "rmse": 58.87730758916221,
    "mape": 9.967270116447354
}