{
    "predictions": [
        1683.7017119224613,
        1671.889702767943,
        1667.5882627453873,
        1684.9833201121387
    ],
    "actual": [
        1921.9999999999998,
        1728.0000000000002,
        1655.0,
        2020.0
    ],
    "mse": 43082.269929546994,
    "rmse": 207.56268915570303,
    "mape": 8.24779551376816
}