{
    "predictions": [
        -66.79882513427975,
        134.90941331730937,
        -102.31045891226366,
        96.5929822961098
    ],
    "actual": [
        150.49999999999997,
        135.99999999999997,
        -16.30000000000002,
        -97.19999999999999
    ],
    "mse": 23043.371953392314,
    "rmse": 151.80043462846973,
    "mape": 218.05838166230185
}