{
    "predictions": [
        417.3214552774689,
        460.7378756020747,
        460.057427609565,
        419.09002921346183
    ],
    "actual": [
        422.27599999999995,
        567.838,
        567.838,
        387.18499999999995
    ],
    "mse": 6032.391708345066,
    "rmse": 77.66847306562082,
    "mape": 11.813862835903247
}