{
    "predictions": [
        672.5553915676434,
        683.647592713706,
        694.7397938597683,
        705.8319950058308
    ],
    "actual": [
        850.8869999999998,
        629.759,
        652.477,
        636.7009999999999
    ],
    "mse": 10317.845301516118,
    "rmse": 101.57679509374233,
    "mape": 11.71257691892739
}