{
    "predictions": [
        95.9156656070922,
        108.12570273448576,
        101.54680343053194,
        98.98485240154046
    ],
    "actual": [
        105.407,
        105.407,
        102.1,
        118.996
    ],
    "mse": 124.55720694207469,
    "rmse": 11.160520012171238,
    "mape": 7.235545051153851
}