{
    "predictions": [
        421.9558963077175,
        447.7439077237846,
        482.6218873993327,
        463.676193898043
    ],
    "actual": [
        919.9560000000001,
        471.332,
        501.25900000000007,
        418.617
    ],
    "mse": 62734.54357389672,
    "rmse": 250.46864788611114,
    "mape": 18.404869650550776
}