{
    "predictions": [
        467.38436518557,
        431.39741913293375,
        427.27849212917744,
        378.6388613639285
    ],
    "actual": [
        512.4999999999999,
        523.9,
        391.7,
        447.5
    ],
    "mse": 4149.958372054831,
    "rmse": 64.42017053730012,
    "mape": 12.732661448238503
}