{
    "predictions": [
        678.3664074736203,
        682.4263935732663,
        686.9828773710808,
        695.4837006923699
    ],
    "actual": [
        658.287,
        644.848,
        718.181,
        654.83
    ],
    "mse": 1110.3411258982142,
    "rmse": 33.321781553485614,
    "mape": 4.857515648644735
}