{
    "predictions": [
        110.80238124773973,
        123.18192897182507,
        151.13871969390425,
        91.66662970759164
    ],
    "actual": [
        126.23199999999999,
        150.622,
        149.655,
        100.768
    ],
    "mse": 269.01674955025,
    "rmse": 16.401730077959762,
    "mape": 10.116122886285199
}