{
    "predictions": [
        531.6194067379917,
        597.9365833173921,
        532.5275808502794,
        471.11508226887526
    ],
    "actual": [
        424.0000000000001,
        446.00000000000006,
        513.0,
        495.00000000000006
    ],
    "mse": 8904.619441421715,
    "rmse": 94.36429113505656,
    "mape": 17.02005398326539
}