{
    "predictions": [
        -43.56268821178594,
        114.7105056549417,
        -92.40436191450061,
        -83.27454034839909
    ],
    "actual": [
        -113.5,
        -113.5,
        4.100000000000001,
        -14.799999999999999
    ],
    "mse": 17743.279253973873,
    "rmse": 133.20390104638028,
    "mape": 769.7790099052016
}