{
    "predictions": [
        249973498.69840008,
        249973498.69840008,
        249973498.69840008,
        249973498.69840008
    ],
    "actual": [
        266100000.0,
        283900000.0,
        293200000.0,
        288100000.0
    ],
    "mse": 1183308012769021.2,
    "rmse": 34399244.36334352,
    "mape": 11.496814300417654
}