{
    "predictions": [
        404.7149222537407,
        443.4940779873411,
        461.7241437407544,
        372.06858612568874
    ],
    "actual": [
        394.0,
        467.0,
        485.99999999999994,
        488.00000000000006
    ],
    "mse": 3674.186962146331,
    "rmse": 60.61507207078394,
    "mape": 9.126095211841307
}