{
    "predictions": [
        1100.798610548669,
        1186.100036739357,
        1279.0391993255698,
        1023.1816852751716
    ],
    "actual": [
        1166.0,
        928.0,
        1236.0,
        1193.0
    ],
    "mse": 25389.37071145213,
    "rmse": 159.34042397160908,
    "mape": 12.780271720430575
}