{
    "predictions": [
        122.19905303377107,
        119.68531015653261,
        125.23199059381692,
        116.78511422841707
    ],
    "actual": [
        110.00000000000001,
        11.7,
        184.8,
        129.5
    ],
    "mse": 3879.915042330706,
    "rmse": 62.28896404926563,
    "mape": 244.02340825168136
}