{
    "predictions": [
        125.39730401216478,
        122.46324950136737,
        125.90928822932635,
        132.46499251881986
    ],
    "actual": [
        101.068,
        113.866,
        121.888,
        167.167
    ],
    "mse": 471.5569537380751,
    "rmse": 21.7153621599566,
    "mape": 13.920146899618963
}