{
    "predictions": [
        3785.233681949144,
        3157.52060799512,
        2769.2319122621498,
        3129.3913174451404
    ],
    "actual": [
        3407.0,
        3180.0,
        3081.0,
        2910.0
    ],
    "mse": 72224.48298193635,
    "rmse": 268.7461311013358,
    "mape": 7.366709611196126
}