{
    "predictions": [
        75.2394188801183,
        75.2394188801183,
        75.2394188801183,
        75.2394188801183
    ],
    "actual": [
        89.8,
        103.0,
        77.7,
        48.8
    ],
    "mse": 421.93942920701556,
    "rmse": 20.541164261234453,
    "mape": 25.12809605307245
}