{
    "predictions": [
        142.22141368264087,
        145.40596226957905,
        154.89332496569546,
        151.54622959458774
    ],
    "actual": [
        135.176,
        119.953,
        180.43799999999996,
        176.791
    ],
    "mse": 496.82999942158904,
    "rmse": 22.28968369945139,
    "mape": 13.716905811109353
}