{
    "predictions": [
        1420.2387955172278,
        1556.96177634536,
        1414.3846581127218,
        1542.6951077239876
    ],
    "actual": [
        907.0,
        947.0000000000001,
        1233.0,
        1211.0
    ],
    "mse": 194597.36712826457,
    "rmse": 441.1319157896701,
    "mape": 40.77433527734511
}