{
    "predictions": [
        -372.48278147132754,
        379.0723212218979,
        744.6899502610061,
        657.4697722077808
    ],
    "actual": [
        671.283,
        492.2390000000001,
        609.4219999999999,
        991.2430000000004
    ],
    "mse": 307988.922428692,
    "rmse": 554.9674967317384,
    "mape": 58.586668603046355
}