{
    "predictions": [
        163.62471495259825,
        514.8755389277621,
        961.4181347650227,
        378.9807078017014
    ],
    "actual": [
        117.00000000000003,
        754.0,
        1071.0,
        568.0000000000001
    ],
    "mse": 26772.712484755448,
    "rmse": 163.6236916976128,
    "mape": 28.768520268881044
}