{
    "predictions": [
        3419.507063505456,
        3242.65059801963,
        3201.413286662855,
        3191.7980552193
    ],
    "actual": [
        3409.0000000000005,
        4235.000000000001,
        2535.999999999999,
        3161.9999999999995
    ],
    "mse": 357132.6250391562,
    "rmse": 597.6057438137256,
    "mape": 12.73034722313843
}