{
    "predictions": [
        1714.8151824366919,
        1667.669305239342,
        1791.5727198103666,
        2030.071882832666
    ],
    "actual": [
        1547.0,
        1665.0,
        1710.0000000000002,
        2762.0
    ],
    "mse": 142635.48449102504,
    "rmse": 377.6711327213467,
    "mape": 10.569591656441684
}