{
    "predictions": [
        107.00283986856903,
        111.62882600245749,
        118.03883690277613,
        121.12890043166544
    ],
    "actual": [
        112.654,
        117.83,
        102.94800000000001,
        73.743
    ],
    "mse": 635.8867719811933,
    "rmse": 25.21679543441619,
    "mape": 22.29901668254014
}