{
    "predictions": [
        1939.7422524358587,
        2213.3944331275616,
        2312.7446691105374,
        2028.7261124536362
    ],
    "actual": [
        2358.0,
        2627.0,
        2541.0,
        1846.9999999999995
    ],
    "mse": 107783.49609306749,
    "rmse": 328.30396904860515,
    "mape": 13.076026692779674
}