{
    "predictions": [
        14.671634527740933,
        10.358214613799907,
        13.026981172123682,
        -7.837649697085081
    ],
    "actual": [
        15.176999999999992,
        15.43299999999999,
        14.449999999999996,
        14.099999999999998
    ],
    "mse": 127.32357444826226,
    "rmse": 11.283774831511938,
    "mape": 50.41163738848178
}