{
    "predictions": [
        182.1076560207581,
        184.81274825409145,
        181.68990504126174,
        177.9917442916171
    ],
    "actual": [
        202.181,
        198.02,
        203.713,
        183.063
    ],
    "mse": 272.0262458025452,
    "rmse": 16.493218176042696,
    "mape": 7.544781669027417
}