{
    "predictions": [
        87.71846093035852,
        114.1624474061928,
        110.72381602597018,
        142.225152584038
    ],
    "actual": [
        134.954,
        137.909,
        119.648,
        147.967
    ],
    "mse": 726.9261956601498,
    "rmse": 26.96156886496314,
    "mape": 15.889851652738377
}