{
    "predictions": [
        327.59180537737933,
        316.1531074059196,
        229.1908503415118,
        232.61605959131344
    ],
    "actual": [
        198.5,
        115.4,
        102.40000000000002,
        194.5
    ],
    "mse": 18623.81451945402,
    "rmse": 136.46909730577843,
    "mape": 95.60315551704247
}