{
    "predictions": [
        766.2491749286366,
        716.0651263758515,
        904.718841566093,
        346.0
    ],
    "actual": [
        1158.0,
        645.0,
        1044.0,
        777.0000000000001
    ],
    "mse": 90919.80055640021,
    "rmse": 301.529103995618,
    "mape": 28.41466550038636
}