{
    "predictions": [
        188.19575337671168,
        188.19575337671168,
        188.19575337671168,
        188.19575337671168
    ],
    "actual": [
        185.113,
        244.016,
        194.726,
        194.676
    ],
    "mse": 802.5102546814913,
    "rmse": 28.32861194413682,
    "mape": 7.8058192499615595
}