{
    "predictions": [
        287.520331741392,
        242.35465450633689,
        308.4029340744381,
        273.8601394117476
    ],
    "actual": [
        336.5,
        364.7,
        388.6,
        323.9
    ],
    "mse": 6575.737124361935,
    "rmse": 81.09091887728202,
    "mape": 21.0472676413375
}