{
    "predictions": [
        353.8521027850164,
        366.5486713025733,
        397.63250224450223,
        501.65993200141986
    ],
    "actual": [
        379.1,
        502.5,
        499.6,
        608.1
    ],
    "mse": 10211.769690608486,
    "rmse": 101.05330123557808,
    "mape": 17.907121622549365
}