{
    "predictions": [
        120.44746513708765,
        133.01182178165547,
        134.60171460246056,
        127.99493720143849
    ],
    "actual": [
        114.478,
        144.304,
        153.132,
        133.101
    ],
    "mse": 133.14778928871922,
    "rmse": 11.538968293947221,
    "mape": 7.244217105214511
}