{
    "predictions": [
        118.9763103269257,
        118.5409120281706,
        116.35814564821683,
        116.91198106720005
    ],
    "actual": [
        129.802,
        103.28,
        128.094,
        139.526
    ],
    "mse": 249.80378062214308,
    "rmse": 15.805182081271417,
    "mape": 12.121515171900278
}