{
    "predictions": [
        963.9688243181057,
        1051.8588499040302,
        981.5699463411512,
        1044.4948474193839
    ],
    "actual": [
        1032.4,
        992.1,
        975.7000000000002,
        1220.0
    ],
    "mse": 9772.615199863012,
    "rmse": 98.8565384780542,
    "mape": 6.909777811617743
}