{
    "predictions": [
        18748778.059283383,
        20367294.58260292,
        20966089.698780186,
        21187623.17464632
    ],
    "actual": [
        5375000.0,
        33484000.000000004,
        33484000.000000004,
        24787000.0
    ],
    "mse": 130139873106505.5,
    "rmse": 11407886.443443654,
    "mape": 84.97337739005962
}