{
    "predictions": [
        657.1299955460486,
        713.2817760750171,
        770.510327397887,
        856.3461703879332
    ],
    "actual": [
        716.0000000000001,
        593.0,
        935.0,
        874.0
    ],
    "mse": 11325.473293222765,
    "rmse": 106.42120697127413,
    "mape": 12.029509930092546
}