{
    "predictions": [
        37.885137379471686,
        37.885137379471686,
        37.885137379471686,
        37.885137379471686
    ],
    "actual": [
        29.555,
        38.515,
        25.568,
        29.74
    ],
    "mse": 71.96076295921392,
    "rmse": 8.482968994356511,
    "mape": 26.345607313352538
}