{
    "predictions": [
        27029.73273189425,
        27458.393124263537,
        27834.737319574393,
        28626.989208747847
    ],
    "actual": [
        31822.0,
        31326.0,
        35745.0,
        36501.0
    ],
    "mse": 40624127.53207278,
    "rmse": 6373.705949608342,
    "mape": 17.77691631842864
}