{
    "predictions": [
        504.7410999881774,
        590.4306958035293,
        579.6113378863055,
        536.8513246176257
    ],
    "actual": [
        433.481,
        507.324,
        431.447,
        426.777
    ],
    "mse": 11513.438174754778,
    "rmse": 107.30069046727881,
    "mape": 23.238420447861103
}