{
    "predictions": [
        263.80747056524655,
        258.0118837032709,
        250.85091904688807,
        270.66755213579944
    ],
    "actual": [
        266.9,
        269.3,
        261.1,
        273.3
    ],
    "mse": 62.239687493618646,
    "rmse": 7.889213363423418,
    "mape": 2.559722716994583
}