{
    "predictions": [
        347772561.1873131,
        308005839.219649,
        325710633.4276708,
        351655488.4927888
    ],
    "actual": [
        465000000.0,
        171000000.0,
        171000000.0,
        214000000.0
    ],
    "mse": 1.88493214996605e+16,
    "rmse": 137292831.20272705,
    "mape": 65.03240624168126
}