{
    "predictions": [
        738.1478273296153,
        708.2893728332791,
        726.3946567573271,
        667.6905859358702
    ],
    "actual": [
        732.0000000000001,
        716.0000000000001,
        745.0000000000001,
        695.0000000000001
    ],
    "mse": 297.3031114706786,
    "rmse": 17.242479852697482,
    "mape": 2.085885990437394
}