{
    "predictions": [
        1217.9864013854487,
        1283.144642892177,
        1309.5603077880712,
        1329.1764999740888
    ],
    "actual": [
        1164.0,
        1305.0,
        1257.0,
        1207.0
    ],
    "mse": 5270.467817389135,
    "rmse": 72.59798769517744,
    "mape": 5.154120954572795
}