{
    "predictions": [
        161.3255323444813,
        170.55874205720733,
        174.2103402696962,
        167.78853054149718
    ],
    "actual": [
        157.957,
        171.01,
        169.617,
        167.826
    ],
    "mse": 8.162705670070865,
    "rmse": 2.8570449191552565,
    "mape": 1.2817083326504557
}