{
    "predictions": [
        130.9416680500037,
        130.78443745210055,
        129.07937053775373,
        126.00244062514614
    ],
    "actual": [
        137.436,
        174.419,
        132.057,
        106.586
    ],
    "mse": 583.0039599968889,
    "rmse": 24.145474938316887,
    "mape": 12.553484530052438
}