{
    "predictions": [
        57.196846031720604,
        45.44388976035176,
        37.89843866002887,
        71.10801568898327
    ],
    "actual": [
        38.18099999999998,
        59.931999999999995,
        103.37599999999999,
        68.23000000000002
    ],
    "mse": 1216.7754379885048,
    "rmse": 34.88230838101895,
    "mape": 35.38401481069903
}