{
    "predictions": [
        65.9134118874544,
        62.53330313319803,
        62.809427686601964,
        64.39827076475675
    ],
    "actual": [
        27.146,
        98.887,
        90.352,
        35.781
    ],
    "mse": 1100.5112439992574,
    "rmse": 33.1739543015188,
    "mape": 72.50905731271679
}