{
    "predictions": [
        93.15264996287111,
        354.29593543290315,
        269.1684548098769,
        274.85769466408306
    ],
    "actual": [
        24.372,
        339.551,
        310.664,
        144.988
    ],
    "mse": 5884.0521982508,
    "rmse": 76.70757588563727,
    "mape": 97.37100224178296
}