{
    "predictions": [
        297.97499016800333,
        345.47250829491855,
        320.3801425196696,
        343.5071754190276
    ],
    "actual": [
        317.5,
        344.9,
        320.4,
        301.0
    ],
    "mse": 547.1035327777064,
    "rmse": 23.390244393287265,
    "mape": 5.110946211875146
}