{
    "predictions": [
        2256.341140540376,
        2290.0279242795846,
        2304.157021197753,
        2236.452224996793
    ],
    "actual": [
        2382.0,
        2533.0,
        2478.0,
        2306.0
    ],
    "mse": 27470.963206829038,
    "rmse": 165.74366716960571,
    "mape": 6.22475496048303
}