{
    "predictions": [
        215.010873805237,
        203.70522525461135,
        180.9265604005542,
        181.26806961783083
    ],
    "actual": [
        225.795,
        224.576,
        216.319,
        191.388
    ],
    "mse": 476.7310969994238,
    "rmse": 21.834172688687424,
    "mape": 8.92958984924056
}