{
    "predictions": [
        322.3968691883754,
        354.3956772341668,
        337.81391181346123,
        310.2354570713972
    ],
    "actual": [
        282.4,
        349.6,
        356.0,
        315.0
    ],
    "mse": 494.04568446334565,
    "rmse": 22.227138467723318,
    "mape": 5.538990893928149
}