{
    "predictions": [
        2443.1867838139433,
        3467.8990198506276,
        3242.2294141812195,
        4717.768168250475
    ],
    "actual": [
        2637.0,
        3801.0,
        3584.0000000000005,
        5193.0
    ],
    "mse": 122793.06324594424,
    "rmse": 350.41841168229763,
    "mape": 8.700168326401695
}