{
    "predictions": [
        118647390.5771146,
        137979654.83504462,
        142943319.72699124,
        139620901.54425234
    ],
    "actual": [
        120400000.0,
        128300000.0,
        127399999.99999999,
        125900000.00000001
    ],
    "mse": 131656321209332.62,
    "rmse": 11474158.845393967,
    "mape": 8.024716307440958
}