{
    "predictions": [
        219.715935006608,
        234.47660933834615,
        248.44781187144667,
        238.9494535219635
    ],
    "actual": [
        204.7,
        227.5,
        217.00000000000003,
        224.9
    ],
    "mse": 365.1258494375719,
    "rmse": 19.108266521000065,
    "mape": 7.785320003148163
}