{
    "predictions": [
        413.421044683703,
        505.23323786296095,
        473.74592058411355,
        525.0717562544675
    ],
    "actual": [
        450.0,
        476.0,
        508.0,
        417.0
    ],
    "mse": 3761.3621561347472,
    "rmse": 61.32994501982492,
    "mape": 11.732377648021542
}