{
    "predictions": [
        289.5227726056552,
        281.1430058543852,
        272.5857303457203,
        266.2444828058917
    ],
    "actual": [
        348.0,
        294.0,
        341.0,
        311.0
    ],
    "mse": 2567.114258457725,
    "rmse": 50.66669772599873,
    "mape": 13.90765136326385
}