{
    "predictions": [
        4731.4477790606825,
        4548.750816675263,
        4417.995006278125,
        4567.539954733092
    ],
    "actual": [
        2090.0,
        859.0,
        138.0000000000002,
        3077.0
    ],
    "mse": 10282893.51727045,
    "rmse": 3206.6951082493715,
    "mape": 926.4530783676845
}