{
    "predictions": [
        632.5395577478698,
        571.1053912230141,
        715.2387241845533,
        781.3882272120245
    ],
    "actual": [
        1074.0,
        472.00000000000006,
        574.0,
        556.0
    ],
    "mse": 68864.35770449313,
    "rmse": 262.4201930196934,
    "mape": 31.811182399772637
}