{
    "predictions": [
        480.8592569163767,
        482.7301509212571,
        492.4517892051336,
        500.4622180405644
    ],
    "actual": [
        471.368,
        461.205,
        397.99100000000004,
        559.039
    ],
    "mse": 3226.874040503875,
    "rmse": 56.805581068270705,
    "mape": 10.223308633354067
}