{
    "predictions": [
        266.51839578028813,
        297.652084429896,
        266.5821804044364,
        297.58843048343016
    ],
    "actual": [
        328.083,
        369.821,
        299.635,
        376.99999999999994
    ],
    "mse": 4099.309780899111,
    "rmse": 64.02585244179971,
    "mape": 17.593651378038054
}