{
    "predictions": [
        396.45326247230236,
        394.19400131914585,
        387.2079407674876,
        385.4821632148449
    ],
    "actual": [
        377.365,
        390.368,
        412.09,
        412.543
    ],
    "mse": 432.6014523671673,
    "rmse": 20.79907335356956,
    "mape": 4.6589845808214365
}