{
    "predictions": [
        617897598.2393696,
        623772490.5318581,
        649662708.2737772,
        704077595.8171173
    ],
    "actual": [
        453000000.0,
        534000000.0,
        511000000.0,
        471000000.0
    ],
    "mse": 2.7200707574777816e+16,
    "rmse": 164926370.1618932,
    "mape": 32.4584530279017
}