{
    "predictions": [
        113.7111924742096,
        164.39133330751994,
        183.73294297270266,
        203.01621719996314
    ],
    "actual": [
        38.3,
        105.5,
        149.9,
        214.7
    ],
    "mse": 2609.0539749580703,
    "rmse": 51.07889950809503,
    "mape": 70.1823715171655
}