{
    "predictions": [
        180552034.24093053,
        266349209.4222195,
        346895550.4059548,
        238810583.60540834
    ],
    "actual": [
        132000000.00000007,
        396000000.0,
        396000000.0,
        246000000.00000003
    ],
    "mse": 5407390551101232.0,
    "rmse": 73534961.4204103,
    "mape": 21.21114581904771
}