{
    "predictions": [
        45.83370132608312,
        44.207006095070405,
        43.713903206954775,
        43.56442809100659
    ],
    "actual": [
        72.7,
        44.3,
        55.4,
        51.7
    ],
    "mse": 231.13976021132166,
    "rmse": 15.203281231738156,
    "mape": 18.498772685169435
}