{
    "predictions": [
        95.32830541156267,
        96.38471549842401,
        95.56127172928679,
        97.6271773422928
    ],
    "actual": [
        86.8,
        93.2,
        79.7,
        98.5
    ],
    "mse": 83.80404156521762,
    "rmse": 9.154454738826209,
    "mape": 8.50741174283869
}