{
    "predictions": [
        153.03092898911558,
        158.83759569716705,
        157.95054525885814,
        165.00912670899604
    ],
    "actual": [
        147.245,
        162.434,
        183.06800000000004,
        190.53200000000004
    ],
    "mse": 332.17867296962015,
    "rmse": 18.22576947537799,
    "mape": 8.31484964493891
}