{
    "predictions": [
        103.60872239828537,
        132.60449786913972,
        113.72645631361858,
        121.47521515052767
    ],
    "actual": [
        78.58699999999999,
        107.47800000000001,
        97.50400000000002,
        112.13599999999998
    ],
    "mse": 401.9541288549619,
    "rmse": 20.048793700743243,
    "mape": 20.045998810783363
}