{
    "predictions": [
        1620.2976081046897,
        1660.7765972999596,
        1588.0716167065134,
        1557.417624888736
    ],
    "actual": [
        1669.0,
        1778.0,
        1577.0,
        1603.0
    ],
    "mse": 4578.395683545035,
    "rmse": 67.66384325136309,
    "mape": 3.2641713856100556
}