{
    "predictions": [
        94.05083378642453,
        99.6742333768573,
        78.78687552265374,
        76.97513488854754
    ],
    "actual": [
        68.745,
        96.38100000000001,
        70.195,
        67.013
    ],
    "mse": 206.07376655874623,
    "rmse": 14.355269644236788,
    "mape": 16.83350941230487
}