{
    "predictions": [
        54.12774005573415,
        61.562449268030186,
        62.19180806005451,
        47.19007900171919
    ],
    "actual": [
        50.7,
        75.7,
        77.7,
        39.6
    ],
    "mse": 127.43326477180838,
    "rmse": 11.288634318278202,
    "mape": 16.140629552060073
}