{
    "predictions": [
        107.93290416543589,
        127.54956007799137,
        107.53285007790807,
        125.51375037774494
    ],
    "actual": [
        182.864,
        178.727,
        186.228,
        176.631
    ],
    "mse": 4259.924827535974,
    "rmse": 65.2680996163974,
    "mape": 35.20209557696192
}