{
    "predictions": [
        137.51781890558385,
        137.36635647433224,
        137.32503505991198,
        137.313761906064
    ],
    "actual": [
        146.267,
        82.087,
        141.018,
        146.321
    ],
    "mse": 806.7809375421891,
    "rmse": 28.403889479122206,
    "mape": 20.524662008498574
}