{
    "predictions": [
        17.93966551200809,
        40.962342086587704,
        56.896500748999216,
        68.00222500510529
    ],
    "actual": [
        13.3,
        24.6,
        58.099999999999994,
        52.99999999999999
    ],
    "mse": 128.9419750432006,
    "rmse": 11.355261997999017,
    "mape": 32.943950253301914
}