{
    "predictions": [
        404.8574667133276,
        502.18866314906484,
        524.8661958871935,
        470.58939216729493
    ],
    "actual": [
        230.99999999999994,
        354.0,
        354.0,
        282.0
    ],
    "mse": 29236.878588218347,
    "rmse": 170.98794866369485,
    "mape": 58.06678370941568
}