{
    "predictions": [
        439.6523430988456,
        443.1270635692107,
        447.6331783597556,
        447.6331783597556
    ],
    "actual": [
        548.0,
        586.0,
        586.0,
        492.99999999999994
    ],
    "mse": 13338.854139221894,
    "rmse": 115.49395715457105,
    "mape": 19.24169951823423
}