{
    "predictions": [
        375.0723911470423,
        372.3295634097439,
        369.91448704337336,
        367.7879977359747
    ],
    "actual": [
        338.29999999999995,
        407.30000000000007,
        369.5,
        377.79999999999995
    ],
    "mse": 668.8880437070442,
    "rmse": 25.862869982023344,
    "mape": 5.5544823118904985
}