{
    "predictions": [
        75755639.61061567,
        67636902.85319945,
        84524143.78551014,
        76676979.08131102
    ],
    "actual": [
        19406000.0,
        77660000.0,
        81135000.0,
        46415000.0
    ],
    "mse": 1050754508544258.9,
    "rmse": 32415343.72090259,
    "mape": 93.1636271647266
}