{
    "predictions": [
        194.14843886497263,
        299.62641857146224,
        245.90944116665528,
        205.73925126997318
    ],
    "actual": [
        190.0,
        344.7,
        323.2,
        271.4
    ],
    "mse": 3083.500424092468,
    "rmse": 55.52927537878077,
    "mape": 15.84176814071423
}