{
    "predictions": [
        469.11091417023226,
        496.04850674835916,
        467.01036352787617,
        432.6407354285229
    ],
    "actual": [
        395.0,
        432.0,
        418.0,
        413.0
    ],
    "mse": 3095.6032592874876,
    "rmse": 55.638145721146095,
    "mape": 12.51722333591495
}