{
    "predictions": [
        3483.9095031154106,
        2977.9340581482397,
        2719.4404326411245,
        3222.5869405278854
    ],
    "actual": [
        3836.5,
        3116.3,
        4115.2,
        4901.2
    ],
    "mse": 1227337.9414155034,
    "rmse": 1107.8528518785802,
    "mape": 20.449172147826925
}