{
    "predictions": [
        10018.296073560005,
        586.8865686051834,
        2335.096693954159,
        7546.319389925742
    ],
    "actual": [
        1515.9999999999998,
        1932.9999999999998,
        1952.9999999999998,
        2047.0
    ],
    "mse": 26122392.88214983,
    "rmse": 5111.007032097474,
    "mape": 229.67331770259918
}