{
    "predictions": [
        937000000.0,
        937000000.0,
        937000000.0,
        937000000.0
    ],
    "actual": [
        1141000000.0,
        1075000000.0,
        886000000.0,
        994000000.0
    ],
    "mse": 1.66275e+16,
    "rmse": 128947663.80202474,
    "mape": 10.55171921944412
}