{
    "predictions": [
        289.8089004432842,
        521.6153954679879,
        470.0584917718424,
        467.9973596829768
    ],
    "actual": [
        168.00000000000017,
        937.0000000000001,
        580.9999999999999,
        690.0000000000002
    ],
    "mse": 62243.74211627151,
    "rmse": 249.4869578079614,
    "mape": 42.026463018265304
}