{
    "predictions": [
        959.150210994322,
        964.0584568931608,
        964.0584568931608,
        964.0584568931608
    ],
    "actual": [
        1118.0,
        1012.0,
        920.9999999999999,
        947.0000000000001
    ],
    "mse": 7419.167171052337,
    "rmse": 86.13458754212698,
    "mape": 6.3555490915183865
}