{
    "predictions": [
        414881049.0202699,
        433831729.2457357,
        447409994.30439234,
        457194883.1360477
    ],
    "actual": [
        310600000.0,
        305800000.0,
        280600000.0,
        232700000.0
    ],
    "mse": 2.6372546908130104e+16,
    "rmse": 162396265.06828937,
    "mape": 57.840856461148334
}