{
    "predictions": [
        28.039521598296723,
        25.359619366628714,
        36.130889556198746,
        11.092964619641892
    ],
    "actual": [
        21.912,
        21.912,
        21.912,
        15.953999999999999
    ],
    "mse": 68.80977135380432,
    "rmse": 8.295165541072965,
    "mape": 34.76452751273866
}