{
    "predictions": [
        563.6297356996563,
        549.9436710540639,
        601.3883540703454,
        756.2650888538981
    ],
    "actual": [
        788.57,
        216.48199999999997,
        674.091,
        867.1580000000001
    ],
    "mse": 44844.43025832681,
    "rmse": 211.7650354953027,
    "mape": 51.533782765079415
}