{
    "predictions": [
        535.7687751990085,
        751.8356950132238,
        720.6614535537699,
        612.8370759021927
    ],
    "actual": [
        359.00000000000006,
        398.0,
        398.0,
        203.00000000000003
    ],
    "mse": 107130.93533608501,
    "rmse": 327.3086239867276,
    "mape": 105.27588906306389
}