{
    "predictions": [
        -13.68889000919832,
        16.001203886935347,
        26.88317709827221,
        24.5295248929151
    ],
    "actual": [
        99.5,
        135.8,
        92.6,
        90.0
    ],
    "mse": 8942.140073674627,
    "rmse": 94.5628895163141,
    "mape": 86.4220557704266
}