{
    "predictions": [
        389.8552058375219,
        465.3206346283809,
        384.04548441120477,
        320.6478190943802
    ],
    "actual": [
        314.0,
        391.99999999999994,
        273.0,
        327.0
    ],
    "mse": 5875.344381334548,
    "rmse": 76.65079504698271,
    "mape": 21.3701292442516
}