{
    "predictions": [
        119.54776036165637,
        314.3979856130321,
        519.3716526271912,
        341.11323538695115
    ],
    "actual": [
        18.486999999999988,
        131.444,
        545.0,
        204.1
    ],
    "mse": 15778.719249207785,
    "rmse": 125.61337209552089,
    "mape": 189.41979786597508
}