{
    "predictions": [
        3020.048713335056,
        3239.3760651099974,
        3443.1988919886066,
        3195.748168973167
    ],
    "actual": [
        3291.0000000000005,
        3430.0000000000005,
        3338.0,
        3015.0
    ],
    "mse": 38372.19794028001,
    "rmse": 195.88822818199162,
    "mape": 5.7342917017861454
}