{
    "predictions": [
        1096.37546641583,
        1091.6575662477476,
        1089.4371555115174,
        1088.3921516619405
    ],
    "actual": [
        750.1,
        471.4,
        410.3,
        335.7
    ],
    "mse": 383099.724574709,
    "rmse": 618.9505025239974,
    "mape": 141.86986926344963
}