{
    "predictions": [
        1144.8318449324547,
        1144.8318449324547,
        1144.8318449324547,
        1144.8318449324547
    ],
    "actual": [
        1410.0,
        1328.0,
        1567.0,
        1405.0
    ],
    "mse": 87444.53588928982,
    "rmse": 295.7102228352781,
    "mape": 19.514378163723574
}