{
    "predictions": [
        35.820685443692525,
        50.51555060660035,
        52.9442013100177,
        41.41194623956723
    ],
    "actual": [
        38.994,
        57.443,
        49.483,
        48.103
    ],
    "mse": 28.702398826213958,
    "rmse": 5.357461976179948,
    "mape": 10.275556028636421
}