{
    "predictions": [
        2408.278640540707,
        2247.445491454113,
        2325.895035146432,
        2414.8324687527065
    ],
    "actual": [
        2985.0,
        2108.0,
        2304.0,
        2438.0
    ],
    "mse": 88267.17465290304,
    "rmse": 297.0979209838114,
    "mape": 6.959070765269616
}