{
    "predictions": [
        514.0621227928401,
        478.58850789385605,
        458.76891773319767,
        450.5552726522397
    ],
    "actual": [
        561.4829999999998,
        649.998,
        575.963,
        641.937
    ],
    "mse": 20497.843015038314,
    "rmse": 143.1706779163887,
    "mape": 21.244271378370616
}