{
    "predictions": [
        337.589461660944,
        340.3655781932547,
        337.28426956956946,
        334.25196585421287
    ],
    "actual": [
        301.9,
        383.9,
        369.2,
        316.2
    ],
    "mse": 1128.367718951297,
    "rmse": 33.59118513764135,
    "mape": 9.37881431891602
}