{
    "predictions": [
        284.0327773363113,
        286.195221758625,
        315.9502056965342,
        371.4932923357796
    ],
    "actual": [
        283.5,
        293.0,
        343.0,
        359.1
    ],
    "mse": 232.9684813460699,
    "rmse": 15.26330505971986,
    "mape": 3.4619562647830557
}