{
    "predictions": [
        217.3918841522402,
        219.6760232958333,
        222.97170756845964,
        225.7819329530928
    ],
    "actual": [
        194.0,
        193.0,
        218.99999999999997,
        226.0
    ],
    "mse": 318.65311932949345,
    "rmse": 17.850857663694857,
    "mape": 6.947375228837836
}