{
    "predictions": [
        396.1473326694861,
        686.8825866330138,
        744.8791693895636,
        583.0133825177542
    ],
    "actual": [
        1584.0000000000002,
        554.0,
        645.0000000000001,
        553.0
    ],
    "mse": 359882.0981806509,
    "rmse": 599.9017404380912,
    "mape": 29.972310620337396
}