{
    "predictions": [
        33.22743879990116,
        28.241511076643768,
        23.708114838735757,
        33.15811489953399
    ],
    "actual": [
        29.133,
        29.133,
        29.133,
        23.075
    ],
    "mse": 37.16444166917806,
    "rmse": 6.096264566862076,
    "mape": 19.85815096663605
}