{
    "predictions": [
        2099.145653490478,
        2222.565222376066,
        2298.1688715861915,
        2174.8138691443696
    ],
    "actual": [
        2052.0,
        2033.0,
        2306.9999999999995,
        1466.0
    ],
    "mse": 135163.19402450105,
    "rmse": 367.6454732816672,
    "mape": 15.088736907437067
}