{
    "predictions": [
        2966.5422404747023,
        3170.0181845786474,
        3194.356048222749,
        3046.0707877913806
    ],
    "actual": [
        3058.0,
        5451.0,
        3271.0000000000005,
        3020.0
    ],
    "mse": 1304449.1363450931,
    "rmse": 1142.1248339586584,
    "mape": 12.010594012938219
}