{
    "predictions": [
        1491.455187707657,
        1491.455187707657,
        1491.455187707657,
        1491.455187707657
    ],
    "actual": [
        1665.0,
        1568.0,
        1741.0000000000002,
        1597.0
    ],
    "mse": 27347.307726575353,
    "rmse": 165.37021414564157,
    "mape": 9.061789281122945
}