{
    "predictions": [
        -450.9761244957386,
        -1004.2420496135921,
        -1561.4143980709975,
        -1946.2925117838854
    ],
    "actual": [
        -678.529,
        -99.81499999999997,
        -479.18,
        193.243
    ],
    "mse": 1654653.0244438578,
    "rmse": 1286.3331700783658,
    "mape": 568.16612278412
}