{
    "predictions": [
        1327.6980447234473,
        1357.7350799095827,
        1349.8694457732313,
        1282.5875529645346
    ],
    "actual": [
        1060.0,
        957.0,
        1065.0,
        1120.0
    ],
    "mse": 84959.04023325993,
    "rmse": 291.47734085732964,
    "mape": 27.09841928084088
}