{
    "predictions": [
        161.61326942085097,
        170.7468233996355,
        90.0216513771519,
        45.180423356220196
    ],
    "actual": [
        189.3,
        255.6,
        255.6,
        -3.0000000000000018
    ],
    "mse": 9426.039839197265,
    "rmse": 97.08779449136367,
    "mape": 429.6544662643483
}