{
    "predictions": [
        32729.631266644858,
        34201.14934625221,
        35037.744576459496,
        36797.20009577427
    ],
    "actual": [
        33554.0,
        34331.0,
        37935.0,
        36786.0
    ],
    "mse": 2272664.8580481275,
    "rmse": 1507.5360221394803,
    "mape": 2.625735102856319
}