{
    "predictions": [
        271.92109470906723,
        252.41925048416005,
        264.7232672596065,
        283.1492842815482
    ],
    "actual": [
        293.442,
        225.09999999999997,
        247.09499999999997,
        243.06200000000004
    ],
    "mse": 781.8092448008381,
    "rmse": 27.960852004201126,
    "mape": 10.774318415968606
}