{
    "predictions": [
        105.20706504228443,
        99.06645566102836,
        104.31509688451982,
        100.10208858540997
    ],
    "actual": [
        92.7,
        98.49999999999999,
        73.5,
        96.6
    ],
    "mse": 279.64559211256153,
    "rmse": 16.72260721635719,
    "mape": 14.904428456238508
}