{
    "predictions": [
        140.1482176628322,
        226.89911011572343,
        260.52832728530103,
        245.15571452317087
    ],
    "actual": [
        147.647,
        249.435,
        298.567,
        247.123
    ],
    "mse": 503.72722586494643,
    "rmse": 22.443868335582135,
    "mape": 6.912530710297496
}