{
    "predictions": [
        -19.326314097974578,
        -19.59255652386762,
        -15.138526521230125,
        -8.768917112600104
    ],
    "actual": [
        -54.67600000000001,
        -25.02,
        -67.701,
        -26.306
    ],
    "mse": 1087.355082616097,
    "rmse": 32.97506759077375,
    "mape": 57.66257370490335
}