{
    "predictions": [
        224.2415187093697,
        220.75082549250143,
        219.22447074423042,
        198.1570561151566
    ],
    "actual": [
        201.33600000000004,
        200.43999999999997,
        215.421,
        177.978
    ],
    "mse": 339.7132787332465,
    "rmse": 18.43131245281373,
    "mape": 8.653357758309326
}