{
    "predictions": [
        339.34641564382025,
        268.7003047988464,
        264.03156378466537,
        333.8936554118174
    ],
    "actual": [
        375.628,
        65.202,
        -84.48599999999999,
        337.363
    ],
    "mse": 41051.11050941715,
    "rmse": 202.6107364120104,
    "mape": 183.82671062790953
}