{
    "predictions": [
        5279.939900189753,
        5459.518824185249,
        5469.750022219957,
        5800.967271969085
    ],
    "actual": [
        6545.932,
        6532.759,
        6689.912,
        6567.911000000001
    ],
    "mse": 1207894.6014377254,
    "rmse": 1099.0425839965098,
    "mape": 16.421173213023195
}