{
    "predictions": [
        188.72638051581617,
        138.4991367350893,
        168.7017466192243,
        177.75302475946688
    ],
    "actual": [
        140.796,
        127.54,
        142.626,
        156.358
    ],
    "mse": 888.778925144376,
    "rmse": 29.812395494900706,
    "mape": 18.650274488681248
}