{
    "predictions": [
        64.64982314172411,
        64.8714134914671,
        63.34251990569817,
        63.604519904326104
    ],
    "actual": [
        62.209999999999994,
        66.423,
        60.076,
        75.447
    ],
    "mse": 39.81866119177718,
    "rmse": 6.310202943786925,
    "mape": 6.847891903445658
}