{
    "predictions": [
        196.4327440987024,
        198.8049380249833,
        201.31773724885812,
        204.9191919343031
    ],
    "actual": [
        199.05500000000004,
        215.74600000000004,
        200.092,
        198.635
    ],
    "mse": 83.71732673091168,
    "rmse": 9.14971730333302,
    "mape": 3.2364863515284803
}