{
    "predictions": [
        379.5970638644884,
        446.7877265292018,
        383.0387453339916,
        451.3197135442854
    ],
    "actual": [
        1576.0,
        1626.0,
        1680.0,
        1503.0
    ],
    "mse": 1402515.3731305609,
    "rmse": 1184.2784187557252,
    "mape": 73.90208038941985
}