{
    "predictions": [
        272.9773835947702,
        266.87948648797965,
        247.93174899231983,
        250.78767984798503
    ],
    "actual": [
        239.00000000000006,
        272.0,
        400.99999999999994,
        280.99999999999994
    ],
    "mse": 6380.839002522737,
    "rmse": 79.88015399661381,
    "mape": 16.25559231205891
}