{
    "predictions": [
        442.3861252714311,
        439.9979564245897,
        525.979464054636,
        571.2231775641312
    ],
    "actual": [
        561.0,
        476.0,
        666.0,
        549.0
    ],
    "mse": 8866.254631801065,
    "rmse": 94.1607913719987,
    "mape": 13.44469745811824
}