{
    "predictions": [
        1308.6989163602916,
        1310.9091982972102,
        1412.040919219257,
        1353.4578915366567
    ],
    "actual": [
        1288.0,
        568.0,
        1483.0,
        1969.0
    ],
    "mse": 234067.45012246005,
    "rmse": 483.80517785825737,
    "mape": 42.11185658324045
}