{
    "predictions": [
        374.4063418649454,
        390.15686110363816,
        319.2481194125025,
        374.22043239658433
    ],
    "actual": [
        445.00000000000006,
        431.0,
        363.0,
        421.0
    ],
    "mse": 2688.5453909754137,
    "rmse": 51.85118504890138,
    "mape": 12.126126412054491
}