{
    "predictions": [
        15357.112291587144,
        15798.344231073695,
        18154.22715796982,
        16716.753310589746
    ],
    "actual": [
        17458.0,
        19216.0,
        22502.0,
        24739.0
    ],
    "mse": 24838417.687471114,
    "rmse": 4983.815575186457,
    "mape": 20.392167722069836
}