{
    "predictions": [
        568.2958267309862,
        498.5181779351957,
        548.9705003074657,
        581.7079306390743
    ],
    "actual": [
        498.469,
        481.899,
        544.822,
        554.243
    ],
    "mse": 1480.878819092766,
    "rmse": 38.48218833555033,
    "mape": 5.793445012645565
}