{
    "predictions": [
        215.22748998647168,
        307.22506983097077,
        261.372557825524,
        188.63319291831888
    ],
    "actual": [
        95.0,
        241.0,
        -48.99999999999999,
        194.0
    ],
    "mse": 28800.08412299358,
    "rmse": 169.70587533433715,
    "mape": 197.5535783563007
}