{
    "predictions": [
        435.2432426501341,
        346.6895328962692,
        343.7329782028852,
        357.56912216118565
    ],
    "actual": [
        480.99999999999994,
        275.0,
        320.0,
        411.0
    ],
    "mse": 2662.7957327661734,
    "rmse": 51.602284181673326,
    "mape": 13.999632423388281
}