{
    "predictions": [
        965.5860546044901,
        991.7047582312679,
        1017.2204183252754,
        1042.1469582996963
    ],
    "actual": [
        969.9890000000001,
        1123.693,
        1196.892,
        1194.876
    ],
    "mse": 18262.079833386866,
    "rmse": 135.13726293434712,
    "mape": 9.998340566647778
}