{
    "predictions": [
        580.6129926188337,
        686.5692588363918,
        667.3552452156987,
        598.1847961812032
    ],
    "actual": [
        534.0,
        625.0,
        694.0,
        592.0
    ],
    "mse": 1677.9348439661562,
    "rmse": 40.96260299304912,
    "mape": 5.866034293897828
}