{
    "predictions": [
        84.06744921220246,
        85.46145120889709,
        94.6791694235861,
        115.67443122523545
    ],
    "actual": [
        68.44,
        90.8,
        103.327,
        78.782
    ],
    "mse": 427.1384318655102,
    "rmse": 20.66732764209031,
    "mape": 20.977784536767462
}