{
    "predictions": [
        231.61177943614965,
        247.3862620616049,
        290.41171444180975,
        346.0479355875202
    ],
    "actual": [
        234.6,
        272.2,
        153.4,
        176.0
    ],
    "mse": 12078.290336118751,
    "rmse": 109.90127540715235,
    "mape": 49.081130995510314
}