{
    "predictions": [
        498.4404914372659,
        597.3593516882175,
        583.2479988750237,
        692.4091751035061
    ],
    "actual": [
        565.5,
        591.7,
        687.5,
        760.2
    ],
    "mse": 4998.270407228879,
    "rmse": 70.69844699304844,
    "mape": 9.224081934028193
}