{
    "predictions": [
        141.39272999751267,
        57.409017148066106,
        110.7970030590677,
        146.90787701060594
    ],
    "actual": [
        198.996,
        82.638,
        82.973,
        135.795
    ],
    "mse": 1213.077368101624,
    "rmse": 34.82926022903191,
    "mape": 25.298459715685528
}