{
    "predictions": [
        756425448.615867,
        745405359.4470063,
        740969035.9586136,
        739183118.8220012
    ],
    "actual": [
        708700000.0,
        577400000.0,
        632100000.0,
        606100000.0
    ],
    "mse": 1.5016775688613092e+16,
    "rmse": 122542954.4633762,
    "mape": 18.75294386048835
}