{
    "predictions": [
        5456.969557331621,
        6342.623378128999,
        5321.270081553888,
        5721.7846794501775
    ],
    "actual": [
        5552.0,
        6433.0,
        5505.0,
        5834.0
    ],
    "mse": 15886.919978219035,
    "rmse": 126.0433257979931,
    "mape": 2.094378856154698
}