{
    "predictions": [
        889.499584785303,
        898.3595789837393,
        1051.1934440858204,
        1059.0962013975618
    ],
    "actual": [
        831.214,
        867.186,
        979.624,
        1019.526
    ],
    "mse": 2764.246896454285,
    "rmse": 52.576105755887674,
    "mape": 5.44848583724519
}