{
    "predictions": [
        254.37450512243075,
        309.08835305699336,
        310.08809880584596,
        305.5004923583471
    ],
    "actual": [
        305.9,
        309.00000000000006,
        318.1,
        277.6000000000001
    ],
    "mse": 874.3781158060403,
    "rmse": 29.569885285642222,
    "mape": 7.360444542966163
}