{
    "predictions": [
        2801.220074120302,
        2420.0447316377667,
        2556.583517845699,
        3123.751512870326
    ],
    "actual": [
        2987.0,
        3662.0,
        3755.0,
        2135.0
    ],
    "mse": 997699.6720937554,
    "rmse": 998.8491738464598,
    "mape": 29.590263203270222
}