{
    "predictions": [
        568.9950919083451,
        519.3012892964407,
        519.3012892964407,
        519.3012892964407
    ],
    "actual": [
        714.0,
        760.0000000000001,
        757.0,
        712.0
    ],
    "mse": 43148.94072049337,
    "rmse": 207.72323105635866,
    "mape": 27.611053297309766
}