{
    "predictions": [
        14.108783302027758,
        28.88776865321261,
        29.194993262768474,
        19.47423650513684
    ],
    "actual": [
        26.042,
        47.298,
        46.308,
        53.685
    ],
    "mse": 486.1424043732475,
    "rmse": 22.048637245264104,
    "mape": 46.35665592008279
}