{
    "predictions": [
        821.5804507837835,
        1022.8650682225899,
        960.8118375504995,
        1017.1500707262643
    ],
    "actual": [
        889.8190000000001,
        1070.259,
        928.4,
        1205.29
    ],
    "mse": 10837.461142245513,
    "rmse": 104.10312743739024,
    "mape": 7.799436364277542
}