{
    "predictions": [
        1685.9826293877568,
        1321.4443913243035,
        1623.633437315099,
        1949.5009218515138
    ],
    "actual": [
        1494.112,
        1800.132,
        1947.043,
        1570.614
    ],
    "mse": 128526.30247686617,
    "rmse": 358.50565194549745,
    "mape": 20.04184350508771
}