{
    "predictions": [
        3579.6911684166553,
        4259.690743390735,
        3924.737413743461,
        3633.2289761632487
    ],
    "actual": [
        3397.0,
        3875.0,
        4137.0,
        3748.0
    ],
    "mse": 59897.70612620255,
    "rmse": 244.74007870841783,
    "mape": 5.8746363582464145
}