{
    "predictions": [
        330.99999999999994,
        330.99999999999994,
        330.99999999999994,
        330.99999999999994
    ],
    "actual": [
        325.5,
        331.1,
        254.6,
        257.1
    ],
    "mse": 2832.1074999999946,
    "rmse": 53.21754879736565,
    "mape": 15.117861364697093
}