{
    "predictions": [
        332.8350454868006,
        314.4367605733797,
        167.64704017488995,
        248.1195442947253
    ],
    "actual": [
        371.593,
        566.322,
        633.666,
        535.801
    ],
    "mse": 91220.66093805915,
    "rmse": 302.0275830748893,
    "mape": 45.53569113224058
}