{
    "predictions": [
        847.4648520414233,
        872.6757612296022,
        880.8624717323049,
        911.3799457351851
    ],
    "actual": [
        866.1569999999999,
        879.8619999999999,
        839.8439999999999,
        834.106
    ],
    "mse": 2013.7040339271784,
    "rmse": 44.874313743244905,
    "mape": 4.280785902195477
}