{
    "predictions": [
        151.7864135111613,
        146.7906830755469,
        149.44428922949817,
        149.96103427138794
    ],
    "actual": [
        211.988,
        129.97,
        220.92,
        141.562
    ],
    "mse": 2271.6218504353737,
    "rmse": 47.661534285368674,
    "mape": 19.906832930496034
}