{
    "predictions": [
        473.58127192897484,
        405.4240203987537,
        493.61484478386814,
        574.8319005716248
    ],
    "actual": [
        498.254,
        354.665,
        475.26899999999995,
        624.6
    ],
    "mse": 1499.6638509635677,
    "rmse": 38.72549355351804,
    "mape": 7.772937765305313
}