{
    "predictions": [
        247.1272320589056,
        193.48704850004322,
        228.10779810507745,
        205.7626787618673
    ],
    "actual": [
        128.58,
        92.521,
        77.575,
        150.78
    ],
    "mse": 12482.701861928948,
    "rmse": 111.7260124676834,
    "mape": 107.9596361985387
}