{
    "predictions": [
        665.7905610813241,
        707.7667396906689,
        716.5476892296404,
        718.6720457618092
    ],
    "actual": [
        669.0,
        736.0,
        746.0,
        750.0
    ],
    "mse": 664.0742030827955,
    "rmse": 25.769637232269986,
    "mape": 3.1102172653748252
}