{
    "predictions": [
        1432.466936361029,
        1404.4344790438959,
        1369.9063829922416,
        1364.148432103685
    ],
    "actual": [
        830.9,
        1763.6000000000001,
        1628.5,
        1055.7
    ],
    "mse": 163223.43609771025,
    "rmse": 404.00920298640506,
    "mape": 34.46539951666271
}