{
    "predictions": [
        68.55407732367698,
        86.96095455806464,
        80.7463801495802,
        74.02566612256224
    ],
    "actual": [
        76.08600000000001,
        110.079,
        86.41200000000002,
        79.07599999999998
    ],
    "mse": 162.19475120514085,
    "rmse": 12.735570313305205,
    "mape": 10.960937074456496
}