{
    "predictions": [
        19303493.71908536,
        17185178.924105685,
        13685651.509475617,
        20477869.88824921
    ],
    "actual": [
        21617000.0,
        21617000.0,
        24341000.0,
        23035000.0
    ],
    "mse": 36267178805878.84,
    "rmse": 6022223.742595325,
    "mape": 21.520046021944435
}