{
    "predictions": [
        6905892.454088303,
        3128264.4542275653,
        575189.7863293187,
        -2911061.089042048
    ],
    "actual": [
        47695999.99999999,
        60767000.00000001,
        58946999.999999985,
        70366000.0
    ],
    "mse": 3440713154597630.5,
    "rmse": 58657592.47188407,
    "mape": 95.88357785306125
}