{
    "predictions": [
        52.37757356136159,
        54.7542281226,
        57.470742633692616,
        57.87735746283003
    ],
    "actual": [
        56.058,
        56.853,
        54.172999999999995,
        79.776
    ],
    "mse": 127.09400840310444,
    "rmse": 11.273597846433251,
    "mape": 10.948639655603026
}