{
    "predictions": [
        409.60485005722,
        499.807233687499,
        437.92348205422155,
        430.2326732487425
    ],
    "actual": [
        430.4,
        374.50000000000006,
        396.4,
        330.0
    ],
    "mse": 6976.282356013153,
    "rmse": 83.5241423542508,
    "mape": 19.78503663744233
}