{
    "predictions": [
        637.5148035558232,
        639.2867873319566,
        659.9076018249945,
        699.6944689436096
    ],
    "actual": [
        731.3,
        694.3,
        702.6,
        736.9
    ],
    "mse": 3757.2522608133604,
    "rmse": 61.2964294295627,
    "mape": 7.968317490494792
}