{
    "predictions": [
        593.5372563767858,
        550.9458728738266,
        604.1153320232554,
        630.7645789453699
    ],
    "actual": [
        700.299,
        767.828,
        767.828,
        716.019
    ],
    "mse": 23126.520233416628,
    "rmse": 152.07406167199136,
    "mape": 19.179901732863147
}