{
    "predictions": [
        150.99159699664327,
        300.7142655793768,
        314.9460326772904,
        257.9642573093789
    ],
    "actual": [
        144.88299999999998,
        320.671,
        356.712,
        281.266
    ],
    "mse": 680.738361206061,
    "rmse": 26.090963209626068,
    "mape": 7.608211548448549
}