{
    "predictions": [
        667.1542877472608,
        751.1536021018222,
        733.4750913374843,
        623.7698085624859
    ],
    "actual": [
        227.955,
        123.126,
        186.667,
        185.776
    ],
    "mse": 269538.08711267,
    "rmse": 519.1705761237533,
    "mape": 307.85879667413064
}