{
    "predictions": [
        455.5517014477054,
        467.6213970129652,
        431.861256253261,
        404.36900584025756
    ],
    "actual": [
        469.5,
        425.99999999999994,
        343.4,
        246.39999999999998
    ],
    "mse": 8676.624096469815,
    "rmse": 93.14839824962003,
    "mape": 25.653093711329827
}