{
    "predictions": [
        1122.4888526954194,
        1131.4360163781278,
        1151.2813581622656,
        1163.081045017154
    ],
    "actual": [
        1164.0,
        1222.1,
        1303.3,
        1252.7
    ],
    "mse": 10271.089458784101,
    "rmse": 101.34638355059396,
    "mape": 7.450787570977425
}