{
    "predictions": [
        28.258631371668134,
        32.733870265415845,
        32.67206469368984,
        47.08347070162997
    ],
    "actual": [
        47.190999999999995,
        47.447,
        67.776,
        53.216
    ],
    "mse": 461.20123951268107,
    "rmse": 21.475596371525544,
    "mape": 33.611526310550644
}