{
    "predictions": [
        78.60727390712184,
        80.6487123668511,
        81.52991972906072,
        81.9103017148667
    ],
    "actual": [
        189.1,
        53.293,
        49.44,
        61.123
    ],
    "mse": 3604.7130948340373,
    "rmse": 60.039262943794014,
    "mape": 52.169346884880994
}