{
    "predictions": [
        160.5418930774827,
        132.3688702267953,
        135.87164261497085,
        151.5224834115098
    ],
    "actual": [
        165.0,
        169.0,
        169.0,
        195.0
    ],
    "mse": 1087.374224381654,
    "rmse": 32.97535783553613,
    "mape": 16.56896209715627
}