{
    "predictions": [
        469.9491921632972,
        476.6941134805105,
        483.4377641910415,
        490.18014453424684
    ],
    "actual": [
        353.053,
        315.904,
        457.169,
        473.976
    ],
    "mse": 10117.700651891315,
    "rmse": 100.58678169566474,
    "mape": 23.293310018549313
}