{
    "predictions": [
        1308.2988346880284,
        1268.4701168883623,
        1506.7500555517267,
        1474.3405877570215
    ],
    "actual": [
        1076.9,
        1398.7,
        1816.9,
        1663.4
    ],
    "mse": 50610.42313729396,
    "rmse": 224.9676046396324,
    "mape": 14.808599651496445
}