{
    "predictions": [
        55.11544925505112,
        36.18463333810453,
        70.35303385040446,
        61.78373166404483
    ],
    "actual": [
        50.9,
        44.1,
        84.3,
        63.00000000000001
    ],
    "mse": 69.10505381429206,
    "rmse": 8.312944954364372,
    "mape": 11.1763828444023
}