{
    "predictions": [
        244.0298786804221,
        247.25536394547518,
        250.0302607515589,
        251.77587079224955
    ],
    "actual": [
        243.9,
        259.3,
        230.59999999999997,
        243.6
    ],
    "mse": 147.36750556067966,
    "rmse": 12.139501866249688,
    "mape": 4.120134134933073
}