{
    "predictions": [
        177.40985964746287,
        199.96541020126892,
        207.2161606079491,
        187.95599269281368
    ],
    "actual": [
        168.237,
        258.457,
        218.05400000000003,
        191.276
    ],
    "mse": 908.4721606256837,
    "rmse": 30.140871928756205,
    "mape": 8.697346545683915
}