{
    "predictions": [
        60682812.687822804,
        59422187.10074447,
        58629410.66371507,
        59344416.287926294
    ],
    "actual": [
        61651000.0,
        71519000.0,
        75789000.0,
        74539000.0
    ],
    "mse": 168149287341053.72,
    "rmse": 12967239.00223381,
    "mape": 15.377641682084938
}