{
    "predictions": [
        193.66146683767053,
        211.73171826569526,
        261.2500942132329,
        190.35353767592116
    ],
    "actual": [
        178.149,
        207.35500000000002,
        260.6,
        214.7
    ],
    "mse": 213.24128508774177,
    "rmse": 14.602783470549092,
    "mape": 5.601884077432887
}