{
    "predictions": [
        359.76075362308376,
        365.1853233187858,
        385.31568335185375,
        438.8002917751571
    ],
    "actual": [
        434.84,
        408.12,
        401.723,
        428.374
    ],
    "mse": 1964.5468245048335,
    "rmse": 44.32320864405953,
    "mape": 8.57605435890359
}