{
    "predictions": [
        1059.9216694889499,
        1052.7998490637667,
        1039.068571534402,
        1044.9331324144734
    ],
    "actual": [
        1027.592,
        1444.143,
        1128.329,
        1084.362
    ],
    "mse": 40929.18225072583,
    "rmse": 202.30961976813123,
    "mape": 10.44794678779805
}