{
    "predictions": [
        381.2984976688123,
        365.42799589922754,
        378.6866844339495,
        389.1778266097006
    ],
    "actual": [
        385.994,
        318.341,
        329.81500000000005,
        319.965
    ],
    "mse": 2354.5224579180203,
    "rmse": 48.5234217457716,
    "mape": 13.114280779619348
}