{
    "predictions": [
        923.8924021190171,
        1117.788961714296,
        891.9962711036957,
        851.4496327157275
    ],
    "actual": [
        893.011,
        694.884,
        516.489,
        363.052
    ],
    "mse": 139835.05648336938,
    "rmse": 373.94525867213423,
    "mape": 67.88681818327258
}