{
    "predictions": [
        54.5593778454314,
        54.5593778454314,
        54.5593778454314,
        54.5593778454314
    ],
    "actual": [
        67.09999999999998,
        74.0,
        65.4,
        62.3
    ],
    "mse": 178.16032845457045,
    "rmse": 13.347671274592075,
    "mape": 18.4902980827952
}