{
    "predictions": [
        1003.7068625431249,
        917.7799826130253,
        809.0228324369883,
        866.7623756469662
    ],
    "actual": [
        965.616,
        1227.052,
        1108.0,
        1020.9999999999999
    ],
    "mse": 52569.171509489264,
    "rmse": 229.2796796698069,
    "mape": 17.809805267210333
}