{
    "predictions": [
        9734.576078393404,
        7708.514548990061,
        5581.950952391884,
        7200.954266380226
    ],
    "actual": [
        11640.0,
        11862.0,
        11586.0,
        10847.0
    ],
    "mse": 17556084.042628195,
    "rmse": 4189.998095778588,
    "mape": 34.204915538722084
}