{
    "predictions": [
        455.0133499930019,
        649.8331889733159,
        683.1275110539057,
        547.5544159355645
    ],
    "actual": [
        485.29999999999995,
        776.4,
        693.2,
        706.8
    ],
    "mse": 10599.262474925777,
    "rmse": 102.9527196091768,
    "mape": 11.631526647086579
}