{
    "predictions": [
        334.39076296614144,
        319.2208691486489,
        308.4364269314718,
        288.0511378218434
    ],
    "actual": [
        349.0,
        319.0,
        210.0,
        323.0
    ],
    "mse": 2781.157926118764,
    "rmse": 52.736684822984124,
    "mape": 15.48745899143131
}