{
    "predictions": [
        3017536.969916104,
        6886224.573193454,
        10351105.982869206,
        19639923.412057318
    ],
    "actual": [
        51692000.00000001,
        -43772000.0,
        -9151000.000000002,
        -34330000.0
    ],
    "mse": 2057135959761375.5,
    "rmse": 45355660.72455979,
    "mape": 145.05454821916754
}