{
    "predictions": [
        127.82963591665751,
        160.22934010709358,
        137.39415906615932,
        97.6868325672925
    ],
    "actual": [
        166.4,
        204.8,
        137.0,
        90.0
    ],
    "mse": 883.3648662744398,
    "rmse": 29.721454646003444,
    "mape": 13.442738821677844
}