{
    "predictions": [
        52.26104740007496,
        52.26104740007496,
        52.26104740007496,
        52.26104740007496
    ],
    "actual": [
        27.137000000000004,
        27.137000000000004,
        9.079000000000002,
        38.447
    ],
    "mse": 829.4881596890659,
    "rmse": 28.800836093576624,
    "mape": 174.18005302207638
}