{
    "predictions": [
        1945.315813446455,
        2021.2659962619348,
        2002.9239880336283,
        1861.9641165610667
    ],
    "actual": [
        2014.0,
        2414.0,
        2414.0,
        1923.0
    ],
    "mse": 82916.5954640001,
    "rmse": 287.95241875004297,
    "mape": 9.970544104228757
}