{
    "predictions": [
        46.88746498556821,
        105.09926186336659,
        208.9390828573758,
        236.6849177548302
    ],
    "actual": [
        102.544,
        232.52100000000002,
        218.72500000000002,
        83.987
    ],
    "mse": 10686.591875139162,
    "rmse": 103.37597339391374,
    "mape": 73.84032625108605
}