{
    "predictions": [
        68.66736244957583,
        73.39852536801759,
        70.12096211671354,
        100.73643350587224
    ],
    "actual": [
        36.9,
        72.4,
        104.5,
        127.40000000000002
    ],
    "mse": 725.7565984701287,
    "rmse": 26.939870052955502,
    "mape": 35.32430218982046
}