{
    "predictions": [
        39.28548678025411,
        39.211225708539835,
        39.15545086019076,
        37.71657483354356
    ],
    "actual": [
        46.621,
        46.621,
        46.621,
        53.388
    ],
    "mse": 102.51062498855035,
    "rmse": 10.124753082843569,
    "mape": 19.248776214796383
}