{
    "predictions": [
        2784.62399037891,
        2642.030297856375,
        2845.3021229810183,
        2818.085140812589
    ],
    "actual": [
        2788.0,
        2910.0,
        2837.0,
        2986.0
    ],
    "mse": 25020.870972456192,
    "rmse": 158.17986904930788,
    "mape": 3.811428371876967
}