{
    "predictions": [
        473.750990991302,
        524.9530160715711,
        591.4430908096745,
        355.31483373480285
    ],
    "actual": [
        671.694,
        526.595,
        660.911,
        254.55400000000003
    ],
    "mse": 13540.666737211646,
    "rmse": 116.36437056595823,
    "mape": 19.96881309099294
}