{
    "predictions": [
        25.638133066304196,
        43.59167548666276,
        47.5944955373099,
        80.15091946775203
    ],
    "actual": [
        -87.101,
        -71.496,
        -71.496,
        -1.2939999999999996
    ],
    "mse": 11692.77655197397,
    "rmse": 108.13314270830183,
    "mape": 1687.7546059593
}