{
    "predictions": [
        -15.952877035480372,
        16.083930021428284,
        28.807973600303267,
        70.24311919819877
    ],
    "actual": [
        122.624,
        156.893,
        153.21,
        176.871
    ],
    "mse": 16469.028543442735,
    "rmse": 128.33171292959014,
    "mape": 86.06020109168998
}