{
    "predictions": [
        240.81716236495882,
        227.15991970412432,
        221.7444945055908,
        268.89673784199596
    ],
    "actual": [
        170.3,
        171.0,
        214.4,
        263.4
    ],
    "mse": 2052.6906239064847,
    "rmse": 45.30662891792419,
    "mape": 19.940528515583573
}