{
    "predictions": [
        483.3847417222766,
        421.01914562897207,
        411.70973872379597,
        622.1606472136752
    ],
    "actual": [
        367.418,
        670.723,
        438.149,
        441.269
    ],
    "mse": 27305.280660484208,
    "rmse": 165.24309565148013,
    "mape": 28.954873431581447
}