{
    "predictions": [
        3732.004974656318,
        3476.6684794493403,
        3864.0906801966225,
        3898.887246416457
    ],
    "actual": [
        2875.0,
        3251.0,
        4224.0,
        3086.0
    ],
    "mse": 393926.04576762835,
    "rmse": 627.6352808499761,
    "mape": 17.903022005329227
}