{
    "predictions": [
        22.142536375285754,
        22.142536375285754,
        22.142536375285754,
        22.142536375285754
    ],
    "actual": [
        24.195,
        15.872999999999998,
        19.129000000000005,
        23.809
    ],
    "mse": 13.844548947368132,
    "rmse": 3.72082637963237,
    "mape": 17.683546311229808
}