{
    "predictions": [
        201.29086594867525,
        182.08118776344418,
        169.67986088881443,
        201.8467824048156
    ],
    "actual": [
        -2267.1,
        115.79999999999998,
        57.19999999999998,
        104.39999999999998
    ],
    "mse": 1529873.5643642002,
    "rmse": 1236.8805780527885,
    "mape": 114.02484146329851
}