{
    "predictions": [
        68.08213855273323,
        95.18300813413705,
        106.48658905441917,
        98.73154333023318
    ],
    "actual": [
        51.366,
        65.966,
        56.633,
        37.008
    ],
    "mse": 1857.05974881762,
    "rmse": 43.093616102824555,
    "mape": 82.91193879154619
}