{
    "predictions": [
        34351999.999999985,
        34351999.999999985,
        34351999.999999985,
        34351999.999999985
    ],
    "actual": [
        19760000.00000002,
        32718000.000000015,
        50887999.99999998,
        61488000.0
    ],
    "mse": 306349552999999.9,
    "rmse": 17502844.14031045,
    "mape": 38.86685644503937
}