{
    "predictions": [
        329.3164555567265,
        353.7164039494218,
        342.21002901744805,
        369.29105635420893
    ],
    "actual": [
        345.0,
        438.0,
        379.0,
        243.0
    ],
    "mse": 6163.157752370042,
    "rmse": 78.50578164931575,
    "mape": 21.366882385791758
}