{
    "predictions": [
        105.55297299435712,
        68.22362342493652,
        92.59826380723801,
        45.59373133415851
    ],
    "actual": [
        38.036,
        39.358,
        53.76899999999999,
        35.732
    ],
    "mse": 1749.1828326875502,
    "rmse": 41.82323316874904,
    "mape": 87.66584648882267
}