{
    "predictions": [
        422.4742602611534,
        443.6543375823181,
        426.8014593037649,
        450.406760633239
    ],
    "actual": [
        528.974,
        577.48,
        534.873,
        623.953
    ],
    "mse": 17762.314398194136,
    "rmse": 133.27533304476916,
    "mape": 22.83160488725698
}