{
    "predictions": [
        52.598075754811234,
        65.64505560361613,
        53.6402762568267,
        82.8183543468418
    ],
    "actual": [
        85.8,
        32.4,
        18.100000000000005,
        79.4
    ],
    "mse": 870.5994696307284,
    "rmse": 29.50592261954756,
    "mape": 85.49135683200032
}