{
    "predictions": [
        114.18277055129235,
        106.26150562660553,
        104.06743769951396,
        78.91107825937695
    ],
    "actual": [
        85.0,
        113.0,
        113.0,
        121.0
    ],
    "mse": 687.0773515025003,
    "rmse": 26.212160374576154,
    "mape": 20.74627395677539
}