{
    "predictions": [
        2988.5331871197477,
        3108.7648757187494,
        3223.094029693777,
        3106.142377257143
    ],
    "actual": [
        3058.0,
        3099.0,
        3105.0,
        3131.0
    ],
    "mse": 4871.273036820873,
    "rmse": 69.79450577818338,
    "mape": 1.7960024117970703
}