{
    "predictions": [
        87.08764877779835,
        71.7860629168265,
        90.02526191325603,
        94.64926543275858
    ],
    "actual": [
        88.99999999999999,
        128.0,
        80.0,
        108.0
    ],
    "mse": 860.6029498755906,
    "rmse": 29.33603500603977,
    "mape": 17.739804060548103
}