{
    "predictions": [
        3475.0121617872774,
        3597.117558143393,
        1093.4517022668256,
        2327.385353452642
    ],
    "actual": [
        4185.0,
        2518.0,
        2039.0,
        1315.0
    ],
    "mse": 896890.7804837173,
    "rmse": 947.0431777293564,
    "mape": 45.79545450213555
}