{
    "predictions": [
        420.51419763885673,
        665.4385242852361,
        641.7952817561384,
        529.0594160106017
    ],
    "actual": [
        323.5,
        601.7,
        585.0,
        511.6
    ],
    "mse": 4251.222314690294,
    "rmse": 65.20139810380061,
    "mape": 13.425827505411489
}