{
    "predictions": [
        106.63078457504317,
        98.95485942095891,
        84.89787799707081,
        65.19890278874216
    ],
    "actual": [
        158.194,
        171.072,
        149.75,
        144.842
    ],
    "mse": 4602.116952985591,
    "rmse": 67.83890442058738,
    "mape": 43.261014377766436
}