{
    "predictions": [
        353.28398116144086,
        353.28398116144086,
        353.28398116144086,
        353.28398116144086
    ],
    "actual": [
        380.0,
        499.3,
        388.1000000000001,
        392.7
    ],
    "mse": 6200.050282223316,
    "rmse": 78.74039803190809,
    "mape": 13.820687199164203
}