{
    "predictions": [
        269.9118149199349,
        273.12039601960413,
        276.325746554984,
        279.5278697787727
    ],
    "actual": [
        282.6,
        287.0,
        288.8,
        272.6
    ],
    "mse": 139.30895649018348,
    "rmse": 11.802921523512028,
    "mape": 4.046661832229682
}