{
    "predictions": [
        -534.6662912637768,
        257.02646079955326,
        -164.28524068158265,
        62.7588797091874
    ],
    "actual": [
        336.511,
        413.731,
        350.684,
        379.858
    ],
    "mse": 287312.8390892722,
    "rmse": 536.015707875499,
    "mape": 131.77165042039832
}