{
    "predictions": [
        97.9446675156168,
        94.09672559974157,
        97.73626418631638,
        94.22985531763467
    ],
    "actual": [
        104.871,
        65.212,
        86.656,
        104.64300000000001
    ],
    "mse": 278.3768228177567,
    "rmse": 16.68462833921561,
    "mape": 18.408950985445788
}