{
    "predictions": [
        475.6300565181998,
        498.1998969327633,
        487.1511990026316,
        482.2868870324635
    ],
    "actual": [
        441.942,
        525.595,
        486.26199999999994,
        310.522
    ],
    "mse": 7847.335979044794,
    "rmse": 88.58519051762994,
    "mape": 17.083172334003205
}