{
    "predictions": [
        1205660352.167269,
        1223021814.4273987,
        1211480248.2855868,
        1217398370.4987288
    ],
    "actual": [
        530500000.0,
        1034000000.0,
        540300000.0,
        1209300000.0
    ],
    "mse": 2.355298141903733e+17,
    "rmse": 485314139.69755024,
    "mape": 67.61065506772206
}