{
    "predictions": [
        61.84718121164472,
        1.4848177307938737,
        0.9464325137948149,
        26.220286135169097
    ],
    "actual": [
        84.40099999999998,
        14.565,
        14.565,
        62.391999999999996
    ],
    "mse": 543.4060436072866,
    "rmse": 23.311071266831274,
    "mape": 67.0011813367492
}