{
    "predictions": [
        532.0844708838671,
        538.577350969889,
        541.8423457505301,
        558.8118872926561
    ],
    "actual": [
        522.0,
        540.0,
        553.0,
        483.0
    ],
    "mse": 1493.9139966238874,
    "rmse": 38.651183638071004,
    "mape": 4.977261603009306
}