{
    "predictions": [
        977.23001538461,
        564.0771699587085,
        606.4602291559876,
        657.7669813545742
    ],
    "actual": [
        1044.0,
        879.0,
        3063.0,
        794.0
    ],
    "mse": 1539195.4252085881,
    "rmse": 1240.643149825359,
    "mape": 34.89531276997257
}