{
    "predictions": [
        355.3878044236794,
        339.4085699553294,
        315.3048069631755,
        256.11746259789584
    ],
    "actual": [
        286.9,
        465.5,
        385.2,
        355.9
    ],
    "mse": 8857.880216385873,
    "rmse": 94.11631216949522,
    "mape": 24.285205553726257
}