{
    "predictions": [
        646218436.4737185,
        672246389.8476214,
        656756814.2212828,
        665020081.2632359
    ],
    "actual": [
        667182000.0,
        620921000.0,
        741906000.0,
        805567000.0
    ],
    "mse": 7519396710976954.0,
    "rmse": 86714455.02900283,
    "mape": 10.08303916436045
}