{
    "predictions": [
        134.69993394248812,
        145.60897049434726,
        146.56108221870295,
        145.4903800150641
    ],
    "actual": [
        127.052,
        146.829,
        130.559,
        139.556
    ],
    "mse": 87.81571677016153,
    "rmse": 9.371004042799338,
    "mape": 5.839842165906092
}