{
    "predictions": [
        63.898921965298385,
        39.35076189678258,
        70.56631768747876,
        95.75621604034686
    ],
    "actual": [
        49.8,
        58.00000000000001,
        28.7,
        14.4
    ],
    "mse": 2229.549031881639,
    "rmse": 47.218100680582644,
    "mape": 192.82858524243363
}