{
    "predictions": [
        422.09766638083056,
        262.21815791195985,
        531.9056348343235,
        592.4607540058504
    ],
    "actual": [
        2.000000000000017,
        211.0,
        350.0,
        334.0
    ],
    "mse": 69749.24258606625,
    "rmse": 264.100818980302,
    "mape": 5289.628456334429
}