{
    "predictions": [
        610.7320125444842,
        627.4532374221285,
        668.2763366527565,
        695.2917940250317
    ],
    "actual": [
        546.0,
        744.0,
        536.0,
        355.0
    ],
    "mse": 37767.22890862249,
    "rmse": 194.33792452484022,
    "mape": 37.013957950275675
}