{
    "predictions": [
        1552.0907720698265,
        1678.205158995003,
        1733.6904540016071,
        1705.4420862097063
    ],
    "actual": [
        1513.0000000000002,
        1573.0,
        1683.9999999999998,
        1705.9999999999998
    ],
    "mse": 3766.4166067155616,
    "rmse": 61.37113822242147,
    "mape": 3.0638219766699115
}