{
    "predictions": [
        9709.469972741397,
        10554.133108815258,
        9485.088026697314,
        10289.457632202348
    ],
    "actual": [
        9969.0,
        11151.0,
        9968.0,
        11233.000000000002
    ],
    "mse": 386770.5236574217,
    "rmse": 621.9087743852965,
    "mape": 5.300078921756706
}