{
    "predictions": [
        70.61564558747806,
        84.350095936201,
        82.25806360149141,
        79.26694638822198
    ],
    "actual": [
        42.434,
        57.639,
        -419.382,
        20.177
    ],
    "mse": 64160.515742100615,
    "rmse": 253.2992612348102,
    "mape": 131.30674895827005
}