{
    "predictions": [
        30.164391411904997,
        50.94711676469953,
        50.1979200659445,
        41.589479396602066
    ],
    "actual": [
        19.926999999999992,
        18.212999999999997,
        8.289000000000003,
        18.068000000000005
    ],
    "mse": 871.4860393460076,
    "rmse": 29.52094238580482,
    "mape": 216.72094469862094
}