{
    "predictions": [
        65.8319122321195,
        85.8480202407639,
        121.93739809392422,
        130.2863339807067
    ],
    "actual": [
        40.484,
        35.965,
        53.915,
        42.826
    ],
    "mse": 3851.7972563331896,
    "rmse": 62.062849244400546,
    "mape": 132.9248693160151
}