{
    "predictions": [
        38.04798779921402,
        -4.455061810525233,
        20.95720333021772,
        30.74580178602565
    ],
    "actual": [
        19.0,
        -61.2,
        38.5,
        46.6
    ],
    "mse": 1035.4797913329073,
    "rmse": 32.17887181572572,
    "mape": 68.1401612042826
}