{
    "predictions": [
        251.83199895623702,
        391.74952499431254,
        451.8193083786782,
        529.2036933305392
    ],
    "actual": [
        326.0,
        399.0,
        207.0,
        294.0
    ],
    "mse": 30202.683219494094,
    "rmse": 173.7891918949337,
    "mape": 55.70988393509878
}