{
    "predictions": [
        252.1490201640239,
        259.70884360466965,
        260.0178849690925,
        257.2270376201638
    ],
    "actual": [
        265.00000000000006,
        325.0,
        318.0,
        261.0
    ],
    "mse": 1951.0609236903001,
    "rmse": 44.17081529347517,
    "mape": 11.154490474706934
}