{
    "predictions": [
        313.3943814182687,
        345.97287789022823,
        390.1647888222681,
        384.84861018617744
    ],
    "actual": [
        344.0,
        403.0,
        443.0,
        457.0
    ],
    "mse": 3046.5447842887343,
    "rmse": 55.19551416817072,
    "mape": 12.690591829923086
}