{
    "predictions": [
        630.528941643593,
        647.5264309957,
        679.9695635902171,
        716.053723753916
    ],
    "actual": [
        535.0,
        649.0,
        661.0,
        728.0
    ],
    "mse": 2407.6269890266203,
    "rmse": 49.06757574026477,
    "mape": 5.648432316652526
}