{
    "predictions": [
        653464412.4682038,
        589450282.7206312,
        636385407.2076532,
        601972599.9212153
    ],
    "actual": [
        504400000.0,
        596500000.0,
        573500000.0,
        723100000.0000001
    ],
    "mse": 1.0224079766932044e+16,
    "rmse": 101114191.7187298,
    "mape": 14.612747302123342
}