{
    "predictions": [
        79428538.02681015,
        91705700.1698125,
        99420552.44012135,
        140553325.6290451
    ],
    "actual": [
        69725000.0,
        89028000.0,
        19414000.000000004,
        140931000.0
    ],
    "mse": 1625629949930382.2,
    "rmse": 40319101.551626645,
    "mape": 107.32501846249353
}