{
    "predictions": [
        946.2138820872203,
        956.9466442751274,
        984.7792459806732,
        922.6444296085282
    ],
    "actual": [
        931.0,
        966.0,
        1039.0,
        822.0
    ],
    "mse": 3345.654208923814,
    "rmse": 57.84163041377563,
    "mape": 5.008436075989862
}