{
    "predictions": [
        353.00522983074194,
        338.9810136556626,
        304.52510279417044,
        288.7009840905667,
        265.2013347148896,
        242.3984919190407,
        238.87992075085643,
        226.4918801188469,
        231.30472195148468,
        221.88539844751358
    ],
    "actual": [
        570.0,
        506.00000000000006,
        473.0,
        518.0,
        509.0,
        461.00000000000006,
        431.0,
        469.00000000000006,
        504.0,
        484.0
    ],
    "mse": 50195.540237188434,
    "rmse": 224.04361235524755,
    "mape": 45.08231404733853
}