{
    "predictions": [
        1313.6623458862302,
        681.1741113662719,
        214.1623058319091,
        569.0593199729918,
        139.43162059783927,
        17.799210071563646,
        599.653275489807,
        1026.9895710945127,
        988.6151251792907,
        1013.0313720703124
    ],
    "actual": [
        1541.0000000000002,
        1961.9999999999998,
        1032.0,
        2732.0,
        1293.9999999999998,
        1224.0000000000002,
        83.99999999999976,
        1514.0000000000002,
        223.9999999999998,
        1735.0
    ],
    "mse": 1143626.9181383215,
    "rmse": 1069.4049364662208,
    "mape": 145.52214059464436
}