{
    "predictions": [
        240.02956973731523,
        244.56909350359444,
        249.25021192741397,
        250.986046938777,
        245.22271009600166,
        246.07246893393997,
        238.8922787754536,
        238.5743947128058,
        242.3999320714474,
        244.0012354550362
    ],
    "actual": [
        196.38,
        -34.893999999999956,
        73.42799999999998,
        73.42799999999998,
        180.73199999999997,
        180.73199999999997,
        144.483,
        144.483,
        50.15700000000001,
        -436.318
    ],
    "mse": 66843.1553917261,
    "rmse": 258.54043279867483,
    "mape": 204.58866374737727
}