{
    "predictions": [
        23749.133903503418,
        25145.106033325195,
        26460.265859603882,
        31153.084502220154,
        28102.38770198822,
        34003.93682765961,
        39125.63454627991,
        40434.747809410095,
        39885.40060043335,
        42176.87468338013
    ],
    "actual": [
        31216.0,
        31216.0,
        26049.999999999996,
        26049.999999999996,
        29622.0,
        43221.0,
        30736.0,
        28202.0,
        32502.0,
        45912.00000000001
    ],
    "mse": 49457495.977525204,
    "rmse": 7032.602361681286,
    "mape": 19.251136224075648
}