{
    "predictions": [
        52373821.38026952,
        52764518.247508995,
        52460744.47400569,
        50347543.34782361,
        49741298.71656894,
        51278983.34203958,
        52251045.35403251,
        54782631.34124278,
        56391124.267530434,
        57009438.44851255
    ],
    "actual": [
        62732000.0,
        57183000.0,
        59617000.0,
        61315000.0,
        61007000.0,
        59307000.0,
        71355000.0,
        62795000.0,
        71337000.0,
        60752000.0
    ],
    "mse": 115622212377013.28,
    "rmse": 10752776.96118604,
    "mape": 15.277626639133029
}