{
    "predictions": [
        2290.577194213867,
        2060.237617969513,
        2288.0872163772583,
        3956.6094732284546,
        4144.678160667419,
        4218.590273857117,
        4347.74671459198,
        4816.068208694458,
        5047.126152038574,
        4895.31919002533
    ],
    "actual": [
        2585.0,
        2345.0,
        2332.0,
        2342.0,
        2278.0,
        2410.0,
        2382.0,
        2552.0,
        2399.0,
        2664.0
    ],
    "mse": 3051367.5065030493,
    "rmse": 1746.81639175474,
    "mape": 61.67318193769169
}