{
    "predictions": [
        88239007.69153236,
        70693466.41287206,
        59024298.62204193,
        70820264.5485997,
        91547819.43264602,
        81931797.48043416,
        58249656.516313545,
        70109656.42666815,
        107197948.40985537,
        106364402.69631146
    ],
    "actual": [
        59397000.0,
        37329000.0,
        180082000.0,
        9186999.999999998,
        42456000.00000001,
        92388000.0,
        201251000.0,
        41721000.00000001,
        88827000.0,
        159487000.0
    ],
    "mse": 4733281643648242.0,
    "rmse": 68798849.14479487,
    "mape": 119.6073896778784
}