{
    "predictions": [
        228.62806120300294,
        219.47048165512086,
        218.25772956085206,
        218.61651089096068,
        217.93181006622314,
        214.04101758193968,
        221.35238399887086,
        220.2936725616455,
        214.72123315811157,
        224.1673337097168
    ],
    "actual": [
        220.60500000000002,
        222.973,
        238.136,
        250.456,
        256.05,
        251.56800000000004,
        262.712,
        290.602,
        294.367,
        268.845
    ],
    "mse": 1934.0227445350872,
    "rmse": 43.977525448063666,
    "mape": 13.96843182547303
}