{
    "predictions": [
        84.48780372608898,
        101.16156811330316,
        104.7587767518997,
        115.85296979484556,
        128.03272770164608,
        127.1451340409517,
        145.64028553501365,
        151.6784885404229,
        152.4364349678993,
        163.60260275580882
    ],
    "actual": [
        89.586,
        95.299,
        101.153,
        105.375,
        141.684,
        117.548,
        127.372,
        141.084,
        134.345,
        140.463
    ],
    "mse": 177.032768301678,
    "rmse": 13.305366146847595,
    "mape": 9.494225712711192
}