{
    "predictions": [
        603.175234079361,
        631.1573357582092,
        666.1513562202454,
        839.7745590209962,
        1037.5001993179321,
        1044.1073198318481,
        923.1713089942933,
        1063.5595531463623,
        1334.7004976272583,
        1558.1488227844238
    ],
    "actual": [
        1263.0,
        1211.0,
        1463.0,
        1304.0,
        1253.0,
        1074.0,
        1331.0,
        1069.0,
        748.0,
        679.0
    ],
    "mse": 295286.6960753382,
    "rmse": 543.4028855971766,
    "mape": 44.92354412326439
}