{
    "predictions": [
        1395.8389018058776,
        1127.1726667881012,
        1009.4871459484101,
        1068.5037115812302,
        1342.4764232635498,
        1058.3751098394393,
        1014.9500353097916,
        1168.883359003067,
        1496.064815378189,
        1283.549139213562
    ],
    "actual": [
        1161.6000000000001,
        1223.8000000000002,
        1509.3,
        1181.5,
        1258.9,
        1326.7,
        1753.6,
        1327.2,
        1410.6,
        1450.9
    ],
    "mse": 101174.7494546673,
    "rmse": 318.0797847312326,
    "mape": 16.924762006525185
}