{
    "predictions": [
        -118.9541712641716,
        -143.0904151082039,
        -157.1574593961239,
        -214.94666576385498,
        -253.62746636867524,
        -231.43637790679932,
        -235.92297444343566,
        -284.6959421157837,
        -189.77261325120926,
        -192.6729766368866
    ],
    "actual": [
        306.0,
        330.0,
        253.0,
        304.0,
        381.0,
        375.99999999999994,
        354.0,
        402.0,
        405.0,
        434.99999999999994
    ],
    "mse": 318095.4605990189,
    "rmse": 563.9995218074381,
    "mape": 157.17943417552473
}