{
    "predictions": [
        306.4748740619421,
        321.96610275542736,
        330.69345393806697,
        347.1488054720163,
        344.6333085932731,
        364.93985548877714,
        375.4159636735916,
        392.5566530516147,
        385.62393787097926,
        366.81888819754124
    ],
    "actual": [
        317.546,
        313.077,
        313.586,
        300.607,
        343.172,
        326.81,
        351.263,
        330.265,
        244.318,
        330.123
    ],
    "mse": 2989.398389889485,
    "rmse": 54.675391081266945,
    "mape": 13.404674028787388
}