{
    "predictions": [
        216.52682837432627,
        207.59333982503418,
        207.16026507949832,
        212.37573342657092,
        209.0822760779262,
        214.93884465134147,
        217.8732549208999,
        201.8283385742307,
        219.47697274720673,
        270.4149715397358
    ],
    "actual": [
        971.7080000000001,
        884.9979999999998,
        1196.141,
        247.67300000000006,
        -22.24599999999996,
        -775.675,
        -5.853999999999975,
        -320.66599999999994,
        -967.584,
        137.25600000000006
    ],
    "mse": 479323.2310361865,
    "rmse": 692.3317348180614,
    "mape": 562.3189692852396
}