{
    "predictions": [
        104.09828339242935,
        85.27619993829727,
        75.9263941874504,
        60.4345914735794,
        43.446204339504234,
        46.61074113154411,
        49.7555510892868,
        38.537262987136835,
        41.18590452218055,
        48.681609097957605
    ],
    "actual": [
        54.32300000000001,
        140.309,
        147.893,
        176.154,
        70.582,
        70.582,
        91.482,
        111.321,
        46.367000000000004,
        129.278
    ],
    "mse": 3894.8525328219316,
    "rmse": 62.40875365541225,
    "mape": 50.21235331832611
}