{
    "predictions": [
        312.05712026357656,
        136.530003964901,
        80.502692848444,
        34.77770507335665,
        72.94569912552835,
        96.98045444488528,
        353.5572604537011,
        384.67370629310614,
        294.7544443607331,
        272.4932928085328
    ],
    "actual": [
        411.0,
        242.00000000000003,
        -17.99999999999998,
        636.0,
        480.00000000000006,
        189.99999999999994,
        -23.0,
        474.0,
        554.0,
        354.0
    ],
    "mse": 79005.66402288343,
    "rmse": 281.0794621150457,
    "mape": 256.90563712130546
}