{
    "predictions": [
        277.48105224967003,
        219.9474409997463,
        211.54763799905777,
        239.76080172657967,
        299.8081050753594,
        291.85554631948474,
        260.62891319990155,
        246.72918219566344,
        218.80629764199256,
        217.17254202961922
    ],
    "actual": [
        260.0,
        323.0,
        232.0,
        402.00000000000006,
        338.00000000000006,
        431.0,
        296.00000000000006,
        307.0,
        321.00000000000006,
        447.0
    ],
    "mse": 12663.297199904791,
    "rmse": 112.53131652968781,
    "mape": 24.621891737817258
}