{
    "predictions": [
        1800.2672466522454,
        1787.5214305460452,
        2133.0155514371395,
        2149.569521564245,
        2430.062357584238,
        2385.511724665165,
        2418.93702324152,
        2383.0425719106197,
        2250.9267107677456,
        2255.7290889072415
    ],
    "actual": [
        2133.0,
        2090.0,
        2040.0,
        1938.0,
        2101.0,
        2058.0,
        2008.0,
        2037.0,
        2156.0,
        2280.0
    ],
    "mse": 76937.87465529886,
    "rmse": 277.3767738209147,
    "mape": 12.004495254058348
}