{
    "predictions": [
        170176182.0614338,
        153551810.62221527,
        194922741.23430252,
        161268339.45512772,
        164682949.0661621,
        120783832.25202562,
        63874570.57833672,
        -14753135.442733755,
        -61624444.05257701,
        -142364984.54213142
    ],
    "actual": [
        -190600000.0,
        -40399999.99999999,
        121800000.0,
        -65499999.99999999,
        84899999.99999999,
        -13399999.999999989,
        10900000.000000032,
        -12100000.000000002,
        181300000.0,
        192600000.00000003
    ],
    "mse": 4.229453638940494e+16,
    "rmse": 205656355.09121752,
    "mape": 298.6793956185286
}