{
    "predictions": [
        200.4146580783725,
        199.08288079005482,
        198.38006986778976,
        184.32416085493566,
        193.39163951855897,
        192.24483296167853,
        206.31698218715192,
        177.8139317498803,
        167.53394703370333,
        166.23681619775294
    ],
    "actual": [
        180.41200000000003,
        125.713,
        125.713,
        125.713,
        164.822,
        87.987,
        87.987,
        87.987,
        87.987,
        114.111
    ],
    "mse": 5730.061684204026,
    "rmse": 75.69717091281566,
    "mape": 68.23675254642143
}