{
    "predictions": [
        1204.974236369133,
        965.3183777928353,
        881.758369088173,
        1406.6135455965996,
        1700.6845285296442,
        1958.2978491783144,
        2302.2518204450607,
        2832.126381278038,
        2718.189669728279,
        2780.520272731781
    ],
    "actual": [
        1092.9999999999998,
        1066.0,
        827.0,
        820.9999999999999,
        1076.0,
        1196.0,
        898.9999999999999,
        1119.0000000000002,
        1522.0,
        1877.9999999999998
    ],
    "mse": 848927.5731947981,
    "rmse": 921.372657069222,
    "mape": 65.52690670025227
}