{
    "predictions": [
        3019.711225926876,
        3052.09041506052,
        3097.000338435173,
        3123.4904462099075,
        3101.0476943850517,
        2897.979238629341,
        2890.0728830695152,
        2921.7187973856926,
        2978.014460206032,
        3170.559892952442
    ],
    "actual": [
        3502.0,
        3042.0,
        3000.0,
        3649.0,
        2947.0,
        3660.0,
        2155.0,
        3002.0,
        3443.0000000000005,
        2926.0
    ],
    "mse": 194547.82761352466,
    "rmse": 441.07576176154214,
    "mape": 11.64336122108719
}