{
    "predictions": [
        149.57882012033463,
        148.70725056290627,
        155.26842524123194,
        155.88749968814852,
        156.77806914639476,
        157.5812729892731,
        166.1752504489422,
        164.95065594863894,
        171.58360614514353,
        175.26149498176576
    ],
    "actual": [
        192.118,
        200.171,
        201.263,
        201.693,
        204.772,
        215.39,
        282.398,
        264.815,
        250.942,
        233.80900000000003
    ],
    "mse": 4752.319015949803,
    "rmse": 68.93706561748769,
    "mape": 27.922399883837308
}