{
    "predictions": [
        248.37862615418433,
        242.40706026902794,
        264.54491069614886,
        301.9219052633047,
        271.56102659124133,
        299.97030011463164,
        304.0598096292615,
        337.90838956320283,
        366.6509181870818,
        356.1696420204639
    ],
    "actual": [
        475.625,
        382.105,
        225.465,
        234.207,
        324.347,
        324.347,
        233.34599999999998,
        247.324,
        300.367,
        283.628
    ],
    "mse": 10351.138123407774,
    "rmse": 101.7405431645014,
    "mape": 26.894822147390713
}