{
    "predictions": [
        1670.532168769598,
        1356.8190956018866,
        1455.2890126745701,
        1626.8702328330278,
        2013.475338239908,
        2330.3138380379078,
        2891.4355109325647,
        3127.3088448514936,
        3087.7557118115424,
        3547.4947753205297
    ],
    "actual": [
        2439.2,
        2469.6,
        2424.8000000000006,
        2438.8,
        2791.5,
        2416.7,
        1946.9999999999998,
        1955.5,
        2123.1,
        1581.0000000000005
    ],
    "mse": 1110385.4767479743,
    "rmse": 1053.7482985741776,
    "mape": 45.95434594820418
}