{
    "predictions": [
        293.1823459804058,
        273.35964499711986,
        263.5483609914779,
        325.837368196249,
        347.7548066318035,
        408.4038314580917,
        465.6792677521705,
        520.5352385401725,
        580.5602231740951,
        596.6399946928024
    ],
    "actual": [
        572.6,
        476.3,
        496.1,
        510.3,
        480.2,
        407.3,
        405.6,
        334.8,
        414.1,
        423.5
    ],
    "mse": 32070.224900485664,
    "rmse": 179.0816151939826,
    "mape": 35.36519440160489
}