{
    "predictions": [
        852.3682467222214,
        864.0694992601872,
        872.660461473465,
        893.9234461486341,
        892.004333537817,
        904.7036614775658,
        927.4522922217847,
        933.897081887722,
        955.0399478018285,
        948.1086644828321
    ],
    "actual": [
        1033.0,
        973.5,
        985.0,
        1043.1,
        1095.9,
        1016.1,
        1132.1,
        1265.5,
        1229.5999999999997,
        1040.3
    ],
    "mse": 36918.291216491474,
    "rmse": 192.14133135921452,
    "mape": 15.947315901185966
}