{
    "predictions": [
        13.677685857236385,
        13.309383059382439,
        12.608519852519036,
        12.208732178032399,
        11.200885125905275,
        11.06770560929179,
        10.41940140467882,
        10.63188513380289,
        10.288519293159245,
        9.959160415768622
    ],
    "actual": [
        5.648,
        25.867999999999995,
        14.141,
        11.75,
        7.134,
        9.83,
        2.387,
        6.717,
        13.41,
        23.974999999999998
    ],
    "mse": 52.88583138340791,
    "rmse": 7.272264529251388,
    "mape": 75.15838016090966
}