{
    "predictions": [
        538.0095710709692,
        430.68885721415285,
        501.7052268072963,
        682.3382989645005,
        699.471738961339,
        741.6024226605892,
        835.4344416886569,
        986.7620587527753,
        959.9588306605817,
        1048.0596640378237
    ],
    "actual": [
        795.7,
        783.9,
        693.4,
        718.0,
        767.9,
        821.3,
        804.6,
        843.7,
        1032.0,
        1109.5
    ],
    "mse": 27059.760269417544,
    "rmse": 164.49851145046128,
    "mape": 16.19780947990805
}