{
    "predictions": [
        450.9755947861671,
        424.2868044391274,
        426.1816227340698,
        389.1466333683729,
        408.4090816339254,
        466.8387540767192,
        486.79664565294973,
        528.5277865204215,
        566.3744434248208,
        596.3487683546542
    ],
    "actual": [
        408.705,
        443.44900000000007,
        445.666,
        456.184,
        475.147,
        487.46999999999997,
        547.544,
        430.558,
        551.151,
        547.837
    ],
    "mse": 2778.070549044489,
    "rmse": 52.70740506840086,
    "mape": 9.747493306678763
}