{
    "predictions": [
        327259244.3513274,
        327556980.46571016,
        306706836.30126715,
        293779394.78069544,
        291313030.0590992,
        282114761.4673376,
        251724012.53432035,
        245873807.98512697,
        247692857.84822702,
        241060893.08202267
    ],
    "actual": [
        329790000.0,
        336130000.0,
        355072000.0,
        338904000.0,
        420882000.0,
        272494000.0,
        268204000.0,
        269811000.0,
        361155000.0,
        342288000.0
    ],
    "mse": 4530116149172799.0,
    "rmse": 67306137.5297439,
    "mape": 14.057626139398266
}