{
    "predictions": [
        237.58435542767498,
        198.3469326215573,
        236.39922255312655,
        319.26331797295813,
        366.0926726883054,
        447.2971736302376,
        495.9613645380139,
        713.551727675438,
        733.7446913858652,
        759.835794012785
    ],
    "actual": [
        552.559,
        570.905,
        471.3910000000001,
        448.847,
        416.447,
        399.5110000000001,
        226.465,
        247.314,
        219.634,
        306.143
    ],
    "mse": 107499.35466203233,
    "rmse": 327.87094208244855,
    "mape": 91.4828337169416
}