{
    "predictions": [
        105.82721474617719,
        103.60903196841478,
        107.50129691302776,
        106.76692240983247,
        108.14079102963208,
        106.7037387895584,
        109.704793600142,
        112.27180407255888,
        118.57914958834648,
        118.56072394788265
    ],
    "actual": [
        133.5,
        116.99999999999999,
        109.1,
        122.8,
        123.4,
        110.7,
        95.4,
        104.89999999999999,
        102.29999999999998,
        99.99999999999999
    ],
    "mse": 232.20118591793192,
    "rmse": 15.238149031884808,
    "mape": 11.916706957394785
}