{
    "predictions": [
        135.07284152507782,
        132.26017785072327,
        130.21524494886398,
        134.57025116682053,
        127.59524923563004,
        125.21298092603683,
        122.59886735677719,
        119.54578492045403,
        125.77264472842216,
        133.7489151954651
    ],
    "actual": [
        103.00000000000001,
        107.99999999999999,
        147.0,
        130.99999999999997,
        68.00000000000001,
        67.0,
        113.00000000000001,
        5.000000000000022,
        82.99999999999999,
        61.999999999999986
    ],
    "mse": 2904.232403448006,
    "rmse": 53.89093062332479,
    "mape": 270.89381455403856
}