{
    "predictions": [
        58931274.68235493,
        54905985.18038094,
        60966781.46120012,
        62531517.3977375,
        61871975.3403306,
        57124947.70516157,
        55278737.75399625,
        58890310.811543465,
        66923341.13739133,
        79087847.42296338
    ],
    "actual": [
        75906000.00000001,
        90187000.0,
        83125000.0,
        79923000.0,
        79923000.0,
        85211000.0,
        88984000.0,
        90853999.99999999,
        90308000.0,
        124029000.0
    ],
    "mse": 816527904168329.1,
    "rmse": 28574952.391357176,
    "mape": 30.063358210145186
}