{
    "predictions": [
        102.66899567842482,
        97.58145121335983,
        87.62487693428993,
        80.42376804351805,
        79.38220770955085,
        74.91458189487456,
        83.85443934202193,
        90.30158981680869,
        98.15873115658759,
        108.59274032115935
    ],
    "actual": [
        146.2,
        144.7,
        148.9,
        168.8,
        164.6,
        167.20000000000002,
        147.9,
        177.2,
        185.2,
        202.89999999999998
    ],
    "mse": 5958.198481860813,
    "rmse": 77.18936767366871,
    "mape": 44.86338467599106
}