{
    "predictions": [
        176.2246481244564,
        170.24402300047873,
        176.9451908134222,
        174.3257346625328,
        176.13115295124052,
        182.14940275907517,
        177.7761414542198,
        185.21210701239107,
        179.78627101552485,
        189.39339578282832
    ],
    "actual": [
        155.056,
        147.937,
        154.978,
        180.784,
        188.169,
        174.183,
        178.84200000000004,
        193.27499999999998,
        210.436,
        190.902
    ],
    "mse": 268.61830077275863,
    "rmse": 16.389579029760302,
    "mape": 7.757151008909838
}