{
    "predictions": [
        3890.8621139526367,
        4326.556617736816,
        4143.240744590759,
        4614.797074317932,
        4996.415717124939,
        4963.31263256073,
        5585.007459640503,
        5907.48348903656,
        5999.387628555298,
        6363.702756881714
    ],
    "actual": [
        5001.0,
        5186.0,
        5186.0,
        5140.0,
        5140.0,
        5840.0,
        5840.0,
        6673.0,
        6673.0,
        7606.999999999999
    ],
    "mse": 677400.9603662182,
    "rmse": 823.0437171658734,
    "mape": 12.917796118182414
}