{
    "predictions": [
        99.24767671322822,
        74.01208896446228,
        83.39651912426947,
        111.69072530221939,
        120.06365488958357,
        151.83346823787687,
        213.03116006469725,
        240.41020530509948,
        283.3377854404449,
        326.6431231670379
    ],
    "actual": [
        334.96399999999994,
        334.96399999999994,
        335.27399999999994,
        335.27399999999994,
        282.337,
        284.219,
        210.844,
        201.762,
        188.459,
        176.15
    ],
    "mse": 31409.703007676155,
    "rmse": 177.22782797200938,
    "mape": 55.01133086001742
}