{
    "predictions": [
        247.16597093343736,
        294.40619177222254,
        327.08389859795574,
        386.4263085484505,
        396.1210695505142,
        411.4370364546776,
        394.51210036277774,
        419.3296050548554,
        456.8118096828461,
        446.1244483470917
    ],
    "actual": [
        261.4,
        280.2,
        307.8,
        328.3,
        328.3,
        338.1,
        340.3,
        346.2,
        347.4,
        358.6
    ],
    "mse": 4205.134246743428,
    "rmse": 64.84700645938429,
    "mape": 16.979076409305694
}