{
    "predictions": [
        218.6626777648926,
        191.71649869680408,
        203.32287076711657,
        210.87577042579653,
        195.36495608091357,
        203.56818273067478,
        204.0910960197449,
        202.1689920783043,
        221.66369435787203,
        205.59725645780566
    ],
    "actual": [
        206.1,
        210.90000000000003,
        203.9,
        216.30000000000004,
        245.90000000000003,
        238.20000000000002,
        181.00000000000003,
        274.0,
        278.0,
        264.0
    ],
    "mse": 1658.628857187766,
    "rmse": 40.72626741045349,
    "mape": 13.443256406848242
}