{
    "predictions": [
        693.0573711645008,
        728.7666560617686,
        1101.1817772955894,
        999.532477949977,
        922.629831722498,
        961.768929939747,
        1320.6239574979545,
        1280.3712751209737,
        1102.4078393192292,
        1214.8252378079892
    ],
    "actual": [
        1244.672,
        832.2859999999998,
        783.6880000000001,
        974.604,
        1380.9860000000003,
        968.828,
        868.21,
        1029.4050000000002,
        1472.02,
        974.322
    ],
    "mse": 108867.6305323492,
    "rmse": 329.95095170699113,
    "mape": 26.002763102320614
}