{
    "predictions": [
        31.596713876247406,
        32.05110835886002,
        31.330815021038056,
        32.28268472909927,
        31.576043666839603,
        31.301288724899294,
        32.094425950527196,
        32.13998330831528,
        32.02834255218506,
        31.00618023014069
    ],
    "actual": [
        83.997,
        67.931,
        54.972,
        84.02,
        86.91,
        77.681,
        69.455,
        90.07200000000002,
        88.073,
        84.317
    ],
    "mse": 2321.6714554372084,
    "rmse": 48.18372604352229,
    "mape": 58.8127853088109
}