{
    "predictions": [
        494028248.9657402,
        551441815.5550957,
        557506547.2126007,
        508170010.2686882,
        453218456.14910126,
        553122562.8852844,
        581794748.6639023,
        585866184.3538284,
        577523765.1467323,
        557845017.3735619
    ],
    "actual": [
        485000000.0,
        766000000.0,
        766000000.0,
        258000000.0,
        258000000.0,
        254000000.0,
        254000000.0,
        287000000.0,
        287000000.0,
        749000000.0
    ],
    "mse": 5.974705098328226e+16,
    "rmse": 244432098.9217297,
    "mape": 70.74229068651987
}