{
    "predictions": [
        152.6523455619812,
        158.1297361969948,
        165.08174294233322,
        180.56780774593355,
        201.15711151361464,
        211.3705631494522,
        207.43012866973876,
        225.03724777698517,
        232.86551314592361,
        237.35101083517074
    ],
    "actual": [
        252.0,
        312.9,
        327.1,
        294.2,
        302.3,
        299.4,
        213.40000000000003,
        185.0,
        235.50000000000003,
        198.1
    ],
    "mse": 9415.125032587366,
    "rmse": 97.03156719638906,
    "mape": 28.527410333155068
}