{
    "predictions": [
        110.89659239733217,
        113.36355764889714,
        111.01618052089212,
        110.8765493007898,
        113.08647124910352,
        113.38224219048021,
        108.5677821871042,
        108.89678773486612,
        104.73141118013856,
        103.898805188179
    ],
    "actual": [
        110.96299999999998,
        123.94999999999999,
        122.533,
        117.919,
        113.098,
        85.61199999999998,
        84.517,
        99.184,
        112.244,
        113.834
    ],
    "mse": 189.34223547373432,
    "rmse": 13.76016843914835,
    "mape": 11.008980807662205
}