{
    "predictions": [
        1348.7590165138245,
        1418.4141047000885,
        1443.4061319828033,
        1588.4044982194898,
        1667.9342873096464,
        1594.5676405429838,
        1531.3752467632291,
        1632.6633442640302,
        1627.142202377319,
        1591.1766697168348
    ],
    "actual": [
        1250.0,
        1239.0,
        1293.0,
        1316.0,
        1035.0,
        1114.0,
        1329.0,
        1205.0,
        1757.0,
        1254.0
    ],
    "mse": 112472.2879419894,
    "rmse": 335.3688833836398,
    "mape": 24.400238537542442
}