{
    "predictions": [
        162.6224581321776,
        151.95201894521713,
        455.75033736091854,
        358.6235245594978,
        261.2357663818598,
        299.1682984122038,
        272.4231428565383,
        288.0126555622816,
        148.3883234499097,
        308.52144621551037
    ],
    "actual": [
        275.9,
        256.4,
        105.8,
        280.4,
        300.5,
        230.6,
        89.3,
        265.2,
        316.3,
        237.8
    ],
    "mse": 22581.898902046738,
    "rmse": 150.2727483679151,
    "mape": 77.97511352420298
}