{
    "predictions": [
        540.7519836425781,
        620.4013824462891,
        679.9521324634552,
        620.4896959066391,
        664.3427420854568,
        643.7048151493073,
        611.4721606969833,
        520.5095163583755,
        532.0512942671776,
        568.8825410604477
    ],
    "actual": [
        540.0,
        421.0,
        526.0,
        511.0,
        541.0,
        392.99999999999994,
        421.0,
        520.0,
        543.0,
        357.0
    ],
    "mse": 23481.10547358245,
    "rmse": 153.23545762512816,
    "mape": 29.14975936888834
}