{
    "predictions": [
        80.94292869764566,
        81.47933515387773,
        78.27890212762355,
        77.03071473586559,
        73.4318460355997,
        73.5575887863636,
        72.59821237552165,
        72.34497479784488,
        70.03033098417521,
        68.30083367365599
    ],
    "actual": [
        73.046,
        92.89,
        63.995,
        74.451,
        93.32700000000001,
        93.32700000000001,
        67.57,
        94.52499999999999,
        111.898,
        101.67799999999998
    ],
    "mse": 457.40696926539187,
    "rmse": 21.38707481787521,
    "mape": 19.252938422996362
}