{
    "predictions": [
        66.06941151082516,
        84.58162521082164,
        63.99418637943268,
        76.99071607130766,
        109.21586929512024,
        106.59988444387913,
        90.37552329188586,
        104.55669274008275,
        97.20609310936929,
        90.32511203086376
    ],
    "actual": [
        64.299,
        62.35,
        52.392,
        78.485,
        91.79899999999999,
        81.537,
        81.537,
        80.04,
        58.964,
        69.73300000000002
    ],
    "mse": 413.1399122535434,
    "rmse": 20.3258434573708,
    "mape": 24.802639208035878
}