{
    "predictions": [
        1925.6399990916252,
        1874.7136274814607,
        1820.293100297451,
        1427.5036790668964,
        1186.7794341385365,
        1184.6957034945488,
        1307.196977096796,
        1199.3373717188836,
        1165.6370485365392,
        1145.3859203994275
    ],
    "actual": [
        992.8000000000001,
        998.8000000000001,
        686.7000000000002,
        795.6,
        410.3,
        652.1,
        681.5000000000001,
        918.9000000000002,
        762.0000000000002,
        535.5
    ],
    "mse": 521335.4747851624,
    "rmse": 722.0356464781794,
    "mape": 98.62731741919151
}