{
    "predictions": [
        114.91135941410064,
        126.92148849010468,
        130.0664588422775,
        132.28059925174713,
        132.45332252407073,
        151.87843823432922,
        170.83325426530837,
        172.22441908311845,
        162.5282738466263,
        147.0212800593376
    ],
    "actual": [
        130.09600000000012,
        165.77999999999997,
        165.77999999999997,
        135.81700000000004,
        129.84900000000005,
        136.7669999999999,
        540.455,
        -2737.617,
        106.86099999999995,
        126.10699999999987
    ],
    "mse": 861059.7230059619,
    "rmse": 927.9330379967953,
    "mape": 31.56724967020315
}