{
    "predictions": [
        1282781696.1407661,
        925967445.6119537,
        720322616.815567,
        447427761.9719505,
        383908415.97318643,
        335641687.6614093,
        653678677.5588989,
        733800881.1473846,
        719984957.6950073,
        958744854.927063
    ],
    "actual": [
        2690000000.0,
        1230000000.0,
        571000000.0,
        1795000000.0000002,
        3234000000.0,
        3234000000.0,
        1333000000.0,
        2367000000.0,
        3364000000.0,
        1920000000.0
    ],
    "mse": 3.1478094092291784e+18,
    "rmse": 1774206698.5639465,
    "mape": 60.462949882714724
}