{
    "predictions": [
        154.16851838155094,
        252.44957841268186,
        283.8188045331538,
        458.22212935477495,
        449.43744128057364,
        1030.2309931942225,
        1235.904526917398,
        1101.402374727607,
        1064.158513679266,
        1788.3617960871459
    ],
    "actual": [
        1140.195,
        667.6729999999999,
        603.7319999999999,
        716.0379999999999,
        782.239,
        632.585,
        513.9779999999998,
        632.838,
        569.7279999999998,
        440.63400000000007
    ],
    "mse": 438391.3630201349,
    "rmse": 662.1112920198045,
    "mape": 95.0213849213474
}