{
    "predictions": [
        188.35308545827868,
        397.5616700053215,
        273.0720524787903,
        180.79876849055293,
        246.87557739019397,
        398.17628264427185,
        371.7454704642296,
        211.86011198163035,
        302.24838131666183,
        528.1645611524582
    ],
    "actual": [
        170.80000000000004,
        194.9,
        366.1,
        531.4,
        228.6,
        204.20000000000002,
        425.2,
        566.0,
        212.7,
        338.0
    ],
    "mse": 38337.0000740132,
    "rmse": 195.79836586144737,
    "mape": 48.21376425929459
}