{
    "predictions": [
        1001.261402130127,
        745.9166059494019,
        591.6257194280624,
        529.6392968893051,
        485.59548234939575,
        638.265972495079,
        550.890547990799,
        622.7206501960754,
        966.3140449523926,
        974.3102452754974
    ],
    "actual": [
        918.0,
        905.0,
        885.0,
        1049.0,
        1013.9999999999999,
        1008.0,
        981.0000000000001,
        808.0,
        1146.0,
        1251.0
    ],
    "mse": 113212.54221349438,
    "rmse": 336.47071523907454,
    "mape": 30.267020263834283
}