{
    "predictions": [
        411.61233210563665,
        374.2579023838044,
        385.00792646408087,
        408.8013799190522,
        446.3127174377442,
        510.1762585639954,
        524.4943315982819,
        505.7940554618836,
        510.1027989387513,
        491.2532553672791
    ],
    "actual": [
        592.0,
        580.0,
        552.0,
        691.0,
        397.00000000000006,
        460.0,
        455.00000000000006,
        475.0,
        477.0,
        524.0
    ],
    "mse": 19528.72168415735,
    "rmse": 139.7452027232325,
    "mape": 19.53098451745495
}