{
    "predictions": [
        204.31708576643467,
        178.48761995476482,
        131.0953595753312,
        151.91837618878483,
        160.2630469393432,
        227.26243452745675,
        268.9082483431101,
        300.35462031424044,
        309.05473729616403,
        322.991411028862
    ],
    "actual": [
        311.827,
        307.99,
        346.825,
        350.976,
        306.249,
        282.669,
        326.554,
        282.694,
        293.136,
        290.329
    ],
    "mse": 14382.9418924799,
    "rmse": 119.92890349069276,
    "mape": 30.329265451842392
}