{
    "predictions": [
        23216680.45291305,
        23608051.481187347,
        23096225.4370451,
        29024221.00067139,
        29633578.325212006,
        29481591.922014955,
        32395388.665437702,
        38283420.46952248,
        39428887.17526198,
        42585891.53498412
    ],
    "actual": [
        70428000.0,
        115989000.0,
        31316000.0,
        42146999.99999999,
        51121999.99999999,
        65842000.00000001,
        22497999.999999996,
        22497999.999999996,
        22497999.999999996,
        65211000.000000015
    ],
    "mse": 1393244018220432.5,
    "rmse": 37326184.08330046,
    "mape": 52.54283675070723
}