{
    "predictions": [
        148866596.04266286,
        156047439.02754784,
        164969336.01123092,
        180250218.32615134,
        178309014.70446584,
        192335695.09375092,
        203690504.21023366,
        216658210.5464935,
        226572537.65338656,
        237325848.23882577
    ],
    "actual": [
        218494000.0,
        227584999.99999997,
        223261000.00000003,
        225355000.0,
        218431000.0,
        216995000.0,
        198388000.0,
        194810000.00000003,
        200716000.0,
        198623000.00000003
    ],
    "mse": 2028774431086707.5,
    "rmse": 45041918.5990862,
    "mape": 18.54124210279254
}