{
    "predictions": [
        450.9536925971508,
        485.38374156951903,
        520.8681940615177,
        561.094069981575,
        571.4822133243083,
        578.6854664862155,
        572.8902756154537,
        579.7116175889969,
        577.4021282792091,
        570.9072527885437
    ],
    "actual": [
        497.70000000000005,
        658.5,
        596.9,
        516.1,
        606.9,
        596.5,
        582.3,
        564.8,
        515.9,
        597.2
    ],
    "mse": 4631.625484477466,
    "rmse": 68.05604664155467,
    "mape": 8.654029998504845
}