{
    "predictions": [
        731040034.9894717,
        719671956.4559505,
        706741077.1403672,
        706191359.1638446,
        694728005.3863972,
        681355163.6516639,
        674366984.7374804,
        646942531.5396848,
        630345520.3184593,
        640203215.3863925
    ],
    "actual": [
        522999999.99999994,
        573000000.0,
        712000000.0,
        666000000.0,
        679000000.0,
        675000000.0,
        551000000.0,
        578000000.0,
        755000000.0,
        758000000.0
    ],
    "mse": 1.1611138619689e+16,
    "rmse": 107754993.47913766,
    "mape": 14.177504094990775
}