{
    "predictions": [
        133.1376033425331,
        130.28271013498306,
        111.7063125371933,
        110.46860748529434,
        122.09030413627625,
        141.91751861572266,
        154.02518892288208,
        151.61022090911865,
        152.23767364025116,
        156.21217930316925
    ],
    "actual": [
        209.00000000000003,
        170.0,
        144.0,
        166.0,
        187.00000000000003,
        200.0,
        218.99999999999997,
        200.0,
        213.0,
        191.0
    ],
    "mse": 3051.157697473535,
    "rmse": 55.23728539196631,
    "mape": 27.98962205947123
}