{
    "predictions": [
        921.5619895589352,
        885.6799408715964,
        882.6533665263654,
        934.3730563163758,
        1197.8106985914708,
        1152.2730255508422,
        1022.5475529879333,
        1067.0811501926185,
        1073.8051529443264,
        1149.44664788723
    ],
    "actual": [
        1030.0,
        1035.0,
        1052.0,
        1059.0,
        1135.0,
        1005.0,
        1043.0,
        993.9999999999999,
        963.0,
        1039.0
    ],
    "mse": 13413.536849054764,
    "rmse": 115.8168245509035,
    "mape": 10.445847643957443
}