{
    "predictions": [
        477.57101225852966,
        491.6604151725769,
        503.2192471027374,
        534.3375968933105,
        522.2848862409592,
        533.1104645729065,
        545.3964259624481,
        553.9763231277466,
        530.4289026260376,
        563.7223672866821
    ],
    "actual": [
        411.0,
        366.0,
        403.0,
        498.00000000000006,
        513.0,
        468.0,
        362.0,
        492.0,
        545.0,
        503.0
    ],
    "mse": 7728.6976213512025,
    "rmse": 87.91301167262559,
    "mape": 17.642263768464677
}