{
    "predictions": [
        164.58853399515152,
        130.58920217227936,
        103.8315339460373,
        86.52005414986611,
        71.24058341002464,
        76.64026485300064,
        96.61995784950257,
        110.88835045766831,
        136.54541325187682,
        132.60663533306123
    ],
    "actual": [
        177.821,
        121.3,
        198.394,
        139.63,
        139.63,
        128.398,
        128.398,
        128.398,
        128.398,
        132.28
    ],
    "mse": 2076.300804039381,
    "rmse": 45.56644383797556,
    "mape": 23.506809967731122
}