{
    "predictions": [
        84810520.43060212,
        76665791.12587868,
        127440222.42894767,
        172223046.1873859,
        204132268.2394832,
        280863936.61636114,
        259242730.94481227,
        331564189.1392469,
        321486632.1637332,
        319642650.15074605
    ],
    "actual": [
        194502000.0,
        131682000.0,
        56584000.0,
        85483000.0,
        129199999.99999999,
        134121000.00000001,
        99425000.0,
        115615000.0,
        136915000.0,
        153919000.0
    ],
    "mse": 1.884585531019201e+16,
    "rmse": 137280207.27764076,
    "mape": 108.2279094659716
}