{
    "predictions": [
        36.2512362716198,
        33.840611944615844,
        34.53806293058396,
        23.589976984858517,
        26.060240218997006,
        34.14461041110754,
        31.40979303991795,
        33.367518351674086,
        46.575329294919975,
        45.730499820232396
    ],
    "actual": [
        44.535,
        19.363,
        14.901,
        27.042000000000005,
        21.074,
        27.779,
        44.12700000000001,
        34.026,
        49.126,
        120.7
    ],
    "mse": 653.0229109187507,
    "rmse": 25.554312961196015,
    "mape": 38.25539404191628
}