{
    "predictions": [
        239.27254417580366,
        261.1797842786908,
        303.9042706264258,
        329.8359387327433,
        413.4368923761249,
        357.2677516061068,
        389.8363765613437,
        362.7692918137908,
        531.7687483935357,
        575.4903030670881
    ],
    "actual": [
        291.254,
        245.04,
        356.863,
        335.36,
        340.839,
        374.455,
        357.374,
        375.768,
        458.644,
        544.239
    ],
    "mse": 1891.0207218251817,
    "rmse": 43.485868070272915,
    "mape": 10.103974086378416
}