{
    "predictions": [
        439540157.46712685,
        473964229.88176346,
        542546822.1902847,
        557411570.429802,
        515381474.34592247,
        500431418.5976982,
        533008916.3184166,
        576985447.9730129,
        606344824.4333267,
        650285715.8184052
    ],
    "actual": [
        553000000.0,
        583500000.0,
        427200000.0,
        491600000.0,
        557500000.0,
        557500000.0,
        395200000.0,
        501400000.0,
        562700000.0,
        485300000.0
    ],
    "mse": 1.0136768066742266e+16,
    "rmse": 100681517.99979113,
    "mape": 18.916716073424734
}