{
    "predictions": [
        8.147373762726788,
        4.165069174766545,
        6.470805582404141,
        8.704799216985707,
        8.64463081657887,
        11.217560154199605,
        22.780733910202986,
        33.509810608625415,
        43.917882931232455,
        42.55152190923691
    ],
    "actual": [
        -36.1,
        -14.6,
        36.39999999999999,
        19.3,
        1.600000000000001,
        51.3,
        22.4,
        29.899999999999995,
        89.6,
        69.9
    ],
    "mse": 782.2172436191008,
    "rmse": 27.96814694646574,
    "mape": 101.05223887377312
}