{
    "predictions": [
        52.21242891315371,
        43.66478973332793,
        45.38194392904639,
        71.5127552190423,
        51.18128011986614,
        75.06207369051874,
        134.0685750758648,
        91.45848416112364,
        70.29007892355322,
        82.88921789966524
    ],
    "actual": [
        226.99999999999997,
        91.7,
        115.5,
        157.6,
        292.4,
        155.9,
        160.0,
        220.5,
        418.3,
        210.19999999999996
    ],
    "mse": 26454.99650988009,
    "rmse": 162.64992010413067,
    "mape": 59.75547749315958
}