{
    "predictions": [
        94.87253915739058,
        56.836539079427716,
        22.69328886834532,
        37.42604593852162,
        26.871520433872938,
        28.77795577125251,
        86.48405141633746,
        164.720875382781,
        151.87178183352944,
        127.97439096391199
    ],
    "actual": [
        159.548,
        140.365,
        126.836,
        98.274,
        143.601,
        155.575,
        117.75099999999998,
        78.352,
        158.02199999999996,
        176.486
    ],
    "mse": 6623.9764742593525,
    "rmse": 81.38781526899068,
    "mape": 57.50239186011971
}