{
    "predictions": [
        107.68316267944873,
        124.69346458393336,
        115.50835378029943,
        159.57873296409846,
        215.03266081130505,
        259.83628532695775,
        352.44153677630425,
        397.7563492033482,
        481.4457536916733,
        557.242166018486
    ],
    "actual": [
        310.584,
        188.087,
        189.135,
        172.73,
        138.927,
        127.659,
        151.011,
        203.144,
        265.532,
        208.688
    ],
    "mse": 32060.121863057575,
    "rmse": 179.05340505853994,
    "mape": 78.14189207923481
}