{
    "predictions": [
        182.92238680410384,
        181.56032423782347,
        169.47858837020397,
        171.4969577885866,
        167.7887052067518,
        174.59001580941677,
        178.1295083004236,
        168.24441133856772,
        163.20772775626182,
        139.71221188390254
    ],
    "actual": [
        126.29100000000001,
        124.60499999999998,
        148.81799999999998,
        118.45699999999998,
        135.204,
        122.424,
        45.608,
        61.034,
        61.034,
        103.364
    ],
    "mse": 5429.086179562083,
    "rmse": 73.68233288626305,
    "mape": 88.47139413167723
}