{
    "predictions": [
        1104.5354875326157,
        1099.5832982063293,
        1117.0302095413208,
        1129.4515463113785,
        1124.7594776153564,
        1114.9787219762802,
        1126.9969227313995,
        1117.178991675377,
        1088.7754979133606,
        1072.035482764244
    ],
    "actual": [
        1084.0,
        1075.0,
        1067.0,
        1137.0,
        1174.0,
        1224.0,
        1197.0,
        1249.0,
        1215.0,
        1218.0
    ],
    "mse": 7741.178820706036,
    "rmse": 87.98396911202651,
    "mape": 6.141034730045354
}