{
    "predictions": [
        127.71043121814729,
        122.35789823532106,
        112.73562383651735,
        126.88284158706666,
        149.012433052063,
        343.55574429035187,
        610.475914478302,
        700.117193698883,
        876.0903873443604,
        824.8398265838623
    ],
    "actual": [
        426.99999999999994,
        63.000000000000014,
        212.0,
        732.0,
        575.0,
        239.0,
        233.0,
        291.0,
        63.000000000000014,
        -179.0
    ],
    "mse": 264019.04283227434,
    "rmse": 513.8278338434717,
    "mape": 256.56521510266117
}