{
    "predictions": [
        130.22625431096554,
        133.02339794051647,
        128.77097643968463,
        127.98838567462563,
        129.57653578326105,
        144.04415266916155,
        148.95395650106667,
        154.68528656777738,
        158.45382298222185,
        191.1615886965394
    ],
    "actual": [
        297.481,
        214.431,
        205.713,
        279.52,
        247.338,
        245.629,
        222.913,
        320.182,
        292.359,
        246.601
    ],
    "mse": 14153.37234498701,
    "rmse": 118.96794671249484,
    "mape": 42.792050816928196
}