{
    "predictions": [
        43.289565557241446,
        44.61316269636155,
        48.63533429503442,
        54.75222385525704,
        61.05548658370972,
        59.655214047431954,
        55.75132681131364,
        32.236779570579536,
        29.834698024392132,
        59.51263327002526
    ],
    "actual": [
        59.8,
        61.900000000000006,
        76.3,
        27.2,
        65.7,
        71.9,
        79.1,
        62.900000000000006,
        62.900000000000006,
        26.5
    ],
    "mse": 593.5936022221723,
    "rmse": 24.363776435975034,
    "mape": 47.25998286264846
}