{
    "predictions": [
        22.42695562541485,
        23.202202184557915,
        24.07329824924469,
        24.53074232017994,
        24.4284173784256,
        25.928628875613214,
        25.976707931399346,
        25.833773963212966,
        28.459122480869294,
        28.02538111639023
    ],
    "actual": [
        37.796,
        30.666,
        30.666,
        32.338,
        44.943,
        38.482,
        35.368,
        32.125,
        62.352000000000004,
        25.789
    ],
    "mse": 225.62724571835284,
    "rmse": 15.020893639139878,
    "mape": 29.8076244332736
}