{
    "predictions": [
        729.7444839775563,
        649.4601577520372,
        636.6992596909405,
        640.915310829878,
        666.963575705886,
        724.1311286389829,
        730.3918416798116,
        703.5686577111484,
        688.6711554229261,
        730.7127730548383
    ],
    "actual": [
        773.0,
        951.0000000000001,
        1154.0,
        1122.0,
        1090.0,
        981.0000000000001,
        2575.0,
        1349.0,
        1229.0,
        1243.0
    ],
    "mse": 521033.5622084687,
    "rmse": 721.8265457909322,
    "mape": 39.46618378031106
}