{
    "predictions": [
        77.90950541496278,
        81.39542927145959,
        73.58169932961465,
        66.94925745129586,
        69.84027211666108,
        79.04342849850656,
        69.71094464063646,
        58.71882704198361,
        57.20042680501938,
        61.01635423600675
    ],
    "actual": [
        21.9,
        36.5,
        51.8,
        72.4,
        23.7,
        29.6,
        47.5,
        47.5,
        34.4,
        13.8
    ],
    "mse": 1359.8826330860306,
    "rmse": 36.87658651618979,
    "mape": 126.88601788105349
}