{
    "predictions": [
        -153.47953626555207,
        197.14984347377722,
        187.0100414308161,
        260.6584638447762,
        612.8936302269698,
        727.671702025652,
        631.5464634546638,
        956.3184627799989,
        700.8803163343669,
        451.83761443117265
    ],
    "actual": [
        966.186,
        624.791,
        297.265,
        126.766,
        113.161,
        201.574,
        162.41,
        140.932,
        241.711,
        220.298
    ],
    "mse": 314251.38725512,
    "rmse": 560.5812940645808,
    "mape": 219.21447910776033
}