{
    "predictions": [
        234.4642094717026,
        255.5380084371567,
        263.5568670568466,
        272.1936099052429,
        276.5452946186066,
        277.95080628013613,
        285.33712016868594,
        300.58148232746123,
        305.0011591510773,
        314.8789618930817
    ],
    "actual": [
        252.10000000000002,
        245.8,
        233.50000000000003,
        293.6,
        336.9,
        401.49999999999994,
        304.1,
        246.2,
        243.4,
        273.3
    ],
    "mse": 2950.749660110422,
    "rmse": 54.32080319831825,
    "mape": 14.858785474199882
}