{
    "predictions": [
        795640151.4635086,
        793228425.7702827,
        803425883.7499619,
        810352478.9037704,
        833765285.6225967,
        877719864.0847206,
        898701587.2478485,
        877490825.375557,
        927960996.3750839,
        897489521.086216
    ],
    "actual": [
        738219000.0,
        812182000.0,
        944304000.0,
        892877000.0,
        824424000.0,
        1046885000.0,
        1171576000.0,
        987897000.0,
        952616000.0,
        1073248000.0
    ],
    "mse": 1.7716635030198202e+16,
    "rmse": 133103850.54609878,
    "mape": 10.499679104388257
}