{
    "predictions": [
        3227.397738454938,
        3286.182097763717,
        2846.4398263993858,
        2923.949841335416,
        3536.51106120646,
        3700.8507639721033,
        3084.3604576712846,
        3193.4819487142563,
        4020.6448299986123,
        3467.7525458618998
    ],
    "actual": [
        2373.0,
        2151.0,
        2151.0,
        3469.0,
        2485.0,
        2576.0,
        2713.0,
        2713.0,
        3748.0,
        2744.0
    ],
    "mse": 613723.9314739632,
    "rmse": 783.4053430210719,
    "mape": 28.785227474718905
}