{
    "predictions": [
        180.83704854494331,
        195.52312321579458,
        145.1318358592987,
        181.88439329391716,
        176.88995485281944,
        168.9959355277419,
        174.02143130350112,
        209.34014150941374,
        225.1986865834594,
        222.23655407631398
    ],
    "actual": [
        211.72,
        220.268,
        226.02499999999998,
        223.093,
        224.67400000000004,
        227.43600000000004,
        231.377,
        264.003,
        223.99,
        225.90499999999997
    ],
    "mse": 2179.908277275414,
    "rmse": 46.689487866921546,
    "mape": 17.470268045705353
}