{
    "predictions": [
        1001.8817296028137,
        1079.1846904754639,
        699.7207726240158,
        724.4276206493378,
        936.3918735980988,
        832.8905064463615,
        885.5647333264351,
        897.8182334303856,
        737.7844814658165,
        697.5166063308716
    ],
    "actual": [
        -139.0,
        2922.9999999999995,
        2296.0,
        986.9999999999999,
        1158.0,
        1273.0,
        1052.0,
        942.0,
        998.0,
        983.0
    ],
    "mse": 773998.9781368674,
    "rmse": 879.772117162659,
    "mape": 110.93217817007715
}