{
    "predictions": [
        265.7184607982636,
        264.9226558208466,
        237.57122126221662,
        213.8778726756573,
        136.93824681639674,
        114.05847445130351,
        74.57748857140542,
        71.05214512348176,
        77.2389490902424,
        24.639371722936648
    ],
    "actual": [
        326.00000000000006,
        639.0,
        182.0,
        447.0,
        203.0,
        41.0,
        313.00000000000006,
        55.999999999999986,
        116.0,
        715.0
    ],
    "mse": 74587.55833717708,
    "rmse": 273.10722864321457,
    "mape": 60.347349102489865
}