{
    "predictions": [
        951.3149093658924,
        1185.8628080024719,
        1367.2796764580905,
        1575.7184422389867,
        1777.898493860841,
        1711.5746307014824,
        1544.60396209687,
        1089.74377476874,
        878.8321837868094,
        901.3317521142363
    ],
    "actual": [
        1401.0,
        2217.0,
        2377.0,
        2415.0,
        2418.0,
        2748.0,
        2596.0,
        2789.0,
        2763.0,
        2995.0
    ],
    "mse": 1639973.7178081893,
    "rmse": 1280.6145859735432,
    "mape": 45.95534906462063
}