{
    "predictions": [
        85.1735421048999,
        131.03207471746208,
        162.5064343700409,
        150.28778909111023,
        207.7520643911362,
        270.80529976630214,
        305.3855749337674,
        373.681375600338,
        353.58706975722316,
        309.752768530488
    ],
    "actual": [
        273.8070000000001,
        237.883,
        248.06400000000002,
        331.13300000000004,
        288.60300000000007,
        232.57399999999998,
        240.75300000000001,
        343.13000000000005,
        288.014,
        217.86500000000007
    ],
    "mse": 11287.724086359232,
    "rmse": 106.24370139617328,
    "mape": 34.80609281487032
}