{
    "predictions": [
        73.93020177483561,
        95.47776554226877,
        82.47928433418275,
        90.35258544683458,
        98.09797170758249,
        98.40684393048288,
        90.43578565716746,
        71.24469696879389,
        79.34961857795717,
        56.20071732103826
    ],
    "actual": [
        40.6,
        55.1,
        72.0,
        96.4,
        102.1,
        103.40000000000002,
        60.8,
        143.9,
        151.2,
        155.5
    ],
    "mse": 2410.8498462583384,
    "rmse": 49.10040576470156,
    "mape": 39.55628285671962
}