{
    "predictions": [
        10550628762.442995,
        10105360393.230818,
        10340563186.24213,
        9706030020.382023,
        9601505386.679756,
        9469084684.159397,
        9854955605.713749,
        9563152660.64496,
        9782669768.856804,
        10588586567.934513
    ],
    "actual": [
        12195980828.64,
        13772916021.24,
        13772916021.24,
        24297022977.15,
        58119999.99999999,
        29874610885.98,
        66742000.0,
        40388645574.68,
        -390000.0,
        46906988813.53
    ],
    "mse": 3.209052712464735e+20,
    "rmse": 17913829050.386562,
    "mape": 253990.9897773005
}