{
    "predictions": [
        4046.084897994995,
        4002.9591879844666,
        4046.206780433655,
        4057.388325691223,
        4051.954849720001,
        4071.923435688019,
        4057.041374206543,
        4072.694458961487,
        4089.0890851020813,
        4069.6608805656433
    ],
    "actual": [
        3953.0000000000005,
        3976.0,
        4487.0,
        4898.0,
        4800.0,
        3530.0,
        3593.9999999999995,
        3578.0,
        4118.0,
        4127.0
    ],
    "mse": 222682.43400287465,
    "rmse": 471.8923966360071,
    "mape": 8.975634787397587
}