{
    "predictions": [
        133.31281812095642,
        129.57492517220973,
        129.56932455188036,
        117.14965691459179,
        129.1051946168542,
        160.05216097897292,
        146.9758807374239,
        176.9144491099715,
        191.78886062037944,
        176.25257948172091
    ],
    "actual": [
        131.185,
        155.064,
        97.848,
        105.209,
        88.719,
        108.885,
        -14.6,
        22.699999999999996,
        59.20000000000001,
        96.5
    ],
    "mse": 7988.130678765367,
    "rmse": 89.37634294803836,
    "mape": 224.69973709812433
}