{
    "predictions": [
        55.32850968432426,
        48.5026786762476,
        48.022532319307324,
        45.43316000705957,
        51.35050426876545,
        52.81604824221134,
        56.639764208793636,
        55.81446923530102,
        57.74533575081824,
        53.692911927342415
    ],
    "actual": [
        52.727,
        53.503,
        60.615,
        47.367,
        51.661,
        51.661,
        51.916,
        46.308,
        53.432,
        62.03199999999999
    ],
    "mse": 39.63437502317729,
    "rmse": 6.2955837714367116,
    "mape": 9.311724087132315
}