{
    "predictions": [
        250.4705304682255,
        220.98996359407903,
        262.3176502466202,
        251.52372895479203,
        196.05049886107446,
        209.77875231504441,
        250.85236469209195,
        276.1590933084488,
        354.27273042798043,
        487.34498183727266
    ],
    "actual": [
        436.70000000000005,
        304.2,
        216.49999999999997,
        391.1,
        351.6,
        295.3,
        272.3,
        434.50000000000006,
        384.7,
        302.4
    ],
    "mse": 15535.795793652898,
    "rmse": 124.6426724426787,
    "mape": 31.343770477037282
}