{
    "predictions": [
        17.346995588600635,
        18.211730040490625,
        18.586890695393084,
        18.39331015896797,
        18.532244369387627,
        20.20684701743722,
        21.224824263811108,
        20.717011643588542,
        22.651403904557228,
        25.266518850684164
    ],
    "actual": [
        28.217999999999996,
        31.095,
        28.714,
        31.039,
        31.039,
        21.362,
        27.607,
        25.965,
        25.965,
        21.295
    ],
    "mse": 79.94089409839775,
    "rmse": 8.940967179136592,
    "mape": 27.64099413727023
}