{
    "predictions": [
        413861078.56687903,
        302929924.470976,
        35863491.89105629,
        155128247.38508463,
        478617749.9295473,
        166627459.35295522,
        7371332.941621533,
        1588506753.7872794,
        2246958889.7087574,
        3561108106.2905793
    ],
    "actual": [
        1939000000.0,
        1743000000.0,
        1248000000.0,
        672000000.0,
        834000000.0,
        1033000000.0000001,
        889000000.0,
        764000000.0,
        799000000.0,
        835000000.0
    ],
    "mse": 1.799851064498826e+18,
    "rmse": 1341585280.3675308,
    "mape": 117.65912149218241
}