{
    "predictions": [
        154.48986061906817,
        141.12692611974478,
        142.46947382438185,
        143.95406690990927,
        139.39460957592726,
        134.25724735021592,
        139.02809261471035,
        140.15718696749212,
        132.69805283457043,
        128.38223577976228
    ],
    "actual": [
        121.391,
        121.308,
        122.485,
        128.565,
        124.902,
        125.42100000000002,
        128.589,
        133.119,
        131.913,
        142.489
    ],
    "mse": 277.0769815896249,
    "rmse": 16.645629504155885,
    "mape": 11.443889464748802
}