{
    "predictions": [
        348.9136385191679,
        275.7629024429321,
        179.8127175104022,
        120.28075991389156,
        151.4173907403648,
        40.267772822961206,
        -87.90809814180433,
        -75.62938276144118,
        -44.20119482124597,
        -39.23908795980364
    ],
    "actual": [
        179.0,
        320.0,
        398.0,
        297.0,
        262.0,
        233.0,
        203.0,
        104.0,
        51.00000000000001,
        57.0
    ],
    "mse": 29425.66365376597,
    "rmse": 171.53910240457122,
    "mape": 101.95296199505226
}