{
    "predictions": [
        104.83754931497573,
        103.67129869234562,
        102.26058940720559,
        101.23441248869896,
        108.14025083017349,
        124.54951873874664,
        128.32663489842415,
        121.14006798481941,
        87.03289371454716,
        81.85685004663468
    ],
    "actual": [
        76.184,
        65.823,
        84.666,
        73.094,
        69.062,
        72.455,
        85.818,
        59.386,
        76.834,
        79.578
    ],
    "mse": 1332.5680108397512,
    "rmse": 36.504356052939094,
    "mape": 45.253330091951646
}