{
    "predictions": [
        166.7360180301666,
        158.75901277732845,
        160.41876634597776,
        212.4965645446777,
        223.57296486830708,
        427.30416249656673,
        527.1696115293503,
        623.8212490520476,
        671.8554820013046,
        751.1965382499694
    ],
    "actual": [
        970.0,
        919.0,
        919.0,
        965.0,
        1017.0000000000001,
        900.0,
        792.0,
        830.0,
        965.0,
        853.0
    ],
    "mse": 342681.6571935348,
    "rmse": 585.3901751768087,
    "mape": 55.71889656716247
}