{
    "predictions": [
        221.07683926820755,
        207.52240186929703,
        163.79792314767838,
        162.23533272743225,
        169.04851269721985,
        205.8297325372696,
        209.0657261610031,
        206.2943651676178,
        189.53732442855835,
        178.12774085998535
    ],
    "actual": [
        156.0,
        184.0,
        165.0,
        185.0,
        231.0,
        218.0,
        141.00000000000003,
        180.0,
        218.0,
        194.0
    ],
    "mse": 1568.0464881056969,
    "rmse": 39.59856674307414,
    "mape": 18.40545061905547
}