{
    "predictions": [
        89.22897596877813,
        110.18653824400901,
        108.26898079979419,
        105.08429030680657,
        135.44143165886402,
        156.5975689920187,
        152.54292941725254,
        123.14908168399334,
        104.69294566261767,
        171.89243951392174
    ],
    "actual": [
        271.282,
        267.075,
        288.73299999999995,
        261.168,
        248.774,
        303.811,
        275.88,
        275.969,
        197.855,
        226.248
    ],
    "mse": 19940.24007026566,
    "rmse": 141.20991491487297,
    "mape": 51.3322752275298
}