{
    "predictions": [
        56.927987527847286,
        57.93054318428039,
        60.492898225784295,
        63.1657250881195,
        67.11470966339111,
        69.32640814781188,
        75.94087462425232,
        78.27593240737914,
        84.61951851844788,
        83.56284446716309
    ],
    "actual": [
        75.2,
        97.9,
        5.000000000000002,
        24.39999999999999,
        54.599999999999994,
        61.29999999999999,
        43.5,
        43.5,
        109.70000000000002,
        110.30000000000001
    ],
    "mse": 1034.039015726798,
    "rmse": 32.15647704159767,
    "mape": 157.1497541891086
}