{
    "predictions": [
        2618.931919363141,
        2522.2680677324533,
        3124.1993229985237,
        3606.3330384731294,
        3442.3231560468676,
        2940.349363541603,
        2428.7155043691396,
        2192.128815460205,
        2832.456859612465,
        3620.9071947693824
    ],
    "actual": [
        3698.0,
        3556.0,
        4918.0,
        4761.0,
        4332.0,
        3537.0,
        4478.0,
        3748.0,
        2936.9999999999995,
        2273.0
    ],
    "mse": 1637956.8320771628,
    "rmse": 1279.8268758223367,
    "mape": 30.651856030811047
}