{
    "predictions": [
        532.8695791316032,
        545.7278626441956,
        536.8423642849923,
        540.3261069142819,
        537.6008683037759,
        540.5181400191784,
        530.6692220926285,
        547.3501590275765,
        556.5899468755723,
        541.235589606762
    ],
    "actual": [
        463.86600000000004,
        513.866,
        513.866,
        802.6300000000001,
        802.6300000000001,
        778.3900000000001,
        778.3900000000001,
        788.755,
        788.755,
        570.816
    ],
    "mse": 37634.8873909455,
    "rmse": 193.99713242969727,
    "mape": 21.885462955425666
}