{
    "predictions": [
        460.76551055908203,
        455.9498624801636,
        636.4715156555176,
        926.1249732971191,
        1061.4560508728027,
        907.5830421447754,
        1043.1185111999512,
        998.9040679931641,
        957.0686836242676,
        845.469123840332
    ],
    "actual": [
        513.0,
        302.0,
        431.0,
        467.0,
        459.0,
        387.0,
        431.0,
        478.0,
        479.0,
        513.0
    ],
    "mse": 189851.87882725024,
    "rmse": 435.719954589241,
    "mape": 88.85304347746903
}