{
    "predictions": [
        707291075.0985146,
        800301037.4486446,
        1495057654.8457146,
        1593122427.7496338,
        1976338754.0459633,
        2014701984.7512245,
        2652394372.6301193,
        2732015029.1204453,
        3067128116.6553497,
        3339475009.1314316
    ],
    "actual": [
        2133700000.0,
        1287000000.0,
        1295900000.0000002,
        1830200000.0,
        2094500000.0,
        1267500000.0,
        1473400000.0,
        1740800000.0,
        1733300000.0,
        1134000000.0
    ],
    "mse": 1.1955413159327908e+18,
    "rmse": 1093408119.5659702,
    "mape": 60.59805131423295
}