{
    "predictions": [
        102.19774197936057,
        31.56631295084953,
        0.5629746258258783,
        -47.02077624946833,
        -3.3379794538021126,
        -22.807827141880992,
        5.475223329663273,
        38.97670423686504,
        27.30678126811981,
        112.54449800848961
    ],
    "actual": [
        146.20000000000002,
        -64.80000000000001,
        224.5,
        131.59999999999997,
        319.4,
        -12.100000000000017,
        150.49999999999997,
        135.99999999999997,
        -16.30000000000002,
        -97.19999999999999
    ],
    "mse": 27389.031055449603,
    "rmse": 165.49631734709266,
    "mape": 125.48449943766042
}