{
    "predictions": [
        573.8311619021296,
        611.6073667381405,
        680.4784334958196,
        724.284327488482,
        727.2966028226017,
        745.3398443186283,
        708.580546339333,
        680.5775128951072,
        654.719611508727,
        638.4435428910851
    ],
    "actual": [
        571.9469999999999,
        932.89,
        610.799,
        605.1969999999999,
        588.304,
        607.664,
        850.887,
        629.7589999999999,
        652.4769999999999,
        636.701
    ],
    "mse": 18337.839103909602,
    "rmse": 135.4172777156209,
    "mape": 13.754823961638705
}