{
    "predictions": [
        667.2230134295226,
        670.9495043990612,
        662.9035134936571,
        655.3240910507441,
        659.0348645546436,
        678.9289713814259,
        650.049780105114,
        642.2684332787991,
        655.1482957025767,
        636.1715582795143
    ],
    "actual": [
        490.4,
        517.5,
        517.5,
        858.1,
        858.1,
        654.6,
        654.6,
        449.7,
        449.7,
        589.5
    ],
    "mse": 23878.27490193426,
    "rmse": 154.52596837403823,
    "mape": 24.147147397056422
}