{
    "predictions": [
        65.7703008093238,
        67.37838104054333,
        66.91831861379744,
        67.05361716659368,
        67.42707232984903,
        68.17587654590608,
        68.84764222267272,
        68.50884982010723,
        69.81771841295065,
        71.83883457161488
    ],
    "actual": [
        77.78700000000002,
        79.736,
        77.75,
        79.863,
        91.356,
        83.282,
        302.625,
        513.801,
        452.634,
        397.033
    ],
    "mse": 50661.580865924465,
    "rmse": 225.08127613358795,
    "mape": 43.56460081702408
}