{
    "predictions": [
        260.2028845071793,
        216.8468528032303,
        219.93862996101382,
        205.14423890113832,
        198.62233852148057,
        217.63121333122254,
        240.9196623325348,
        243.64721159935,
        257.7862936258316,
        263.7178812980652
    ],
    "actual": [
        334.90000000000003,
        321.2,
        449.5,
        473.4,
        390.6,
        411.3,
        512.5,
        523.9,
        391.7,
        447.49999999999994
    ],
    "mse": 41949.808892959474,
    "rmse": 204.81652495089227,
    "mape": 44.05067054484913
}