{
    "predictions": [
        600.8514942779541,
        594.928623046875,
        589.7854176330567,
        581.2117128448486,
        580.4918605270386,
        587.4842223129273,
        593.3427719955445,
        590.93421459198,
        580.8348752059936,
        576.7919359664917
    ],
    "actual": [
        497.692,
        448.496,
        522.896,
        606.509,
        706.134,
        677.907,
        658.287,
        644.848,
        718.181,
        654.83
    ],
    "mse": 9323.911365890544,
    "rmse": 96.56040268086367,
    "mape": 15.073964315241325
}