{
    "predictions": [
        825.2926971912384,
        -521.6905504465103,
        -288.657843708992,
        117.47593104839324,
        784.4962751865387,
        1229.2735278606415,
        2340.985531806946,
        3494.6767053604126,
        2870.2060599327087,
        4519.64830493927
    ],
    "actual": [
        3073.0,
        2218.0000000000005,
        1916.0000000000005,
        1582.0,
        1817.0000000000002,
        2178.0,
        1577.0,
        1896.0,
        1991.0,
        1954.0000000000005
    ],
    "mse": 3202458.086989607,
    "rmse": 1789.5413063099738,
    "mape": 81.29138199745428
}