{
    "predictions": [
        15.810481589913365,
        16.132102478802203,
        17.56671191090345,
        19.87452091825008,
        20.381671927690505,
        23.27331861811876,
        25.471286477625366,
        25.64676326203346,
        24.647047848820684,
        23.123659389734264
    ],
    "actual": [
        33.0,
        34.032,
        30.909,
        42.823,
        42.823,
        43.839,
        38.624,
        38.624,
        38.624,
        51.278
    ],
    "mse": 357.6520307398234,
    "rmse": 18.911690319477614,
    "mape": 45.95035191797951
}