{
    "predictions": [
        73.47789001059532,
        75.50119542908668,
        71.78076985788346,
        65.37753963303565,
        61.51362088036537,
        58.58428413581848,
        59.576823849201205,
        58.8181504483223,
        55.70755184364319,
        61.34666126203537
    ],
    "actual": [
        112.774,
        79.844,
        109.78,
        126.301,
        161.937,
        88.102,
        126.23199999999999,
        150.622,
        149.655,
        100.768
    ],
    "mse": 4092.5828613149365,
    "rmse": 63.973298033749494,
    "mape": 43.43031477147071
}