{
    "predictions": [
        402.39917910099035,
        407.24037611484533,
        388.7047868967057,
        396.0406743288041,
        359.6132022142411,
        346.6138157844544,
        372.28968453407293,
        396.7638586759568,
        401.93144106864935,
        426.63977980613714
    ],
    "actual": [
        571.9999999999998,
        433.00000000000006,
        459.0000000000001,
        632.9999999999999,
        467.0,
        483.9999999999999,
        424.0000000000001,
        446.00000000000006,
        513.0,
        495.00000000000006
    ],
    "mse": 14303.35224582024,
    "rmse": 119.59662305358057,
    "mape": 19.842565817460187
}