{
    "predictions": [
        781.635374888778,
        882.3232481456997,
        891.3029133024218,
        859.6431885516646,
        904.5648274734023,
        930.6070522831681,
        887.8914643542769,
        892.5207529842855,
        892.7781638513806,
        835.827066449404
    ],
    "actual": [
        741.0000000000001,
        753.0000000000001,
        749.0,
        709.0000000000001,
        637.0000000000001,
        612.0,
        677.9999999999999,
        470.0,
        722.0,
        709.0000000000001
    ],
    "mse": 50224.91158039162,
    "rmse": 224.1091510411648,
    "mape": 31.936558458456886
}