{
    "predictions": [
        47.35010561943053,
        65.64800345301627,
        52.645997381210314,
        66.03122618198394,
        57.043720763921726,
        84.69969881176948,
        76.18108900785445,
        104.61099942922591,
        103.23179672360419,
        110.60503230690955
    ],
    "actual": [
        -1.999999999999996,
        348.29999999999995,
        37.30000000000001,
        -27.499999999999996,
        -7.5999999999999925,
        -22.6,
        -113.5,
        -113.5,
        4.099999999999986,
        -14.799999999999994
    ],
    "mse": 21610.80688314433,
    "rmse": 147.00614573256564,
    "mape": 787.9733679599367
}