{
    "predictions": [
        653.4453085780148,
        620.4696209788326,
        494.67960169911424,
        572.8446142375474,
        585.4489657819275,
        585.674870526791,
        585.9618705570701,
        625.7551022231582,
        563.9301223099236,
        642.5792164444928
    ],
    "actual": [
        665.8000000000002,
        740.7,
        738.1999999999999,
        613.5999999999999,
        743.2000000000002,
        839.7999999999997,
        853.4999999999998,
        788.1999999999998,
        905.8999999999999,
        943.1999999999999
    ],
    "mse": 47031.73867960641,
    "rmse": 216.86802133926156,
    "mape": 23.07813668079596
}