{
    "predictions": [
        78.40570268106461,
        79.15043709158898,
        81.92030063247681,
        86.157374481678,
        91.43149554038048,
        92.78747634029389,
        98.31865083360672,
        100.69050373458863,
        106.56223977828026,
        115.90843622350692
    ],
    "actual": [
        86.539,
        123.613,
        92.46800000000002,
        96.54499999999999,
        100.12700000000001,
        105.895,
        113.157,
        110.06499999999998,
        113.245,
        116.577
    ],
    "mse": 286.28097737344245,
    "rmse": 16.91983975613961,
    "mape": 11.67010808923604
}