{
    "predictions": [
        226343510.49065587,
        230538418.3347225,
        222674617.89846417,
        224847875.87523457,
        233536919.87395284,
        249438941.0436153,
        261885405.8206081,
        269630228.02472115,
        265543264.07313344,
        255331920.54629323
    ],
    "actual": [
        233200000.0,
        209400000.0,
        245400000.0,
        242500000.0,
        257300000.00000003,
        248900000.0,
        266100000.0,
        283900000.0,
        293200000.0,
        288100000.0
    ],
    "mse": 394689035992413.0,
    "rmse": 19866782.22542375,
    "mape": 6.644353994665317
}