{
    "predictions": [
        501.11001801490784,
        481.57080429792404,
        461.053032040596,
        427.13625943660736,
        443.83415961265564,
        526.2203297019005,
        533.5299763679504,
        565.6924292445183,
        532.8821944594383,
        507.5602566599846
    ],
    "actual": [
        455.0,
        274.00000000000006,
        408.99999999999994,
        444.0,
        379.0,
        287.0,
        394.0,
        467.0,
        485.99999999999994,
        488.00000000000006
    ],
    "mse": 14142.486453735833,
    "rmse": 118.92218654959147,
    "mape": 27.30753234911758
}