{
    "predictions": [
        269.7207920074463,
        273.6546751022339,
        266.96823501586914,
        265.48892612457274,
        263.03405685424804,
        257.05284385681153,
        256.95679092407227,
        256.5590581893921,
        262.32749328613284,
        265.9695379257202
    ],
    "actual": [
        349.3,
        370.79999999999995,
        348.3,
        334.4,
        348.3,
        330.8,
        371.5,
        277.6000000000001,
        306.6,
        305.4
    ],
    "mse": 5692.026485986529,
    "rmse": 75.44551998618957,
    "mape": 20.54770863862138
}