{
    "predictions": [
        134.99952740073206,
        134.82774245738986,
        141.28466294407846,
        155.11823696494105,
        159.15734157562258,
        156.98399885892871,
        160.10902858376505,
        165.02852962017062,
        154.78848561644557,
        144.74550794363023
    ],
    "actual": [
        155.8,
        139.8,
        134.6,
        127.2,
        132.1,
        120.1,
        110.00000000000001,
        11.7,
        184.8,
        129.5
    ],
    "mse": 3052.7694033440557,
    "rmse": 55.251872396725666,
    "mape": 147.90821105028942
}