{
    "predictions": [
        178.42728864908221,
        210.95023819923404,
        220.56913790082933,
        224.89726145219805,
        243.58872125053406,
        267.4922577147484,
        290.7753435196877,
        286.2455189175606,
        278.8103637738228,
        345.689926050663
    ],
    "actual": [
        211.05,
        251.547,
        244.636,
        244.636,
        235.346,
        174.991,
        201.803,
        223.209,
        229.991,
        230.374
    ],
    "mse": 3987.6368856608833,
    "rmse": 63.14773856331581,
    "mape": 24.947792655255114
}