{
    "predictions": [
        2114.5722007510662,
        1179.2651402211188,
        1003.9578448174,
        835.4654758963585,
        1149.397608300209,
        1502.6703114185334,
        1578.262092960596,
        1951.5036917786597,
        2216.8551420419217,
        2725.145740196705
    ],
    "actual": [
        4685.0,
        3900.0,
        3900.0,
        2880.0,
        3474.0,
        3513.0,
        3407.0,
        3180.0,
        3081.0,
        2910.0
    ],
    "mse": 4165628.351436169,
    "rmse": 2040.987102221905,
    "mape": 52.07232723473068
}