{
    "predictions": [
        102.02106634676456,
        93.61214086562394,
        89.531539568305,
        85.05507858991622,
        84.0522095799446,
        87.21476224958896,
        89.95093818902969,
        88.75219492018222,
        85.74072843939065,
        81.38264423012733
    ],
    "actual": [
        92.6,
        63.70000000000001,
        75.3,
        109.2,
        85.9,
        57.6,
        89.8,
        103.0,
        77.7,
        48.8
    ],
    "mse": 397.8759833987014,
    "rmse": 19.94682890583617,
    "mape": 24.28249506257502
}