{
    "predictions": [
        716.6031292552948,
        729.2810877952576,
        742.328526679039,
        706.3780366678238,
        747.4617018539906,
        800.5662234466076,
        811.7977295097113,
        781.9354530372619,
        761.0707193257808,
        827.6585798877478
    ],
    "actual": [
        771.428,
        1005.197,
        1129.915,
        1080.297,
        843.5800000000002,
        1106.017,
        907.0000000000001,
        947.0000000000001,
        1233.0,
        1211.0000000000002
    ],
    "mse": 87769.05939381782,
    "rmse": 296.2584334560247,
    "mape": 24.033850703525143
}