{
    "predictions": [
        427.19804716640715,
        418.9149558846057,
        402.6486369744838,
        398.02261999034886,
        386.73174802023175,
        377.0662016334832,
        382.8818098749519,
        396.39827780711653,
        393.8947759020925,
        400.9646302904487
    ],
    "actual": [
        436.217,
        457.294,
        415.255,
        440.881,
        445.935,
        456.104,
        603.172,
        479.025,
        447.51,
        745.186
    ],
    "mse": 19001.993898427307,
    "rmse": 137.8477199609312,
    "mape": 16.57665289033164
}