{
    "predictions": [
        555.4949519765375,
        474.54054298517093,
        -7.972574201613819,
        -3.117904048055564,
        125.24333933815345,
        142.26887932127698,
        -749.4529337203504,
        -37.19706110501305,
        -118.00245760378257,
        855.2651087419389
    ],
    "actual": [
        1378.9980000000005,
        2818.131,
        2025.639,
        365.79100000000005,
        470.62299999999993,
        1311.3660000000002,
        671.283,
        492.2390000000001,
        609.4219999999999,
        991.2430000000004
    ],
    "mse": 1477474.7966699558,
    "rmse": 1215.5142108054335,
    "mape": 95.89459525264006
}