{
    "predictions": [
        478.6955725729465,
        381.6420088291168,
        411.3427477955818,
        437.8295158922672,
        494.12003039121623,
        642.0804908156395,
        582.8542342066764,
        566.5691873013973,
        576.6969737887382,
        626.7340131282806
    ],
    "actual": [
        503.8,
        482.1,
        467.1,
        511.2,
        457.5,
        463.9,
        476.20000000000005,
        416.8,
        428.4,
        333.30000000000007
    ],
    "mse": 19420.490094587465,
    "rmse": 139.35741851292835,
    "mape": 27.950924845102264
}