{
    "predictions": [
        128.0773803730011,
        134.7083008453846,
        144.68585773432252,
        147.20639727205037,
        145.93017271900175,
        165.17172872668505,
        161.68996197485922,
        183.82477680939434,
        178.70312571430205,
        180.09118474829197
    ],
    "actual": [
        214.119,
        182.824,
        155.838,
        200.524,
        230.769,
        204.44,
        150.387,
        220.15,
        235.60000000000002,
        196.269
    ],
    "mse": 2637.1296393207044,
    "rmse": 51.352990558688056,
    "mape": 21.262727674898237
}