{
    "predictions": [
        316.3260461091995,
        7.517986714839943,
        -72.27525222301482,
        -203.19738763570783,
        -242.12308290600774,
        -122.46977928280829,
        68.00850254297256,
        227.254887342453,
        187.76974600553513,
        361.2239671945572
    ],
    "actual": [
        998.0,
        326.9999999999999,
        76.00000000000001,
        642.9999999999999,
        1127.0,
        428.00000000000006,
        117.00000000000004,
        754.0,
        1071.0,
        568.0
    ],
    "mse": 458501.1289384444,
    "rmse": 677.1271143134385,
    "mape": 97.34089048717742
}