{
    "predictions": [
        276.3730878505707,
        257.12743307685855,
        250.69148517227174,
        276.8535924396515,
        277.07879712677004,
        274.1809375104904,
        306.9025868330002,
        352.2827420005799,
        375.6176232776643,
        372.65583092308054
    ],
    "actual": [
        331.94800000000004,
        341.2799999999999,
        349.573,
        342.032,
        352.42499999999995,
        506.304,
        695.046,
        571.374,
        548.051,
        558.509
    ],
    "mse": 34668.51289743202,
    "rmse": 186.1948251091636,
    "mape": 31.48971079066062
}