{
    "predictions": [
        741.2187566757202,
        986.1928596496582,
        1253.8496162295341,
        1340.6766293048859,
        1419.8552829623222,
        1570.0007815361023,
        1821.1197867393494,
        1741.2182850837708,
        1941.1489328742027,
        1566.6298050284386
    ],
    "actual": [
        1469.9999999999995,
        2045.0,
        2000.0000000000002,
        1957.0000000000002,
        2040.0000000000002,
        2395.0,
        2358.0,
        2627.0,
        2541.0,
        1846.9999999999995
    ],
    "mse": 516527.10929108236,
    "rmse": 718.6982045970911,
    "mape": 33.02726242404567
}