{
    "predictions": [
        2492.7555828094482,
        2448.790455043316,
        2343.305610895157,
        2126.8169708848,
        2039.4102673530576,
        2171.2616659998894,
        2278.7879814505577,
        2201.1995049118996,
        2427.6728852391243,
        2547.3483898043633
    ],
    "actual": [
        2663.0,
        2443.0,
        3267.0,
        2253.0,
        2258.0,
        2196.0,
        2429.0,
        2977.0,
        2286.0,
        2441.0
    ],
    "mse": 160235.48737639774,
    "rmse": 400.2942509909401,
    "mape": 9.410940300121586
}