{
    "predictions": [
        -2.1337192827463185,
        -0.4915748991370236,
        3.6103837907314267,
        6.298775895476338,
        4.003921687185761,
        3.2924109758138624,
        1.9181256126165356,
        -3.861798569798473,
        -5.708994086980823,
        -6.470087481290106
    ],
    "actual": [
        2.701999999999992,
        12.714000000000002,
        3.9549999999999943,
        14.561000000000009,
        16.688999999999993,
        10.828000000000003,
        15.176999999999992,
        15.43299999999999,
        14.449999999999996,
        14.099999999999998
    ],
    "mse": 186.1451354083335,
    "rmse": 13.64350158164441,
    "mape": 99.16726703874595
}