{
    "predictions": [
        92.1469593923688,
        130.52364402127267,
        183.51402457404137,
        157.72617240786553,
        147.96821370732786,
        163.43348834049704,
        181.52531666326524,
        178.13325848972798,
        219.4584216361046,
        224.20612469100953
    ],
    "actual": [
        138.802,
        142.678,
        163.77500000000003,
        180.37899999999996,
        168.695,
        154.18300000000002,
        202.181,
        198.02000000000004,
        203.71300000000002,
        183.063
    ],
    "mse": 650.5186830813198,
    "rmse": 25.505267751610052,
    "mape": 13.549189073730336
}