{
    "predictions": [
        241.3295967578888,
        241.69225680828094,
        237.20337241888046,
        241.48333257436752,
        245.11115115880966,
        240.33479976654053,
        243.19740611314774,
        243.81579279899597,
        244.43448400497437,
        250.4932867884636
    ],
    "actual": [
        64.99999999999999,
        99.99999999999999,
        99.99999999999999,
        109.0,
        109.0,
        83.0,
        83.0,
        50.99999999999999,
        50.99999999999999,
        101.0
    ],
    "mse": 25343.218710787634,
    "rmse": 159.19553608938799,
    "mape": 208.45244513970482
}