{
    "predictions": [
        124.93523989462851,
        120.04465977984665,
        131.30330973291396,
        139.30420918178555,
        149.04884527814386,
        154.20974890702962,
        149.94316457957027,
        137.722538464725,
        123.25396030777691,
        124.99401679205893
    ],
    "actual": [
        133.114,
        123.481,
        96.303,
        96.303,
        96.303,
        159.408,
        159.408,
        143.462,
        143.462,
        131.656
    ],
    "mse": 653.7243648712982,
    "rmse": 25.568034043924815,
    "mape": 17.70390039192036
}