{
    "predictions": [
        36.086663969099455,
        27.575836347758706,
        71.70858219099038,
        55.0852635328173,
        45.88507356345647,
        43.65289018356793,
        28.62543180549138,
        36.7767657118439,
        38.02727936267846,
        36.65210376131528
    ],
    "actual": [
        -24.999999999999986,
        59.99999999999998,
        -82.00000000000003,
        157.00000000000003,
        215.0,
        28.000000000000014,
        121.99999999999999,
        240.99999999999997,
        70.0,
        171.99999999999994
    ],
    "mse": 13740.79672563131,
    "rmse": 117.22114453302062,
    "mape": 97.09539636279769
}