{
    "predictions": [
        108.09794296339156,
        119.42255624023082,
        125.73141384512189,
        118.10616626071932,
        130.6024164591432,
        117.22175764605406,
        94.6226768860817,
        97.1363444364071,
        73.83581751464308,
        66.79217954407633
    ],
    "actual": [
        50.015,
        125.08800000000001,
        92.832,
        129.548,
        120.88700000000001,
        143.084,
        134.954,
        137.909,
        119.648,
        147.967
    ],
    "mse": 1735.9390009452222,
    "rmse": 41.664601293486804,
    "mape": 34.364306126744346
}