{
    "predictions": [
        151.92677576839924,
        214.8251867830753,
        213.8715365052223,
        191.70558848679065,
        224.8612910568714,
        241.836122110486,
        249.8462739229202,
        256.6325637042522,
        295.47771335840224,
        321.3290847718715
    ],
    "actual": [
        358.20000000000005,
        253.99999999999997,
        395.3,
        374.1,
        191.30000000000004,
        198.5,
        198.5,
        115.4,
        102.40000000000002,
        194.5
    ],
    "mse": 18921.939451580918,
    "rmse": 137.55704071977166,
    "mape": 60.90493126714931
}