{
    "predictions": [
        145.50684338748457,
        137.33428218698504,
        137.4433791357279,
        135.16013918578628,
        140.81803205662968,
        147.26607253313065,
        151.15642677742244,
        163.10695415884257,
        167.92012760841848,
        171.46426126205924
    ],
    "actual": [
        168.739,
        170.502,
        172.743,
        251.26099999999997,
        181.81500000000003,
        181.81500000000003,
        185.11300000000003,
        244.01599999999996,
        194.726,
        194.676
    ],
    "mse": 2819.63456642747,
    "rmse": 53.100231321788705,
    "mape": 21.860426810776623
}