{
    "predictions": [
        223.1879653275013,
        253.63258728557827,
        295.0535893456936,
        412.7314300842285,
        301.33425430476666,
        349.014413056016,
        387.3239871698618,
        426.8209394526482,
        378.2171608756781,
        395.6681922467947
    ],
    "actual": [
        290.8,
        383.9,
        299.8,
        305.3,
        330.4,
        414.4,
        379.1,
        502.5,
        499.6,
        608.1
    ],
    "mse": 10388.11399342113,
    "rmse": 101.92209766984355,
    "mape": 19.49900673350921
}