{
    "predictions": [
        99.9402681632042,
        99.29371818077564,
        104.90679163795708,
        108.11723449540138,
        110.8264077336788,
        117.81375244569777,
        117.9763589168787,
        118.44455142092704,
        115.06734580558538,
        120.88067971241473
    ],
    "actual": [
        134.597,
        141.893,
        141.893,
        161.952,
        161.952,
        114.478,
        114.478,
        144.304,
        153.132,
        133.101
    ],
    "mse": 1218.6106610814509,
    "rmse": 34.90860439893653,
    "mape": 20.457502221556165
}