{
    "predictions": [
        51.67428159248829,
        58.423448711574075,
        56.73466580173373,
        87.92203462618589,
        119.05033035492896,
        105.26481460922956,
        137.0239374783039,
        143.5600292111635,
        145.36478755164146,
        145.79830673825742
    ],
    "actual": [
        44.508,
        45.837,
        84.972,
        58.11,
        61.905,
        51.484,
        63.131,
        54.948,
        70.46,
        60.071
    ],
    "mse": 3432.599978446013,
    "rmse": 58.588394571331385,
    "mape": 85.2197365195298
}