{
    "predictions": [
        1249.4045624136925,
        1251.9886249899864,
        1273.3976840376854,
        1235.179642856121,
        1245.0742275714874,
        1267.5578535199165,
        1288.4171884655952,
        1261.386661529541,
        1260.8902930021286,
        1284.0736494660378
    ],
    "actual": [
        1467.0,
        1164.0,
        1169.0,
        1265.0,
        1265.0,
        1510.0,
        1247.0,
        1373.0,
        1399.0,
        1663.0
    ],
    "mse": 30288.552463631007,
    "rmse": 174.03606655986857,
    "mape": 9.541886962633535
}