{
    "predictions": [
        48.874602752208716,
        60.18361942964793,
        52.79172357904912,
        61.78004005873204,
        65.82875581514837,
        61.63323743188382,
        63.31823910164834,
        61.59468675839902,
        79.42856874752046,
        88.49788639354706
    ],
    "actual": [
        111.942,
        107.953,
        129.205,
        128.096,
        114.278,
        115.719,
        129.802,
        103.27999999999999,
        128.094,
        139.526
    ],
    "mse": 3289.8753027122825,
    "rmse": 57.35743458970496,
    "mape": 46.678124271229606
}