{
    "predictions": [
        69.32514379401505,
        65.01886106313765,
        68.17776112349331,
        69.25930820958317,
        70.49612170690298,
        69.38715844604373,
        65.61174897287786,
        64.93401929432899,
        65.15653280282021,
        65.8246379334256
    ],
    "actual": [
        93.824,
        103.224,
        63.115,
        92.462,
        173.496,
        173.496,
        238.311,
        124.635,
        210.038,
        875.1149999999999
    ],
    "mse": 73340.2216944803,
    "rmse": 270.8139983355371,
    "mape": 49.743847259212274
}