{
    "predictions": [
        3777.5872867107396,
        1932.3122492432597,
        2614.2006147503857,
        2826.707321286202,
        3988.776085555554,
        4160.310043632984,
        4213.594705998898,
        3489.3824834227566,
        3796.9265410304074,
        3489.532168924809
    ],
    "actual": [
        3362.0,
        2700.0000000000005,
        2243.9999999999995,
        2346.0,
        3307.0,
        2728.0000000000005,
        -3542.0,
        2984.0,
        3763.9999999999995,
        3103.0
    ],
    "mse": 6420166.796435124,
    "rmse": 2533.8048063012125,
    "mape": 40.013103655830115
}