{
    "predictions": [
        904.6059122085572,
        907.7175254821778,
        941.4027357101442,
        927.8719120025636,
        949.2219333648683,
        952.2395725250245,
        972.6907882690431,
        950.4308395385743,
        968.7048091888429,
        963.3696403503419
    ],
    "actual": [
        814.4999999999999,
        958.4999999999999,
        857.5000000000001,
        995.1,
        1078.2,
        1073.4,
        1032.4,
        992.1,
        975.7,
        1220.0
    ],
    "mse": 12478.199395487178,
    "rmse": 111.70586106148225,
    "mape": 8.78870707776202
}