{
    "predictions": [
        28853337.616801262,
        26553094.942629337,
        38739104.01207209,
        37836752.55662203,
        28331920.78536749,
        29736695.9977746,
        27756706.644535065,
        26510984.95811224,
        27461730.5611372,
        37568693.872630596
    ],
    "actual": [
        29766999.999999996,
        11274999.999999998,
        1553999.9999999998,
        -16267000.0,
        9968000.0,
        14374000.0,
        5374999.999999999,
        33484000.000000004,
        33484000.000000004,
        24786999.999999996
    ],
    "mse": 586665213859888.8,
    "rmse": 24221172.842368487,
    "mape": 366.19231020349287
}