{
    "predictions": [
        780.6347336769104,
        732.1205825805664,
        765.9171254634857,
        892.5134892463684,
        1003.4401676654817,
        1069.7021021842957,
        1090.3610763549805,
        1086.108419418335,
        1062.8335599899292,
        1032.0787966251373
    ],
    "actual": [
        760.0,
        827.0,
        700.0,
        689.0,
        678.0,
        730.0000000000001,
        716.0000000000001,
        593.0,
        935.0,
        874.0
    ],
    "mse": 70113.19785699935,
    "rmse": 264.788968533433,
    "mape": 31.4875428052178
}