{
    "predictions": [
        5125.747771382331,
        5008.580382823943,
        5405.954062581061,
        5634.849969267844,
        5804.030347347259,
        6024.563232541083,
        5656.515308618545,
        5499.541218280791,
        5401.024875640868,
        5240.268175601958
    ],
    "actual": [
        6166.0,
        4868.000000000001,
        6362.199999999999,
        6171.0,
        5927.999999999999,
        4466.0,
        6731.999999999999,
        7335.000000000001,
        6795.0,
        10904.999999999998
    ],
    "mse": 4330616.806653705,
    "rmse": 2081.01340857134,
    "mape": 19.392654252479684
}