{
    "predictions": [
        16662.753684282303,
        17642.06570482254,
        16532.75923228264,
        25046.91635465622,
        28672.7995762825,
        36638.07187175751,
        44105.99677658081,
        43851.54409503937,
        42349.80950450897,
        41724.200249671936
    ],
    "actual": [
        21181.0,
        22362.0,
        23159.000000000004,
        25305.0,
        25245.0,
        26836.0,
        31822.0,
        31326.0,
        35745.0,
        36501.0
    ],
    "mse": 57318758.74371531,
    "rmse": 7570.915317431262,
    "mape": 23.354837913677258
}