{
    "predictions": [
        139.82122029799223,
        161.00318953457472,
        164.62497608652708,
        208.1106114772558,
        232.50474664306637,
        268.841989151895,
        314.5890542577505,
        328.49431798505776,
        377.20408011412616,
        383.44360103011127
    ],
    "actual": [
        308.9,
        265.3,
        263.1,
        287.5,
        281.5,
        243.2,
        266.9,
        269.3,
        261.1,
        273.3
    ],
    "mse": 8991.349366747378,
    "rmse": 94.82272600356613,
    "mape": 31.165684427024942
}