{
    "predictions": [
        26.2795505181849,
        28.067634661227466,
        23.98635889005661,
        30.302194924294948,
        21.93591154116392,
        21.24046185338497,
        21.814850081920625,
        30.488281687915325,
        32.395917991220955,
        34.55551509818435
    ],
    "actual": [
        60.5,
        60.5,
        71.1,
        164.0,
        185.7,
        154.9,
        175.6,
        230.2,
        249.2,
        272.6
    ],
    "mse": 23420.507408555444,
    "rmse": 153.0376012898642,
    "mape": 78.1088449998254
}