{
    "predictions": [
        120.36022728681566,
        87.62861543893816,
        52.30479240417482,
        22.622427076101317,
        -4.862124413251864,
        13.641928613185895,
        26.743397384881987,
        39.26780694723131,
        66.83205604553224,
        86.06878250837327
    ],
    "actual": [
        241.00000000000003,
        167.0,
        174.0,
        206.00000000000003,
        208.0,
        119.0,
        681.0,
        594.9999999999999,
        192.99999999999997,
        161.99999999999997
    ],
    "mse": 88427.53087989255,
    "rmse": 297.3676695269554,
    "mape": 74.91339449155068
}