{
    "predictions": [
        1027.929595708847,
        1029.356616139412,
        935.5116231441498,
        852.311429977417,
        804.3144776821136,
        749.0394275188446,
        699.85570114851,
        643.2833997309208,
        613.2361935377121,
        608.6000262200832
    ],
    "actual": [
        1084.0,
        1212.0,
        1218.0,
        1256.0,
        1293.0,
        1314.0,
        1164.0,
        1305.0,
        1257.0,
        1207.0
    ],
    "mse": 226307.37850709195,
    "rmse": 475.7177508850095,
    "mape": 34.77388893586088
}