{
    "predictions": [
        236.48289301395414,
        246.454310297966,
        239.28381588459013,
        250.68431520462033,
        257.073212480545,
        263.0949868679046,
        256.47907278537747,
        252.47194893360134,
        262.2954681396484,
        250.98682446479796
    ],
    "actual": [
        74.7,
        96.1,
        152.8,
        356.09999999999997,
        374.99999999999994,
        -56.6,
        165.9,
        279.79999999999995,
        357.7,
        102.89999999999999
    ],
    "mse": 22346.67750324156,
    "rmse": 149.48805137281562,
    "mape": 129.0464983723409
}