{
    "predictions": [
        249.80948828005793,
        250.48226305389406,
        248.27285924696923,
        254.11550066912176,
        265.54008801424504,
        259.31844707572463,
        250.8729822560549,
        246.91521195912364,
        239.88634390676023,
        226.15846024894714
    ],
    "actual": [
        52.904,
        113.56,
        112.72300000000001,
        171.167,
        171.167,
        137.205,
        67.911,
        -44.611,
        144.615,
        145.384
    ],
    "mse": 24065.54308464063,
    "rmse": 155.1307290147269,
    "mape": 184.995143859514
}