{
    "predictions": [
        104.27457338237762,
        101.58783803462981,
        98.57700411891936,
        97.29535742616653,
        95.84604095554351,
        97.55640201091767,
        98.61649679279327,
        101.08323705673217,
        103.65699550342559,
        108.31662368392944
    ],
    "actual": [
        138.005,
        153.112,
        137.671,
        165.031,
        185.285,
        179.456,
        157.957,
        171.01,
        169.61700000000002,
        167.826
    ],
    "mse": 4091.894583993414,
    "rmse": 63.96791839659482,
    "mape": 37.424688513668045
}