{
    "predictions": [
        148.04925903075934,
        153.60149850809574,
        136.54313683778048,
        127.92540317329765,
        123.00638136947155,
        116.0075294250846,
        110.04675502246619,
        124.52333947065473,
        123.46365473291279,
        126.4262702447474
    ],
    "actual": [
        152.566,
        172.305,
        156.494,
        186.814,
        178.898,
        233.176,
        223.715,
        251.984,
        266.756,
        264.831
    ],
    "mse": 8994.37045537979,
    "rmse": 94.83865485855327,
    "mape": 34.694813476613106
}