{
    "predictions": [
        78.45375138521196,
        88.70664739012719,
        97.50933082103731,
        105.63203622698785,
        112.07480892539026,
        116.37740494012834,
        117.98287400603296,
        118.4909989476204,
        121.05133461952211,
        121.39494032263757
    ],
    "actual": [
        132.8,
        91.90000000000002,
        103.60000000000002,
        124.89999999999999,
        150.70000000000002,
        114.09999999999997,
        84.80000000000001,
        -186.4,
        143.6,
        78.29999999999998
    ],
    "mse": 10129.439543563902,
    "rmse": 100.64511683913881,
    "mape": 36.67699514737471
}