{
    "predictions": [
        262.12606191635126,
        242.14146733283994,
        246.0904812812805,
        260.0841777324676,
        253.04646492004392,
        255.66780829429624,
        244.92989230155942,
        226.28678870201108,
        226.4359710216522,
        233.32986044883725
    ],
    "actual": [
        209.0,
        201.0,
        218.00000000000003,
        241.0,
        249.99999999999997,
        390.00000000000006,
        285.0,
        320.0,
        152.0,
        180.0
    ],
    "mse": 4249.526574451937,
    "rmse": 65.1883929427006,
    "mape": 22.429838485415324
}