{
    "predictions": [
        116.98304667550326,
        117.97711859321593,
        119.08039271157979,
        117.83313777428864,
        119.43372442799806,
        118.30667173349856,
        121.0139984641075,
        124.36049696224927,
        128.3094980868101,
        130.3879038848281
    ],
    "actual": [
        131.077,
        132.499,
        134.606,
        134.304,
        131.029,
        125.119,
        137.436,
        174.419,
        132.057,
        106.586
    ],
    "mse": 445.8826835996957,
    "rmse": 21.115934352987928,
    "mape": 12.5622412694199
}