{
    "predictions": [
        68.83642590349913,
        66.70480756407977,
        72.256810495317,
        86.94912145829201,
        82.25874118453265,
        87.39333544051648,
        92.57798912143708,
        77.91319644546509,
        74.31614362841846,
        76.78631779378654
    ],
    "actual": [
        63.722,
        26.943999999999996,
        52.99000000000001,
        72.13800000000002,
        66.821,
        57.76799999999999,
        38.18099999999998,
        59.931999999999995,
        103.37599999999999,
        68.23000000000002
    ],
    "mse": 751.3684506442008,
    "rmse": 27.411100865237078,
    "mape": 49.99971406689748
}