{
    "predictions": [
        37.91925946897268,
        37.9557337641269,
        36.714788210585716,
        38.357102879598735,
        40.631842111468316,
        40.03404076397419,
        35.92797327747941,
        34.21146068257094,
        31.129796799361706,
        27.923377015262844
    ],
    "actual": [
        48.932,
        48.932,
        29.098000000000003,
        59.741,
        79.477,
        79.477,
        27.146,
        98.887,
        90.352,
        35.781
    ],
    "mse": 1165.0798749419712,
    "rmse": 34.133266397196316,
    "mape": 39.06734586153155
}