{
    "predictions": [
        220.03150020056958,
        189.6794438091516,
        200.7316898744702,
        194.01971183270211,
        131.57561526989932,
        211.59361784148211,
        215.84087836915248,
        231.1349683324098,
        251.50111865794653,
        287.65570662117
    ],
    "actual": [
        315.48199999999997,
        376.199,
        40.63300000000001,
        403.961,
        259.211,
        249.652,
        24.372,
        339.551,
        310.664,
        144.988
    ],
    "mse": 20361.519796591027,
    "rmse": 142.69379733047623,
    "mape": 152.528512593131
}