{
    "predictions": [
        2235.3405377864838,
        2183.363755106926,
        2137.794087290764,
        2147.806205511093,
        2175.0747278928757,
        2219.3345502614975,
        2240.540472626686,
        2289.752179145813,
        2270.286745786667,
        2287.4466857910156
    ],
    "actual": [
        2416.0,
        1632.0,
        2263.0,
        2405.0,
        2468.0,
        2009.0,
        2382.0,
        2533.0,
        2478.0,
        2306.0
    ],
    "mse": 67118.01599856034,
    "rmse": 259.0714496013799,
    "mape": 10.455628668916123
}