{
    "predictions": [
        156.52970620483157,
        138.9499336043,
        98.74853319168089,
        73.0226202982664,
        45.91510941289364,
        48.38439462527632,
        39.54363169088959,
        45.66033477790653,
        48.069670997411,
        62.377893340587605
    ],
    "actual": [
        166.737,
        236.117,
        258.367,
        237.61499999999998,
        187.389,
        208.031,
        225.795,
        224.576,
        216.319,
        191.388
    ],
    "mse": 21926.806615518515,
    "rmse": 148.07702933108334,
    "mape": 63.79024099683035
}