{
    "predictions": [
        1232.6967847794294,
        1167.041782706976,
        1123.5762220323086,
        1091.6305319666862,
        1087.5727334320545,
        1089.9939348250628,
        1137.9571803361177,
        1165.3238068223,
        1174.340005710721,
        1123.3823209702969
    ],
    "actual": [
        1205.0,
        1361.0,
        1361.0,
        1253.0,
        1212.0,
        1232.0,
        1220.0,
        1139.0,
        1266.0,
        1424.0
    ],
    "mse": 26264.14352747857,
    "rmse": 162.0621594558044,
    "mape": 10.605271045666727
}