{
    "predictions": [
        109.43739910447599,
        109.83924638843537,
        109.51573928117753,
        108.53649839651585,
        106.99162588429452,
        111.57727797949315,
        114.23775628066063,
        105.02429621219636,
        108.29445691967011,
        96.83343326187135
    ],
    "actual": [
        45.205,
        42.954,
        29.195,
        29.195,
        7.106,
        7.106,
        7.106,
        7.106,
        7.106,
        74.248
    ],
    "mse": 7405.172953289208,
    "rmse": 86.05331459792359,
    "mape": 806.0518576764725
}