{
    "predictions": [
        1401.738753117621,
        1471.4028516113758,
        1591.232892125845,
        1586.8428128957748,
        1676.3720632344484,
        1741.4321824014187,
        1694.4796524345875,
        1727.3659040629864,
        1748.1378132253885,
        1779.746788084507
    ],
    "actual": [
        1149.0,
        1177.0,
        1233.0,
        1292.0,
        1372.0,
        1230.0,
        1254.0,
        1216.0,
        1332.0,
        1118.0
    ],
    "mse": 178661.51389381927,
    "rmse": 422.6837043154364,
    "mape": 33.02591106371464
}