{
    "predictions": [
        187.59958262443544,
        179.87120188474657,
        184.6014877200127,
        182.28113963603977,
        170.818522143364,
        176.47321873903277,
        180.75920118093492,
        166.90792329311373,
        170.00201689004902,
        181.63862726688387
    ],
    "actual": [
        248.30000000000004,
        213.5,
        284.9,
        326.5,
        315.0,
        283.0,
        282.4,
        349.6,
        356.0,
        315.0
    ],
    "mse": 16389.83139995312,
    "rmse": 128.0227768795581,
    "mape": 38.58202574320154
}