{
    "predictions": [
        153.1013586819172,
        96.33228647708893,
        105.63617545366287,
        25.29751551151276,
        107.95204690098763,
        200.36293995380402,
        273.1982199549675,
        298.57515811920166,
        379.6311023235321,
        417.06149673461914
    ],
    "actual": [
        257.0,
        116.0,
        121.00000000000001,
        131.0,
        110.99999999999999,
        43.0,
        52.0,
        139.0,
        118.0,
        72.00000000000001
    ],
    "mse": 30927.434767546725,
    "rmse": 175.86197646889656,
    "mape": 176.06317528296498
}