{
    "predictions": [
        109.20821546316147,
        115.58258841633796,
        103.12178578376769,
        81.59413695931434,
        77.97418073415756,
        96.65042098760604,
        89.71023405790329,
        93.3952869951725,
        101.36474713683128,
        106.79383873343467
    ],
    "actual": [
        72.2,
        71.8,
        93.7,
        92.8,
        75.1,
        79.2,
        83.9,
        102.8,
        83.5,
        39.9
    ],
    "mse": 872.9784878849807,
    "rmse": 29.54620936575419,
    "mape": 36.534988160724815
}