{
    "predictions": [
        4538.857744753361,
        4274.808187007904,
        4055.7273768782616,
        4421.096848607063,
        4318.002400755882,
        4205.013594388962,
        4070.345845848322,
        4279.662612915039,
        3960.5914870500565,
        3813.512919485569
    ],
    "actual": [
        3223.0,
        4578.0,
        2435.0,
        3297.0,
        3251.0,
        5183.0,
        2637.0,
        3801.0,
        3583.9999999999995,
        5193.0
    ],
    "mse": 1213711.3332120765,
    "rmse": 1101.6856780461824,
    "mape": 30.381412832546793
}