{
    "predictions": [
        65.51636869651078,
        59.96727866470813,
        55.85526569795608,
        53.92158764255046,
        53.02621029406785,
        55.1428943145275,
        55.46036730498075,
        57.816547861218446,
        57.410185523450366,
        52.924821847915645
    ],
    "actual": [
        80.147,
        72.674,
        66.5,
        76.333,
        72.868,
        88.692,
        56.026,
        45.149,
        62.51499999999999,
        81.056
    ],
    "mse": 348.8546046903824,
    "rmse": 18.67764987064439,
    "mape": 21.810116677426315
}