{
    "predictions": [
        190.12684314131735,
        192.59999337673187,
        179.2971802341938,
        174.81237372636795,
        190.07498651504517,
        205.54318376541136,
        222.8028199648857,
        225.68495557785033,
        233.6582714796066,
        239.20140436053276
    ],
    "actual": [
        249.2,
        225.1,
        252.79999999999998,
        233.60000000000002,
        223.40000000000003,
        210.9,
        204.69999999999996,
        227.5,
        217.00000000000003,
        224.90000000000003
    ],
    "mse": 1535.6824464426577,
    "rmse": 39.18778440334,
    "mape": 13.351877838520277
}