{
    "predictions": [
        440.0412985943556,
        549.7926099385619,
        452.6291624568105,
        481.87722961950305,
        388.1274088186026,
        726.4533665531874,
        841.0274846714735,
        1175.4867506824733,
        1000.8369733439685,
        1119.9151492283345
    ],
    "actual": [
        639.0,
        611.0,
        446.00000000000006,
        503.0,
        465.0,
        506.0,
        450.0,
        476.0,
        508.0,
        417.0
    ],
    "mse": 147749.23062445148,
    "rmse": 384.3816210804719,
    "mape": 60.63647702489051
}