{
    "predictions": [
        128.14460921287534,
        134.33400142192838,
        147.13944756984708,
        168.2732387781143,
        189.70857024192807,
        178.85741662979123,
        186.9721311330795,
        193.7559127807617,
        182.49857640266416,
        175.27534615993497
    ],
    "actual": [
        42.000000000000036,
        42.000000000000036,
        65.0,
        65.0,
        232.00000000000006,
        18.0,
        32.999999999999986,
        358.0,
        329.0,
        228.99999999999994
    ],
    "mse": 13605.492862404077,
    "rmse": 116.642585972723,
    "mape": 220.25310466109386
}