{
    "predictions": [
        246.5701402425766,
        242.05512619018555,
        243.83266687393188,
        249.71565866470337,
        255.1209226846695,
        262.72479569911957,
        257.81143069267273,
        248.52165174484253,
        250.62701880931854,
        248.88787186145782
    ],
    "actual": [
        237.0,
        210.0,
        343.0,
        306.0,
        279.0,
        257.0,
        348.0,
        294.0,
        341.0,
        311.0
    ],
    "mse": 3695.163974235415,
    "rmse": 60.787860418305684,
    "mape": 16.5253237621869
}