{
    "predictions": [
        9193.489517211914,
        8889.398704528809,
        8789.489669799805,
        8726.34487915039,
        8450.333084106445,
        8817.056373596191,
        8716.742309570312,
        7731.225868225099,
        7005.124061584474,
        6011.130332946778
    ],
    "actual": [
        2989.0,
        962.0,
        1460.0,
        3255.0,
        3255.0,
        4259.0,
        2090.0,
        859.0,
        138.0,
        3077.0
    ],
    "mse": 37967145.3465019,
    "rmse": 6161.748562421377,
    "mape": 815.7003277637108
}