{
    "predictions": [
        915.5066136121749,
        988.6902954578399,
        1021.3758816719054,
        1027.1796668767927,
        1028.9726994037626,
        1018.9313923120498,
        983.2182943820952,
        935.5378773212432,
        901.9075999259948,
        889.5114083290099
    ],
    "actual": [
        820.0,
        766.0,
        623.0,
        542.0,
        564.0,
        590.0,
        1074.0,
        472.00000000000006,
        574.0,
        556.0
    ],
    "mse": 129485.88190460896,
    "rmse": 359.8414677390711,
    "mape": 57.30931761117035
}