{
    "predictions": [
        440.4496677298545,
        404.3051549235582,
        400.2878983888626,
        537.3225204259156,
        502.1038211269378,
        422.611597302556,
        434.1415300872326,
        461.0016569510698,
        469.8581447650194,
        474.3814248821735
    ],
    "actual": [
        455.6050000000001,
        459.907,
        448.203,
        453.48699999999997,
        480.94399999999996,
        503.568,
        471.368,
        461.20500000000004,
        397.991,
        559.039
    ],
    "mse": 3336.4820819516035,
    "rmse": 57.76228944520468,
    "mape": 10.621229613319121
}