{
    "predictions": [
        271.158178516984,
        205.54906343871355,
        147.92043870687485,
        301.6725997253656,
        415.35199945640557,
        498.17741118097297,
        428.3471921386718,
        362.8364682785272,
        388.49060885107514,
        490.0602027447223
    ],
    "actual": [
        304.0,
        400.75300000000004,
        325.34,
        345.599,
        297.716,
        297.716,
        328.083,
        369.821,
        299.635,
        377.0
    ],
    "mse": 15739.301777621373,
    "rmse": 125.45637400156826,
    "mape": 32.56955519308855
}