{
    "predictions": [
        121.18960113525391,
        121.71451834440231,
        129.83349593877793,
        133.2675934255123,
        130.51618282794954,
        131.38131432533265,
        142.9010610818863,
        133.51411895751954,
        144.34950330257416,
        144.9822315275669
    ],
    "actual": [
        153.1,
        151.6,
        167.10000000000002,
        160.30000000000004,
        172.40000000000003,
        167.60000000000002,
        186.1,
        193.2,
        193.79999999999998,
        199.5
    ],
    "mse": 1794.3097654853839,
    "rmse": 42.35929373213609,
    "mape": 23.2576053135158
}