{
    "predictions": [
        934.06692053473,
        865.8512069987058,
        864.5448178669214,
        889.1225689025522,
        952.4442467715145,
        968.3686866686941,
        966.172622069478,
        956.0609871716499,
        958.3150903012753,
        969.8536673709154
    ],
    "actual": [
        1085.0,
        1085.0,
        1002.9999999999999,
        1110.0,
        1167.0,
        1013.0,
        1240.0,
        1179.0,
        1078.0,
        1056.0
    ],
    "mse": 33321.86949318422,
    "rmse": 182.54278811605846,
    "mape": 15.085530468770337
}