{
    "predictions": [
        392.6843626874089,
        373.3878628618717,
        362.69405201745036,
        428.9518470630646,
        445.23426210677627,
        486.06081233245135,
        542.8640921174288,
        587.2608156510591,
        708.367912597537,
        777.754009992838
    ],
    "actual": [
        528.808,
        453.5539999999999,
        453.30099999999993,
        450.68399999999997,
        429.43,
        397.735,
        377.365,
        390.368,
        412.09,
        412.543
    ],
    "mse": 32900.579715761065,
    "rmse": 181.38516950335566,
    "mape": 34.883191351607614
}