{
    "predictions": [
        472353915.5292511,
        449449470.2653885,
        482964087.723732,
        509802035.69316864,
        501671476.58634186,
        531766412.43839264,
        537302850.1691818,
        581891030.9352875,
        623880963.2482529,
        638975783.9536667
    ],
    "actual": [
        584000000.0,
        670000000.0,
        610000000.0,
        613000000.0,
        624999999.9999999,
        651000000.0,
        453000000.0,
        534000000.0,
        511000000.0,
        471000000.0
    ],
    "mse": 1.6768039752840422e+16,
    "rmse": 129491465.94598588,
    "mape": 21.307606358144383
}