{
    "predictions": [
        190.16591787338257,
        42.295664310455315,
        -124.33217227458954,
        -214.26210689544678,
        -288.6724030971527,
        -239.3638346195221,
        -154.28340685367584,
        -77.27230679988861,
        -77.57645845413208,
        -74.15388011932373
    ],
    "actual": [
        299.0,
        249.99999999999994,
        21.000000000000014,
        414.00000000000006,
        32.99999999999999,
        121.00000000000004,
        -560.0,
        253.99999999999994,
        154.00000000000003,
        185.99999999999997
    ],
    "mse": 109981.08846293957,
    "rmse": 331.63396759520816,
    "mape": 272.8992957774404
}