{
    "predictions": [
        313690872.9614242,
        256793867.37411153,
        284730400.6338555,
        397583234.67286915,
        286614353.8604924,
        308897652.33866996,
        376920189.6945012,
        497090259.4350098,
        438656689.6742405,
        435260540.3546518
    ],
    "actual": [
        279300000.0,
        355700000.0,
        111000000.0,
        220900000.0,
        208500000.0,
        373900000.0,
        176900000.0,
        226200000.0,
        285000000.0,
        458900000.0
    ],
    "mse": 2.2025034148961444e+16,
    "rmse": 148408335.84728804,
    "mape": 62.33589598983944
}