{
    "predictions": [
        7814.286731243134,
        7884.0704171061525,
        7669.833924353124,
        7999.727141201497,
        8273.7805082798,
        8423.024174749851,
        8628.695999622345,
        8607.099786281586,
        8774.157612740993,
        8916.16745954752
    ],
    "actual": [
        8067.2,
        9002.0,
        9118.0,
        7971.0,
        7971.0,
        6460.0,
        5684.0,
        7800.0,
        5377.0,
        5268.0
    ],
    "mse": 4152933.2105878205,
    "rmse": 2037.874679804384,
    "mape": 26.056763415029344
}