{
    "predictions": [
        248.65524210929868,
        247.07091028690337,
        242.48302257061002,
        259.9038278341293,
        270.41466186046597,
        251.92940232753753,
        286.46267168521877,
        294.82163636684413,
        259.4946619272232,
        228.3248971223831
    ],
    "actual": [
        216.20000000000002,
        253.9,
        164.6,
        206.7,
        199.0,
        192.4,
        38.3,
        105.5,
        149.9,
        214.7
    ],
    "mse": 12826.421673684215,
    "rmse": 113.25379319777424,
    "mape": 106.44386956218985
}