{
    "predictions": [
        192510796.96416846,
        182247043.19238654,
        170912327.4087905,
        176107180.1185607,
        184591447.23415366,
        177531627.35700598,
        186856152.35567084,
        162344382.64369956,
        164913771.39091483,
        168821007.84778586
    ],
    "actual": [
        333000000.00000006,
        222000000.00000003,
        222000000.00000003,
        404000000.0,
        404000000.0,
        132000000.00000007,
        132000000.00000007,
        396000000.0,
        396000000.0,
        246000000.00000003
    ],
    "mse": 2.4303743036129664e+16,
    "rmse": 155896578.01289183,
    "mape": 41.8610288163126
}