{
    "predictions": [
        560.3395428657532,
        565.298689186573,
        566.3950438499451,
        576.6107966899872,
        565.2067270278931,
        555.3903976082802,
        562.2635093331337,
        559.466164290905,
        546.2523307800293,
        539.9901411533356
    ],
    "actual": [
        464.00000000000006,
        697.0,
        534.0,
        652.0,
        652.0,
        438.00000000000006,
        522.0,
        621.0,
        572.0,
        626.0
    ],
    "mse": 6814.129272513366,
    "rmse": 82.54773935434795,
    "mape": 13.326392821147587
}