{
    "predictions": [
        52.15819400548935,
        43.35948627591133,
        36.075255799293515,
        27.73929598927498,
        31.494135516881943,
        32.175246277451514,
        39.88494937717915,
        41.01080131828785,
        44.19423080682755,
        37.13583446443081
    ],
    "actual": [
        28.7,
        27.0,
        46.8,
        63.49999999999999,
        47.9,
        51.2,
        72.7,
        44.3,
        55.4,
        51.7
    ],
    "mse": 426.8191946670423,
    "rmse": 20.659602964893647,
    "mape": 39.392671013309304
}