{
    "predictions": [
        139.99214973306664,
        140.10306393718727,
        141.83373886632927,
        151.93492277526863,
        135.26520680403718,
        153.70858556985863,
        160.65725712180145,
        175.48469505167014,
        155.1499190969468,
        172.7604768605233
    ],
    "actual": [
        343.85699999999997,
        320.62299999999993,
        174.92000000000002,
        221.44800000000004,
        194.83000000000007,
        199.173,
        172.83300000000008,
        205.719,
        204.58699999999993,
        235.15799999999996
    ],
    "mse": 9308.990841199266,
    "rmse": 96.4831116890374,
    "mape": 29.173550114590874
}