{
    "predictions": [
        63.56489949100092,
        96.1432470767498,
        74.30673072683811,
        76.4366413550973,
        70.85284905853122,
        51.984613672956826,
        71.87317298007012,
        71.910212191768,
        68.00359985074401,
        73.65933332665264
    ],
    "actual": [
        95.406,
        108.949,
        111.686,
        110.329,
        138.525,
        148.44,
        147.245,
        162.434,
        183.06799999999998,
        190.532
    ],
    "mse": 5838.141116452935,
    "rmse": 76.40772942872294,
    "mape": 45.42582276253779
}