{
    "predictions": [
        298.39225924015045,
        316.3568705320358,
        349.43139839172363,
        373.51741456985474,
        385.1305730342865,
        416.7900757789612,
        402.3523545265198,
        457.0697293281556,
        458.61852717399603,
        477.9045014381409
    ],
    "actual": [
        438.0,
        384.00000000000006,
        424.0,
        437.0,
        390.0,
        335.0,
        291.0,
        298.0,
        340.0,
        357.99999999999994
    ],
    "mse": 10651.972715909089,
    "rmse": 103.20839459999894,
    "mape": 26.72918698223895
}