{
    "predictions": [
        105.16422645431759,
        110.000831846416,
        89.33655821067096,
        89.1318621364832,
        93.86094640481473,
        98.56966782242061,
        106.12253252309561,
        124.86447397130729,
        130.42492928230763,
        150.3387824444175
    ],
    "actual": [
        131.733,
        140.051,
        83.91399999999999,
        98.318,
        82.98100000000001,
        112.977,
        78.58699999999999,
        107.47800000000001,
        97.50400000000002,
        112.13599999999998
    ],
    "mse": 565.2381254214431,
    "rmse": 23.774737126232186,
    "mape": 20.234137907949396
}