{
    "predictions": [
        186.35219625902178,
        179.02735718631746,
        173.66531464719776,
        177.6512047610283,
        174.55661105680468,
        179.69565763711933,
        189.11218554592136,
        203.87263741874696,
        218.65415397644045,
        228.25120476150516
    ],
    "actual": [
        272.988,
        265.286,
        271.382,
        273.267,
        273.95,
        271.276,
        269.817,
        314.513,
        315.803,
        322.391
    ],
    "mse": 8895.80079577724,
    "rmse": 94.3175529568979,
    "mape": 33.034132893055016
}