{
    "predictions": [
        735.3185867624283,
        848.4880720119477,
        1015.9100784320832,
        1005.985705915451,
        1155.872051917076,
        1370.0779618797303,
        1786.1775274047852,
        1973.1901788215637,
        1872.8804213695528,
        1954.0460347137453
    ],
    "actual": [
        1275.339,
        1344.127,
        1033.86,
        895.4999999999999,
        1047.794,
        1111.958,
        881.252,
        1128.88,
        1292.244,
        1406.863
    ],
    "mse": 279641.3880083251,
    "rmse": 528.81129716405,
    "mape": 38.81241510598502
}