{
    "predictions": [
        1069.0613878965378,
        1093.39315533638,
        1087.9567604660988,
        1080.763182938099,
        1051.605075955391,
        1016.2185172438623,
        988.5886952877046,
        973.6491407155992,
        964.8335874676706,
        932.2799795269967
    ],
    "actual": [
        843.0,
        898.0000000000001,
        975.0,
        933.9999999999999,
        963.0,
        857.0,
        1033.0,
        837.0000000000001,
        1348.0,
        970.0
    ],
    "mse": 32566.69448514668,
    "rmse": 180.46244619074264,
    "mape": 15.659203221271117
}