{
    "predictions": [
        74.69201414620876,
        73.70905274116993,
        72.5083084152937,
        69.34353733682633,
        69.40584668293596,
        78.76028800868988,
        87.51437914568186,
        89.87552007082105,
        89.78469452238083,
        81.87844872033597
    ],
    "actual": [
        81.349,
        72.107,
        54.641,
        95.374,
        81.749,
        81.749,
        68.745,
        96.38100000000001,
        70.195,
        67.013
    ],
    "mse": 220.4342123045163,
    "rmse": 14.847027052730668,
    "mape": 17.32954332531582
}