{
    "predictions": [
        151.69911087298394,
        152.97876421666146,
        154.85652119636535,
        153.5886616294384,
        167.18407856941224,
        160.39300154829024,
        164.32374899339678,
        179.10308972167968,
        194.48552093553545,
        194.9894947257042
    ],
    "actual": [
        170.158,
        173.157,
        183.117,
        174.599,
        83.265,
        83.265,
        182.86399999999998,
        178.727,
        186.228,
        176.631
    ],
    "mse": 1572.8224470021016,
    "rmse": 39.65882558778186,
    "mape": 26.855986571654178
}