{
    "predictions": [
        55.310194901824,
        52.16205940362215,
        51.23694245622158,
        49.621666177988054,
        49.794598463463785,
        48.25158094465733,
        48.001759550225735,
        54.69255530656576,
        64.62573058388233,
        75.50544657781123
    ],
    "actual": [
        135.042,
        138.998,
        139.757,
        141.225,
        140.108,
        138.073,
        146.267,
        82.087,
        141.018,
        146.321
    ],
    "mse": 6760.614501029626,
    "rmse": 82.22295604653013,
    "mape": 58.23543386839398
}