{
    "predictions": [
        10.979803401231768,
        15.879605269432071,
        23.342413100600247,
        38.411798673868184,
        48.02500532269478,
        61.38140564858914,
        74.16278767585754,
        94.6356413960457,
        103.37343812584878,
        107.10473852157594
    ],
    "actual": [
        66.4,
        37.10000000000001,
        -1.400000000000001,
        -12.5,
        1.300000000000003,
        -9.6,
        13.3,
        24.6,
        58.099999999999994,
        52.99999999999999
    ],
    "mse": 2753.376458372708,
    "rmse": 52.472625800246625,
    "mape": 757.1212800580396
}