{
    "predictions": [
        33.85658016276359,
        35.56783624446392,
        11.070521447211503,
        25.06607492184639,
        38.45098721671104,
        44.845432863354674,
        27.98733413505554,
        30.62452582126856,
        40.59976015925407,
        47.89452032279968
    ],
    "actual": [
        11.651,
        5.586,
        17.746,
        19.373,
        19.373,
        19.373,
        18.795,
        18.795,
        18.795,
        6.737
    ],
    "mse": 487.5611575879196,
    "rmse": 22.080787069031746,
    "mape": 186.30654801482157
}