{
    "predictions": [
        378.3645267486572,
        383.4208240509033,
        410.7445602416993,
        422.8144092559815,
        427.95405960083013,
        439.28855133056646,
        428.0438213348389,
        425.57214927673346,
        434.93612861633306,
        436.6366748809815
    ],
    "actual": [
        384.0,
        344.0,
        413.99999999999994,
        430.0,
        445.0,
        486.0,
        548.0,
        586.0,
        586.0,
        493.0
    ],
    "mse": 7024.421179439649,
    "rmse": 83.8118200460988,
    "mape": 11.530459710096922
}