{
    "predictions": [
        442.7703990459443,
        365.57631157040606,
        367.5583545267583,
        383.10076023936284,
        395.62041568756115,
        442.41586043834695,
        412.4783874154092,
        391.65893795490274,
        377.03378569483766,
        358.2213742494584
    ],
    "actual": [
        350.0,
        419.90000000000003,
        396.1,
        440.70000000000005,
        405.69999999999993,
        355.69999999999993,
        338.29999999999995,
        407.30000000000007,
        369.5,
        377.79999999999995
    ],
    "mse": 2949.810297716202,
    "rmse": 54.312156076850805,
    "mape": 11.957032898541959
}