{
    "predictions": [
        163.33848924636845,
        154.4826400995255,
        150.6272385835648,
        151.305659455061,
        156.55968866944318,
        171.50986225605016,
        174.1375702142716,
        170.78780649304395,
        178.78098828792577,
        178.1932115077973
    ],
    "actual": [
        158.7,
        131.00000000000003,
        134.40000000000003,
        140.4,
        135.1,
        -322.0,
        96.89999999999998,
        -579.3,
        114.09999999999997,
        77.8
    ],
    "mse": 82782.7495895408,
    "rmse": 287.7199151771403,
    "mape": 60.47565069780202
}