{
    "predictions": [
        1247.377936107874,
        1117.1812664669753,
        1363.958496093035,
        1551.9405286037922,
        1618.0964139389991,
        1617.287692560196,
        1939.2764374061826,
        2217.956743346215,
        2183.8508193061357,
        2366.3425986549855
    ],
    "actual": [
        2013.3750000000002,
        1996.2350000000004,
        909.4760000000002,
        1256.317,
        1598.894,
        1983.4229999999998,
        1030.1179999999997,
        1349.2509999999997,
        1368.5429999999997,
        1524.0929999999998
    ],
    "mse": 474318.8333789709,
    "rmse": 688.7080901071012,
    "mape": 44.27238514357303
}