{
    "predictions": [
        987124673.7957001,
        1013139988.9707565,
        1263687157.2732925,
        1156164628.2553673,
        1127690145.432949,
        1144370214.1523361,
        1156685596.716404,
        1129455756.4616203,
        1119400253.4866333,
        1196561898.303032
    ],
    "actual": [
        805000000.0,
        593000000.0,
        652000000.0,
        878000000.0,
        877000000.0,
        786000000.0,
        881000000.0,
        919999999.9999999,
        919999999.9999999,
        976000000.0
    ],
    "mse": 1.0607807795572104e+17,
    "rmse": 325696297.1169937,
    "mape": 39.14836812258628
}