{
    "predictions": [
        115.63821022510527,
        127.85813884735106,
        168.88978421688077,
        168.6679272651672,
        146.24626736640928,
        171.2933853149414,
        187.76798644065855,
        156.00646204948424,
        139.41301360130308,
        180.2072924137115
    ],
    "actual": [
        202.4,
        151.3,
        159.5,
        298.3,
        231.8,
        197.6,
        190.0,
        344.7,
        323.2,
        271.4
    ],
    "mse": 11068.524992738465,
    "rmse": 105.20705771353205,
    "mape": 30.43073357894148
}