{
    "predictions": [
        895.5425105094911,
        908.2284564971925,
        720.7814731597902,
        622.0812454223634,
        923.1875762939454,
        775.0984668731691,
        -161.11682343482957,
        -10.956428527831894,
        352.93043565750133,
        648.6375269889833
    ],
    "actual": [
        -2736.0,
        7005.0,
        8288.0,
        2616.0000000000005,
        3052.9999999999995,
        2739.0,
        1516.0,
        1933.0000000000005,
        1953.0,
        2046.9999999999998
    ],
    "mse": 13109757.03362274,
    "rmse": 3620.739846167181,
    "mape": 89.01886855637721
}