{
    "predictions": [
        1971.7172193527222,
        2389.7639786601067,
        1917.437310039997,
        1466.3997727632523,
        2015.8306921720505,
        2172.836648672819,
        2918.6996262669563,
        3604.498996078968,
        4368.772992014885,
        4028.8790385127068
    ],
    "actual": [
        3182.0,
        3182.0,
        2105.0,
        2105.0,
        3139.0,
        3139.0,
        3948.9999999999995,
        3948.9999999999995,
        3030.0,
        2274.9999999999995
    ],
    "mse": 1077899.7858725905,
    "rmse": 1038.2195268210817,
    "mape": 32.48322308874797
}