{
    "predictions": [
        98.45240350961687,
        44.11749202609062,
        275.3023312091828,
        408.8257742524147,
        548.0999499440193,
        799.1989062547685,
        769.686932873726,
        426.0601147413254,
        640.9364004015923,
        573.5541954517365
    ],
    "actual": [
        208.00000000000003,
        84.0,
        60.0,
        82.0,
        188.0,
        125.00000000000001,
        183.0,
        236.00000000000003,
        147.00000000000003,
        113.00000000000001
    ],
    "mse": 158738.53490338632,
    "rmse": 398.42004832009434,
    "mape": 273.3162318010108
}