{
    "predictions": [
        2084941901.564598,
        2152818119.8239326,
        2177928093.43338,
        2207553563.7140274,
        2202878113.627434,
        2189271946.2513924,
        2169596771.95549,
        2149120564.699173,
        2128308446.2285042,
        2083793202.7578354
    ],
    "actual": [
        1599000000.0000002,
        1303000000.0,
        1208000000.0,
        1136000000.0,
        1008000000.0,
        937000000.0,
        1141000000.0,
        1075000000.0,
        886000000.0,
        993999999.9999999
    ],
    "mse": 1.0985962455745734e+18,
    "rmse": 1048139420.8666009,
    "mape": 96.23353310846747
}