{
    "predictions": [
        1041.7287972569468,
        645.4703974723817,
        347.3785844445229,
        116.94084197282798,
        -84.31589841842646,
        77.17066019773489,
        194.00616765022284,
        264.2712604999543,
        372.9657125473023,
        517.2308155894281
    ],
    "actual": [
        734.0000000000001,
        -24.99999999999991,
        81.0000000000001,
        1162.0,
        492.00000000000017,
        160.9999999999998,
        168.00000000000017,
        937.0000000000001,
        580.9999999999999,
        690.0000000000002
    ],
    "mse": 257286.88670996498,
    "rmse": 507.2345480248412,
    "mape": 345.9931622008628
}