{
    "predictions": [
        907.6808414459229,
        682.6462337970734,
        417.5975174307823,
        411.52703469991684,
        444.9597651362419,
        521.658648610115,
        482.6059446334839,
        513.2590652108192,
        359.1116744875908,
        378.4008905887604
    ],
    "actual": [
        85.0,
        90.99999999999996,
        680.0,
        842.9999999999999,
        1005.0000000000001,
        1048.0,
        1118.0,
        1012.0,
        920.9999999999999,
        947.0000000000001
    ],
    "mse": 316404.4861540839,
    "rmse": 562.4984321347785,
    "mape": 204.09074007116388
}