{
    "predictions": [
        62.30761939769984,
        61.12840196746588,
        59.210902178227904,
        62.454557629644874,
        65.43906993421912,
        63.118172134369615,
        63.85390153187514,
        58.218386985361576,
        60.04781211072207,
        58.7772347714603
    ],
    "actual": [
        56.777,
        57.067,
        58.799,
        60.511,
        62.405,
        62.113,
        60.774,
        17.835,
        23.492,
        22.829
    ],
    "mse": 433.01524880271336,
    "rmse": 20.809018448805155,
    "mape": 57.182304500892
}