{
    "predictions": [
        24.57441036254164,
        12.633029238343203,
        -196.3644300273657,
        -154.13941296762232,
        -151.19600706896188,
        -107.1135192202926,
        -74.78043942654136,
        71.91713918489214,
        -30.88573775416616,
        1.4668271954059258
    ],
    "actual": [
        445.23400000000004,
        580.552,
        53.209999999999994,
        258.465,
        540.7009999999999,
        788.57,
        788.57,
        216.48200000000006,
        674.091,
        867.1579999999999
    ],
    "mse": 402567.3068109404,
    "rmse": 634.4819200031948,
    "mape": 144.31988099651062
}