{
    "predictions": [
        208.760022854805,
        199.92234768867493,
        195.42424416542053,
        196.43036243915557,
        190.92816240787505,
        188.60095455646515,
        186.72219696044922,
        188.61981494426726,
        187.57707867622375,
        185.49350066184996
    ],
    "actual": [
        182.9,
        171.5,
        145.5,
        129.2,
        92.8,
        39.9,
        99.5,
        135.8,
        92.6,
        90.0
    ],
    "mse": 6876.7331198804295,
    "rmse": 82.926070206422,
    "mape": 93.0712141059303
}