{
    "predictions": [
        275.42680698633194,
        383.17934960126877,
        507.149906039238,
        475.8582321405411,
        436.83122515678406,
        524.3896263837814,
        531.1238979101181,
        426.7886617779732,
        405.0846008658409,
        502.0088720321655
    ],
    "actual": [
        385.0,
        251.00000000000003,
        350.0,
        438.0,
        380.0,
        317.0,
        314.0,
        391.99999999999994,
        273.0,
        327.0
    ],
    "mse": 19827.47341894439,
    "rmse": 140.81006149755206,
    "mape": 39.49678180796706
}