{
    "predictions": [
        265.6442207670212,
        218.996767455101,
        404.68670260810853,
        263.37396508502957,
        129.41156019592285,
        212.0403772034645,
        367.02150750780106,
        364.6226826329231,
        233.4037955622673,
        280.5771074986458
    ],
    "actual": [
        441.20700000000005,
        150.39099999999996,
        -46.842000000000006,
        116.55200000000004,
        523.9229999999999,
        523.9229999999999,
        18.486999999999988,
        131.444,
        545.0,
        204.1
    ],
    "mse": 79266.3489578726,
    "rmse": 281.5428012893823,
    "mape": 346.7485515585378
}