{
    "predictions": [
        2556.7958389282226,
        1750.785192658752,
        2247.163316333294,
        2255.3353724479675,
        2586.9873457998037,
        3053.0114464759827,
        3483.436058193445,
        3467.231882828474,
        3287.5272724807264,
        3408.955239850283
    ],
    "actual": [
        3242.0,
        3060.3,
        2631.7,
        3560.5,
        3681.5,
        2892.4,
        3291.0,
        3430.0,
        3338.0,
        3015.0
    ],
    "mse": 545557.7002858666,
    "rmse": 738.6187787254441,
    "mape": 17.198848362247805
}