{
    "predictions": [
        638.6193888523579,
        657.2118289731145,
        654.517802777946,
        667.2498555439711,
        659.6482577898503,
        713.3613527963162,
        771.2388029896617,
        839.2010244982839,
        937.7041691497565,
        1073.3203224316835
    ],
    "actual": [
        943.8,
        1011.2,
        1059.2,
        1093.7,
        1127.7,
        1106.4,
        750.1,
        471.4,
        410.3000000000001,
        335.7
    ],
    "mse": 189558.53889986925,
    "rmse": 435.38320925349115,
    "mape": 65.06774550920144
}