{
    "predictions": [
        1059.5008010864258,
        1025.5013580322266,
        1016.7912788391114,
        1005.9666652679444,
        1022.4828643798829,
        1025.3318614959717,
        1048.9166469573975,
        1018.3919830322267,
        1000.5343647003175,
        1024.3469924926758
    ],
    "actual": [
        1282.0,
        1397.0,
        1328.0,
        1311.0,
        1055.0000000000002,
        1055.0000000000002,
        1410.0,
        1328.0,
        1567.0,
        1405.0
    ],
    "mse": 107136.92405917172,
    "rmse": 327.3177722934881,
    "mape": 20.870922518911485
}