{
    "predictions": [
        129.75675580608845,
        122.42296475243569,
        125.56041538000106,
        118.0893713414669,
        114.02483849585056,
        105.99683459860087,
        100.05068587303161,
        94.10557033461332,
        86.12982707595825,
        79.85036963486671
    ],
    "actual": [
        71.176,
        78.922,
        49.298,
        64.268,
        57.32,
        64.75,
        38.99399999999999,
        57.443,
        49.483,
        48.103
    ],
    "mse": 2637.642333792452,
    "rmse": 51.35798218186198,
    "mape": 89.89555863339935
}