{
    "predictions": [
        -329.08138849800827,
        -289.1527172856331,
        137.59736217337849,
        343.7974881083965,
        204.67851939082146,
        394.1276261508465,
        713.5868263678551,
        896.2077165484428,
        671.5606899783611,
        825.9619101240635
    ],
    "actual": [
        369.99999999999994,
        392.99999999999994,
        472.00000000000006,
        487.0,
        686.0,
        820.0,
        375.0,
        673.0,
        861.0,
        714.0
    ],
    "mse": 171230.22927623978,
    "rmse": 413.79974537962175,
    "mape": 74.60079396883665
}