{
    "predictions": [
        640.2703921089175,
        548.7797377142908,
        323.0214812231065,
        183.63921944093715,
        144.8998252081872,
        234.75274430131924,
        316.8930053839685,
        401.67466129350674,
        468.12393918132796,
        468.4779942016603
    ],
    "actual": [
        506.147,
        365.37700000000007,
        399.3649999999999,
        613.263,
        596.684,
        561.4829999999998,
        561.4829999999998,
        649.998,
        575.963,
        641.937
    ],
    "mse": 71609.82105176552,
    "rmse": 267.60011407278125,
    "mape": 42.72819853829051
}