{
    "predictions": [
        382.25373779714107,
        295.9218543623388,
        310.9960507454276,
        339.1360577734411,
        366.57110453122857,
        466.7871457765698,
        490.79131435906885,
        482.51496718513965,
        473.16617158865927,
        490.638659220159
    ],
    "actual": [
        378.185,
        263.495,
        327.823,
        351.34,
        339.016,
        326.888,
        301.9,
        383.9,
        369.2,
        316.2
    ],
    "mse": 10847.384377147628,
    "rmse": 104.15077713175081,
    "mape": 24.449624005092932
}