{
    "predictions": [
        125.27851542806626,
        128.12561002099514,
        149.40574324142935,
        162.10574419730904,
        192.50027359950545,
        226.0749957445264,
        240.86845867395402,
        254.05799411308766,
        258.5687591620088,
        252.53093901693822
    ],
    "actual": [
        218.0,
        270.0,
        122.0,
        251.0,
        213.0,
        213.0,
        194.0,
        193.0,
        219.0,
        226.0
    ],
    "mse": 4616.438249700956,
    "rmse": 67.94437614476239,
    "mape": 25.4323949738822
}