{
    "predictions": [
        341.5958318850398,
        407.1940529006719,
        509.05844136804336,
        512.9452907198668,
        392.69512274697416,
        446.5512050104141,
        514.1002383771538,
        534.6787591177225,
        410.3974141195416,
        558.3919846382737
    ],
    "actual": [
        531.2,
        391.00000000000006,
        320.5,
        593.2,
        701.4,
        506.40000000000003,
        1584.0,
        554.0,
        645.0,
        553.0
    ],
    "mse": 137721.3928660203,
    "rmse": 371.1083303646259,
    "mape": 27.640741478485126
}