{
    "predictions": [
        27.882204601436857,
        27.616244682490827,
        25.714012270092965,
        22.296630661904814,
        26.898245454102756,
        26.723347307711844,
        26.926588832557204,
        27.908184622049333,
        32.600394798189406,
        35.69751242053509
    ],
    "actual": [
        0.687,
        25.222,
        30.794,
        29.203,
        26.116,
        29.133,
        29.133,
        29.133,
        29.133,
        23.075
    ],
    "mse": 100.29531771747057,
    "rmse": 10.01475500037173,
    "mape": 409.78322978648373
}