{
    "predictions": [
        2169.896083712578,
        2135.1533665657043,
        2163.0809495449066,
        2212.1178493499756,
        2246.6879074573517,
        2306.3736917972565,
        2308.425342321396,
        2287.854460477829,
        2252.357867717743,
        2232.6416181325912
    ],
    "actual": [
        2305.0,
        2275.0,
        1894.0,
        2206.0,
        2456.0,
        2145.0,
        2052.0,
        2033.0,
        2306.9999999999995,
        1466.0
    ],
    "mse": 90153.50405400204,
    "rmse": 300.2557310926838,
    "mape": 12.22340904036454
}