{
    "predictions": [
        113.71429119157793,
        98.2211128576398,
        99.82247489476205,
        114.6846917114854,
        123.12036779487134,
        139.11532805943492,
        169.90475395882132,
        150.91847863197327,
        140.82176149177553,
        135.61925711202622
    ],
    "actual": [
        87.88,
        136.647,
        111.96899999999997,
        101.205,
        95.06,
        140.749,
        142.012,
        158.162,
        172.00200000000004,
        144.605
    ],
    "mse": 514.6677863505289,
    "rmse": 22.686290713788555,
    "mape": 16.092714285682824
}