{
    "predictions": [
        2150.400513097644,
        -611.9069105163218,
        -1564.1106229424477,
        -1297.421481475234,
        7254.081767857075,
        29.846784159541134,
        -103.14937868714333,
        672.7939890921116,
        628.9770496860147,
        747.4322318509221
    ],
    "actual": [
        9108.0,
        6429.0,
        5546.999999999999,
        4858.0,
        4126.0,
        5488.0,
        5488.0,
        2760.9999999999995,
        3494.0,
        2197.0
    ],
    "mse": 27194715.966208953,
    "rmse": 5214.85531594204,
    "mape": 94.15718326586922
}