{
    "predictions": [
        1461.0946113467216,
        1164.9570135474205,
        1303.5416034460068,
        1280.4013984203339,
        1402.7612936496735,
        1488.6266105771065,
        1541.48740619421,
        1498.2121606469154,
        1610.4695724248886,
        1574.5499559640884
    ],
    "actual": [
        1427.0,
        1467.0,
        1365.0,
        1492.0,
        1485.0,
        1518.0,
        1665.0,
        1568.0,
        1741.0,
        1597.0
    ],
    "mse": 18623.741206426123,
    "rmse": 136.46882869881358,
    "mape": 6.990816831118781
}