{
    "predictions": [
        800.8250794410706,
        854.4572732448578,
        721.7498800754547,
        796.0657320022583,
        806.6654345989227,
        811.8881485462189,
        838.1678483486176,
        753.2357892990112,
        746.3227174282074,
        662.5133535861969
    ],
    "actual": [
        1731.0,
        1609.0,
        1230.0,
        1120.0,
        1013.0000000000001,
        1251.0000000000002,
        1060.0,
        957.0,
        1065.0,
        1120.0
    ],
    "mse": 243478.34738320316,
    "rmse": 493.4352514598072,
    "mape": 33.93341011516996
}