{
    "predictions": [
        180.43722049802548,
        131.03638979655508,
        101.81951395162943,
        103.78742180290821,
        99.71580496948961,
        73.3579383786619,
        96.38449256938699,
        104.31711034020785,
        118.86965094527605,
        129.30624491322044
    ],
    "actual": [
        183.60000000000002,
        198.99999999999997,
        198.99999999999997,
        380.2,
        380.2,
        189.3,
        189.3,
        255.6,
        255.6,
        -3.0000000000000018
    ],
    "mse": 25031.089607571328,
    "rmse": 158.21216643346784,
    "mape": 486.4405240786243
}