{
    "predictions": [
        21848.753742814064,
        28719.754072487354,
        25107.03094482422,
        29870.779239356518,
        34860.22463679314,
        38891.05945694446,
        38110.85418498515,
        45378.769650220864,
        42143.55716335773,
        43876.05513739585
    ],
    "actual": [
        24308.0,
        25218.0,
        25901.0,
        28128.0,
        30816.0,
        32991.0,
        33554.0,
        34331.0,
        37935.0,
        36786.0
    ],
    "mse": 28394326.413981885,
    "rmse": 5328.632696478702,
    "mape": 14.040059863524807
}