{
    "predictions": [
        535.2965386009216,
        121.68598695564269,
        96.80060382962226,
        107.73067814356088,
        174.52827570939064,
        346.05822638094423,
        624.3411140117645,
        858.9031145915985,
        955.8215000357628,
        1600.2578960657117
    ],
    "actual": [
        602.144,
        503.301,
        377.75800000000004,
        429.782,
        532.804,
        532.804,
        531.841,
        587.433,
        636.988,
        653.303
    ],
    "mse": 157661.88623656478,
    "rmse": 397.0666017641937,
    "mape": 59.713315901944654
}