{
    "predictions": [
        135.0067158047557,
        176.22340590107441,
        167.07043786406516,
        246.3787087932825,
        271.8552438797355,
        311.59766622698305,
        357.6647760599852,
        426.0924483817816,
        455.48491734993456,
        476.4878739657402
    ],
    "actual": [
        333.975,
        347.534,
        170.252,
        251.307,
        290.559,
        264.209,
        240.053,
        304.135,
        257.741,
        225.406
    ],
    "mse": 20241.653770457277,
    "rmse": 142.27316602387563,
    "mape": 41.427876366484476
}