{
    "predictions": [
        -64.24946233254671,
        -86.30086085635423,
        402.7381693315505,
        444.5795229218005,
        -64.66744129824639,
        -89.69735813575983,
        365.6906512804031,
        442.82822314929956,
        -84.44823886367679,
        -131.6797202307582
    ],
    "actual": [
        -59.295,
        -96.141,
        395.345,
        575.904,
        -90.182,
        -144.569,
        420.709,
        615.6889999999999,
        -120.559,
        -145.363
    ],
    "mse": 5548.312813896782,
    "rmse": 74.48699761634094,
    "mape": 19.003106886427528
}