{
    "predictions": [
        84.9675478990078,
        82.40883954584598,
        81.2652185792923,
        81.39270305538177,
        81.52786829328537,
        83.5205449258089,
        84.65269325971603,
        84.03161473190785,
        85.19388377964496,
        86.30953868818283
    ],
    "actual": [
        90.5,
        67.0,
        86.80000000000001,
        94.1,
        101.3,
        101.3,
        92.7,
        98.49999999999999,
        73.5,
        96.6
    ],
    "mse": 168.39296082759793,
    "rmse": 12.976631335889833,
    "mape": 13.599410167372172
}