{
    "predictions": [
        1240.444751381874,
        1468.7517902255058,
        1600.872287452221,
        1425.6821803748608,
        1473.7734465301037,
        1706.9671009480953,
        2004.6092627942562,
        2201.7698223888874,
        2528.265686929226,
        2695.3338503837585
    ],
    "actual": [
        -275.0,
        307.0,
        307.0,
        562.0000000000001,
        562.0000000000001,
        787.0,
        1905.9999999999998,
        2636.0,
        3513.0,
        4204.0
    ],
    "mse": 1118801.7558335052,
    "rmse": 1057.7342557719803,
    "mape": 186.9325469105167
}