{
    "predictions": [
        47.39357118606568,
        45.022059011459355,
        45.47434653639794,
        47.25504039525986,
        47.6359791636467,
        50.403628098964695,
        48.360599803924565,
        48.28648050427437,
        49.104839670658116,
        48.496203708648686
    ],
    "actual": [
        37.6,
        45.1,
        49.1,
        55.3,
        50.6,
        45.8,
        80.3,
        82.3,
        64.8,
        63.50000000000001
    ],
    "mse": 285.226241493346,
    "rmse": 16.888642381593197,
    "mape": 19.301370378459303
}