{
    "predictions": [
        12.466477014064791,
        11.844515031814577,
        8.920535935878757,
        5.894681315898898,
        9.513302594661715,
        13.802442025423053,
        19.499943541765216,
        25.555599896192554,
        32.218728825330736,
        35.96976996541024
    ],
    "actual": [
        71.03600000000002,
        63.969,
        53.56500000000001,
        17.205999999999996,
        -0.75,
        -14.501999999999997,
        -54.676,
        -25.020000000000003,
        -67.701,
        -26.305999999999997
    ],
    "mse": 3109.708751494783,
    "rmse": 55.76476263282023,
    "mape": 259.8768769096352
}