{
    "predictions": [
        163.17487675994636,
        158.7104254633188,
        157.9973990339041,
        156.66977739542722,
        167.67544591903686,
        176.48445417404176,
        182.41086412787436,
        181.2799486723542,
        191.43780729711057,
        199.62247655630114
    ],
    "actual": [
        202.29,
        170.653,
        199.608,
        198.098,
        216.3,
        192.97900000000004,
        201.33599999999998,
        200.44,
        215.42099999999996,
        177.978
    ],
    "mse": 952.572022743625,
    "rmse": 30.863765530855513,
    "mape": 14.13742177962945
}