{
    "predictions": [
        97.80215651977063,
        100.64012913307549,
        98.10229820343854,
        98.73475904142857,
        99.16955374586584,
        100.2389805147648,
        98.55325296086075,
        97.1675455864668,
        94.45938695877791,
        94.6568840430677
    ],
    "actual": [
        104.189,
        99.217,
        129.656,
        145.354,
        144.487,
        149.532,
        121.682,
        179.154,
        188.227,
        213.09199999999998
    ],
    "mse": 3777.123908984135,
    "rmse": 61.45831033297397,
    "mape": 29.846925478542747
}