{
    "predictions": [
        202.60087085938454,
        201.5465467917919,
        201.10931110846997,
        205.3856258314848,
        214.51453536367416,
        221.86411533844472,
        229.18673660552503,
        236.130372743845,
        244.61816965174674,
        250.92055604112147
    ],
    "actual": [
        271.904,
        350.97,
        322.341,
        256.506,
        234.903,
        322.9,
        375.628,
        65.202,
        -84.486,
        337.363
    ],
    "mse": 22150.80494367163,
    "rmse": 148.8314648979564,
    "mape": 88.18691114471397
}