{
    "predictions": [
        4932.5352129004,
        5559.457765895605,
        6215.7547013900885,
        6086.171691129924,
        6288.599102927924,
        6406.608911123336,
        6363.586112899721,
        7620.96262715447,
        7168.940811058403,
        6361.850210503042
    ],
    "actual": [
        5271.798,
        4588.118,
        5264.636,
        5326.589,
        5580.407,
        5336.755,
        6545.932,
        6532.759,
        6689.912,
        6567.911
    ],
    "mse": 567568.3081600902,
    "rmse": 753.3712950199856,
    "mape": 12.241130507006412
}