{
    "predictions": [
        119.10797868490222,
        118.37261266291145,
        123.64674560165408,
        119.84585025882724,
        109.18022756171229,
        106.31093953430656,
        115.7965011532307,
        120.481438736856,
        121.26319788175824,
        133.55020903593305
    ],
    "actual": [
        144.107,
        180.741,
        171.376,
        141.223,
        164.15,
        170.648,
        140.796,
        127.54000000000002,
        142.626,
        156.358
    ],
    "mse": 1606.2127166202704,
    "rmse": 40.07758371733843,
    "mape": 21.88868215722272
}