{
    "predictions": [
        70.55923284912109,
        72.25092495727539,
        73.33170147705077,
        73.43314901733397,
        72.91809033203124,
        70.90375494384766,
        70.21162002563476,
        69.69905017089843,
        66.72428466796875,
        61.06557019042968
    ],
    "actual": [
        59.644,
        53.26800000000001,
        64.012,
        60.244,
        62.654,
        61.55500000000001,
        62.209999999999994,
        66.423,
        60.076,
        75.447
    ],
    "mse": 125.88386450019065,
    "rmse": 11.219797881432207,
    "mape": 16.98817537462084
}