{
    "predictions": [
        1435.0152047872543,
        1476.238662481308,
        1417.9242395162582,
        1518.6860659122467,
        1457.7784615159035,
        1486.4684914946556,
        1460.2480916380882,
        1398.8009100556374,
        1305.5969535708427,
        1289.3718446493149
    ],
    "actual": [
        1171.0,
        1288.0,
        1245.0,
        1290.0,
        1333.0,
        7.0,
        1576.0,
        1626.0,
        1680.0,
        1503.0
    ],
    "mse": 264256.7174244993,
    "rmse": 514.0590602494029,
    "mape": 2127.1219816811376
}