{
    "predictions": [
        8.947721958160384,
        75.99125337600707,
        95.84666776657103,
        54.270585060119615,
        -18.105060577392596,
        -23.121530532836932,
        -24.627495288848895,
        -8.228434085845965,
        20.64520311355589,
        9.649812221527084
    ],
    "actual": [
        136.0,
        132.0,
        241.0,
        207.0,
        252.0,
        260.0,
        239.00000000000006,
        272.0,
        400.99999999999994,
        280.99999999999994
    ],
    "mse": 58311.769736554896,
    "rmse": 241.47830075713821,
    "mape": 89.06880543788532
}