{
    "predictions": [
        89.86632442665099,
        98.13629055786132,
        115.91368406045436,
        133.44762530875204,
        144.64695532131194,
        171.2331878042221,
        185.41101846408841,
        175.2679183936119,
        180.87073076343535,
        183.60333705496785
    ],
    "actual": [
        200.0,
        273.0,
        270.0,
        253.0,
        377.0,
        436.0,
        561.0,
        476.00000000000006,
        666.0,
        549.0
    ],
    "mse": 80520.35057609325,
    "rmse": 283.7610800939643,
    "mape": 61.53287461136233
}