{
    "predictions": [
        1315.135154724121,
        1295.0450884103775,
        1197.3513351976871,
        1202.2361084520817,
        1201.9298915565014,
        1276.5403020381927,
        1349.255833685398,
        1375.9153254628181,
        1416.7655946016314,
        1421.5895754098894
    ],
    "actual": [
        1575.0,
        1578.0,
        1490.0000000000002,
        1419.0000000000002,
        1313.0,
        1245.0,
        1288.0,
        568.0,
        1482.9999999999998,
        1969.0000000000002
    ],
    "mse": 125407.90248214183,
    "rmse": 354.12978197567884,
    "mape": 25.96020710091383
}