{
    "predictions": [
        113.43950902509688,
        134.48304369747638,
        128.61731222474575,
        139.26184845232962,
        112.18553451144695,
        129.2394177587032,
        145.01616269779203,
        158.12932101178168,
        138.187198233366,
        189.87748666167258
    ],
    "actual": [
        106.43999999999998,
        130.203,
        95.97699999999999,
        129.43199999999996,
        114.62699999999998,
        155.722,
        122.635,
        156.107,
        127.995,
        106.93099999999998
    ],
    "mse": 942.5622499591209,
    "rmse": 30.701176686881578,
    "mape": 17.568130594706982
}