{
    "predictions": [
        296.76948203057054,
        294.8004635929465,
        283.9713412247896,
        280.3868631442189,
        287.35234054100516,
        283.1674014453888,
        287.9235238332749,
        293.0080695695281,
        301.15511019414663,
        302.06669280415775
    ],
    "actual": [
        334.0,
        357.0,
        327.0,
        392.0,
        271.0,
        376.0,
        445.0,
        431.0,
        363.0,
        421.0
    ],
    "mse": 9013.385617239848,
    "rmse": 94.93885199031979,
    "mape": 21.352677131578186
}