{
    "predictions": [
        7220.038192513942,
        10360.537687237738,
        9826.831162436723,
        13949.073563559532,
        12361.417668282746,
        3360.8058877882954,
        290.33468018881973,
        -3865.938007329702,
        -4219.204701691687,
        -3357.2528201563355
    ],
    "actual": [
        2705.0,
        7304.0,
        7304.0,
        10950.0,
        10950.0,
        14142.0,
        17458.0,
        19216.0,
        22502.0,
        24739.0
    ],
    "mse": 249424015.60978088,
    "rmse": 15793.163571931396,
    "mape": 81.05924595394083
}