{
    "predictions": [
        384.65498582631346,
        252.0900894344747,
        212.87689022904632,
        335.350467459321,
        493.42066145598886,
        442.8301492701769,
        540.2653465217352,
        555.7794807703494,
        622.1477587944269,
        754.7635229082107
    ],
    "actual": [
        590.8,
        549.963,
        585.78,
        445.256,
        482.188,
        554.216,
        498.469,
        481.899,
        544.822,
        554.243
    ],
    "mse": 34828.598660547534,
    "rmse": 186.62421777611698,
    "mape": 27.391329898396748
}