{
    "predictions": [
        313.3917338848114,
        297.48515820503235,
        316.7749137878418,
        318.83309173583984,
        331.19929933547974,
        354.0445885658264,
        345.69831943511963,
        329.2493414878845,
        335.94375705718994,
        340.92005920410156
    ],
    "actual": [
        288.0,
        130.0,
        105.0,
        260.0,
        229.00000000000006,
        171.0,
        95.0,
        241.0,
        -49.00000000000001,
        194.00000000000003
    ],
    "mse": 36136.077688406316,
    "rmse": 190.09491757647368,
    "mape": 167.5484396999229
}