{
    "predictions": [
        282.2064199447632,
        296.86921405792236,
        287.42034244537354,
        285.13656520843506,
        311.1764316558838,
        315.1927843093872,
        305.9082570075989,
        323.16377449035645,
        341.6009302139282,
        340.49852657318115
    ],
    "actual": [
        278.0,
        333.0,
        412.00000000000006,
        333.99999999999994,
        345.0,
        346.0,
        480.99999999999994,
        275.0,
        320.0,
        411.0
    ],
    "mse": 5973.789789047289,
    "rmse": 77.29029556837837,
    "mape": 15.375813428651366
}