{
    "predictions": [
        221.10462804603577,
        224.7250327706337,
        183.72231573724747,
        185.09465678739548,
        228.04280006694793,
        228.37427876615524,
        223.88684298181533,
        211.5296110687256,
        209.37977869701388,
        219.48689278173447
    ],
    "actual": [
        212.907,
        60.55400000000001,
        197.736,
        211.13700000000003,
        215.12,
        215.12,
        204.206,
        247.118,
        259.762,
        254.031
    ],
    "mse": 3362.212333448673,
    "rmse": 57.98458703352705,
    "mape": 36.3588449210278
}