{
    "predictions": [
        294.31502199172974,
        290.30934116840365,
        282.4399875223637,
        287.58170763850217,
        285.38568049669266,
        282.204938519001,
        279.449788081646,
        276.79024870395665,
        278.3647051095963,
        276.89857413172723
    ],
    "actual": [
        298.00000000000006,
        297.0,
        209.00000000000003,
        425.0,
        368.0,
        329.0,
        329.0,
        320.0,
        316.00000000000006,
        157.0
    ],
    "mse": 5346.485599589096,
    "rmse": 73.1196662983981,
    "mape": 22.44770729970999
}