{
    "predictions": [
        46.32711547875404,
        43.55854319483041,
        38.168824209228156,
        45.48309588563442,
        46.78324240398407,
        47.34754740017652,
        52.80431878370046,
        44.516021292150015,
        41.92521853600442,
        40.020467469841236
    ],
    "actual": [
        77.175,
        70.018,
        54.571,
        75.245,
        83.529,
        73.75,
        68.44,
        90.8,
        103.327,
        78.782
    ],
    "mse": 1251.31537288012,
    "rmse": 35.373936349805916,
    "mape": 40.96074030136847
}