{
    "predictions": [
        894.7358798640965,
        654.2337521867454,
        800.328584729731,
        896.3756044030189,
        1092.6962512382863,
        1052.7194258987902,
        1144.6276460278034,
        1080.5204362219572,
        1096.1702482068538,
        1145.8757369834184
    ],
    "actual": [
        854.673,
        816.647,
        878.0,
        907.0,
        1039.0,
        1039.0,
        1401.0,
        1583.0,
        1511.0,
        1968.0
    ],
    "mse": 120338.48566933181,
    "rmse": 346.8983794561915,
    "mape": 16.035168953697536
}