{
    "predictions": [
        79.29840705108643,
        60.98637643623352,
        63.13084384918213,
        60.99124034595489,
        36.56276145553589,
        11.00814074230194,
        0.25429603385925176,
        9.967232899665833,
        27.66109772396088,
        33.973230721950536
    ],
    "actual": [
        155.848,
        127.297,
        24.724,
        118.59499999999998,
        134.067,
        157.89,
        198.99600000000004,
        82.63799999999999,
        82.973,
        135.795
    ],
    "mse": 10433.795939055293,
    "rmse": 102.14595410027405,
    "mape": 80.03349200985973
}