{
    "predictions": [
        4205.876005649567,
        4284.091157794,
        4302.202890753747,
        4319.688577175141,
        4291.695212841035,
        4342.265277981759,
        4386.189214706422,
        4382.243055462838,
        4369.419759631158,
        4446.55794119835
    ],
    "actual": [
        4274.0,
        4768.0,
        4933.0,
        5907.0,
        4920.0,
        5305.0,
        5552.0,
        6433.000000000001,
        5505.0,
        5834.0
    ],
    "mse": 1325715.3024303676,
    "rmse": 1151.3971089204488,
    "mape": 17.960701242005765
}