{
    "predictions": [
        650.3817668909429,
        562.5900743355452,
        902.2045715541243,
        1044.7832713428734,
        879.0707367680071,
        948.3721952933668,
        1109.6382000706194,
        1179.8566487357616,
        1132.0526231542824,
        1078.851052385926
    ],
    "actual": [
        883.672,
        894.197,
        782.102,
        810.3919999999999,
        951.6989999999998,
        1002.1319999999998,
        831.214,
        867.186,
        979.624,
        1019.5259999999998
    ],
    "mse": 44395.327977365196,
    "rmse": 210.70198854630013,
    "mape": 21.16906377362298
}