{
    "predictions": [
        89.55441360622645,
        102.56982679367066,
        102.4241804599762,
        118.02251776754856,
        146.34845275878908,
        168.84401385188104,
        150.3955479681492,
        149.89396176934244,
        138.95975340604784,
        151.23262460231783
    ],
    "actual": [
        136.3,
        199.3,
        161.9,
        268.7,
        296.80000000000007,
        270.7,
        305.9,
        309.00000000000006,
        318.1,
        277.6000000000001
    ],
    "mse": 16834.957051699497,
    "rmse": 129.7495936475313,
    "mape": 46.81245677232651
}