{
    "predictions": [
        111.94715734720229,
        103.5172908782959,
        99.62572391033171,
        93.01394697427749,
        87.74661984443664,
        86.73054580688476,
        85.03442507982254,
        89.61693198680877,
        82.23590440750121,
        86.04313379526138
    ],
    "actual": [
        114.6,
        144.9,
        52.400000000000006,
        114.3,
        109.7,
        109.7,
        50.1,
        264.7,
        110.1,
        146.2
    ],
    "mse": 4168.2229102177325,
    "rmse": 64.56177592211766,
    "mape": 38.290169633794726
}