{
    "predictions": [
        2726.323820441961,
        1923.4904938340185,
        1521.9803486168385,
        1584.1707171201706,
        1564.672036856413,
        2074.7459731101985,
        2458.9862793684,
        3070.2264389693732,
        3530.096034824848,
        4281.400774657726
    ],
    "actual": [
        5333.0,
        4218.0,
        3589.0,
        3289.0,
        3403.0,
        3055.0,
        2987.0,
        3662.0,
        3755.0,
        2135.0
    ],
    "mse": 2886550.787495228,
    "rmse": 1698.9852228595832,
    "mape": 43.91717737314965
}