{
    "predictions": [
        557.2488660812378,
        494.5593070983887,
        466.3640260696411,
        486.2671937942505,
        432.0047821998596,
        469.9770040512085,
        472.0923881530762,
        503.76633644104004,
        487.6104574203491,
        536.8106842041016
    ],
    "actual": [
        405.0,
        588.0,
        546.0,
        552.0,
        640.0,
        709.0,
        714.0,
        760.0000000000001,
        757.0,
        712.0
    ],
    "mse": 37040.4578719176,
    "rmse": 192.4589771143908,
    "mape": 27.397627329149977
}