{
    "predictions": [
        185.99720115065574,
        101.102666439116,
        241.9991893172264,
        308.69131913781166,
        340.96062442064283,
        455.63941236734394,
        521.8156531453133,
        558.2739536285401,
        586.7886137366295,
        580.847050857544
    ],
    "actual": [
        394.20000000000005,
        367.7,
        407.4,
        414.9,
        366.9,
        344.0,
        398.7,
        430.6,
        358.0,
        374.8
    ],
    "mse": 29245.418480181106,
    "rmse": 171.01291904467658,
    "mape": 41.045365785535246
}