{
    "predictions": [
        62.190560990870004,
        56.38165846240521,
        56.084391889899976,
        58.79739177888632,
        58.450610964477065,
        41.681434697777036,
        50.284374948591,
        60.04578481173516,
        68.68004409372807,
        71.15992410463095
    ],
    "actual": [
        69.767,
        63.59400000000001,
        74.369,
        52.015,
        52.657,
        66.91800000000002,
        80.488,
        85.32400000000001,
        46.802,
        21.856
    ],
    "mse": 562.0971061589938,
    "rmse": 23.70858718184181,
    "mape": 44.80247468167651
}