{
    "predictions": [
        896.4515462875365,
        644.9304158687592,
        660.3714018821717,
        820.7552045822143,
        860.7176054954527,
        904.1299602508543,
        803.854582118988,
        789.0798748493195,
        901.636729812622,
        1033.8759473800658
    ],
    "actual": [
        1182.1,
        1398.0,
        1763.7000000000003,
        1827.0,
        1864.7,
        2079.2,
        1657.0,
        1573.2999999999997,
        1715.1,
        1606.8
    ],
    "mse": 760016.4438930206,
    "rmse": 871.7892198765827,
    "mape": 49.044168737670354
}