{
    "predictions": [
        74.02689254540205,
        73.98746172058581,
        73.94528795349598,
        71.68340668487548,
        70.83943711924552,
        70.68017348903417,
        70.92745014685391,
        71.19455341744423,
        71.92453849303722,
        72.12589351969957
    ],
    "actual": [
        78.471,
        79.53,
        76.885,
        77.425,
        80.096,
        116.95799999999998,
        77.482,
        76.673,
        76.62,
        71.976
    ],
    "mse": 241.44441328697508,
    "rmse": 15.538481691818383,
    "mape": 9.693758959735085
}