{
    "predictions": [
        288.6039140343666,
        209.36509608626363,
        200.71804389357564,
        228.51645361781118,
        261.33379310965535,
        395.135430508852,
        402.0784661412239,
        422.68914235830306,
        436.9420065641403,
        464.4733439087868
    ],
    "actual": [
        421.4,
        414.8,
        311.5,
        308.8,
        247.79999999999998,
        247.79999999999998,
        100.30000000000001,
        198.19999999999996,
        176.1,
        148.1
    ],
    "mse": 41004.354523921924,
    "rmse": 202.4953197580673,
    "mape": 98.3403636770561
}