{
    "predictions": [
        561.8340062669516,
        645.2227196755409,
        722.9198847265243,
        898.1850563902855,
        760.1630592415332,
        930.6581290929317,
        1077.4839265511037,
        1201.6438316226006,
        1147.92075952816,
        1234.7258802275658
    ],
    "actual": [
        853.529,
        853.529,
        717.442,
        958.442,
        849.895,
        967.999,
        889.819,
        1070.259,
        928.4,
        1205.29
    ],
    "mse": 24312.04776446981,
    "rmse": 155.92321111518262,
    "mape": 13.950000724921125
}