{
    "predictions": [
        89.78127030684054,
        75.71268017357588,
        224.42302571862936,
        347.3519648674727,
        343.2245682071448,
        328.09622136795525,
        272.9698563381434,
        247.43048465245963,
        174.31682445979118,
        242.28593252432347
    ],
    "actual": [
        298.4,
        307.8,
        208.9,
        236.8,
        249.0,
        201.3,
        102.5,
        190.0,
        145.6,
        163.2
    ],
    "mse": 17424.20238911949,
    "rmse": 132.00076662322644,
    "mape": 56.49821809294808
}