{
    "predictions": [
        372.3634645144344,
        364.1220979240537,
        338.79585664892204,
        342.4563811886907,
        338.93374248671535,
        371.70545367306477,
        393.29883514302975,
        444.94070859789855,
        473.7521422886253,
        515.3364651212097
    ],
    "actual": [
        484.30000000000007,
        411.2,
        417.1,
        427.20000000000005,
        390.40000000000003,
        396.1,
        325.5,
        405.6,
        472.09999999999997,
        439.90000000000003
    ],
    "mse": 4314.0769432348925,
    "rmse": 65.6816332260008,
    "mape": 14.054108724169517
}