{
    "predictions": [
        805.7022893640994,
        1022.8597478913068,
        1034.9017063381075,
        1091.4968256064653,
        979.229249647677,
        1191.7262758035658,
        1139.3765316540002,
        1251.6685691618918,
        1258.4658362097143,
        1202.0330424284934
    ],
    "actual": [
        1240.723,
        1215.22,
        1177.363,
        1804.32,
        1305.504,
        1282.187,
        1494.112,
        1800.132,
        1947.043,
        1570.614
    ],
    "mse": 190593.575900456,
    "rmse": 436.5702416570053,
    "mape": 24.758784060468884
}