{
    "predictions": [
        3037.1208131313324,
        3041.3762322068214,
        3166.1056556105614,
        3217.3091056644917,
        3339.0282241106033,
        3370.208618938923,
        3489.9322954416275,
        3402.801085293293,
        3488.898227930069,
        3381.103249132633
    ],
    "actual": [
        3332.0,
        3238.0,
        3261.0,
        4431.0,
        3799.0,
        3345.0,
        3397.0000000000005,
        3875.0,
        4137.0,
        3748.0
    ],
    "mse": 260613.203292665,
    "rmse": 510.5028925409385,
    "mape": 9.846111943399329
}