{
    "predictions": [
        261.44672071933746,
        256.12895770072936,
        255.5914438724518,
        258.23245453834534,
        241.4588723421097,
        279.09731991291045,
        254.22676284313204,
        189.3283450126648,
        164.8244702219963,
        176.48723976612092
    ],
    "actual": [
        236.4,
        242.6,
        231.9,
        264.8,
        309.0,
        330.99999999999994,
        325.5,
        331.1,
        254.60000000000002,
        257.1
    ],
    "mse": 4840.76195590485,
    "rmse": 69.57558448123055,
    "mape": 19.773762742604557
}