{
    "predictions": [
        1309.347074329853,
        1346.9278092384338,
        1670.9932287335396,
        1695.1300263404846,
        1245.9087602496147,
        1058.4448233246803,
        797.166460931301,
        328.9380067884922,
        14.478097602725034,
        -30.476658120751374
    ],
    "actual": [
        3889.0,
        3942.0,
        2639.0,
        2659.0,
        2424.0,
        2889.0,
        2889.0,
        1704.0,
        2049.0,
        579.9999999999999
    ],
    "mse": 3077244.671334409,
    "rmse": 1754.2077047300895,
    "mape": 67.47085800160657
}