{
    "predictions": [
        87.14787012335658,
        70.96817913928628,
        67.36766631808877,
        54.649074786007404,
        50.20573627075553,
        34.67088872142881,
        27.533092213142663,
        20.199132261425255,
        21.758317079667,
        7.517993242554366
    ],
    "actual": [
        169.502,
        131.691,
        162.149,
        138.567,
        149.067,
        145.14,
        211.98800000000003,
        129.97,
        220.92,
        141.562
    ],
    "mse": 15217.858518257213,
    "rmse": 123.36068465381186,
    "mape": 71.24535097560856
}