{
    "predictions": [
        120.23672642511133,
        104.99813671153787,
        100.90511489599946,
        96.36332484316829,
        86.39326318049434,
        78.82033756130937,
        76.55672035562995,
        79.64497299611571,
        88.28862879854444,
        94.96549193215374
    ],
    "actual": [
        149.26600000000005,
        198.38400000000001,
        238.04599999999996,
        254.71899999999997,
        237.11800000000002,
        277.9920000000001,
        414.473,
        364.9940000000001,
        314.957,
        -615.92
    ],
    "mse": 86818.32702192994,
    "rmse": 294.64949859439764,
    "mape": 66.86077461127236
}