{
    "predictions": [
        359.5583249745369,
        335.02451936757564,
        278.5416527137756,
        387.7908761042356,
        378.0475287362337,
        333.48284210014344,
        342.0439193686247,
        398.0620062044859,
        468.1677359322309,
        465.3985132660866
    ],
    "actual": [
        388.68600000000004,
        430.2130000000001,
        403.001,
        286.913,
        422.088,
        545.637,
        498.25399999999996,
        354.665,
        475.269,
        624.6
    ],
    "mse": 13420.512390306638,
    "rmse": 115.84693517873762,
    "mape": 21.554879535307464
}