{
    "predictions": [
        20.991999535471205,
        45.091755983233455,
        60.39747005778552,
        56.015989874124536,
        52.702590785622604,
        43.063824321806436,
        46.47774458545447,
        45.629837020933635,
        52.15728199177981,
        56.54813247209788
    ],
    "actual": [
        51.91,
        49.465,
        61.583,
        0.0,
        51.392,
        0.0,
        45.82,
        0.0,
        46.557,
        0.0
    ],
    "mse": 1128.202433116951,
    "rmse": 33.58872479146761,
    "mape": Infinity
}