{
    "predictions": [
        320.2486857478618,
        371.04547991240025,
        398.2301814653873,
        423.61084762632845,
        484.7218687443733,
        482.2772789671421,
        511.23059021818636,
        438.4804211914539,
        438.52285972690584,
        349.4241667083502
    ],
    "actual": [
        -16.85,
        -16.85,
        60.496,
        60.496,
        292.78399999999993,
        164.01899999999998,
        128.58,
        92.521,
        77.575,
        150.78
    ],
    "mse": 108399.59324695947,
    "rmse": 329.2409349503179,
    "mape": 698.9290167777277
}