{
    "predictions": [
        62.8546303473413,
        64.86120979934931,
        51.870041572675106,
        48.54878141991794,
        43.43894694074988,
        43.580961547233166,
        36.080658838525416,
        43.02945430465042,
        46.97189164534211,
        31.183380901813507
    ],
    "actual": [
        52.699999999999996,
        65.6,
        75.8,
        59.79999999999999,
        50.0,
        56.89999999999999,
        65.3,
        65.3,
        65.3,
        58.8
    ],
    "mse": 347.16836706282754,
    "rmse": 18.63245467089153,
    "mape": 26.11953403030249
}