{
    "predictions": [
        653.4307025261521,
        646.333302789569,
        665.4985703063011,
        669.8020353044867,
        653.903220198989,
        675.4342969638109,
        678.4755675784945,
        692.3329864644409,
        704.7436123075486,
        724.8002804509997
    ],
    "actual": [
        694.328,
        685.88,
        618.0,
        664.0,
        670.0,
        717.0,
        669.0,
        736.0,
        746.0,
        750.0
    ],
    "mse": 1184.6831827417398,
    "rmse": 34.41922693410966,
    "mape": 4.465506413969587
}