{
    "predictions": [
        208.34238607239723,
        164.46770995122193,
        141.86777434703708,
        142.5233702708483,
        151.34128173527122,
        171.22865278136732,
        190.1038279594183,
        200.1334129292965,
        188.37281303060055,
        199.64140463781357
    ],
    "actual": [
        195.264,
        198.237,
        203.69499999999996,
        194.597,
        206.804,
        215.336,
        255.627,
        252.945,
        227.708,
        231.363
    ],
    "mse": 2250.3115423172126,
    "rmse": 47.43744873322355,
    "mape": 20.564335409578998
}