{
    "predictions": [
        722.898654585749,
        1215.312727513522,
        1438.2561021019817,
        1713.1305774514676,
        1715.346991780162,
        4347.881629354478,
        3510.285538928748,
        4394.07423606372,
        2784.9743968416456,
        2003.2098536918168
    ],
    "actual": [
        1331.9,
        1297.7,
        1102.3,
        1119.6,
        1316.4,
        1316.4,
        830.9,
        1763.6000000000001,
        1628.5,
        1055.7
    ],
    "mse": 2652556.4447866515,
    "rmse": 1628.6670761044602,
    "mape": 102.8543159550773
}