{
    "predictions": [
        94.1561034475565,
        86.05300801831484,
        81.36571295839549,
        104.25066305726767,
        114.7559934872389,
        107.9050724785924,
        133.33936353725196,
        142.73523888033628,
        125.83279604870081,
        150.82235977077485
    ],
    "actual": [
        108.18199999999999,
        116.799,
        125.21399999999998,
        133.189,
        138.739,
        141.178,
        145.226,
        182.325,
        167.303,
        164.949
    ],
    "mse": 921.2394817605607,
    "rmse": 30.351927150686176,
    "mape": 20.01398754278722
}