{
    "predictions": [
        94.00025677096845,
        91.317216399014,
        74.21047399938108,
        48.40159040400387,
        30.682927270889294,
        46.64649513679744,
        36.50085987424852,
        53.18922538459302,
        65.47626911756397,
        71.1789153005481
    ],
    "actual": [
        162.683,
        144.974,
        164.207,
        154.007,
        170.497,
        160.009,
        180.398,
        160.93599999999998,
        232.07,
        174.917
    ],
    "mse": 13007.809507678063,
    "rmse": 114.0517843248323,
    "mape": 63.3269639911194
}