{
    "predictions": [
        183.10819811820983,
        183.80844695568084,
        161.67698950767516,
        159.6486665725708,
        190.00316948890685,
        216.50742216110228,
        205.942063999176,
        207.3621908545494,
        221.71925879716872,
        226.13505311012267
    ],
    "actual": [
        132.1,
        132.1,
        262.1,
        258.4,
        234.40000000000003,
        375.5,
        179.1,
        281.90000000000003,
        255.39999999999995,
        456.2
    ],
    "mse": 11270.257852651423,
    "rmse": 106.16147065979928,
    "mape": 32.061674133054616
}