{
    "predictions": [
        95.2433462600708,
        67.5835008125305,
        55.77471210289001,
        43.38464419651031,
        43.176790850639335,
        46.49832001972197,
        50.755933583259576,
        55.17237180042266,
        61.65204183864593,
        69.07371436882018
    ],
    "actual": [
        85.618,
        69.821,
        75.52199999999999,
        106.43899999999998,
        80.441,
        71.51399999999998,
        76.08600000000001,
        110.079,
        86.41200000000002,
        79.07599999999998
    ],
    "mse": 1084.7317717650394,
    "rmse": 32.93526638369636,
    "mape": 30.561244927559255
}