{
    "predictions": [
        23383138.275504112,
        22551507.230877876,
        22650523.05185795,
        22033231.528282166,
        22136749.31704998,
        21489046.00262642,
        20777056.785821915,
        21110430.61733246,
        21078242.762684822,
        20763032.115459442
    ],
    "actual": [
        21579000.0,
        28810000.0,
        25009000.0,
        24940000.0,
        15020000.0,
        21150000.0,
        21617000.0,
        21617000.0,
        24341000.0,
        23035000.0
    ],
    "mse": 12396797615554.771,
    "rmse": 3520908.6349342796,
    "mape": 12.965082056624233
}