{
    "predictions": [
        50.1447342499733,
        52.588632968735695,
        47.96897873684168,
        49.085791715306044,
        46.79370538240075,
        48.11597175739408,
        45.994042798119786,
        44.80297448532581,
        47.63712285583019,
        50.061092333465815
    ],
    "actual": [
        50.947,
        51.143,
        51.993,
        50.758,
        53.277,
        53.977,
        56.058,
        56.85300000000001,
        54.173,
        79.776
    ],
    "mse": 127.02870509868353,
    "rmse": 11.270701180436093,
    "mape": 12.692335143014047
}