{
    "predictions": [
        558.7300500389933,
        551.312471356213,
        547.811080839932,
        567.448789754033,
        579.4374483965635,
        605.9918183830976,
        632.843120982468,
        638.8201700011491,
        653.1701767126917,
        638.1681993181109
    ],
    "actual": [
        549.6,
        643.2,
        584.7,
        619.5,
        637.3,
        661.9,
        731.2999999999998,
        694.3,
        702.6,
        736.9
    ],
    "mse": 4403.36406872912,
    "rmse": 66.35784858424148,
    "mape": 9.007188827415517
}