{
    "predictions": [
        513.3057753828168,
        503.4262150064111,
        504.9988935419918,
        503.19629856288435,
        506.0998126891256,
        504.2118180704117,
        516.9473338082433,
        510.6809880113602,
        512.8273165398837,
        517.085519259572
    ],
    "actual": [
        662.8209999999999,
        656.1849999999998,
        652.5529999999999,
        652.5529999999999,
        863.12,
        700.2990000000001,
        700.2990000000001,
        767.8279999999999,
        767.8279999999999,
        716.0189999999999
    ],
    "mse": 46002.55820410279,
    "rmse": 214.48206965642322,
    "mape": 28.136753878881372
}