{
    "predictions": [
        185.50155069494247,
        197.36084270846843,
        225.97251495051384,
        235.79622452330588,
        211.3661730899811,
        227.32506418406962,
        240.33622560292483,
        239.40609920561315,
        213.15120649176836,
        234.50006249380112
    ],
    "actual": [
        297.682,
        238.118,
        126.45100000000001,
        284.84,
        326.324,
        264.777,
        144.883,
        320.671,
        356.712,
        281.266
    ],
    "mse": 7968.542911473062,
    "rmse": 89.26669542149,
    "mape": 34.81931236078747
}