{
    "predictions": [
        274.67580367925757,
        149.3963092089966,
        236.3355323223024,
        238.64977988581356,
        520.5920987791418,
        782.3011629205942,
        905.9380704761743,
        997.760723160386,
        1266.788856299877,
        1557.9538052191733
    ],
    "actual": [
        608.9,
        517.6,
        574.7,
        572.1,
        450.1,
        390.2,
        469.5,
        425.99999999999994,
        343.4,
        246.39999999999998
    ],
    "mse": 372188.06693868863,
    "rmse": 610.0721817446594,
    "mape": 138.76938655896353
}