{
    "predictions": [
        10.530290665648877,
        20.87020863977075,
        24.724329029530285,
        37.12554875159263,
        59.030544613808395,
        49.58812846598029,
        36.52805324879289,
        32.283938999027015,
        23.362835342884065,
        16.466963450714946
    ],
    "actual": [
        11.601,
        60.65400000000001,
        54.33299999999999,
        51.85099999999999,
        51.85099999999999,
        21.32,
        47.190999999999995,
        47.447,
        67.776,
        53.216
    ],
    "mse": 719.4679466909593,
    "rmse": 26.822899669703112,
    "mape": 49.32903105428005
}