{
    "predictions": [
        72.67796223020554,
        68.6660829691887,
        76.56289444637298,
        67.3026150393486,
        63.97670335435867,
        60.875243775367736,
        77.91250649309158,
        88.17102708292008,
        95.98422238349914,
        92.46835450839995
    ],
    "actual": [
        70.108,
        57.256,
        98.621,
        50.703,
        58.108,
        73.87799999999999,
        189.1,
        53.293,
        49.43999999999999,
        61.123000000000005
    ],
    "mse": 1783.0446659884244,
    "rmse": 42.22611355533948,
    "mape": 37.60686358236561
}