{
    "predictions": [
        167.87397623062134,
        169.44696021080017,
        171.4327872991562,
        173.11623072624207,
        175.42743980884552,
        173.4208517074585,
        168.73070526123047,
        173.05914616584778,
        175.3943817615509,
        174.63747668266296
    ],
    "actual": [
        170.0,
        178.0,
        178.0,
        125.0,
        125.0,
        165.0,
        165.0,
        169.0,
        169.0,
        195.0
    ],
    "mse": 553.5727141119868,
    "rmse": 23.528126022103564,
    "mape": 11.257248163077056
}