{
    "predictions": [
        116.15437678325176,
        114.71248751282693,
        117.86565365558863,
        118.3534043238163,
        117.69964343762398,
        116.77378057128192,
        129.70627397727966,
        148.08130943500996,
        167.25028320145606,
        181.28923225569724
    ],
    "actual": [
        150.687,
        137.559,
        137.559,
        134.11,
        134.11,
        120.492,
        112.923,
        111.90800000000002,
        124.214,
        121.89100000000002
    ],
    "mse": 960.4146622599632,
    "rmse": 30.990557630671365,
    "mape": 21.147719425149
}