{
    "predictions": [
        172.65628541904314,
        166.12677870613334,
        164.84528698275608,
        169.90241832499203,
        169.24184147436915,
        173.9833973842561,
        178.34060873486845,
        177.25562680101766,
        169.09550863691416,
        164.92144913955403
    ],
    "actual": [
        163.172,
        157.267,
        162.033,
        134.247,
        149.961,
        125.10800000000002,
        1850.9269999999997,
        474.5079999999999,
        364.587,
        316.667
    ],
    "mse": 295135.6065499109,
    "rmse": 543.2638461649283,
    "mape": 34.62137388036798
}