{
    "predictions": [
        131.5214278699159,
        117.47276070034498,
        130.93271437054867,
        120.45097595775121,
        95.0009274901747,
        69.60746141195291,
        61.19450168842071,
        39.644191474497255,
        22.16647035765642,
        25.191300431609093
    ],
    "actual": [
        -7.861000000000026,
        -108.162,
        59.77900000000001,
        66.12700000000002,
        139.82499999999996,
        -29.720999999999982,
        101.627,
        -119.23,
        -83.758,
        -82.454
    ],
    "mse": 13991.10923525826,
    "rmse": 118.28401935704696,
    "mape": 297.918727394718
}