{
    "predictions": [
        399.29429011702547,
        380.8622409858704,
        396.85582883977895,
        392.78897548198705,
        412.3023918352128,
        439.6382010350228,
        436.3102875375748,
        448.303610723734,
        442.55902210426336,
        478.3600275683404
    ],
    "actual": [
        432.18800000000005,
        443.323,
        439.003,
        460.867,
        467.953,
        463.203,
        353.053,
        315.904,
        457.169,
        473.976
    ],
    "mse": 3974.0737964685673,
    "rmse": 63.040255364874334,
    "mape": 13.266642233959953
}