{
    "predictions": [
        1169.4955338954924,
        1191.4592951536176,
        1224.298319506645,
        1235.1774271488189,
        1279.6249246835707,
        1369.3396321535108,
        1376.0132169961928,
        1400.941948032379,
        1414.3569465160367,
        1444.7301057100294
    ],
    "actual": [
        1560.3999999999996,
        1885.7999999999997,
        1885.7999999999997,
        1986.4999999999998,
        1986.4999999999998,
        1813.8999999999999,
        1532.1999999999998,
        1952.9999999999998,
        1735.0999999999997,
        1507.4
    ],
    "mse": 277025.77164975787,
    "rmse": 526.3323775427062,
    "mape": 25.59667849993913
}