{
    "predictions": [
        879.3556719756125,
        934.5325719761847,
        844.3035398685931,
        836.5330494606494,
        894.465722939968,
        989.7446569406986,
        1226.3134553134441,
        1309.909262150526,
        1445.7628776800632,
        1571.5851109981536
    ],
    "actual": [
        1017.5,
        979.2,
        1570.1,
        1557.4,
        1109.9,
        1281.7,
        1076.9,
        1398.7,
        1816.9,
        1663.4
    ],
    "mse": 137553.94596469105,
    "rmse": 370.88265794546265,
    "mape": 19.9009305488067
}