{
    "predictions": [
        289.5412353619933,
        213.52936328840255,
        261.13538075879217,
        322.7078574700951,
        408.2858876222968,
        505.37752901256084,
        356.6626625958681,
        442.8348250541687,
        401.74595942401885,
        463.14119800686836
    ],
    "actual": [
        291.604,
        259.575,
        246.415,
        316.117,
        305.514,
        297.59799999999996,
        326.452,
        310.919,
        303.132,
        289.21
    ],
    "mse": 11441.022189972471,
    "rmse": 106.96271401742044,
    "mape": 27.431662330071838
}