{
    "predictions": [
        209.023473064661,
        254.84382128453254,
        306.79291017770765,
        279.76522100305556,
        275.5046601886749,
        292.60774525594707,
        328.99379999017714,
        299.7666403160095,
        280.9264138224125,
        315.61168064451215
    ],
    "actual": [
        287.258,
        208.567,
        201.52499999999998,
        214.60600000000002,
        267.14,
        189.20000000000002,
        178.149,
        207.35500000000002,
        260.6,
        214.7
    ],
    "mse": 7624.276704624668,
    "rmse": 87.31710430737307,
    "mape": 37.38486467710306
}