{
    "predictions": [
        201.37792216897014,
        156.48981101535261,
        140.29582782292366,
        131.48577500717343,
        158.5012457009256,
        215.66573514842992,
        304.65433579352504,
        377.635879426241,
        484.80401324296,
        511.2822513970137
    ],
    "actual": [
        631.646,
        476.103,
        374.907,
        355.509,
        460.305,
        418.512,
        351.329,
        465.34100000000007,
        447.611,
        567.79
    ],
    "mse": 53919.128843299695,
    "rmse": 232.20492855083782,
    "mape": 42.52715366897601
}