{
    "predictions": [
        200.35859629058837,
        184.38657969665528,
        185.6894633178711,
        219.7098632659912,
        257.04635580444335,
        291.3776280517578,
        312.3269955444336,
        316.37125912475585,
        320.2001003112793,
        291.0455412902832
    ],
    "actual": [
        291.941,
        273.777,
        272.757,
        272.757,
        279.626,
        279.626,
        229.649,
        240.291,
        266.899,
        278.361
    ],
    "mse": 4304.644132251089,
    "rmse": 65.60978686332618,
    "mape": 21.985933408776628
}