{
    "predictions": [
        488.5942800603508,
        456.78371268451207,
        438.87440337854616,
        451.0264979801177,
        464.27898465901603,
        493.34192879974836,
        543.592644106984,
        544.1108392356037,
        495.6925525096654,
        487.7537228232025
    ],
    "actual": [
        494.3,
        397.0,
        463.5,
        453.6,
        496.1,
        520.7,
        506.19999999999993,
        485.3,
        511.3,
        550.2
    ],
    "mse": 1498.0786136424656,
    "rmse": 38.70502052243953,
    "mape": 6.766944340736523
}