{
    "predictions": [
        285.87807155543567,
        247.50067731046678,
        231.39961283499005,
        277.7890069215894,
        307.7574740310908,
        317.959075506568,
        400.5064424505234,
        460.39225709164145,
        469.59641823196415,
        461.4620356866122
    ],
    "actual": [
        325.363,
        334.662,
        310.656,
        331.387,
        355.23699999999997,
        369.504,
        385.994,
        318.341,
        329.815,
        319.965
    ],
    "mse": 8317.108676124359,
    "rmse": 91.1981835132935,
    "mape": 24.21685560346496
}