{
    "predictions": [
        313.4114598343373,
        164.59099905690556,
        71.15582532188299,
        261.0658662501574,
        520.8854271779061,
        1125.2435737485887,
        1962.9100416388512,
        2374.4849975519182,
        2759.939734156132,
        2799.2245321779255
    ],
    "actual": [
        1318.558,
        861.289,
        943.054,
        1174.705,
        840.968,
        630.258,
        893.011,
        694.884,
        516.489,
        363.052
    ],
    "mse": 1837186.5410495955,
    "rmse": 1355.4285451655485,
    "mape": 191.0858893199095
}