{
    "predictions": [
        781.9824885070324,
        794.7120064735412,
        812.6090371847152,
        832.1857972979545,
        789.2669286072254,
        815.6079901993274,
        819.3217720627785,
        838.3004516899585,
        829.7029707074165,
        848.5370796859264
    ],
    "actual": [
        916.1,
        838.5,
        678.7,
        899.0,
        1106.8,
        917.2,
        763.8,
        1059.4,
        1161.4,
        929.0
    ],
    "mse": 32191.37292949453,
    "rmse": 179.41954444679246,
    "mape": 15.215088185670037
}