{
    "predictions": [
        157.87837919592857,
        140.76696652173996,
        168.1825442314148,
        162.65900701284409,
        164.50567519664764,
        174.74654072523117,
        175.51539129018784,
        188.61252081394196,
        191.57584804296494,
        203.8982202410698
    ],
    "actual": [
        217.0,
        201.99999999999997,
        133.0,
        247.99999999999997,
        177.0,
        386.0,
        4.000000000000002,
        343.0,
        823.0,
        200.0
    ],
    "mse": 51251.4558120488,
    "rmse": 226.38784378152639,
    "mape": 459.1777990416853
}