{
    "predictions": [
        379.31686687314505,
        366.728117228508,
        392.4913973201513,
        394.2091477257609,
        406.219726067841,
        410.730426600039,
        449.38683632880446,
        466.4371261231899,
        482.7617634676694,
        496.0277962663769
    ],
    "actual": [
        538.8,
        463.8,
        383.8,
        445.0,
        445.0,
        387.3,
        310.8,
        252.3,
        438.6,
        313.2
    ],
    "mse": 14000.325020391383,
    "rmse": 118.32296911585418,
    "mape": 27.68792747065097
}