{
    "predictions": [
        46.2733589145541,
        54.40403955754636,
        49.3832377245128,
        57.014277167439445,
        62.00433741378782,
        67.48244295287131,
        77.02431500244138,
        90.09761552041768,
        106.21303338402508,
        124.99586029732225
    ],
    "actual": [
        153.9,
        87.1,
        76.3,
        4.499999999999999,
        4.499999999999999,
        3.2999999999999985,
        8.499999999999996,
        7.699999999999998,
        39.699999999999996,
        17.6
    ],
    "mse": 5100.371911215175,
    "rmse": 71.41688813729688,
    "mape": 718.6539604143569
}