{
    "predictions": [
        701.7751308284998,
        655.9080894193947,
        556.2530361189545,
        561.0156178650856,
        579.8249462683797,
        612.9957513132691,
        672.6881117195785,
        681.8210397101641,
        732.5597619971037,
        759.3118495822549
    ],
    "actual": [
        931.5220000000002,
        932.982,
        1417.6619999999998,
        1417.6619999999998,
        1060.302,
        964.342,
        965.616,
        1227.052,
        1108.0,
        1021.0
    ],
    "mse": 255224.39966985807,
    "rmse": 505.1973868398946,
    "mape": 39.15846592073283
}