{
    "predictions": [
        13869.541576147078,
        13980.494393944738,
        13791.37029802799,
        13677.87421941757,
        13624.204952239988,
        13552.236912369726,
        13512.162165522574,
        13423.44226181507,
        13133.457033753393,
        12768.083403229712
    ],
    "actual": [
        10723.0,
        10231.0,
        10678.0,
        11057.0,
        11203.0,
        10555.0,
        11640.0,
        11862.0,
        11586.0,
        10847.0
    ],
    "mse": 6739542.87413926,
    "rmse": 2596.0629565053423,
    "mape": 22.917514169855576
}