{
    "predictions": [
        427.81056541502477,
        562.3324940681457,
        809.7192279577255,
        594.8036181509494,
        375.9944082379341,
        611.1660757243633,
        752.0904156148433,
        488.8792828798294,
        355.232822778821,
        277.75627146959306
    ],
    "actual": [
        493.9,
        517.4,
        327.2,
        652.4,
        768.0999999999999,
        554.1,
        485.29999999999995,
        776.4,
        693.2,
        706.8
    ],
    "mse": 85167.78455349887,
    "rmse": 291.8352010184839,
    "mape": 44.11744561578496
}