{
    "predictions": [
        279.56575627934933,
        291.4805033849478,
        295.08829811239247,
        296.6747982332707,
        301.19147919201856,
        300.1413794263602,
        297.30177473735813,
        299.80937034881117,
        300.32383542466164,
        301.6352754197121
    ],
    "actual": [
        228.0,
        227.0,
        272.0,
        263.0,
        283.0,
        283.0,
        349.00000000000006,
        319.0,
        209.99999999999997,
        323.0
    ],
    "mse": 2076.441435097668,
    "rmse": 45.56798695463371,
    "mape": 15.52545600510395
}