{
    "predictions": [
        266.8717761278152,
        203.93917837142945,
        181.3791669845581,
        192.88842547535896,
        215.62429349422456,
        265.62649688720705,
        442.85017592906956,
        622.6403429746629,
        685.8662776947023,
        571.3751142263413
    ],
    "actual": [
        312.20000000000005,
        326.0,
        355.6,
        324.6,
        336.1,
        341.2,
        348.8999999999999,
        315.0,
        333.8,
        347.6
    ],
    "mse": 36237.526162669485,
    "rmse": 190.36156692638744,
    "mape": 49.39660775989722
}