{
    "predictions": [
        196.3778168588281,
        197.33553191882376,
        201.8419280176759,
        207.90326504254344,
        214.19534434580808,
        213.07929832547907,
        212.6549407217503,
        208.57122714656595,
        214.90304174184803,
        208.80077293920522
    ],
    "actual": [
        177.022,
        205.56500000000003,
        205.56500000000003,
        223.13499999999996,
        223.13499999999996,
        199.109,
        62.917,
        186.79400000000004,
        212.825,
        212.60100000000003
    ],
    "mse": 2387.778398146777,
    "rmse": 48.86489944885569,
    "mape": 28.701278806048386
}