{
    "predictions": [
        2023.3184342980385,
        1995.7414021492004,
        2069.7039680480957,
        2098.8802502155304,
        2131.507733821869,
        2117.8355865478516,
        2084.642873764038,
        2113.650211453438,
        2096.5115159749985,
        2090.9221719503403
    ],
    "actual": [
        1913.0,
        2103.0,
        2103.0,
        2598.0,
        2598.0,
        2014.0,
        2014.0,
        2414.0,
        2414.0,
        1923.0
    ],
    "mse": 72649.77819799083,
    "rmse": 269.53622798798466,
    "mape": 9.260736581567848
}