{
    "predictions": [
        609.2624950408934,
        574.5189800858496,
        514.929215312004,
        549.2567214369773,
        642.5836694240569,
        712.8791683912276,
        679.4807189702987,
        724.329181909561,
        780.8109515905379,
        773.7604701519011
    ],
    "actual": [
        736.0,
        791.9999999999999,
        870.0,
        880.0,
        880.9999999999999,
        937.0,
        3510.0,
        997.9999999999999,
        912.0,
        969.0000000000001
    ],
    "mse": 854796.3418879103,
    "rmse": 924.5519681921132,
    "mape": 31.665450614590036
}