{
    "predictions": [
        166.24502234965564,
        82.87268592888117,
        161.205147064507,
        258.09772300571206,
        276.8036183362007,
        318.14827788364886,
        422.06019038438797,
        511.1401985924244,
        504.0544937562942,
        633.98602739048
    ],
    "actual": [
        432.897,
        269.071,
        126.033,
        249.96400000000003,
        228.66,
        155.99200000000002,
        102.544,
        232.52100000000002,
        218.72500000000002,
        83.987
    ],
    "mse": 69931.9897050143,
    "rmse": 264.4465724962498,
    "mape": 150.36930149526668
}