{
    "predictions": [
        117.92424051761625,
        112.11871551275252,
        118.089169549942,
        143.94471795558928,
        117.39097766876219,
        85.74974648952484,
        87.4655158996582,
        80.99492322206497,
        56.06923316717147,
        46.98682202696799
    ],
    "actual": [
        55.2,
        122.10000000000001,
        94.4,
        78.7,
        89.39999999999999,
        78.3,
        36.9,
        72.4,
        104.5,
        127.4
    ],
    "mse": 2113.356238833887,
    "rmse": 45.971254484013016,
    "mape": 52.89965188560928
}