{
    "predictions": [
        47.27355033564568,
        44.24188771557809,
        38.75387690901757,
        34.71030845034122,
        32.63150231993198,
        32.447631474852564,
        36.267054369568825,
        38.19512965321541,
        41.218165603876116,
        40.76147803163529
    ],
    "actual": [
        46.772,
        37.762,
        32.861,
        32.861,
        32.861,
        42.732,
        46.621,
        46.621,
        46.621,
        53.388
    ],
    "mse": 55.30265004495065,
    "rmse": 7.4365751556042685,
    "mape": 14.20792844402916
}