{
    "predictions": [
        2811.947177696228,
        3584.9199601531027,
        4384.98646299839,
        4181.422800683975,
        4154.801284480095,
        3873.7685619354247,
        4267.076733446122,
        3992.9516726016996,
        3000.099673271179,
        2880.699034643173
    ],
    "actual": [
        2534.0,
        2565.0,
        2618.0,
        2618.0,
        2801.0,
        2789.0,
        2788.0,
        2910.0,
        2837.0,
        2986.0
    ],
    "mse": 1309166.6228988208,
    "rmse": 1144.1881938295032,
    "mape": 36.47128334165651
}