{
    "predictions": [
        108.80466399189831,
        140.4028824311495,
        168.0452656159997,
        149.11564201432466,
        153.6434926635027,
        142.56570959764719,
        174.7276014993191,
        167.47618241703512,
        161.36057079762222,
        220.28249874514344
    ],
    "actual": [
        151.0,
        160.0,
        103.0,
        204.0,
        122.0,
        136.0,
        108.0,
        160.0,
        117.0,
        93.0
    ],
    "mse": 3312.925273254847,
    "rmse": 57.55801658548396,
    "mape": 40.22473365597687
}