{
    "predictions": [
        217.2354788939953,
        219.64476973563433,
        235.55026286888122,
        228.76444265151022,
        213.0173363443017,
        267.41201658141614,
        307.9362747526169,
        297.6941801891327,
        309.15495490044356,
        354.25933511722087
    ],
    "actual": [
        735.845,
        248.8,
        455.39399999999995,
        538.631,
        589.109,
        326.029,
        671.694,
        526.595,
        660.911,
        254.55400000000003
    ],
    "mse": 87742.40422709107,
    "rmse": 296.21344369743093,
    "mape": 45.983522080187605
}