{
    "predictions": [
        57.13857800716164,
        57.40280473196509,
        56.63179701936247,
        59.39513773286345,
        51.450964474320436,
        51.59033194154503,
        52.27832777583602,
        54.71125030434134,
        57.9597474652529,
        60.12583155161145
    ],
    "actual": [
        104.043,
        82.154,
        82.336,
        10.331000000000003,
        10.331000000000003,
        8.651999999999994,
        -87.101,
        -71.496,
        -71.496,
        -1.2940000000000038
    ],
    "mse": 6530.124726055181,
    "rmse": 80.80918713893354,
    "mape": 673.9777262591668
}