{
    "predictions": [
        88.9794549189806,
        87.73982396239042,
        106.57388616192341,
        106.9188612729907,
        103.11469432863593,
        111.46418047624826,
        122.85022165507078,
        139.78888578101993,
        135.88991005942225,
        151.48185724031927
    ],
    "actual": [
        206.051,
        285.255,
        103.147,
        90.197,
        94.965,
        94.965,
        122.624,
        156.89300000000003,
        153.21,
        176.871
    ],
    "mse": 5458.51920851373,
    "rmse": 73.88179213117213,
    "mape": 21.062141107057315
}