{
    "predictions": [
        252274766.68262482,
        276542765.62833786,
        278558507.60787725,
        291919599.2233753,
        316426189.3975735,
        367301680.1110506,
        377890643.3265209,
        355705163.72966766,
        360171636.88123226,
        386529576.79235935
    ],
    "actual": [
        268200000.0,
        268200000.0,
        325299999.99999994,
        325299999.99999994,
        297500000.0,
        489100000.0,
        241500000.0,
        334500000.0,
        292900000.0,
        533700000.0
    ],
    "mse": 6405193758609750.0,
    "rmse": 80032454.4082571,
    "mape": 17.83016654103747
}