{
    "predictions": [
        710.837923705578,
        744.7469216227532,
        740.2423569321633,
        648.8202817916871,
        638.1868828058243,
        643.0436588764192,
        757.9593655347825,
        745.5950028538705,
        784.4878299713135,
        785.5257592439652
    ],
    "actual": [
        733.7,
        889.4,
        1160.9,
        981.2,
        845.8,
        976.2,
        979.9,
        977.8,
        1089.4,
        1080.9
    ],
    "mse": 74636.68508863293,
    "rmse": 273.1971542469521,
    "mape": 24.987735816899708
}