{
    "predictions": [
        60.359805107116706,
        55.80446147918702,
        45.75206136703492,
        39.44086647033692,
        32.9984793663025,
        23.477156639099125,
        21.92232942581177,
        17.265791416168216,
        15.7257571220398,
        13.432120800018316
    ],
    "actual": [
        80.99999999999999,
        93.0,
        20.000000000000007,
        10.000000000000009,
        65.00000000000001,
        103.0,
        103.0,
        16.999999999999993,
        70.00000000000001,
        90.99999999999999
    ],
    "mse": 2622.3567587688835,
    "rmse": 51.20895193976229,
    "mape": 85.8139373363219
}