{
    "predictions": [
        212.17260855031012,
        222.25643709796665,
        233.05369849342108,
        233.5794220355749,
        224.9059877795577,
        261.08624879211186,
        273.617523086071,
        264.2019725553989,
        255.16542606437204,
        228.20402922689914
    ],
    "actual": [
        163.6,
        199.9,
        223.6,
        223.6,
        163.8,
        159.6,
        136.2,
        140.6,
        140.6,
        243.3
    ],
    "mse": 6459.561875046537,
    "rmse": 80.3713996086079,
    "mape": 42.6950001335262
}