{
    "predictions": [
        391.7875283794403,
        399.7568318154812,
        356.4086211516857,
        324.4071687576771,
        507.59352633500094,
        629.3780353338719,
        480.5415454671383,
        395.08145112276077,
        415.6334308874607,
        380.16180935907363
    ],
    "actual": [
        341.673,
        661.611,
        661.611,
        431.168,
        450.709,
        450.709,
        367.418,
        670.723,
        438.149,
        441.269
    ],
    "mse": 30380.01516230027,
    "rmse": 174.29863786702487,
    "mape": 26.827140402453008
}