{
    "predictions": [
        1244.304602563709,
        1541.293659149587,
        2232.1172355773447,
        2026.1809158495962,
        1665.5344325083493,
        2753.7189106650353,
        4086.8946712982656,
        6446.5297018375395,
        7680.451753157258,
        6380.7593172272445
    ],
    "actual": [
        4644.0,
        4890.0,
        3709.9999999999995,
        3553.0,
        2998.9999999999995,
        3296.0,
        2875.0,
        3251.0000000000005,
        4224.0,
        3086.0
    ],
    "mse": 6384187.25832475,
    "rmse": 2526.694927830574,
    "mape": 61.44512589046538
}