{
    "predictions": [
        24.7183536157608,
        24.48829659676552,
        21.540169140815735,
        20.504970337867736,
        20.81024040079117,
        20.854300405979156,
        21.016827806711195,
        20.40559759235382,
        20.428066742181777,
        21.36815219759941
    ],
    "actual": [
        32.662,
        31.416999999999998,
        28.214,
        18.869000000000003,
        27.730999999999998,
        26.01,
        24.195,
        15.872999999999998,
        19.129000000000005,
        23.809
    ],
    "mse": 27.109354956457302,
    "rmse": 5.206664475118145,
    "mape": 18.221189960730644
}