{
    "predictions": [
        182.07287206852445,
        160.4893213406802,
        161.1895815222264,
        181.7806432213784,
        239.55755345696218,
        239.3119723201991,
        198.1882946913243,
        204.64292204123743,
        196.53856301945456,
        205.170386034906
    ],
    "actual": [
        151.20000000000013,
        231.50000000000006,
        224.59999999999988,
        172.99999999999991,
        124.39999999999998,
        249.70000000000007,
        -2267.1,
        115.80000000000015,
        57.2000000000001,
        104.40000000000009
    ],
    "mse": 613857.2151402426,
    "rmse": 783.4904052636781,
    "mape": 70.67166032960986
}