{
    "predictions": [
        -73685003.82912157,
        -74993956.27927779,
        -76444772.76992796,
        -93066194.06265019,
        -110482143.2609558,
        -130206824.8156905,
        -151748035.6798768,
        -169568060.8047247,
        -174832350.54802895,
        -192504186.2281859
    ],
    "actual": [
        -214656000.0,
        -142110000.0,
        -41307000.0,
        -10000999.999999985,
        -28202000.000000007,
        34351999.999999985,
        19759999.999999996,
        32717999.99999999,
        50888000.00000001,
        61488000.000000015
    ],
    "mse": 2.5215786744095428e+16,
    "rmse": 158794794.4489851,
    "mape": 414.2191168528269
}