{
    "predictions": [
        337.3978630900383,
        302.6187568306923,
        285.16194397211075,
        279.9697196185589,
        280.03248155117035,
        301.42005145549774,
        303.87389796972275,
        301.18506902456284,
        309.37608021497726,
        298.61174446344376
    ],
    "actual": [
        333.0,
        317.0,
        280.0,
        390.0,
        357.0,
        412.0,
        345.0,
        438.0,
        379.0,
        243.0
    ],
    "mse": 5886.1231472036,
    "rmse": 76.7210736838556,
    "mape": 16.8725929341154
}