{
    "predictions": [
        1292.804419338703,
        987.2463690042493,
        249.77236518263803,
        -51.83530986309066,
        -518.7927626669408,
        -613.98997682333,
        -528.7792003452779,
        -156.03416782617583,
        58.88041326403604,
        -174.96104475855842
    ],
    "actual": [
        1600.9999999999998,
        2088.0000000000005,
        2017.0000000000005,
        626.0000000000001,
        3055.9999999999995,
        2431.0,
        1729.0,
        229.00000000000009,
        2105.9999999999995,
        1612.0000000000005
    ],
    "mse": 3957005.1153407297,
    "rmse": 1989.222238801067,
    "mape": 101.68761685699914
}