{
    "predictions": [
        11.5561318756938,
        4.705137991338971,
        38.48602076649667,
        36.61146157860757,
        15.191633732169871,
        -5.818041525974869,
        54.48768769532443,
        92.12583561074736,
        119.55794786012174,
        152.88345980381968
    ],
    "actual": [
        147.241,
        10.19,
        121.315,
        124.755,
        86.545,
        33.324000000000005,
        38.036,
        39.358,
        53.76899999999999,
        35.732
    ],
    "mse": 6080.154530581944,
    "rmse": 77.97534565862432,
    "mape": 111.23529467096789
}