{
    "predictions": [
        54.34307021264732,
        46.60273347365856,
        23.416767873555425,
        3.058014951840049,
        0.009350891739136169,
        -3.0752908576279814,
        -3.6949696279913122,
        11.833105906307702,
        23.902585373371842,
        65.74104582607
    ],
    "actual": [
        234.417,
        245.55900000000003,
        242.627,
        244.41200000000003,
        248.271,
        240.448,
        268.8829999999999,
        254.37700000000004,
        250.206,
        253.465
    ],
    "mse": 51883.2336285818,
    "rmse": 227.77891392440566,
    "mape": 90.94445545515836
}