{
    "predictions": [
        421.950629897505,
        428.8124089608192,
        456.3049622972607,
        471.07576498162746,
        462.14011407703157,
        472.348861893177,
        477.7251013922095,
        447.32240568172926,
        431.2930906890928,
        416.17598558107017
    ],
    "actual": [
        421.754,
        409.73699999999997,
        420.32099999999997,
        423.872,
        422.552,
        476.677,
        528.974,
        577.48,
        534.873,
        623.953
    ],
    "mse": 7894.043671796937,
    "rmse": 88.84843089102327,
    "mape": 11.956902065019866
}