{
    "predictions": [
        70.88858510553837,
        74.73687743544578,
        80.55446093678474,
        76.81017240583897,
        79.05739994943141,
        78.95285585522652,
        77.69359155297279,
        75.65948316454887,
        76.27235402166843,
        75.98267685174942
    ],
    "actual": [
        69.2,
        92.4,
        23.8,
        76.9,
        30.4,
        104.99999999999999,
        85.8,
        32.4,
        18.100000000000005,
        79.4
    ],
    "mse": 1191.4708023044154,
    "rmse": 34.517688252610654,
    "mape": 91.3664164910702
}