{
    "predictions": [
        165.65249929752943,
        149.29822796609994,
        220.98675375759598,
        416.7665853031873,
        200.0461966859698,
        223.73644697982067,
        183.00653607258198,
        137.8215362022221,
        192.21806519341465,
        235.55112040317053
    ],
    "actual": [
        114.99999999999997,
        149.0,
        170.0,
        144.0,
        117.0,
        53.0,
        85.0,
        113.0,
        113.0,
        121.0
    ],
    "mse": 14523.347966399688,
    "rmse": 120.5128539467873,
    "mape": 95.88257456165599
}