{
    "predictions": [
        2639.396240234375,
        2535.678512573242,
        2531.4598999023438,
        2521.513816833496,
        2572.5908279418945,
        2662.8926849365234,
        2747.1757736206055,
        2827.620018005371,
        2837.151023864746,
        2849.0807495117188
    ],
    "actual": [
        3196.0,
        2981.0,
        2866.0,
        2781.0,
        2757.0,
        2996.0,
        3058.0,
        3099.0,
        3105.0,
        3131.0
    ],
    "mse": 115381.66886091663,
    "rmse": 339.67877305024024,
    "mape": 10.771667879659915
}