{
    "predictions": [
        3332.7913203239436,
        3347.9641210436816,
        3647.0541573166847,
        3559.1143561005592,
        3889.7179704904556,
        4367.8780671954155,
        4582.889707744122,
        4379.246038258076,
        5332.1352216005325,
        4911.856394648552
    ],
    "actual": [
        3923.000000000001,
        4129.0,
        3378.0,
        3747.000000000001,
        2274.0,
        3543.000000000001,
        2628.9999999999995,
        2968.0,
        2888.0,
        4000.0
    ],
    "mse": 1697160.2306898027,
    "rmse": 1302.7510240601628,
    "mape": 37.05700873434495
}