{
    "predictions": [
        195.63368859660625,
        202.26096211522818,
        204.99233284276724,
        204.4322657698989,
        209.7713231692314,
        209.79049719381334,
        207.67849384903909,
        210.5579220647812,
        211.11549574130774,
        211.75442372173072
    ],
    "actual": [
        163.99999999999997,
        163.0,
        163.0,
        198.0,
        218.00000000000003,
        218.00000000000003,
        260.0,
        242.0,
        127.00000000000001,
        198.0
    ],
    "mse": 1547.2695586175096,
    "rmse": 39.33534744498273,
    "mape": 18.622215303348362
}