{
    "predictions": [
        320.5129497799874,
        280.0320050200225,
        354.4376103622914,
        416.9354968092442,
        386.93017020785817,
        397.5405597295762,
        466.40774732494367,
        469.2943345502616,
        383.72933401715767,
        339.03777944397933
    ],
    "actual": [
        588.684,
        221.86500000000007,
        58.783,
        438.953,
        364.456,
        364.456,
        -347.817,
        -170.508,
        332.5180000000001,
        384.13100000000003
    ],
    "mse": 124176.01738676327,
    "rmse": 352.3861764978349,
    "mape": 123.14600597379683
}