{
    "predictions": [
        86.69753499224781,
        85.36031986236571,
        86.56600095030664,
        89.12504789096117,
        94.94631810396909,
        96.12930496779083,
        102.88593443840742,
        103.55854921495914,
        111.18351433461903,
        117.22665000683068
    ],
    "actual": [
        134.08,
        143.024,
        157.967,
        141.5,
        141.5,
        94.24400000000001,
        158.194,
        171.072,
        149.75,
        144.842
    ],
    "mse": 2544.926546873593,
    "rmse": 50.44726500885447,
    "mape": 31.201792971619437
}