{
    "predictions": [
        165.1443288242668,
        136.6893910690956,
        122.27736341862101,
        110.53417655117065,
        108.20115232870542,
        127.71033574895748,
        140.42823861928656,
        151.62367130962014,
        145.83435877344013,
        158.41985409492256
    ],
    "actual": [
        207.261,
        207.261,
        171.827,
        208.044,
        179.789,
        171.3,
        199.604,
        251.648,
        166.424,
        183.561
    ],
    "mse": 4030.5024504324174,
    "rmse": 63.48623827596354,
    "mape": 29.080349786887894
}