{
    "predictions": [
        55.47763670486211,
        57.88168845328688,
        59.46006924837827,
        59.80898758229612,
        56.14673696181177,
        61.12785951715707,
        61.83584927845,
        57.37235474985837,
        55.97144266346096,
        57.22562589061259
    ],
    "actual": [
        23.81,
        39.796,
        51.164,
        26.874999999999996,
        23.676999999999992,
        49.213,
        46.305,
        35.812,
        25.435,
        33.596
    ],
    "mse": 587.6541066546861,
    "rmse": 24.24157805619688,
    "mape": 76.26901599864848
}