{
    "predictions": [
        344.4484884437323,
        403.86868901467324,
        458.29613877379893,
        474.09659377008677,
        422.1157982982993,
        465.23822444099187,
        464.77070881450175,
        334.0485118643642,
        895.4050280871392,
        723.5164511182309
    ],
    "actual": [
        364.9,
        231.3,
        357.4,
        372.2,
        348.9,
        337.1,
        380.0,
        499.3,
        388.1000000000001,
        392.7
    ],
    "mse": 47383.316433484324,
    "rmse": 217.67709211923133,
    "mape": 46.51782353369964
}