{
    "predictions": [
        88.15771394056087,
        88.67819435536866,
        93.88067846107488,
        99.73978728622203,
        107.15859732401375,
        113.27596904772525,
        111.01772416824107,
        116.8642836732865,
        115.48997493743902,
        112.96524155461793
    ],
    "actual": [
        132.64399999999998,
        93.68199999999996,
        54.20499999999997,
        133.06300000000005,
        -470.902,
        299.108,
        336.51099999999997,
        413.73100000000005,
        350.6840000000001,
        379.858
    ],
    "mse": 63890.130023530546,
    "rmse": 252.7649699296375,
    "mape": 59.80940928516814
}