{
    "predictions": [
        104.46299644386771,
        93.0750837955475,
        90.77453530430796,
        95.45883226037027,
        104.0181076962352,
        122.07240706312659,
        136.71726596665386,
        151.33969481825832,
        165.69681489741805,
        178.3214842115641
    ],
    "actual": [
        223.436,
        177.998,
        201.869,
        179.009,
        161.346,
        128.293,
        100.285,
        95.078,
        36.122,
        65.175
    ],
    "mse": 7809.87187520826,
    "rmse": 88.37347947890396,
    "mape": 87.0864994283638
}