{
    "predictions": [
        28.047829004839063,
        23.823885421678426,
        46.119035824671386,
        86.55906381559372,
        107.88074273991583,
        99.9982892167568,
        166.08935172295568,
        215.3687669878006,
        253.0770500187874,
        254.1293176805973
    ],
    "actual": [
        195.961,
        149.143,
        125.072,
        110.38400000000001,
        118.518,
        104.871,
        104.871,
        65.212,
        86.656,
        104.64300000000001
    ],
    "mse": 12717.46724839651,
    "rmse": 112.77174844967382,
    "mape": 89.15803580992717
}