{
    "predictions": [
        962412226.2835501,
        1001360551.4645575,
        1014079543.840885,
        993783224.4992255,
        992493614.2921447,
        1053682836.1570834,
        1200010043.0965421,
        1255329562.5686643,
        1361586265.6891344,
        1442015439.5103452
    ],
    "actual": [
        1488400000.0,
        1475000000.0,
        1222600000.0,
        1293299999.9999998,
        1246300000.0,
        1270400000.0,
        530500000.0,
        1034000000.0,
        540300000.0,
        1209300000.0
    ],
    "mse": 1.971470634351601e+17,
    "rmse": 444012458.64858353,
    "mape": 46.3946839848617
}