{
    "predictions": [
        42.25959816217423,
        32.51340772819519,
        18.352313464641572,
        7.285190750837328,
        5.824543092012408,
        4.594732434034349,
        -4.695868395566938,
        -3.3416643810272193,
        12.015842972755435,
        17.352037065505982
    ],
    "actual": [
        -12.807,
        45.901,
        80.229,
        -7.282,
        3.267000000000003,
        42.101,
        84.401,
        14.565,
        14.565,
        62.39199999999999
    ],
    "mse": 1895.974342619592,
    "rmse": 43.5427874925296,
    "mape": 122.18758375104079
}