{
    "predictions": [
        11779.76027327776,
        11697.127998948097,
        11662.184142947197,
        11690.684299349785,
        11745.585597634315,
        11827.785542190075,
        12078.526117384434,
        12030.089906036854,
        12002.4620475173,
        11950.605389654636
    ],
    "actual": [
        12218.0,
        11747.0,
        12042.0,
        11342.0,
        11904.0,
        11678.0,
        12155.0,
        12215.0,
        10432.0,
        11259.0
    ],
    "mse": 349262.19872376916,
    "rmse": 590.9840934608724,
    "mape": 3.6193068242702973
}