{
    "predictions": [
        -307622798.69654775,
        191973620.11528012,
        331529286.6494655,
        310667555.99009985,
        218330463.18686002,
        425836985.2287768,
        169247259.8507404,
        -44353589.954435855,
        -252872487.47986558,
        -398220890.4923499
    ],
    "actual": [
        -247000000.0,
        -229000000.0,
        -165000000.0,
        -38999999.99999999,
        -45999999.99999999,
        -66999999.99999998,
        -135000000.0,
        62999999.99999997,
        27999999.99999999,
        8000000.000000016
    ],
    "mse": 1.2104574870437667e+17,
    "rmse": 347916295.54301804,
    "mape": 919.2742289487612
}