{
    "predictions": [
        405.9554032611847,
        377.752380525589,
        389.1125673351288,
        402.00193255996703,
        378.88859778976445,
        418.48585851669316,
        420.38621233558655,
        448.2264702510834,
        420.3778017520905,
        430.96436089706424
    ],
    "actual": [
        389.0,
        445.0,
        408.0,
        445.0,
        507.99999999999994,
        539.0,
        522.0,
        540.0,
        553.0,
        483.0
    ],
    "mse": 7725.280723016653,
    "rmse": 87.89357611917183,
    "mape": 15.27538486156741
}