{
    "predictions": [
        88.58943784236907,
        117.65705601125954,
        276.38103517889977,
        250.97554209828374,
        302.16458454728127,
        368.81253150105476,
        449.2722202539444,
        504.4454252719879,
        483.0958973169327,
        600.30314463377
    ],
    "actual": [
        457.5249999999999,
        440.446,
        410.3,
        431.3999999999999,
        446.2,
        374.8,
        286.9,
        465.5,
        385.2,
        355.9
    ],
    "mse": 40877.346409565405,
    "rmse": 202.18146900634935,
    "mape": 42.131227541968805
}