{
    "predictions": [
        -44.230354650110016,
        27.26318245089053,
        81.57080674540995,
        95.03063661140202,
        123.73555114936828,
        163.64574679368732,
        198.87900871169563,
        154.2970722373724,
        157.70763614708184,
        184.606299493134
    ],
    "actual": [
        61.67900000000001,
        1.0419999999999985,
        49.20000000000002,
        106.25699999999998,
        155.855,
        148.68800000000002,
        148.0,
        195.99999999999994,
        251.99999999999997,
        233.0
    ],
    "mse": 2989.4443200598685,
    "rmse": 54.67581110564221,
    "mape": 290.90089437848127
}