{
    "predictions": [
        965.0800766944885,
        893.9609892368317,
        879.7639564275742,
        832.1096065044403,
        868.8012955188751,
        704.614135146141,
        823.1861118078232,
        734.489416718483,
        771.6107606887817,
        708.8675785064697
    ],
    "actual": [
        398.0,
        -30.999999999999975,
        -219.0,
        -412.0,
        -392.0,
        -79.0,
        426.0,
        343.0,
        925.0000000000001,
        895.9999999999999
    ],
    "mse": 650546.2182243824,
    "rmse": 806.56445385622,
    "mape": 548.830518890888
}