{
    "predictions": [
        537101180.5425763,
        522048272.32788205,
        497801590.54744244,
        474244569.60460544,
        455674334.30917263,
        444993349.3751347,
        449526799.48019385,
        462492120.24597526,
        467514837.56387234,
        485380973.0763793
    ],
    "actual": [
        520091999.99999994,
        510542000.0,
        539570000.0,
        675048000.0,
        605717000.0,
        631584000.0,
        667182000.0,
        620921000.0,
        741906000.0,
        805567000.0
    ],
    "mse": 3.5010029475420308e+16,
    "rmse": 187109672.31925854,
    "mape": 23.219561523007776
}