{
    "predictions": [
        111.73736521077157,
        120.5370275938511,
        119.68339652442934,
        117.90556744503976,
        117.70607357192041,
        126.13155268859865,
        129.97464023542406,
        128.11604456591607,
        127.37065437293055,
        130.8333488812447
    ],
    "actual": [
        124.311,
        144.803,
        144.803,
        140.485,
        140.485,
        122.387,
        127.052,
        146.829,
        130.559,
        139.556
    ],
    "mse": 286.5626843357237,
    "rmse": 16.928162461877655,
    "mape": 10.330402736405714
}