{
    "predictions": [
        61.034383226662875,
        16.394987836405637,
        50.06795815524459,
        75.07992464768887,
        136.13690000778436,
        164.13198688048124,
        177.88828006607292,
        207.18729045939446,
        231.8907250868082,
        274.06289306509495
    ],
    "actual": [
        139.24599999999998,
        96.9,
        88.39999999999999,
        96.39999999999999,
        73.0,
        54.099999999999994,
        49.8,
        58.00000000000001,
        28.7,
        14.4
    ],
    "mse": 17799.005522737374,
    "rmse": 133.4129136280944,
    "mape": 352.0222957140327
}