{
    "predictions": [
        214.07748618620633,
        245.4006990135908,
        255.99358205443622,
        442.0236767282486,
        713.5322859679461,
        1111.980820489645,
        1423.3013506345746,
        1770.0916670932768,
        1755.6338283019063,
        2189.732626478195
    ],
    "actual": [
        786.0,
        607.0,
        806.0000000000001,
        670.0,
        626.0,
        626.0,
        546.0,
        744.0,
        536.0,
        355.0
    ],
    "mse": 773244.1193910778,
    "rmse": 879.3430044021944,
    "mape": 136.91792325028376
}