{
    "predictions": [
        45.62133841466901,
        37.81675310111043,
        33.99700652885434,
        30.959183502197238,
        32.072054083108874,
        33.58260770606992,
        34.88894914841649,
        33.13229855585096,
        34.518564311027504,
        33.04427058506009
    ],
    "actual": [
        65.16499999999999,
        67.428,
        79.59599999999998,
        113.78199999999997,
        90.303,
        73.82300000000001,
        42.43399999999998,
        57.63900000000001,
        -419.382,
        20.177000000000003
    ],
    "mse": 22205.65951658285,
    "rmse": 149.01563514135975,
    "mape": 55.527950745500895
}