{
    "predictions": [
        76.39016895246505,
        71.86864591693876,
        73.72042622572182,
        74.48346194773912,
        81.7497792560458,
        89.91391416341065,
        94.67711746203898,
        96.76305747407673,
        101.98858613896368,
        98.3972877331972
    ],
    "actual": [
        93.92699999999999,
        26.304000000000006,
        35.76499999999999,
        46.541999999999994,
        23.411000000000005,
        17.922,
        19.926999999999992,
        18.212999999999997,
        8.289000000000003,
        18.068000000000005
    ],
    "mse": 4018.136444658173,
    "rmse": 63.388772228669744,
    "mape": 339.03515254111494
}