{
    "predictions": [
        335.16700781631465,
        305.4320282414555,
        300.1914609277248,
        302.48609948217864,
        316.83859562826154,
        321.2442761827707,
        322.59047403973335,
        355.01494149869677,
        355.27346242731807,
        331.0519616686701
    ],
    "actual": [
        320.303,
        328.205,
        342.383,
        370.984,
        361.13,
        334.385,
        364.04,
        362.1019999999999,
        319.141,
        256.707
    ],
    "mse": 1794.7060206486444,
    "rmse": 42.36397078472041,
    "mape": 11.218647486699238
}