{
    "predictions": [
        65.42388723492621,
        51.19779785871505,
        36.66982126235961,
        37.52679011821746,
        43.76338984966277,
        48.59118595719337,
        52.072083342075345,
        63.047608941793435,
        58.864367115497586,
        41.00460399985313
    ],
    "actual": [
        28.099999999999998,
        86.2,
        67.19999999999999,
        -16.6,
        33.70000000000001,
        33.70000000000001,
        19.000000000000004,
        -61.2,
        38.50000000000001,
        46.60000000000001
    ],
    "mse": 2378.0294098547924,
    "rmse": 48.765042908366155,
    "mape": 106.09613380956525
}