{
    "predictions": [
        374.42124527692795,
        317.7773124650121,
        485.19655434787273,
        513.8150587677956,
        728.3401167392731,
        1053.9578395485878,
        1049.0797992944717,
        1190.3533179163933,
        1328.347417831421,
        1275.0003991127014
    ],
    "actual": [
        570.0,
        372.0,
        397.0,
        468.0,
        520.0,
        318.0,
        326.0,
        399.0,
        207.0,
        294.0
    ],
    "mse": 400497.46312487294,
    "rmse": 632.8486889651214,
    "mape": 164.79171605497226
}