{
    "predictions": [
        -12.898950777947903,
        -53.40299565345049,
        -71.39287078380585,
        93.91033804416656,
        343.3852845430374,
        950.7272360920906,
        1732.6895177960396,
        1874.4984910488129,
        1371.711761534214,
        1320.2186412215233
    ],
    "actual": [
        758.0,
        318.99999999999994,
        425.99999999999994,
        754.0,
        499.0,
        174.0,
        421.0,
        457.99999999999994,
        271.00000000000006,
        125.00000000000003
    ],
    "mse": 841071.9700706484,
    "rmse": 917.0997601518868,
    "mape": 288.3512641679592
}