{
    "predictions": [
        367.37577372550965,
        270.47655656933784,
        300.2532452833653,
        380.529489992857,
        327.4121143603325,
        347.6239272618294,
        372.42321575164794,
        301.9688028740883,
        298.0855943965912,
        345.4017475783825
    ],
    "actual": [
        335.0,
        248.00000000000003,
        202.0,
        239.0,
        274.0,
        260.00000000000006,
        265.00000000000006,
        325.0,
        318.0,
        261.0
    ],
    "mse": 6135.891152341877,
    "rmse": 78.33192932860698,
    "mape": 26.6003911623585
}