{
    "predictions": [
        198010764.3842697,
        133203196.31099702,
        144150857.40089417,
        204389567.85202026,
        216949520.92170715,
        211723224.63989258,
        219976654.02889252,
        219253966.8560028,
        198559875.08296967,
        187953235.93616486
    ],
    "actual": [
        147999999.99999997,
        150999999.99999997,
        144999999.99999997,
        171000000.0,
        166000000.00000003,
        157999999.99999994,
        134999999.99999997,
        136999999.99999997,
        -371000000.0,
        129999999.99999999
    ],
    "mse": 3.511592012616973e+16,
    "rmse": 187392422.80884713,
    "mape": 45.146787751395514
}