{
    "predictions": [
        225.3561245501041,
        220.99754589796063,
        211.01907980442044,
        214.1809552311897,
        194.6353424787521,
        203.59013035893437,
        173.2915548086166,
        167.27662545442578,
        148.30563843250275,
        88.155973136425
    ],
    "actual": [
        119.99999999999999,
        232.0,
        171.0,
        159.0,
        118.99999999999999,
        148.0,
        -65.0,
        115.00000000000001,
        129.0,
        144.0
    ],
    "mse": 8768.537284394157,
    "rmse": 93.6404681982857,
    "mape": 71.75737043149593
}