{
    "predictions": [
        523.3702109307051,
        470.9669389873743,
        510.87042686343193,
        561.5379954874516,
        574.9155131578445,
        594.3901478052139,
        593.1262282729149,
        581.5397233068943,
        557.5559726059437,
        581.5640594363213
    ],
    "actual": [
        567.0,
        658.0,
        558.0,
        604.0,
        639.0,
        736.0,
        535.0,
        649.0,
        661.0,
        728.0
    ],
    "mse": 10514.3013426711,
    "rmse": 102.53926732072499,
    "mape": 13.78886231376091
}