{
    "predictions": [
        619534697.9737282,
        569076184.7436428,
        568944101.5034914,
        568674546.4682579,
        563596406.2452316,
        598829663.592577,
        594101694.5809126,
        592116712.1767998,
        582508536.8692875,
        580992358.7441444
    ],
    "actual": [
        524900000.0,
        566700000.0,
        602200000.0,
        599400000.0,
        542100000.0,
        679800000.0,
        504400000.0,
        596500000.0,
        573500000.0,
        723100000.0000001
    ],
    "mse": 4637101411610391.0,
    "rmse": 68096265.76847215,
    "mape": 8.471516208025252
}