{
    "predictions": [
        130446535.86912154,
        135202693.6314106,
        133504777.18633412,
        145798730.69417477,
        140696635.93953848,
        144661366.17660522,
        155198823.98742437,
        159753304.3655157,
        149064639.59997892,
        150206929.63570356
    ],
    "actual": [
        112339999.99999999,
        151978000.0,
        80937999.99999999,
        95751000.00000001,
        99385000.00000001,
        150353000.0,
        69724999.99999999,
        89027999.99999999,
        19414000.0,
        140931000.0
    ],
    "mse": 3681951939983293.0,
    "rmse": 60679089.808461145,
    "mape": 106.61549105342252
}