{
    "predictions": [
        853.6454513072968,
        886.6952263116838,
        1038.6854275465012,
        753.5253927111626,
        1086.3557900190353,
        1086.6605287790298,
        1082.9475164413452,
        870.8592260479928,
        1182.7461824417114,
        1096.3830909729004
    ],
    "actual": [
        840.0,
        817.0,
        877.0,
        958.0,
        918.9999999999999,
        859.0,
        931.0,
        965.9999999999999,
        1039.0,
        822.0
    ],
    "mse": 28092.180243496725,
    "rmse": 167.60722014130752,
    "mape": 16.80336222131141
}