{
    "predictions": [
        461.08920502662664,
        450.07443535327917,
        427.7593856453896,
        412.3910251855851
    ],
    "actual": [
        431.0,
        469.00000000000006,
        504.0,
        484.0
    ],
    "mse": 3051.00345186788,
    "rmse": 55.23588916517846,
    "mape": 10.234726112481193
}