{
    "predictions": [
        1113.8621444702146,
        1286.6053180694578,
        1038.2702126502988,
        1107.2761411666868
    ],
    "actual": [
        83.99999999999976,
        1514.0000000000002,
        223.9999999999998,
        1735.0
    ],
    "mse": 542349.4000353076,
    "rmse": 736.4437521191334,
    "mape": 410.1848408888101
}