{
    "predictions": [
        149.08437588131432,
        134.32178465306762,
        144.86182943737512,
        147.31942973375325
    ],
    "actual": [
        144.483,
        144.483,
        50.15700000000001,
        -436.318
    ],
    "mse": 87431.519265578,
    "rmse": 295.6882129297311,
    "mape": 83.19963404971017
}