{
    "predictions": [
        32212.969143867493,
        25820.709206581116,
        30646.723001480103,
        39042.26338481903
    ],
    "actual": [
        30736.0,
        28202.0,
        32502.0,
        45912.00000000001
    ],
    "mse": 14621829.399488349,
    "rmse": 3823.850075445996,
    "mape": 8.480015539453674
}