{
    "predictions": [
        58606234.08671617,
        58697020.429062836,
        60616136.74309253,
        60415376.03880166
    ],
    "actual": [
        71355000.0,
        62795000.0,
        71337000.0,
        60752000.0
    ],
    "mse": 73593673385021.9,
    "rmse": 8578675.502956264,
    "mape": 9.993802513223091
}