{
    "predictions": [
        7787.258015751839,
        7560.8550471663475,
        7680.15998005867,
        7615.001801371574
    ],
    "actual": [
        5716.0,
        4489.0,
        5003.0,
        6034.0
    ],
    "mse": 5848288.863346377,
    "rmse": 2418.323564651012,
    "mape": 46.09487812804524
}