{
    "predictions": [
        2801.9445099830627,
        2830.3428716659546,
        2759.587959289551,
        2817.757260799408
    ],
    "actual": [
        2382.0,
        2552.0,
        2399.0,
        2664.0
    ],
    "mse": 101873.27932632616,
    "rmse": 319.17593788743875,
    "mape": 12.334798666423621
}