{
    "predictions": [
        236.30182028198243,
        239.59872216033935,
        236.91448724365233,
        241.39446660614013
    ],
    "actual": [
        262.712,
        290.602,
        294.367,
        268.845
    ],
    "mse": 1838.2887371883285,
    "rmse": 42.87526952904586,
    "mape": 14.332914019108179
}