{
    "predictions": [
        2029.073809207201,
        2026.7653655135632,
        2025.208437082112,
        2042.4659113976957
    ],
    "actual": [
        2119.0,
        2099.0,
        2205.0,
        2175.0
    ],
    "mse": 15798.713236998092,
    "rmse": 125.69293232715232,
    "mape": 5.483130048008982
}