{
    "predictions": [
        121.08061130560039,
        128.60326496772765,
        147.7258781731367,
        156.11186288423536
    ],
    "actual": [
        127.372,
        141.084,
        134.345,
        140.463
    ],
    "mse": 154.82128222593371,
    "rmse": 12.442720049327386,
    "mape": 8.721674330389815
}