{
    "predictions": [
        1068.875083618164,
        1101.511981147766,
        1143.5823629302977,
        1171.9125643310547
    ],
    "actual": [
        1033.908,
        1092.712,
        1092.712,
        1070.803
    ],
    "mse": 3527.768607209144,
    "rmse": 59.39502173759299,
    "mape": 4.571298244826175
}