{
    "predictions": [
        1123.6371688842773,
        1031.6873722076416,
        991.183743953705,
        927.3992552757264
    ],
    "actual": [
        1331.0,
        1069.0,
        748.0,
        679.0
    ],
    "mse": 41308.02481649385,
    "rmse": 203.24375714027198,
    "mape": 22.04104915285375
}