{
    "predictions": [
        1423.32883310318,
        1407.849813604355,
        1463.2170295238495,
        1463.416543674469
    ],
    "actual": [
        1753.6,
        1327.2,
        1410.6,
        1450.9
    ],
    "mse": 29627.162944818214,
    "rmse": 172.1254279437475,
    "mape": 7.375843569912371
}