{
    "predictions": [
        633919177.6989698,
        634192550.2024889,
        660966529.5095444,
        647456705.4703236
    ],
    "actual": [
        596389000.0,
        545471000.0,
        630050000.0,
        679410000.0
    ],
    "mse": 2814218134165947.5,
    "rmse": 53049204.840091124,
    "mape": 8.042029998272469
}