{
    "predictions": [
        39.804729962348915,
        40.93941453695295,
        39.7094489097595,
        39.97155458927153
    ],
    "actual": [
        41.99999999999999,
        47.6,
        55.29999999999999,
        10.400000000000007
    ],
    "mse": 291.6811833431067,
    "rmse": 17.07867627607909,
    "mape": 82.9385523398097
}