{
    "predictions": [
        341.54442748129367,
        342.02856157016754,
        349.36182549786565,
        345.8792553606629
    ],
    "actual": [
        351.263,
        330.265,
        244.318,
        330.123
    ],
    "mse": 2878.8242227082355,
    "rmse": 53.654675683562154,
    "mape": 13.524041066030545
}