{
    "predictions": [
        506.7806676629782,
        479.94151159709696,
        438.2991436663866,
        269.5498537931443
    ],
    "actual": [
        -5.853999999999975,
        -320.66599999999994,
        -967.584,
        137.25600000000006
    ],
    "mse": 724443.9418780878,
    "rmse": 851.1427270899328,
    "mape": 2312.0878393535186
}