{
    "predictions": [
        77.21945819997786,
        76.26008029842376,
        47.098023914337155,
        24.320317645311352
    ],
    "actual": [
        91.482,
        111.321,
        46.367000000000004,
        129.278
    ],
    "mse": 3112.334417537202,
    "rmse": 55.78830000580052,
    "mape": 32.462515839266906
}