{
    "predictions": [
        -91.095512509346,
        -28.838824272155748,
        -150.06863924860954,
        -290.09978449344635
    ],
    "actual": [
        -23.0,
        474.0,
        554.0,
        354.0
    ],
    "mse": 292015.2657943018,
    "rmse": 540.3843685695413,
    "mape": 177.79721988246598
}