{
    "predictions": [
        2251.303865464926,
        2198.887238177061,
        2218.160776609778,
        2157.599445507526
    ],
    "actual": [
        2008.0,
        2037.0,
        2156.0,
        2280.0
    ],
    "mse": 26062.52668089177,
    "rmse": 161.43892554428058,
    "mape": 7.078915208395195
}