{
    "predictions": [
        106536697.29828836,
        45448513.83566857,
        39952917.635440834,
        -3074841.20130538
    ],
    "actual": [
        10900000.000000032,
        -12100000.000000002,
        181300000.0,
        192600000.00000003
    ],
    "mse": 1.7681462621737036e+16,
    "rmse": 132971660.97231784,
    "mape": 383.1420064679452
}