{
    "predictions": [
        93.17942119446397,
        82.2915239957422,
        88.5825177167058,
        62.28519658741355
    ],
    "actual": [
        87.987,
        87.987,
        87.987,
        114.111
    ],
    "mse": 686.4170563716908,
    "rmse": 26.199562140839124,
    "mape": 14.617068099391716
}