{
    "predictions": [
        3130.6666007637978,
        3158.2706236839294,
        3183.6235919594765,
        3235.475206375122
    ],
    "actual": [
        2155.0,
        3002.0,
        3443.0000000000005,
        2926.0
    ],
    "mse": 284849.21202036925,
    "rmse": 533.7126680343733,
    "mape": 17.14756940509784
}