{
    "predictions": [
        220.61902517342568,
        224.82785945272448,
        225.48583280372623,
        237.73669742393497
    ],
    "actual": [
        282.398,
        264.815,
        250.942,
        233.80900000000003
    ],
    "mse": 1519.7640987871757,
    "rmse": 38.984151892623956,
    "mape": 12.200177174895895
}