{
    "predictions": [
        313.94886780393125,
        292.35537453889845,
        311.4335310983658,
        344.9706731289029
    ],
    "actual": [
        233.34599999999998,
        247.324,
        300.367,
        283.628
    ],
    "mse": 3102.5096620577738,
    "rmse": 55.70017649934131,
    "mape": 19.515463025946246
}