{
    "predictions": [
        2717.7504196835753,
        2762.60348952806,
        2958.9346836608647,
        2948.3663042384383
    ],
    "actual": [
        1946.9999999999998,
        1955.5,
        2123.1,
        1581.0000000000005
    ],
    "mse": 953445.6201569802,
    "rmse": 976.4454004996799,
    "mape": 51.679026084934485
}