{
    "predictions": [
        20496.643196046352,
        20195.581912100315,
        18728.121767878532,
        18152.73205921054
    ],
    "actual": [
        25311.0,
        27872.0,
        30853.0,
        36834.0
    ],
    "mse": 144526967.52883732,
    "rmse": 12021.936929165671,
    "mape": 34.14470293038351
}