{
    "predictions": [
        427.8223314285278,
        413.42167693376535,
        412.941104722023,
        385.28766303062434
    ],
    "actual": [
        405.6,
        334.8,
        414.1,
        423.5
    ],
    "mse": 2034.1814582307834,
    "rmse": 45.10190082724655,
    "mape": 9.566224597804146
}