{
    "predictions": [
        1065.2900910317899,
        1090.0026255071164,
        1117.0247852742673,
        1109.8105639874937
    ],
    "actual": [
        1132.1,
        1265.5,
        1229.5999999999997,
        1040.3
    ],
    "mse": 13191.947466660042,
    "rmse": 114.85620343133427,
    "mape": 8.901614368454563
}