{
    "predictions": [
        16.29008107471466,
        15.906454311966895,
        14.270643102884293,
        12.097416148275137
    ],
    "actual": [
        2.387,
        6.717,
        13.41,
        23.974999999999998
    ],
    "mse": 104.88985965677834,
    "rmse": 10.24157505742053,
    "mape": 193.80458708169306
}