{
    "predictions": [
        -10.15180900454525,
        -286.4432108412087,
        -325.20000332129,
        -80.57857825201754
    ],
    "actual": [
        262.337,
        130.20799999999994,
        174.93499999999995,
        282.874
    ],
    "mse": 157520.29517834663,
    "rmse": 396.8882653573253,
    "mape": 209.5605018443838
}