{
    "predictions": [
        484.5256742018461,
        503.4201737083792,
        508.98372019380326,
        533.8452862583398
    ],
    "actual": [
        547.544,
        430.558,
        551.151,
        547.837
    ],
    "mse": 2813.5133208987354,
    "rmse": 53.04256140967115,
    "mape": 9.65919054904732
}