{
    "predictions": [
        363352765.8026218,
        303654447.98755646,
        259898040.5883193,
        193763806.81157112
    ],
    "actual": [
        268204000.0,
        269811000.0,
        361155000.0,
        342288000.0
    ],
    "mse": 1.0627768599255276e+16,
    "rmse": 103091069.4447161,
    "mape": 29.862056201876463
}