{
    "predictions": [
        354.4401868132651,
        306.3929646735788,
        312.7120379699171,
        354.36640880161525
    ],
    "actual": [
        226.465,
        247.314,
        219.634,
        306.143
    ],
    "mse": 7714.247703892276,
    "rmse": 87.83079018141802,
    "mape": 34.63219603406055
}