{
    "predictions": [
        125.98557289600372,
        127.05513079047203,
        127.13122013360261,
        125.33085624605417
    ],
    "actual": [
        95.4,
        104.89999999999999,
        102.29999999999998,
        99.99999999999999
    ],
    "mse": 671.1422153003434,
    "rmse": 25.90641262892922,
    "mape": 25.69609668162414
}