{
    "predictions": [
        133.7984139919281,
        132.60472720861435,
        124.40299305319786,
        119.88220471143723
    ],
    "actual": [
        113.00000000000001,
        5.000000000000022,
        82.99999999999999,
        61.999999999999986
    ],
    "mse": 5445.024471646096,
    "rmse": 73.79040907628915,
    "mape": 678.4354347819182
}