{
    "predictions": [
        66952122.66499996,
        66284793.91153753,
        70722498.54291975,
        71245190.58282375
    ],
    "actual": [
        88984000.0,
        90853999.99999999,
        90308000.0,
        124029000.0
    ],
    "mse": 1064692977658976.4,
    "rmse": 32629633.42820413,
    "mape": 29.01174204940152
}