{
    "predictions": [
        115.06021571159361,
        94.82284549474716,
        84.38192760348319,
        78.09800451993941
    ],
    "actual": [
        147.9,
        177.2,
        185.2,
        202.89999999999998
    ],
    "mse": 8401.06720351143,
    "rmse": 91.65733578667574,
    "mape": 46.15970050373247
}