{
    "predictions": [
        160.70200826513766,
        167.3706168963909,
        179.98705819022655,
        182.82213143992425
    ],
    "actual": [
        178.84200000000004,
        193.27499999999998,
        210.436,
        190.902
    ],
    "mse": 498.1296743506232,
    "rmse": 22.318818838608443,
    "mape": 10.56195338402161
}