{
    "predictions": [
        5630.359537124634,
        5905.00877571106,
        5749.262649536133,
        5925.947124481201
    ],
    "actual": [
        5840.0,
        6673.0,
        6673.0,
        7606.999999999999
    ],
    "mse": 1078247.276797862,
    "rmse": 1038.386862781816,
    "mape": 12.76008524553163
}