{
    "predictions": [
        103917657.66143799,
        104633466.5775299,
        102592455.93547821,
        102578518.49794388
    ],
    "actual": [
        137400000.0,
        116500000.0,
        133500000.0,
        132100000.0
    ],
    "mse": 772169003529965.0,
    "rmse": 27787929.097540986,
    "mape": 20.01348238136818
}