{
    "predictions": [
        279.84858441925047,
        270.6890441379547,
        249.24917002487183,
        234.96030944824219
    ],
    "actual": [
        210.844,
        201.762,
        188.459,
        176.15
    ],
    "mse": 4166.6668383799615,
    "rmse": 64.54972376687573,
    "mape": 33.133319644075904
}