{
    "predictions": [
        321.0871785581112,
        327.200021904707,
        327.759562933445,
        334.5264068901539
    ],
    "actual": [
        340.3,
        346.2,
        347.4,
        358.6
    ],
    "mse": 423.8540821908132,
    "rmse": 20.587716779449178,
    "mape": 5.875191604573926
}