{
    "predictions": [
        208.92614235877994,
        210.4320472478867,
        222.793867123127,
        225.64412486553195
    ],
    "actual": [
        181.00000000000003,
        274.0,
        278.0,
        264.0
    ],
    "mse": 2334.911077171904,
    "rmse": 48.320917594473556,
    "mape": 18.253963112310625
}