{
    "predictions": [
        842.5798614344598,
        1052.4058315725326,
        1397.1466768039465,
        1028.9315414538385
    ],
    "actual": [
        868.21,
        1029.4050000000002,
        1472.02,
        974.322
    ],
    "mse": 2443.5397000339935,
    "rmse": 49.432172722165404,
    "mape": 3.9694394725975246
}