{
    "predictions": [
        55.05447183704377,
        50.371573980331426,
        43.78684179592133,
        36.49726551103592
    ],
    "actual": [
        69.455,
        90.07200000000002,
        88.073,
        84.317
    ],
    "mse": 1507.8724631467444,
    "rmse": 38.831333522643085,
    "mape": 42.95190661613759
}