{
    "predictions": [
        272.0793709850311,
        289.86260959804054,
        319.5299436831474,
        331.73656952619547
    ],
    "actual": [
        308.179,
        303.83,
        603.785,
        331.721
    ],
    "mse": 20574.802123441576,
    "rmse": 143.43919312182976,
    "mape": 15.848626322895818
}