{
    "predictions": [
        602.1328649520873,
        713.303617119789,
        654.1931256055831,
        582.5709106922149
    ],
    "actual": [
        546.0,
        593.9999999999999,
        593.9999999999999,
        559.0
    ],
    "mse": 5390.762946656098,
    "rmse": 73.42181519586735,
    "mape": 11.178918057003795
}