{
    "predictions": [
        346.7316105127335,
        313.45436973571776,
        323.07650443315504,
        308.24193543195724
    ],
    "actual": [
        213.40000000000003,
        185.0,
        235.50000000000003,
        198.1
    ],
    "mse": 13519.683383886899,
    "rmse": 116.27417333134173,
    "mape": 56.17527426502286
}