{
    "predictions": [
        112.34413203048706,
        47.60417782324552,
        60.49537246322631,
        102.2119101305604
    ],
    "actual": [
        161.074,
        179.644,
        192.107,
        164.62
    ],
    "mse": 10256.376214206402,
    "rmse": 101.27376863831228,
    "mape": 52.54346377153162
}