{
    "predictions": [
        107.81352541232107,
        110.19992423796651,
        108.2292785170078,
        104.87698240244386
    ],
    "actual": [
        84.517,
        99.184,
        112.244,
        113.834
    ],
    "mse": 190.10620898311734,
    "rmse": 13.78790081858429,
    "mape": 12.529032970312379
}