{
    "predictions": [
        1361.8888844251633,
        1352.5968922376633,
        1310.5774171352386,
        1300.632081747055
    ],
    "actual": [
        1329.0,
        1205.0,
        1757.0,
        1254.0
    ],
    "mse": 56083.54871416422,
    "rmse": 236.819654408506,
    "mape": 10.962577413679437
}