{
    "predictions": [
        91.46782451134919,
        294.468922847569,
        382.06413731360436,
        208.5990866314173
    ],
    "actual": [
        89.3,
        265.2,
        316.3,
        237.8
    ],
    "mse": 1509.7461014827586,
    "rmse": 38.85545137407052,
    "mape": 11.63385733876445
}