{
    "predictions": [
        517.1692396998405,
        518.2720863223076,
        523.8303112983704,
        508.3121470212936
    ],
    "actual": [
        421.0,
        520.0,
        543.0,
        357.0
    ],
    "mse": 8128.587787808474,
    "rmse": 90.1586811561065,
    "mape": 17.2725063051773
}