{
    "predictions": [
        79.98559277457,
        87.61441552466155,
        93.04556964081526,
        91.58414967155457
    ],
    "actual": [
        81.537,
        80.04,
        58.964,
        69.73300000000002
    ],
    "mse": 424.7011915174423,
    "rmse": 20.608279683599072,
    "mape": 25.12552050724548
}