{
    "predictions": [
        762.7579000473023,
        702.8841161459685,
        663.2172305643559,
        633.0911961942911
    ],
    "actual": [
        681.5000000000001,
        918.9000000000002,
        762.0000000000002,
        535.5
    ],
    "mse": 18136.94637733604,
    "rmse": 134.6734806015499,
    "mape": 16.654853879978184
}