{
    "predictions": [
        194.12627710103988,
        180.34124055242538,
        215.88921402549744,
        204.56724260234833
    ],
    "actual": [
        540.455,
        -2737.617,
        106.86099999999995,
        126.10699999999987
    ],
    "mse": 2163116.7597588603,
    "rmse": 1470.7538066443549,
    "mape": 83.72843692643144
}