{
    "predictions": [
        91338968.6644077,
        1416126342.177391,
        2827491610.4078293,
        1387218642.3540115
    ],
    "actual": [
        1333000000.0,
        2367000000.0,
        3364000000.0,
        1920000000.0
    ],
    "mse": 7.543950142590504e+17,
    "rmse": 868559159.9074011,
    "mape": 44.25438019071436
}