{
    "predictions": [
        328.6821052797586,
        401.5241290698648,
        827.7352919462323,
        1110.9123114989998
    ],
    "actual": [
        513.9779999999998,
        632.838,
        569.7279999999998,
        440.63400000000007
    ],
    "mse": 150920.36326205914,
    "rmse": 388.4847014517549,
    "mape": 67.50149973958611
}