{
    "predictions": [
        111.96882344627379,
        104.57160518896579,
        106.7452506930828,
        109.22466032946109
    ],
    "actual": [
        -9.422,
        95.656,
        83.753,
        18.19
    ],
    "mse": 5907.793251520963,
    "rmse": 76.86217048406168,
    "mape": 456.4036874018882
}