{
    "predictions": [
        1025.757900238037,
        1043.8356206417084,
        1052.6730308532715,
        1047.158663034439
    ],
    "actual": [
        981.0000000000001,
        808.0,
        1146.0,
        1251.0
    ],
    "mse": 26970.730855799906,
    "rmse": 164.2276799318553,
    "mape": 14.547010006454938
}