{
    "predictions": [
        243.18787175118925,
        146.13719550371172,
        78.54959377348423,
        33.02335556745529
    ],
    "actual": [
        160.3,
        343.8,
        208.7,
        129.6
    ],
    "mse": 18051.790013889182,
    "rmse": 134.35695000218328,
    "mape": 61.52074108403269
}