{
    "predictions": [
        180.48363507980105,
        107.43806977742908,
        41.330723623961205,
        -1.0488721124976876
    ],
    "actual": [
        40.233,
        47.04399999999999,
        47.745000000000005,
        33.967
    ],
    "mse": 6146.234636448875,
    "rmse": 78.39792494989184,
    "mape": 148.37405363846946
}