{
    "predictions": [
        348.31728413051366,
        370.77303861951833,
        403.6297422486544,
        417.1641693295241
    ],
    "actual": [
        326.554,
        282.694,
        293.136,
        290.329
    ],
    "mse": 9131.896208811297,
    "rmse": 95.56095546200497,
    "mape": 29.800483775287518
}