{
    "predictions": [
        53809805.305600174,
        56146396.69650794,
        60879240.88037015,
        61876297.83517123
    ],
    "actual": [
        22497999.999999996,
        22497999.999999996,
        22497999.999999996,
        65211000.000000015
    ],
    "mse": 899220910446622.2,
    "rmse": 29987012.36279837,
    "mape": 116.1124606770069
}