{
    "predictions": [
        229112748.60739705,
        228506874.15051457,
        227130519.51467988,
        225620330.59263226
    ],
    "actual": [
        198388000.0,
        194810000.00000003,
        200716000.0,
        198623000.00000003
    ],
    "mse": 876518051205660.8,
    "rmse": 29606047.5444741,
    "mape": 14.884224391279272
}