{
    "predictions": [
        533.0921614289283,
        536.2512904942035,
        548.8707916975021,
        538.3939156234264
    ],
    "actual": [
        582.3,
        564.8,
        515.9,
        597.2
    ],
    "mse": 1945.4172140369417,
    "rmse": 44.10688397559888,
    "mape": 7.435787684816425
}