{
    "predictions": [
        625121632.8638501,
        599326524.4172583,
        627331551.175033,
        627084016.1070616
    ],
    "actual": [
        551000000.0,
        578000000.0,
        755000000.0,
        758000000.0
    ],
    "mse": 9846766191538156.0,
    "rmse": 99230873.17734414,
    "mape": 12.830719595059787
}