{
    "predictions": [
        3361.2045782804494,
        2966.0248421430592,
        2544.190461099148,
        2244.3634553551674
    ],
    "actual": [
        4199.0,
        4168.0,
        4096.0,
        3854.0
    ],
    "mse": 1786422.024909822,
    "rmse": 1336.5709950877365,
    "mape": 32.11044001787332
}