{
    "predictions": [
        152.52962970733643,
        148.9160236120224,
        152.30933272838593,
        164.276917219162
    ],
    "actual": [
        218.99999999999997,
        200.0,
        213.0,
        191.0
    ],
    "mse": 2856.3407544091374,
    "rmse": 53.444744871775164,
    "mape": 24.59454232191065
}