{
    "predictions": [
        1100.5838037794829,
        1127.5967693936825,
        1145.885286306143,
        1151.025104174614
    ],
    "actual": [
        1043.0,
        993.9999999999999,
        963.0,
        1039.0
    ],
    "mse": 16790.16079068894,
    "rmse": 129.57685283525348,
    "mape": 12.183628065372428
}