{
    "predictions": [
        33093126.685719933,
        60206716.143608086,
        122726144.62812243,
        187931861.0640615
    ],
    "actual": [
        99425000.0,
        115615000.0,
        136915000.0,
        153919000.0
    ],
    "mse": 2207048417954852.2,
    "rmse": 46979233.901319124,
    "mape": 36.775366245317755
}