{
    "predictions": [
        38.803139359951025,
        49.58070288896561,
        51.238680015087134,
        61.89201472699643
    ],
    "actual": [
        44.12700000000001,
        34.026,
        49.126,
        120.7
    ],
    "mse": 933.283705698653,
    "rmse": 30.549692399411374,
    "mape": 27.700500366065267
}