{
    "predictions": [
        386.0944874457121,
        396.0130492072106,
        421.5790409680009,
        442.0473423571587
    ],
    "actual": [
        357.374,
        375.768,
        458.644,
        544.239
    ],
    "mse": 3262.918624089287,
    "rmse": 57.12196271215903,
    "mape": 10.070646321177806
}