{
    "predictions": [
        164.82038911804557,
        207.29865636467932,
        299.0326876571774,
        228.08771304905412
    ],
    "actual": [
        160.0,
        220.5,
        418.3,
        210.19999999999996
    ],
    "mse": 3685.5434241582257,
    "rmse": 60.708676679353054,
    "mape": 11.505496873635185
}