{
    "predictions": [
        82.23167454773186,
        49.742657923221586,
        55.571105754315845,
        70.78404424357413
    ],
    "actual": [
        117.75099999999998,
        78.352,
        158.02199999999996,
        176.486
    ],
    "mse": 5937.301529281007,
    "rmse": 77.0538871782664,
    "mape": 47.85112356312155
}