{
    "predictions": [
        5542.02374267578,
        5521.409267663955,
        5572.609252214431,
        5553.4708325862875
    ],
    "actual": [
        5232.0,
        5348.0,
        5336.0,
        5487.999999999999
    ],
    "mse": 46613.965821865386,
    "rmse": 215.90267673622157,
    "mape": 3.6988062859704103
}