{
    "predictions": [
        181226161.90218925,
        187872507.83234835,
        195422686.29157543,
        197764445.32340765
    ],
    "actual": [
        213271000.0,
        158882999.99999997,
        179390000.0,
        207239000.00000003
    ],
    "mse": 553519357280125.06,
    "rmse": 23526992.100141596,
    "mape": 11.69509142653575
}