{
    "predictions": [
        163.16046605539321,
        167.8473306365013,
        181.9560260773897,
        182.73585999071597
    ],
    "actual": [
        45.608,
        61.034,
        61.034,
        103.364
    ],
    "mse": 11537.424606603416,
    "rmse": 107.412404342345,
    "mape": 176.915660691194
}