{
    "predictions": [
        1094.2323985099792,
        1107.5809481143951,
        1110.9583857059479,
        1125.4999014139175
    ],
    "actual": [
        1197.0,
        1249.0,
        1215.0,
        1218.0
    ],
    "mse": 12485.3634738956,
    "rmse": 111.73792316798983,
    "mape": 9.01638339532893
}