{
    "predictions": [
        394.2507486343384,
        696.1506016254425,
        624.5781660079956,
        452.3127602338791
    ],
    "actual": [
        233.0,
        291.0,
        63.000000000000014,
        -179.0
    ],
    "mse": 226018.66292590392,
    "rmse": 475.4142014348161,
    "mape": 363.1289869800815
}