{
    "predictions": [
        246.99001414251327,
        276.230262722075,
        274.0721600471139,
        265.8760305706263
    ],
    "actual": [
        222.913,
        320.182,
        292.359,
        246.601
    ],
    "mse": 804.3482846818939,
    "rmse": 28.361034619383933,
    "mape": 9.649850125614885
}