{
    "predictions": [
        54.916329181194314,
        52.582495164871226,
        53.57113006711007,
        55.01333675980569
    ],
    "actual": [
        79.1,
        62.900000000000006,
        62.900000000000006,
        26.5
    ],
    "mse": 397.8347569245309,
    "rmse": 19.945795469836014,
    "mape": 42.3513345432783
}