{
    "predictions": [
        316.87177198386195,
        358.7179616203308,
        363.74683025360105,
        371.0980475306511
    ],
    "actual": [
        197.1,
        243.262,
        227.972,
        200.459
    ],
    "mse": 18806.961377597876,
    "rmse": 137.138475190582,
    "mape": 63.22760462763143
}