{
    "predictions": [
        1226.3435934484005,
        1415.964254438877,
        1459.829542040825,
        1330.5877429246902
    ],
    "actual": [
        2575.0,
        1349.0,
        1229.0,
        1243.0
    ],
    "mse": 471078.05112366163,
    "rmse": 686.3512592861338,
    "mape": 20.79184431149089
}