{
    "predictions": [
        73.13616876602174,
        77.67172803282739,
        45.10902566015721,
        38.41067691445351
    ],
    "actual": [
        47.5,
        47.5,
        34.4,
        13.8
    ],
    "mse": 571.9787425660928,
    "rmse": 23.916077073092335,
    "mape": 81.73985902692749
}