{
    "predictions": [
        -55.12891807430238,
        -85.51764284529538,
        12.556334633715451,
        66.81498395905645
    ],
    "actual": [
        162.41,
        140.932,
        241.711,
        220.298
    ],
    "mse": 43667.87962346457,
    "rmse": 208.96860918201224,
    "mape": 114.77505654551567
}