{
    "predictions": [
        276.4454400968552,
        275.3557835550308,
        271.68504409313203,
        307.76245435333254
    ],
    "actual": [
        304.1,
        246.2,
        243.4,
        273.3
    ],
    "mse": 900.6347193875962,
    "rmse": 30.01057679198446,
    "mape": 11.291694911704047
}