{
    "predictions": [
        1304.9247099012136,
        -549.4302463810891,
        -2192.6306259930134,
        -1260.9932151138783
    ],
    "actual": [
        5968.0,
        6304.0,
        6300.0,
        5347.0
    ],
    "mse": 46126031.64592165,
    "rmse": 6791.614804000713,
    "mape": 111.30926812144067
}