{
    "predictions": [
        1016925596.7555046,
        1018857159.4691277,
        1045888478.6257744,
        1073419846.5662003
    ],
    "actual": [
        1171576000.0,
        987897000.0,
        952616000.0,
        1073248000.0
    ],
    "mse": 8393765874569176.0,
    "rmse": 91617497.64411367,
    "mape": 6.535338526517948
}