{
    "predictions": [
        305.2972713470459,
        308.30624670982365,
        338.9102267026901,
        346.33998961448674
    ],
    "actual": [
        166.59999999999997,
        61.4,
        343.1,
        376.50000000000006
    ],
    "mse": 20281.702042546378,
    "rmse": 142.41384076888866,
    "mape": 123.65272006726904
}