{
    "predictions": [
        432.0816669464112,
        423.888032257557,
        417.1816717982293,
        409.6266053318978
    ],
    "actual": [
        459.0,
        401.0,
        364.0,
        527.0
    ],
    "mse": 4463.315666543889,
    "rmse": 66.80805091112813,
    "mape": 12.113660022239744
}