{
    "predictions": [
        252.9867550022006,
        266.17927662312985,
        281.4205627727509,
        288.268705065608
    ],
    "actual": [
        231.377,
        264.003,
        223.99,
        225.90499999999997
    ],
    "mse": 1914.8047352751346,
    "rmse": 43.758481866663686,
    "mape": 15.852480096859638
}