{
    "predictions": [
        364.65989151597023,
        459.24453270435333,
        981.279974758625,
        1279.143473625183
    ],
    "actual": [
        1052.0,
        942.0,
        998.0,
        983.0
    ],
    "mse": 198367.44553738442,
    "rmse": 445.3846040641553,
    "mape": 37.09657243349206
}