{
    "predictions": [
        225.13592869043353,
        57.5560230612755,
        -139.90012057125568,
        -198.76280853897333
    ],
    "actual": [
        313.00000000000006,
        55.999999999999986,
        116.0,
        715.0
    ],
    "mse": 227042.46455306886,
    "rmse": 476.48973184431674,
    "mape": 94.81318682627301
}