{
    "predictions": [
        2743.2752821425797,
        2465.890005775809,
        2021.670587311268,
        2523.384976360083
    ],
    "actual": [
        2596.0,
        2789.0,
        2763.0,
        2995.0
    ],
    "mse": 224520.02643450824,
    "rmse": 473.83544235790157,
    "mape": 14.958915158127637
}