{
    "predictions": [
        293.91924925994874,
        347.67393944573405,
        331.1828116927147,
        315.7142932608128
    ],
    "actual": [
        240.75300000000001,
        343.13000000000005,
        288.014,
        217.86500000000007
    ],
    "mse": 3571.331985164772,
    "rmse": 59.76062236259569,
    "mape": 20.827207809715066
}