{
    "predictions": [
        93.5611078977585,
        93.27901507616045,
        90.78911437988283,
        78.70012269616129
    ],
    "actual": [
        60.8,
        143.9,
        151.2,
        155.5
    ],
    "mse": 3295.8676401599314,
    "rmse": 57.4096476226769,
    "mape": 44.60114251057136
}