{
    "predictions": [
        17545380343.949726,
        38759183877.45544,
        -16629642726.598574,
        47433987561.865974
    ],
    "actual": [
        66742000.0,
        40388645574.68,
        -390000.0,
        46906988813.53
    ],
    "mse": 1.4624192942678634e+20,
    "rmse": 12093052940.708824,
    "mape": 1072526.1195385393
}