{
    "predictions": [
        150.2205984072685,
        147.95710025656223,
        143.21048862832785,
        140.7382786079645
    ],
    "actual": [
        -14.6,
        22.699999999999996,
        59.20000000000001,
        96.5
    ],
    "mse": 12967.489579444715,
    "rmse": 113.87488563965593,
    "mape": 467.1134965996746
}