{
    "predictions": [
        49.97804453253746,
        50.73411691665649,
        52.62600203740597,
        53.18043754458427
    ],
    "actual": [
        51.916,
        46.308,
        53.432,
        62.03199999999999
    ],
    "mse": 25.586493242902886,
    "rmse": 5.058309326534202,
    "mape": 7.267167020574301
}