{
    "predictions": [
        265.49289392232896,
        322.7746722877026,
        325.6899577558041,
        320.4027882397175
    ],
    "actual": [
        272.3,
        434.50000000000006,
        384.7,
        302.4
    ],
    "mse": 4083.792753909708,
    "rmse": 63.904559727062576,
    "mape": 12.37648346257026
}