{
    "predictions": [
        31.96558119475841,
        31.780543576419348,
        32.36011027872562,
        31.27906288641691
    ],
    "actual": [
        27.607,
        25.965,
        25.965,
        21.295
    ],
    "mse": 48.3491810793809,
    "rmse": 6.953357540022007,
    "mape": 27.424964111757482
}