{
    "predictions": [
        257223997.28795886,
        -53176876.50163473,
        110835853.51860523,
        555645077.3392618
    ],
    "actual": [
        889000000.0,
        764000000.0,
        799000000.0,
        835000000.0
    ],
    "mse": 4.0463200760225664e+17,
    "rmse": 636106915.2290806,
    "mape": 74.40252477720215
}