{
    "predictions": [
        129.9268929067254,
        134.04196689486506,
        133.65382656097412,
        132.8183795156479
    ],
    "actual": [
        128.589,
        133.119,
        131.913,
        142.489
    ],
    "mse": 24.798300746661603,
    "rmse": 4.979789227132168,
    "mape": 2.4600957310503775
}