{
    "predictions": [
        152.57272750270366,
        20.13257832720875,
        -98.3542601145394,
        -138.66895006755738
    ],
    "actual": [
        203.0,
        104.0,
        51.00000000000001,
        57.0
    ],
    "mse": 17542.42181611503,
    "rmse": 132.44780789471386,
    "mape": 185.40328068284796
}