{
    "predictions": [
        5124.465210676193,
        5151.399953424931,
        5074.4577587246895,
        5049.084295332432
    ],
    "actual": [
        3434.0,
        4220.0,
        3220.0,
        3578.0
    ],
    "mse": 2332070.271153596,
    "rmse": 1527.1117415413962,
    "mape": 42.501236527001254
}