{
    "predictions": [
        7611.343786895275,
        4985.6394355893135,
        4069.7014681100845,
        3385.074215218425
    ],
    "actual": [
        12159.0,
        11334.000000000002,
        9655.0,
        12075.0
    ],
    "mse": 41923307.180924535,
    "rmse": 6474.821015358227,
    "mape": 55.8070606575507
}