{
    "predictions": [
        94.1862682454586,
        88.219557718575,
        83.53802507805824,
        80.63871073502303
    ],
    "actual": [
        85.818,
        59.386,
        76.834,
        79.578
    ],
    "mse": 236.8677559122434,
    "rmse": 15.39050863071924,
    "mape": 17.09055579499818
}