{
    "predictions": [
        984.9742864770889,
        998.4523861436843,
        1049.4460966548918,
        1033.7021239089966
    ],
    "actual": [
        792.0,
        830.0,
        965.0,
        853.0
    ],
    "mse": 26349.920616078038,
    "rmse": 162.3265862885006,
    "mape": 18.64902613293305
}