{
    "predictions": [
        1955.9399060606956,
        2560.1057567596436,
        2476.679853796959,
        2631.9823563098907
    ],
    "actual": [
        1229.0000000000002,
        2886.9999999999995,
        2040.0,
        2351.9999999999995
    ],
    "mse": 226095.22196104747,
    "rmse": 475.49471286340025,
    "mape": 25.945438569341416
}