{
    "predictions": [
        173.30138039588928,
        174.94137704372406,
        175.8897619843483,
        180.12139463424683
    ],
    "actual": [
        141.00000000000003,
        180.0,
        218.0,
        194.0
    ],
    "mse": 758.7141685817128,
    "rmse": 27.544766627831734,
    "mape": 13.047417436005324
}