{
    "predictions": [
        268.37482550239565,
        246.21405383753776,
        224.36422188067436,
        229.34142368197442
    ],
    "actual": [
        275.88,
        275.969,
        197.855,
        226.248
    ],
    "mse": 413.49814504138544,
    "rmse": 20.334653796939484,
    "mape": 7.067004126371833
}