{
    "predictions": [
        575.5853110551834,
        609.8463714122772,
        688.242257833481,
        635.0947213172913
    ],
    "actual": [
        654.0000000000001,
        693.0,
        838.0,
        550.0
    ],
    "mse": 10682.970581124591,
    "rmse": 103.3584567470151,
    "mape": 14.332928500955688
}