{
    "predictions": [
        4976.674719917774,
        5128.921542322636,
        4801.734347146749,
        3764.593850922585
    ],
    "actual": [
        4478.0,
        3748.0,
        2936.9999999999995,
        2273.0
    ],
    "mse": 1964426.79596867,
    "rmse": 1401.5801068681983,
    "mape": 44.273427075441134
}