{
    "predictions": [
        547.001976441145,
        588.952027219534,
        628.5596128952503,
        673.948741221428
    ],
    "actual": [
        778.3900000000001,
        788.755,
        788.755,
        570.816
    ],
    "mse": 32440.142434967893,
    "rmse": 180.11147224696126,
    "mape": 23.358857253625338
}