{
    "predictions": [
        1536586245.3460693,
        1797390103.6262512,
        1944836747.932434,
        1674926617.8488731
    ],
    "actual": [
        1473400000.0,
        1740800000.0,
        1733300000.0,
        1134000000.0
    ],
    "mse": 8.613608576315363e+16,
    "rmse": 293489498.55685407,
    "mape": 16.861078279480804
}