{
    "predictions": [
        1160.9250904182793,
        825.7266770441236,
        565.6849711702466,
        386.60469180835787
    ],
    "actual": [
        1921.9999999999998,
        1728.0000000000002,
        1655.0,
        2020.0
    ],
    "mse": 1311979.908042375,
    "rmse": 1145.4169145085884,
    "mape": 59.623438666855186
}