{
    "predictions": [
        26.498553112149235,
        -38.318610683083534,
        -21.94026107490063,
        -98.98382079899311
    ],
    "actual": [
        150.49999999999997,
        135.99999999999997,
        -16.30000000000002,
        -97.19999999999999
    ],
    "mse": 11449.582855599214,
    "rmse": 107.00272358963211,
    "mape": 61.751618065181624
}