{
    "predictions": [
        461.61475239562986,
        497.9329453916549,
        494.3478510451317,
        473.53283687543865
    ],
    "actual": [
        422.27599999999995,
        567.838,
        567.838,
        387.18499999999995
    ],
    "mse": 4822.75125657912,
    "rmse": 69.4460312514626,
    "mape": 14.217541216430659
}