{
    "predictions": [
        97.07299893522263,
        94.43555334475637,
        92.3684474195838,
        91.51376643043757
    ],
    "actual": [
        105.407,
        105.407,
        102.1,
        118.996
    ],
    "mse": 259.95112326348897,
    "rmse": 16.122999822101622,
    "mape": 12.73540780873666
}