{
    "predictions": [
        74.973519600302,
        79.27630682663622,
        79.20865373191239,
        77.19976385213437
    ],
    "actual": [
        302.625,
        513.801,
        452.634,
        397.033
    ],
    "mse": 120594.17342145942,
    "rmse": 347.26671798699545,
    "mape": 80.71314059484097
}