{
    "predictions": [
        412.4622385329902,
        387.34344260403515,
        397.01692392092946,
        410.33607106804845
    ],
    "actual": [
        919.9559999999999,
        471.33200000000005,
        501.259,
        418.617
    ],
    "mse": 68884.74497766004,
    "rmse": 262.4590348562229,
    "mape": 23.93965572401108
}