{
    "predictions": [
        382.82356393337255,
        400.0310447692871,
        392.809431552887,
        396.4285203456879
    ],
    "actual": [
        512.5,
        523.9,
        391.7,
        447.49999999999994
    ],
    "mse": 8692.255753335452,
    "rmse": 93.23226776891921,
    "mape": 15.160550283764044
}