{
    "predictions": [
        25.41368969362974,
        19.666260390043256,
        14.613085094690321,
        14.127326047122477
    ],
    "actual": [
        38.624,
        38.624,
        38.624,
        51.278
    ],
    "mse": 622.6511998131376,
    "rmse": 24.952979778237662,
    "mape": 54.47511538889296
}