{
    "predictions": [
        105.71877911996842,
        149.5908206624985,
        142.46368627977373,
        77.62863372159005
    ],
    "actual": [
        126.23199999999999,
        150.622,
        149.655,
        100.768
    ],
    "mse": 252.25020662204588,
    "rmse": 15.882386679024217,
    "mape": 11.175824567280996
}