{
    "predictions": [
        397.25412642955786,
        545.8028911352158,
        633.3510233163834,
        494.6078764200211
    ],
    "actual": [
        424.0000000000001,
        446.00000000000006,
        513.0,
        495.00000000000006
    ],
    "mse": 6290.120351549106,
    "rmse": 79.31027897787969,
    "mape": 13.056193562163672
}