{
    "predictions": [
        777.7993369224074,
        808.3528351500037,
        768.9166689155104,
        780.7582935626509
    ],
    "actual": [
        677.9999999999999,
        470.0,
        722.0,
        709.0000000000001
    ],
    "mse": 32948.24380533724,
    "rmse": 181.51651110942288,
    "mape": 25.8322104119155
}