{
    "predictions": [
        692.0843813240532,
        684.5415770947938,
        747.076543349028,
        743.770500081778
    ],
    "actual": [
        853.4999999999998,
        788.1999999999998,
        905.8999999999999,
        943.1999999999999
    ],
    "mse": 25449.271602982088,
    "rmse": 159.52827838029873,
    "mape": 17.684881556193144
}