{
    "predictions": [
        377.7701842188835,
        354.3812832117081,
        367.3832102239132,
        383.35610062479975
    ],
    "actual": [
        392.90000000000003,
        448.80000000000007,
        423.50000000000006,
        481.90000000000003
    ],
    "mse": 5500.9499010903355,
    "rmse": 74.1683888263075,
    "mape": 14.647149240494153
}