{
    "predictions": [
        444.22341734170914,
        445.9589476585388,
        455.2320122718811,
        437.73163825273514
    ],
    "actual": [
        394.0,
        467.0,
        485.99999999999994,
        488.00000000000006
    ],
    "mse": 1609.6736986767894,
    "rmse": 40.120739009604364,
    "mape": 8.471098592993936
}