{
    "predictions": [
        1026.9413262009623,
        1039.0198498368266,
        1033.9373275041582,
        1060.2508887052538
    ],
    "actual": [
        1166.0,
        928.0,
        1236.0,
        1193.0
    ],
    "mse": 22528.59299556135,
    "rmse": 150.09527972445153,
    "mape": 12.841230943792837
}