{
    "predictions": [
        138.79431664943698,
        131.5756858766079,
        133.10852920413018,
        132.09441080689433
    ],
    "actual": [
        110.00000000000001,
        11.7,
        184.8,
        129.5
    ],
    "mse": 4469.507964042603,
    "rmse": 66.85437879482991,
    "mape": 270.18253609996196
}