{
    "predictions": [
        100.02996547347307,
        97.9527144588232,
        97.63572116291522,
        100.13579656505584
    ],
    "actual": [
        101.068,
        113.866,
        121.888,
        167.167
    ],
    "mse": 1333.9163587804674,
    "rmse": 36.52281969920268,
    "mape": 18.749511331225133
}