{
    "predictions": [
        248.72516793346406,
        241.4594366092682,
        243.5192619147301,
        207.57399234747888
    ],
    "actual": [
        201.803,
        223.209,
        229.991,
        230.374
    ],
    "mse": 809.4056248484196,
    "rmse": 28.4500549181969,
    "mape": 11.801724459576196
}