{
    "predictions": [
        2897.818512659073,
        2763.3164476866723,
        2434.18230852747,
        2485.5237944259648
    ],
    "actual": [
        3407.0,
        3180.0,
        3081.0,
        2910.0
    ],
    "mse": 257861.036229889,
    "rmse": 507.80019321568693,
    "mape": 15.907245612858667
}