{
    "predictions": [
        80.24801936894654,
        81.565933907032,
        83.4927540808916,
        75.4295298397541
    ],
    "actual": [
        89.8,
        103.0,
        77.7,
        48.8
    ],
    "mse": 323.33684564544524,
    "rmse": 17.981569610171555,
    "mape": 23.36767825724803
}