{
    "predictions": [
        990.1645625793934,
        1028.166049541831,
        1030.3024526891709,
        1069.0474334373473
    ],
    "actual": [
        907.0000000000001,
        947.0000000000001,
        1233.0,
        1211.0000000000002
    ],
    "mse": 18685.274726699747,
    "rmse": 136.6940917768568,
    "mape": 11.47534011433506
}