{
    "predictions": [
        438.58244489276416,
        425.2234090480805,
        412.0470361092985,
        411.7705832501054
    ],
    "actual": [
        603.172,
        479.025,
        447.51,
        745.186
    ],
    "mse": 35601.94869344366,
    "rmse": 188.68478659776378,
    "mape": 22.796474093394046
}