{
    "predictions": [
        537.2813902892767,
        432.1414694731234,
        106.00833622795328,
        224.6247900193332
    ],
    "actual": [
        671.283,
        492.2390000000001,
        609.4219999999999,
        991.2430000000004
    ],
    "mse": 215674.23533171287,
    "rmse": 464.4074023222637,
    "mape": 48.02880251906505
}