{
    "predictions": [
        211.25258230960367,
        221.54658893334863,
        249.85671772623058,
        249.99879367732999
    ],
    "actual": [
        150.387,
        220.15,
        235.60000000000002,
        196.269
    ],
    "mse": 1699.178574867439,
    "rmse": 41.221093809692135,
    "mape": 18.63346073938967
}