{
    "predictions": [
        231.56257104873657,
        390.14173996448517,
        408.7578160762787,
        65.52627485990524
    ],
    "actual": [
        117.00000000000004,
        754.0,
        1071.0,
        568.0
    ],
    "mse": 209140.49267639813,
    "rmse": 457.3188085749351,
    "mape": 74.11786979049893
}