{
    "predictions": [
        367.2577760658265,
        363.34112681007394,
        382.4284682140351,
        430.5319464263917
    ],
    "actual": [
        695.046,
        571.374,
        548.051,
        558.509
    ],
    "mse": 48632.93633853774,
    "rmse": 220.52876533127767,
    "mape": 34.1760532284353
}