{
    "predictions": [
        1224.8764251239627,
        1067.968742698595,
        1061.5076128505707,
        1165.8506809005917
    ],
    "actual": [
        1547.0000000000002,
        1665.0,
        1710.0,
        2762.0
    ],
    "mse": 857111.2361845211,
    "rmse": 925.8030223457478,
    "mape": 38.09833819676771
}