{
    "predictions": [
        109.50348896110057,
        108.86661474728584,
        116.84217335307598,
        126.3230641874075
    ],
    "actual": [
        112.65400000000001,
        117.82999999999998,
        102.948,
        73.743
    ],
    "mse": 761.9947995280052,
    "rmse": 27.60425328691224,
    "mape": 23.800436691022337
}