{
    "predictions": [
        2899.329280436039,
        2739.0032057762146,
        2669.254544556141,
        2461.214099407196
    ],
    "actual": [
        2429.0,
        2977.0,
        2286.0,
        2441.0
    ],
    "mse": 106286.19045851499,
    "rmse": 326.0156291629513,
    "mape": 11.237749629227837
}