{
    "predictions": [
        19.86748803544044,
        24.912395875692365,
        22.55393448394537,
        18.475597112536427
    ],
    "actual": [
        15.176999999999992,
        15.43299999999999,
        14.449999999999996,
        14.099999999999998
    ],
    "mse": 49.16980709750493,
    "rmse": 7.012118588380043,
    "mape": 44.86083295488
}