{
    "predictions": [
        176.66407927811147,
        189.92489312160015,
        194.9157226637602,
        196.58943055725098
    ],
    "actual": [
        202.181,
        198.02000000000004,
        203.71300000000002,
        183.063
    ],
    "mse": 244.25010266267856,
    "rmse": 15.628502892557513,
    "mape": 7.10406745126735
}