{
    "predictions": [
        -20.36439798212058,
        115.20623725897067,
        161.97359438407415,
        55.4977964960336
    ],
    "actual": [
        121.99999999999999,
        240.99999999999997,
        70.0,
        171.99999999999994
    ],
    "mse": 14530.899510640944,
    "rmse": 120.54418074150632,
    "mape": 92.00334997758976
}