{
    "predictions": [
        133.48873355114463,
        203.8780204070211,
        173.90318353497986,
        197.22186833363776
    ],
    "actual": [
        134.954,
        137.909,
        119.648,
        147.967
    ],
    "mse": 2430.931413551612,
    "rmse": 49.30447660762268,
    "mape": 31.888584897481543
}