{
    "predictions": [
        286.12141088247296,
        288.021477407217,
        192.84642670750617,
        180.92868593335152
    ],
    "actual": [
        198.5,
        115.4,
        102.40000000000002,
        194.5
    ],
    "mse": 11460.105694234342,
    "rmse": 107.05188318864056,
    "mape": 72.2578080905327
}