{
    "predictions": [
        5351.758813765645,
        5209.268791024982,
        5290.085869179666,
        5287.877957828343
    ],
    "actual": [
        54.5,
        43.1,
        100.6,
        19.8
    ],
    "mse": 27358414.96838765,
    "rmse": 5230.5272170583,
    "mape": 13367.80011229675
}