{
    "predictions": [
        171.30862188375,
        178.55203840333226,
        182.22571593064072,
        175.42842050248387
    ],
    "actual": [
        185.11300000000003,
        244.01599999999996,
        194.726,
        194.676
    ],
    "mse": 1250.7043853585667,
    "rmse": 35.365299169646036,
    "mape": 12.647851918768115
}