{
    "predictions": [
        418.83014333450797,
        446.7020648368597,
        445.38603105020525,
        507.5679200786352
    ],
    "actual": [
        379.1,
        502.5,
        499.6,
        608.1
    ],
    "mse": 4434.436845113888,
    "rmse": 66.59156737240751,
    "mape": 12.241956587253645
}