{
    "predictions": [
        60.30500329372287,
        51.1089586802721,
        53.038322747051716,
        55.310898294478655
    ],
    "actual": [
        63.131,
        54.948,
        70.46,
        60.071
    ],
    "mse": 87.22447554781749,
    "rmse": 9.339404453594323,
    "mape": 11.028208831732075
}