{
    "predictions": [
        1238.3696594834328,
        1297.436166882515,
        1296.202700972557,
        1461.9955378770828
    ],
    "actual": [
        1247.0,
        1373.0,
        1399.0,
        1663.0
    ],
    "mse": 14188.61353337495,
    "rmse": 119.11596674407235,
    "mape": 6.4076041170089955
}