{
    "predictions": [
        151.9332433729172,
        161.5018657617569,
        158.59191324543954,
        154.57279775738718
    ],
    "actual": [
        129.802,
        103.27999999999999,
        128.094,
        139.526
    ],
    "mse": 1259.0266052723505,
    "rmse": 35.482764904561066,
    "mape": 27.00401837881925
}