{
    "predictions": [
        85.07430499067902,
        80.78120513311029,
        108.06142823892831,
        109.86515780992806
    ],
    "actual": [
        238.311,
        124.635,
        210.038,
        875.1149999999999
    ],
    "mse": 155352.79554541945,
    "rmse": 394.14818982892643,
    "mape": 58.87100982561775
}