{
    "predictions": [
        2572.5796042680745,
        2590.7939664125447,
        2534.9944750666623,
        2604.636498987675
    ],
    "actual": [
        -3542.0,
        2984.0,
        3763.9999999999995,
        3103.0
    ],
    "mse": 9825378.870309656,
    "rmse": 3134.546038951997,
    "mape": 58.630033154386055
}