{
    "predictions": [
        940.7437953948976,
        972.5803184509278,
        1002.1459484100344,
        1028.2406110763552
    ],
    "actual": [
        1032.4,
        992.1,
        975.7,
        1220.0
    ],
    "mse": 11563.232309516367,
    "rmse": 107.53247095420232,
    "mape": 7.3184818221587395
}