{
    "predictions": [
        -1230333.3630561838,
        -12605853.514634073,
        -14752034.02686119,
        -12267549.919415265
    ],
    "actual": [
        5374999.999999999,
        33484000.000000004,
        33484000.000000004,
        24786999.999999996
    ],
    "mse": 1466914918552119.5,
    "rmse": 38300325.306087404,
    "mape": 138.52153809233647
}