{
    "predictions": [
        5419.595888614654,
        5581.428399920463,
        5642.025133371352,
        5603.077732682227
    ],
    "actual": [
        6731.999999999999,
        7335.000000000001,
        6795.0,
        10904.999999999998
    ],
    "mse": 8559287.169986008,
    "rmse": 2925.6259449878426,
    "mape": 27.247273174894303
}