{
    "predictions": [
        40.97655819094181,
        42.54866230845451,
        44.02726701164245,
        43.47105453562736
    ],
    "actual": [
        29.555,
        38.515,
        25.568,
        29.74
    ],
    "mse": 169.00220509880012,
    "rmse": 13.000084811215661,
    "mape": 41.871285780438306
}