{
    "predictions": [
        547.7902549147606,
        585.5478544473648,
        597.9015258789062,
        594.4961575508117
    ],
    "actual": [
        433.481,
        507.32400000000007,
        431.447,
        426.77699999999993
    ],
    "mse": 18755.600539723928,
    "rmse": 136.95108812902484,
    "mape": 29.917132328207064
}