{
    "predictions": [
        270294495.95235586,
        282292475.8147001,
        296408143.4715092,
        316819929.48973775
    ],
    "actual": [
        464999999.99999994,
        171000000.0,
        171000000.0,
        214000000.0
    ],
    "mse": 1.9148847207164508e+16,
    "rmse": 138379359.7584716,
    "mape": 57.085065554648594
}