{
    "predictions": [
        1100.5591751337051,
        1032.524976491928,
        1008.0551340579987,
        978.5037254095078
    ],
    "actual": [
        1164.0,
        1305.0,
        1257.0,
        1207.0
    ],
    "mse": 48112.86761901373,
    "rmse": 219.34645567916917,
    "mape": 16.26629092447099
}