{
    "predictions": [
        9.413048392534252,
        225.68609356880188,
        366.05815231800074,
        117.85065295696258
    ],
    "actual": [
        165.9,
        279.79999999999995,
        357.7,
        102.89999999999999
    ],
    "mse": 6927.4654066630565,
    "rmse": 83.23139676025542,
    "mape": 32.633055284929426
}