{
    "predictions": [
        150.05922602653501,
        152.54339479541778,
        175.23071235942837,
        176.6978502721786
    ],
    "actual": [
        157.957,
        171.01,
        169.61700000000002,
        167.826
    ],
    "mse": 128.40345880604949,
    "rmse": 11.331524999136237,
    "mape": 6.098620815894662
}