{
    "predictions": [
        179.51653367304803,
        190.29445974373817,
        184.34653658002614,
        208.03563325625657
    ],
    "actual": [
        223.715,
        251.984,
        266.756,
        264.831
    ],
    "mse": 3944.0342868519947,
    "rmse": 62.80154685079019,
    "mape": 24.144303958829365
}