{
    "predictions": [
        232.71740150451657,
        227.71020412445066,
        237.36683034896848,
        247.57822561264035
    ],
    "actual": [
        285.0,
        320.0,
        152.0,
        180.0
    ],
    "mse": 5776.297207243244,
    "rmse": 76.00195528565857,
    "mape": 35.222794918550385
}