{
    "predictions": [
        136.41745339995623,
        137.89566721057892,
        138.26494233626127,
        136.54453154432773
    ],
    "actual": [
        137.436,
        174.419,
        132.057,
        106.586
    ],
    "mse": 567.7608588915218,
    "rmse": 23.82773297843338,
    "mape": 13.622359742971213
}