{
    "predictions": [
        31.913817920088768,
        54.39879818743467,
        78.03370589917898,
        73.24346671366692
    ],
    "actual": [
        27.146,
        98.887,
        90.352,
        35.781
    ],
    "mse": 889.2772425153961,
    "rmse": 29.820751877097198,
    "mape": 45.221384743129775
}