{
    "predictions": [
        185.5043735557794,
        316.7629384578466,
        353.6156865849494,
        229.4773852681517
    ],
    "actual": [
        24.372,
        339.551,
        310.664,
        144.988
    ],
    "mse": 8866.560290012525,
    "rmse": 94.16241442323219,
    "mape": 184.98690728024886
}