{
    "predictions": [
        396.19471604824065,
        491.3930385351181,
        542.5698876142501,
        635.4751722097396
    ],
    "actual": [
        317.5,
        344.9,
        320.4,
        301.0
    ],
    "mse": 47221.542115107084,
    "rmse": 217.30518197941595,
    "mape": 61.93063293608596
}