{
    "predictions": [
        2245.724387526512,
        2291.179159641266,
        2325.935539960861,
        2295.514362215996
    ],
    "actual": [
        2382.0,
        2533.0,
        2478.0,
        2306.0
    ],
    "mse": 25070.4774983902,
    "rmse": 158.3365955753445,
    "mape": 5.464791376587364
}