{
    "predictions": [
        232.55750109225508,
        212.6128166118264,
        176.99578003585336,
        143.12717448323963
    ],
    "actual": [
        225.795,
        224.576,
        216.319,
        191.388
    ],
    "mse": 1016.0680214274184,
    "rmse": 31.875821894147585,
    "mape": 12.929138420946328
}