{
    "predictions": [
        -46.53366504144669,
        -52.646425898671154,
        -83.08664642333984,
        -102.38673075389862
    ],
    "actual": [
        7.106,
        7.106,
        7.106,
        74.248
    ],
    "mse": 11445.52691097066,
    "rmse": 106.98376938101714,
    "mape": 775.7169668388793
}