{
    "predictions": [
        368.79726729345316,
        356.2678812513351,
        355.3503594932556,
        354.81271274924273
    ],
    "actual": [
        324.36,
        322.88,
        349.04400000000004,
        303.809
    ],
    "mse": 1432.6425558071232,
    "rmse": 37.85026493707968,
    "mape": 10.65886692393724
}