{
    "predictions": [
        125.5356457233429,
        169.3042061328888,
        232.48011362552643,
        290.78825694322586
    ],
    "actual": [
        52.0,
        139.0,
        118.0,
        72.00000000000001
    ],
    "mse": 16824.95847331552,
    "rmse": 129.71105763702462,
    "mape": 141.0264787483148
}