{
    "predictions": [
        81.43177421092987,
        90.5028623342514,
        97.51671854853629,
        103.54698699116706
    ],
    "actual": [
        83.9,
        102.8,
        83.5,
        39.9
    ],
    "mse": 1101.1797713097185,
    "rmse": 33.18402885892125,
    "mape": 47.80170245803953
}