{
    "predictions": [
        45.65709328651427,
        34.57433208227157,
        9.71612575054168,
        -19.105694374442105
    ],
    "actual": [
        95.5,
        107.99999999999999,
        44.800000000000004,
        66.7
    ],
    "mse": 4117.284869561436,
    "rmse": 64.16607257391897,
    "mape": 81.78367341666285
}