{
    "predictions": [
        2440.108621172607,
        3442.3400529026985,
        3055.374676287174,
        5440.577974557877
    ],
    "actual": [
        2637.0,
        3801.0,
        3583.9999999999995,
        5193.0
    ],
    "mse": 127035.68976626526,
    "rmse": 356.42066405620375,
    "mape": 9.104887793904396
}