{
    "predictions": [
        132932095.42250633,
        138760953.41074467,
        152453339.38097954,
        152444094.6494341
    ],
    "actual": [
        120400000.0,
        128300000.0,
        127400000.0,
        125900000.0
    ],
    "mse": 399685934209307.56,
    "rmse": 19992146.8134192,
    "mape": 14.827700861971463
}