{
    "predictions": [
        253.59563856601716,
        255.27715512752533,
        253.30211205482482,
        252.42627216100692
    ],
    "actual": [
        204.69999999999996,
        227.5,
        217.00000000000003,
        224.90000000000003
    ],
    "mse": 1309.4732041200184,
    "rmse": 36.186644001896866,
    "mape": 16.26616192506079
}