{
    "predictions": [
        568.5487174654007,
        546.0334106348157,
        547.5887183914781,
        566.6853505546451
    ],
    "actual": [
        450.0,
        476.0,
        508.0,
        417.0
    ],
    "mse": 10732.861953095718,
    "rmse": 103.59952679957432,
    "mape": 21.186470787799042
}