{
    "predictions": [
        109.35905587673186,
        94.12205743789671,
        236.25615620613095,
        50.24357974529265
    ],
    "actual": [
        32.999999999999986,
        358.0,
        329.0,
        228.99999999999994
    ],
    "mse": 29004.388082283407,
    "rmse": 170.30674702513522,
    "mape": 102.83729781394398
}