{
    "predictions": [
        264.7650592327118,
        279.21952271461487,
        276.8437157869339,
        272.3219413757324
    ],
    "actual": [
        348.0,
        294.0,
        341.0,
        311.0
    ],
    "mse": 3189.634724071939,
    "rmse": 56.476851223062525,
    "mape": 15.04907351144438
}