{
    "predictions": [
        1563.318437576294,
        1348.4265880584717,
        1568.604160308838,
        1885.008134841919
    ],
    "actual": [
        2090.0,
        859.0,
        138.0,
        3077.0
    ],
    "mse": 996101.1808479073,
    "rmse": 998.0486866119845,
    "mape": 289.3962108006163
}