{
    "predictions": [
        3267.988475739956,
        254.88858110457656,
        616.3393443524837,
        775.5957861542701
    ],
    "actual": [
        3303.0,
        280.0,
        481.00000000000006,
        795.9999999999999
    ],
    "mse": 5147.36506559388,
    "rmse": 71.74513966530333,
    "mape": 10.182194204742713
}