{
    "predictions": [
        504.40054820489877,
        503.9435098196268,
        505.5218545339107,
        519.6213487298488
    ],
    "actual": [
        471.368,
        461.20500000000004,
        397.991,
        559.039
    ],
    "mse": 4008.5913427399023,
    "rmse": 63.31343729999109,
    "mape": 12.58597252324635
}