{
    "predictions": [
        408.6905312364101,
        408.63729660439486,
        385.0654761203527,
        376.2087396042346
    ],
    "actual": [
        328.083,
        369.821,
        299.635,
        377.0
    ],
    "mse": 3825.817829318309,
    "rmse": 61.85319578904803,
    "mape": 15.94665403801804
}