{
    "predictions": [
        178.0197592973709,
        181.119766998291,
        188.39588401317596,
        189.6439400076866
    ],
    "actual": [
        186.1,
        193.2,
        193.79999999999998,
        199.5
    ],
    "mse": 84.39217683978259,
    "rmse": 9.18652147658637,
    "mape": 4.580868042396155
}