{
    "predictions": [
        996.5146385965944,
        1018.20742209965,
        1020.3092424699664,
        1031.8316065482497
    ],
    "actual": [
        1240.0,
        1179.0,
        1078.0,
        1056.0
    ],
    "mse": 22262.92726800372,
    "rmse": 149.20766491036485,
    "mape": 10.22857111264101
}