{
    "predictions": [
        415.61999639374017,
        421.6639683426023,
        419.1495238944888,
        413.21720486408475
    ],
    "actual": [
        377.365,
        390.368,
        412.09,
        412.543
    ],
    "mse": 623.293453350463,
    "rmse": 24.965845736735275,
    "mape": 5.007742665483855
}