{
    "predictions": [
        703012127.7198792,
        700566291.5000916,
        709173709.0244293,
        721561963.6039734
    ],
    "actual": [
        453000000.0,
        534000000.0,
        511000000.0,
        471000000.0
    ],
    "mse": 4.8076127506173176e+16,
    "rmse": 219262690.63881612,
    "mape": 44.59048036852269
}