{
    "predictions": [
        222151187.1928802,
        230502163.55888572,
        251412678.86663187,
        452686276.2442279
    ],
    "actual": [
        176900000.0,
        226200000.0,
        285000000.0,
        458900000.0
    ],
    "mse": 808224264370383.6,
    "rmse": 28429285.329926666,
    "mape": 10.155273998634012
}