{
    "predictions": [
        8616.869201600552,
        8608.806996822357,
        8627.727448642254,
        8440.995960712433
    ],
    "actual": [
        5684.0,
        7800.0,
        5377.0,
        5268.0
    ],
    "mse": 7472755.705964862,
    "rmse": 2733.6341573013865,
    "mape": 45.663917420879194
}