{
    "predictions": [
        219531714.9758338,
        252083190.9775733,
        286096103.966236,
        264451257.34806052
    ],
    "actual": [
        132000000.00000007,
        396000000.0,
        396000000.0,
        246000000.00000003
    ],
    "mse": 1.019829107673325e+16,
    "rmse": 100986588.59835424,
    "mape": 34.4771385105681
}