{
    "predictions": [
        601.4203869104385,
        635.181452691555,
        621.5872454047203,
        554.9881643652916
    ],
    "actual": [
        522.0,
        621.0,
        572.0,
        626.0
    ],
    "mse": 3502.571791121342,
    "rmse": 59.18252944173088,
    "mape": 9.37778096068964
}