{
    "predictions": [
        39.82436918020248,
        45.26708637475967,
        49.40588765144348,
        53.40287824869156
    ],
    "actual": [
        72.7,
        44.3,
        55.4,
        51.7
    ],
    "mse": 280.14288375821275,
    "rmse": 16.737469455034496,
    "mape": 15.379363801753124
}