{
    "predictions": [
        75.39165432453156,
        81.78430454730987,
        95.72561976909637,
        104.73369064331055
    ],
    "actual": [
        86.8,
        93.2,
        79.7,
        98.5
    ],
    "mse": 139.03696043492482,
    "rmse": 11.791393489953798,
    "mape": 12.956975791199154
}