{
    "predictions": [
        265.73833857703215,
        262.9014839115144,
        272.7109152400494,
        269.3212807149888
    ],
    "actual": [
        172.83300000000008,
        205.719,
        204.58699999999993,
        235.15799999999996
    ],
    "mse": 4427.308994812035,
    "rmse": 66.53802668258231,
    "mape": 32.34421558445187
}