{
    "predictions": [
        123.86633731305601,
        119.5548611444235,
        115.9378177920282,
        109.93869910100103
    ],
    "actual": [
        147.245,
        162.434,
        183.06799999999998,
        190.532
    ],
    "mse": 3346.73098277445,
    "rmse": 57.85093761361565,
    "mape": 30.31097425097847
}