{
    "predictions": [
        458.3669214248658,
        464.27052712440496,
        458.7835423946381,
        433.61535692214966
    ],
    "actual": [
        291.0,
        298.0,
        340.0,
        357.99999999999994
    ],
    "mse": 18871.196680936893,
    "rmse": 137.3724742477069,
    "mape": 42.341957241492295
}