{
    "predictions": [
        40.01302855074406,
        81.21436401951314,
        103.76683406066896,
        146.39095947217942
    ],
    "actual": [
        78.58699999999999,
        107.47800000000001,
        97.50400000000002,
        112.13599999999998
    ],
    "mse": 847.5887967989167,
    "rmse": 29.113378313052518,
    "mape": 27.62288892346712
}