{
    "predictions": [
        309.0768425159455,
        299.4659695658684,
        341.2908834075928,
        298.2915274562836
    ],
    "actual": [
        269.817,
        314.513,
        315.803,
        322.391
    ],
    "mse": 749.541284186727,
    "rmse": 27.377751627676204,
    "mape": 8.720206159363709
}