{
    "predictions": [
        1234.6719258041383,
        1201.3608898277282,
        1223.8672586755754,
        1201.386380249977
    ],
    "actual": [
        881.252,
        1128.88,
        1292.244,
        1406.863
    ],
    "mse": 44263.78584091618,
    "rmse": 210.38960487846393,
    "mape": 16.605380455322152
}