{
    "predictions": [
        1622.8596497118472,
        1616.868140733242,
        1627.838065600395,
        1583.673171186447
    ],
    "actual": [
        1669.0,
        1778.0,
        1577.0,
        1603.0
    ],
    "mse": 7762.610805363557,
    "rmse": 88.10567975654894,
    "mape": 4.0641177915601325
}