{
    "predictions": [
        72.88098416477442,
        74.92240396583081,
        75.07960722213984,
        76.0254699394703
    ],
    "actual": [
        68.745,
        96.38100000000001,
        70.195,
        67.013
    ],
    "mse": 145.66542772334085,
    "rmse": 12.06919333358037,
    "mape": 12.172055221603415
}