{
    "predictions": [
        47.58298446536064,
        56.27626157999039,
        63.36710886955261,
        64.21207305192948
    ],
    "actual": [
        50.70000000000001,
        75.7,
        77.69999999999999,
        39.599999999999994
    ],
    "mse": 299.5458270307279,
    "rmse": 17.30739226546645,
    "mape": 28.101236005288964
}