{
    "predictions": [
        286.4436562378406,
        234.79797766959666,
        212.46446483039855,
        204.41283529496192
    ],
    "actual": [
        265.958,
        247.20900000000006,
        233.82799999999997,
        133.69
    ],
    "mse": 1507.9539134704646,
    "rmse": 38.832382279103925,
    "mape": 18.69002422841685
}