{
    "predictions": [
        181.45142247462275,
        182.39551226305963,
        163.06711187839508,
        153.3888693380356
    ],
    "actual": [
        182.86399999999998,
        178.727,
        186.228,
        176.631
    ],
    "mse": 273.0191834446865,
    "rmse": 16.52329214910535,
    "mape": 7.105119452415151
}