{
    "predictions": [
        -24.9293025970459,
        -24.894813231378794,
        -19.231492990255354,
        -3.891514179110526
    ],
    "actual": [
        13.3,
        24.6,
        58.099999999999994,
        52.99999999999999
    ],
    "mse": 3282.005076889854,
    "rmse": 57.28878665925692,
    "mape": 182.26998728689395
}