{
    "predictions": [
        357.04935264587397,
        389.6276063919067,
        416.29689645767206,
        410.01877498626703
    ],
    "actual": [
        230.99999999999994,
        354.0,
        354.0,
        282.0
    ],
    "mse": 9356.868924225731,
    "rmse": 96.7309098697295,
    "mape": 31.906459246577896
}