{
    "predictions": [
        19.745326147317886,
        22.160178445398806,
        15.713848349809647,
        12.465284193217753
    ],
    "actual": [
        18.795,
        18.795,
        18.795,
        6.737
    ],
    "mse": 13.633570261347971,
    "rmse": 3.6923664852433014,
    "mape": 31.095402111078563
}