{
    "predictions": [
        149.0905878067017,
        148.65211261510854,
        142.82010598182683,
        105.3554839611054
    ],
    "actual": [
        96.89999999999998,
        -579.3,
        114.09999999999997,
        77.8
    ],
    "mse": 133555.57122508666,
    "rmse": 365.4525567362837,
    "mape": 60.027563878893076
}