{
    "predictions": [
        1798.3377360402349,
        1753.5529749763014,
        1740.582262556076,
        1884.7921436913016
    ],
    "actual": [
        1030.1179999999997,
        1349.2509999999997,
        1368.5429999999997,
        1524.0929999999998
    ],
    "mse": 255534.68373859354,
    "rmse": 505.5043854790911,
    "mape": 38.848089183510034
}