{
    "predictions": [
        86705644.50132847,
        116631931.34713173,
        148715508.06748867,
        156756630.5180192
    ],
    "actual": [
        19406000.0,
        77660000.0,
        81135000.0,
        46415000.0
    ],
    "mse": 5697613519741426.0,
    "rmse": 75482537.84645444,
    "mape": 179.50079399008735
}