{
    "predictions": [
        166.8519314289093,
        271.6774968624115,
        247.41516494750974,
        181.96639981269834
    ],
    "actual": [
        190.0,
        344.7,
        323.2,
        271.4
    ],
    "mse": 4902.457277361578,
    "rmse": 70.01754978119114,
    "mape": 22.442131526855597
}