{
    "predictions": [
        447.762443977356,
        463.3053748867512,
        464.4758210275174,
        461.40581368064886
    ],
    "actual": [
        395.0,
        432.0,
        418.0,
        413.0
    ],
    "mse": 2066.7566823827956,
    "rmse": 45.46159568671997,
    "mape": 10.8608371954336
}