{
    "predictions": [
        2266.8934772431853,
        2011.1848549664023,
        1796.4333701550963,
        2306.462444138527
    ],
    "actual": [
        3836.5,
        3116.3,
        4115.2,
        4901.2
    ],
    "mse": 3948571.446885907,
    "rmse": 1987.101267395778,
    "mape": 46.415531036395464
}