{
    "predictions": [
        2602.21666097641,
        2579.2936038970947,
        2581.31958425045,
        2614.8738902807236
    ],
    "actual": [
        2441.0,
        2568.0,
        2564.0,
        1242.0
    ],
    "mse": 477800.26096962596,
    "rmse": 691.2309751230958,
    "mape": 29.564289145181142
}