{
    "predictions": [
        1376.9070234298708,
        -644.9509775638579,
        -2317.008958339691,
        -3324.490580201149
    ],
    "actual": [
        1516.0,
        1933.0000000000005,
        1953.0,
        2046.9999999999998
    ],
    "mse": 13437766.41408612,
    "rmse": 3665.755913053421,
    "mape": 155.8966695761636
}