{
    "predictions": [
        3483.84208971262,
        3302.3838789463043,
        3693.212867498398,
        3341.841377735138
    ],
    "actual": [
        3948.9999999999995,
        3948.9999999999995,
        3030.0,
        2274.9999999999995
    ],
    "mse": 553121.5305931761,
    "rmse": 743.7214065718266,
    "mape": 24.23391134259367
}