{
    "predictions": [
        460.30818874835967,
        688.8004899501801,
        823.7217422246935,
        850.6003304481508
    ],
    "actual": [
        183.0,
        236.00000000000003,
        147.00000000000003,
        113.00000000000001
    ],
    "mse": 320983.6697807162,
    "rmse": 566.5542072747463,
    "mape": 364.12443142591826
}