{
    "predictions": [
        1382126305.937767,
        1427565689.533949,
        1356641133.517027,
        1347286571.3238716
    ],
    "actual": [
        1141000000.0,
        1075000000.0,
        886000000.0,
        993999999.9999999
    ],
    "mse": 1.3218973472192787e+17,
    "rmse": 363579062.5461371,
    "mape": 35.64784409887476
}