{
    "predictions": [
        88.92461121082312,
        310.2082952857018,
        299.8372572660447,
        234.134927392006
    ],
    "actual": [
        168.00000000000017,
        937.0000000000001,
        580.9999999999999,
        690.0000000000002
    ],
    "mse": 171496.5526340969,
    "rmse": 414.1214225732556,
    "mape": 57.10561072478608
}