{
    "predictions": [
        1090.2354211211205,
        1141.2612826228142,
        1067.8055018782616,
        1089.1294810771942
    ],
    "actual": [
        1118.0,
        1012.0,
        920.9999999999999,
        947.0000000000001
    ],
    "mse": 14807.998949654333,
    "rmse": 121.68812164568213,
    "mape": 11.551113945069732
}