{
    "predictions": [
        297511853.9571762,
        320179625.27275085,
        405400128.0784607,
        343338842.8926468
    ],
    "actual": [
        310600000.0,
        305800000.0,
        280600000.0,
        232700000.0
    ],
    "mse": 7048524678711748.0,
    "rmse": 83955492.24864177,
    "mape": 25.234497987247796
}