{
    "predictions": [
        48.72377948546409,
        24.241328003346915,
        25.73614793503284,
        26.92576560312509
    ],
    "actual": [
        21.912,
        21.912,
        21.912,
        15.953999999999999
    ],
    "mse": 214.82525900081603,
    "rmse": 14.656918468792,
    "mape": 54.8037744651096
}