{
    "predictions": [
        156.20453429222107,
        162.2551842212677,
        148.16647453308104,
        153.03277976512908
    ],
    "actual": [
        99.5,
        135.8,
        92.6,
        90.0
    ],
    "mse": 2744.0113496084246,
    "rmse": 52.38331174723897,
    "mape": 51.62847136300249
}