{
    "predictions": [
        387.59799444675446,
        398.2070140838623,
        391.77985656261444,
        380.58311289548874
    ],
    "actual": [
        314.0,
        391.99999999999994,
        273.0,
        327.0
    ],
    "mse": 5608.749030756929,
    "rmse": 74.89158184173257,
    "mape": 21.229412929879793
}