{
    "predictions": [
        71.2188590016365,
        285.61824179840085,
        536.0186455640792,
        240.87451571321486
    ],
    "actual": [
        18.486999999999988,
        131.444,
        545.0,
        204.1
    ],
    "mse": 6995.843880331343,
    "rmse": 83.64116139994317,
    "mape": 105.54901951673527
}