{
    "predictions": [
        3122.0959655344486,
        3309.0966785788537,
        3432.5216348707677,
        3373.254392951727
    ],
    "actual": [
        3291.0,
        3430.0,
        3338.0,
        3015.0
    ],
    "mse": 45106.683879314565,
    "rmse": 212.38334181219244,
    "mape": 5.8428163039996175
}