{
    "predictions": [
        1335.4292579666376,
        1383.0359604352714,
        1446.0335893160104,
        1466.6255891407727
    ],
    "actual": [
        750.1,
        471.4,
        410.3000000000001,
        335.7
    ],
    "mse": 881356.805200336,
    "rmse": 938.8060530271074,
    "mape": 215.18539277470802
}