{
    "predictions": [
        1093.1254024505615,
        1041.6002578735352,
        892.2479076385498,
        890.6622905731201
    ],
    "actual": [
        1410.0,
        1328.0,
        1567.0,
        1405.0
    ],
    "mse": 225566.99708671717,
    "rmse": 474.9389403773049,
    "mape": 30.926852067373247
}