{
    "predictions": [
        78.25022950357199,
        81.37341876095533,
        81.60131274646521,
        83.13649335283041
    ],
    "actual": [
        38.99399999999999,
        57.443,
        49.483,
        48.103
    ],
    "mse": 1093.1620417735905,
    "rmse": 33.06300110052913,
    "mape": 70.01745962363576
}