{
    "predictions": [
        1629.5628143548968,
        1783.8695507049563,
        1859.0448033809664,
        1884.8724899291994
    ],
    "actual": [
        3123.0,
        1297.0,
        1596.0,
        2042.0000000000002
    ],
    "mse": 640319.5524694984,
    "rmse": 800.1996953695361,
    "mape": 27.38375361649126
}