{
    "predictions": [
        2493.000553774834,
        2493.8893833696843,
        2457.1637832880024,
        2468.0859899580482
    ],
    "actual": [
        2985.0,
        2108.0,
        2304.0,
        2438.0
    ],
    "mse": 103834.5956465388,
    "rmse": 322.23375932161235,
    "mape": 10.667529755608767
}