{
    "predictions": [
        718.4350560740232,
        742.3082765368223,
        990.6292314927578,
        1186.5292152907848
    ],
    "actual": [
        375.0,
        673.0,
        861.0,
        714.0
    ],
    "mse": 90709.71797444999,
    "rmse": 301.180540497639,
    "mape": 45.77932761861293
}