{
    "predictions": [
        592.48689825058,
        475.84473928213134,
        445.18548833227175,
        434.82455249071137
    ],
    "actual": [
        561.4829999999998,
        649.998,
        575.963,
        641.937
    ],
    "mse": 22822.23084917223,
    "rmse": 151.0702844677676,
    "mape": 21.82105971422301
}