{
    "predictions": [
        342.38791264501214,
        358.2865275614858,
        359.48971866047384,
        367.22194000935554
    ],
    "actual": [
        301.9,
        383.9,
        369.2,
        316.2
    ],
    "mse": 1248.2122416799216,
    "rmse": 35.33004729235331,
    "mape": 9.71225121662492
}