{
    "predictions": [
        301.95381613445284,
        283.81379492485524,
        320.6151193737984,
        356.3844088294506
    ],
    "actual": [
        283.5,
        293.0,
        343.0,
        359.1
    ],
    "mse": 233.34675241541728,
    "rmse": 15.275691552771589,
    "mape": 4.231732965183985
}