{
    "predictions": [
        201.22301107853653,
        217.10949023509028,
        213.41589693886044,
        215.92060521769525
    ],
    "actual": [
        194.0,
        193.0,
        219.0,
        226.0
    ],
    "mse": 191.5539536528888,
    "rmse": 13.840301790527864,
    "mape": 5.806223346085435
}