{
    "predictions": [
        417.3592609205842,
        574.5258748972416,
        792.2404764816165,
        711.2663360211253
    ],
    "actual": [
        1584.0,
        554.0,
        645.0,
        553.0
    ],
    "mse": 352049.97916303703,
    "rmse": 593.3379974037033,
    "mape": 32.20104120772414
}