{
    "predictions": [
        27.297911497175697,
        26.60268073257804,
        26.890544000685217,
        26.780449706286195
    ],
    "actual": [
        29.133,
        29.133,
        29.133,
        23.075
    ],
    "mse": 7.132257960741011,
    "rmse": 2.670628757566467,
    "mape": 9.685000255147575
}