{
    "predictions": [
        2181.681012749672,
        2188.475955605507,
        2203.9141793251038,
        2200.045510649681
    ],
    "actual": [
        2052.0,
        2033.0,
        2306.9999999999995,
        1466.0
    ],
    "mse": 147609.8589920985,
    "rmse": 384.2002849974197,
    "mape": 17.126764905942192
}