{
    "predictions": [
        121.9502958033085,
        121.17072819560768,
        116.28918598079683,
        120.39086902374031
    ],
    "actual": [
        142.012,
        158.162,
        172.00200000000004,
        144.605
    ],
    "mse": 1365.2669874639412,
    "rmse": 36.94951944834927,
    "mape": 21.662698655817174
}