{
    "predictions": [
        6188.360437810421,
        6486.9055352211,
        6179.443412184715,
        6314.407252132893
    ],
    "actual": [
        5488.0,
        2760.9999999999995,
        3494.0,
        2197.0
    ],
    "mse": 9634381.400051016,
    "rmse": 3103.929992775452,
    "mape": 102.99462506685937
}