{
    "predictions": [
        250.88418384855993,
        251.94487308025367,
        250.80948917281634,
        216.6854469800592
    ],
    "actual": [
        -678.529,
        -99.81500000000004,
        -479.18,
        193.24300000000002
    ],
    "mse": 380244.5193110389,
    "rmse": 616.6396997526505,
    "mape": 163.4647545289801
}