{
    "predictions": [
        5826.450957298278,
        6135.820660829543,
        4771.132539153098,
        5331.167224287986
    ],
    "actual": [
        6129.999999999999,
        6957.0,
        7448.0,
        6072.000000000001
    ],
    "mse": 2120232.533228917,
    "rmse": 1456.101827905218,
    "mape": 16.224265143547896
}