{
    "predictions": [
        114.60701804003122,
        120.36015838083628,
        135.4203870494068,
        177.56732610666756
    ],
    "actual": [
        189.3,
        255.6,
        255.6,
        -3.0000000000000018
    ],
    "mse": 17729.13873537868,
    "rmse": 133.150811996693,
    "mape": 1539.5744249181535
}