{
    "predictions": [
        29117.20758765936,
        30236.337091863155,
        31706.132450044155,
        33187.108221530914
    ],
    "actual": [
        33554.0,
        34331.0,
        37935.0,
        36786.0
    ],
    "mse": 22050551.057375118,
    "rmse": 4695.801428656787,
    "mape": 12.838254416260842
}