{
    "predictions": [
        619.2279626131054,
        704.4516097903248,
        774.7581102252002,
        811.3142217397685
    ],
    "actual": [
        53.99999999999994,
        749.9999999999998,
        806.0,
        898.9999999999995
    ],
    "mse": 82555.53923906456,
    "rmse": 287.3247974663248,
    "mape": 266.60535866502175
}