{
    "predictions": [
        571.6225948796272,
        584.2418973481655,
        607.5199355576037,
        649.095999481678
    ],
    "actual": [
        531.841,
        587.433,
        636.988,
        653.303
    ],
    "mse": 619.706025660927,
    "rmse": 24.893895349280456,
    "mape": 3.32333069624684
}