{
    "predictions": [
        167.51463380882143,
        172.89618127191068,
        160.53029958692193,
        169.49347135809063
    ],
    "actual": [
        240.053,
        304.135,
        257.741,
        225.406
    ],
    "mse": 8765.393311190839,
    "rmse": 93.62367922267764,
    "mape": 33.9727073153618
}