{
    "predictions": [
        420.70869054985036,
        646.8338934235571,
        -76.30316054397822,
        -118.25514411781728
    ],
    "actual": [
        420.709,
        615.6889999999999,
        -120.559,
        -145.363
    ],
    "mse": 915.8548907367157,
    "rmse": 30.26309453338696,
    "mape": 15.10396712251702
}