{
    "predictions": [
        204.7804126981497,
        229.22191482758524,
        231.40649234437944,
        231.32517414927483
    ],
    "actual": [
        147.647,
        249.435,
        298.567,
        247.123
    ],
    "mse": 2108.225187223724,
    "rmse": 45.91541339489087,
    "mape": 18.92162036862009
}