{
    "predictions": [
        404.3980042591989,
        332.4626905450523,
        259.2804220059514,
        318.2218934904635
    ],
    "actual": [
        438.23500000000007,
        376.742,
        426.11000000000007,
        406.655
    ],
    "mse": 9689.530486792353,
    "rmse": 98.43541276792796,
    "mape": 20.09316249366692
}