{
    "predictions": [
        46.593562322855,
        50.53671051859856,
        45.93036265969277,
        43.56609134674073
    ],
    "actual": [
        80.3,
        82.3,
        64.8,
        63.50000000000001
    ],
    "mse": 724.6136067784423,
    "rmse": 26.918647937413986,
    "mape": 35.270487678043445
}