{
    "predictions": [
        11.75753695034981,
        -8.15041770124435,
        -10.173580337762829,
        -33.61621346771717
    ],
    "actual": [
        -54.676,
        -25.020000000000003,
        -67.701,
        -26.305999999999997
    ],
    "mse": 2015.210218151682,
    "rmse": 44.89109285985007,
    "mape": 75.4225833524735
}