{
    "predictions": [
        204.39149652749302,
        208.74890010505916,
        213.31602390378717,
        206.73277334243062
    ],
    "actual": [
        201.33599999999998,
        200.44,
        215.42099999999996,
        177.978
    ],
    "mse": 227.4104485813899,
    "rmse": 15.080134236186026,
    "mape": 5.699112528372894
}