{
    "predictions": [
        807.267690718174,
        784.2651686668396,
        807.846524477005,
        825.3893083333969
    ],
    "actual": [
        189.99999999999997,
        1175.0,
        1741.0,
        1776.0
    ],
    "mse": 577032.3016032508,
    "rmse": 759.6264223967271,
    "mape": 116.31396079297534
}