{
    "predictions": [
        132.8763708201647,
        142.84234258741142,
        135.20229849863054,
        120.90486727294328
    ],
    "actual": [
        121.682,
        179.154,
        188.227,
        213.09199999999998
    ],
    "mse": 3188.484202963464,
    "rmse": 56.46666452840529,
    "mape": 25.225092495156293
}