{
    "predictions": [
        5542.4984357930425,
        5622.302029524386,
        5745.947677031458,
        5814.664246029974
    ],
    "actual": [
        6545.932,
        6532.759,
        6689.912,
        6567.911
    ],
    "mse": 823565.0320671379,
    "rmse": 907.5048385915845,
    "mape": 13.711190644869975
}