{
    "predictions": [
        146.7045587513447,
        145.6548402565718,
        148.1587891764045,
        152.26889118105177
    ],
    "actual": [
        140.796,
        127.54000000000002,
        142.626,
        156.358
    ],
    "mse": 102.59776776073605,
    "rmse": 10.129055620379228,
    "mape": 6.223562932315112
}