{
    "predictions": [
        62.58862002563476,
        62.30055819702148,
        60.467316619873046,
        59.04536352539062
    ],
    "actual": [
        62.209999999999994,
        66.423,
        60.076,
        75.447
    ],
    "mse": 71.57617182124557,
    "rmse": 8.460270197886446,
    "mape": 7.301403682369176
}