{
    "predictions": [
        185.52368456983567,
        187.24444535315035,
        190.89570795953273,
        194.05856842899323
    ],
    "actual": [
        199.055,
        215.74599999999998,
        200.092,
        198.635
    ],
    "mse": 275.2376569439071,
    "rmse": 16.5902880307699,
    "mape": 6.72711205675218
}