{
    "predictions": [
        1312.4657681584358,
        1262.164629817009,
        1281.6958082318306,
        1073.0021907687187
    ],
    "actual": [
        1576.0,
        1626.0,
        1680.0,
        1503.0
    ],
    "mse": 136342.70326807836,
    "rmse": 369.2461283047912,
    "mape": 22.85392477508924
}