{
    "predictions": [
        196.49456691741943,
        178.24717092514035,
        130.53084278106687,
        112.87238359451293
    ],
    "actual": [
        239.00000000000006,
        272.0,
        400.99999999999994,
        280.99999999999994
    ],
    "mse": 28004.19130149703,
    "rmse": 167.34452874682526,
    "mape": 44.88330287380051
}