{
    "predictions": [
        355.8981226773262,
        357.91033008527756,
        427.4728328089714,
        514.2621719937324
    ],
    "actual": [
        561.0,
        476.00000000000006,
        666.0,
        549.0
    ],
    "mse": 28528.469101155788,
    "rmse": 168.90372731575758,
    "mape": 25.877791702801296
}