{
    "predictions": [
        123.85239950299261,
        126.22588457620142,
        130.92751830673217,
        140.68874756002424
    ],
    "actual": [
        122.635,
        156.107,
        127.995,
        106.93099999999998
    ],
    "mse": 510.63707611647567,
    "rmse": 22.597280281407222,
    "mape": 13.498726958924598
}