{
    "predictions": [
        349.02201716893916,
        347.8383968922496,
        335.6413652127981,
        347.83805874723197
    ],
    "actual": [
        445.0,
        431.0,
        363.0,
        421.0
    ],
    "mse": 5557.197491265847,
    "rmse": 74.54661287587685,
    "mape": 16.444517214613313
}