{
    "predictions": [
        11037.955351105273,
        10978.22176149869,
        9285.318253008007,
        12688.79671937537
    ],
    "actual": [
        17458.0,
        19216.0,
        22502.0,
        24739.0
    ],
    "mse": 107241509.77654389,
    "rmse": 10355.747668640053,
    "mape": 46.77213088155209
}