{
    "predictions": [
        638.8554948118925,
        624.9954773807525,
        598.4078080868721,
        639.719926796317
    ],
    "actual": [
        498.469,
        481.899,
        544.822,
        554.243
    ],
    "mse": 12590.678401803942,
    "rmse": 112.2081922223326,
    "mape": 20.77889449905642
}