{
    "predictions": [
        285.53013491630554,
        314.4357931613922,
        313.82450580596924,
        296.7046413421631
    ],
    "actual": [
        95.0,
        241.0,
        -49.00000000000001,
        194.00000000000003
    ],
    "mse": 45971.10334875913,
    "rmse": 214.40872964681063,
    "mape": 256.1070080279992
}