{
    "predictions": [
        302.0924590349198,
        318.1489143252373,
        331.9603754758835,
        319.6837572574616
    ],
    "actual": [
        329.0,
        320.0,
        316.00000000000006,
        157.0
    ],
    "mse": 6862.045184924663,
    "rmse": 82.83746244860873,
    "mape": 29.35700685968119
}