{
    "predictions": [
        82.5492554770708,
        80.65635841029882,
        74.76321283328532,
        74.33194373297691
    ],
    "actual": [
        68.44,
        90.8,
        103.327,
        78.782
    ],
    "mse": 284.4143732256533,
    "rmse": 16.86458932869856,
    "mape": 16.26989021891777
}