{
    "predictions": [
        1002.3926324704288,
        1036.8681632021069,
        1041.674100099802,
        1112.497196484506
    ],
    "actual": [
        1401.0,
        1583.0,
        1511.0,
        1968.0
    ],
    "mse": 352324.9159382739,
    "rmse": 593.5696386594195,
    "mape": 34.37067969900141
}