{
    "predictions": [
        509.28945715427403,
        637.5183473467828,
        523.9751071304083,
        643.3287534534932
    ],
    "actual": [
        565.5,
        591.7,
        687.5,
        760.2
    ],
    "mse": 11414.556234486865,
    "rmse": 106.8389265880506,
    "mape": 14.210667705867694
}