{
    "predictions": [
        81.22333632850646,
        81.01310532188415,
        86.29454780387879,
        97.76552185630798
    ],
    "actual": [
        198.99600000000004,
        82.63799999999999,
        82.973,
        135.795
    ],
    "mse": 3832.5786196721774,
    "rmse": 61.90782357402154,
    "mape": 23.28948626910847
}