{
    "predictions": [
        824400456.5238951,
        704199936.1515045,
        623845702.1474838,
        618070834.1836929
    ],
    "actual": [
        708700000.0,
        577400000.0,
        632100000.0,
        606100000.0
    ],
    "mse": 7419063437988724.0,
    "rmse": 86133985.38317338,
    "mape": 10.391786285412591
}