{
    "predictions": [
        939.084172148764,
        946.1459580183624,
        1010.2860181877612,
        1034.8684876368045
    ],
    "actual": [
        831.214,
        867.186,
        979.624,
        1019.5259999999998
    ],
    "mse": 4761.550073974403,
    "rmse": 69.00398592816506,
    "mape": 6.679394020106623
}