{
    "predictions": [
        258.9468347549439,
        270.8297312378884,
        271.5634198904038,
        232.28625435829164
    ],
    "actual": [
        305.9,
        309.00000000000006,
        318.1,
        277.6000000000001
    ],
    "mse": 1970.1394940699247,
    "rmse": 44.38625343583219,
    "mape": 14.663741279312278
}