{
    "predictions": [
        40.39026781320571,
        37.5903158545494,
        49.79410529136657,
        68.65841663479804
    ],
    "actual": [
        50.1,
        264.7,
        110.1,
        146.2
    ],
    "mse": 15330.646404794235,
    "rmse": 123.81698754530508,
    "mape": 53.24784161128442
}