{
    "predictions": [
        488.2221088409424,
        452.7792100906372,
        427.56437587738037,
        421.47746086120605
    ],
    "actual": [
        714.0,
        760.0000000000001,
        757.0,
        712.0
    ],
    "mse": 84572.86151936903,
    "rmse": 290.8141356938638,
    "mape": 39.09191135976297
}