{
    "predictions": [
        394.57453836202626,
        416.5991139233113,
        386.5283838927746,
        394.7367016613484
    ],
    "actual": [
        398.7,
        430.6,
        358.0,
        374.8
    ],
    "mse": 356.09625133148575,
    "rmse": 18.87051274691511,
    "mape": 4.393581097236636
}