{
    "predictions": [
        105.14887644171715,
        115.62814123165607,
        114.37927230608463,
        113.77821278846264
    ],
    "actual": [
        99.677,
        126.17,
        116.569,
        82.135
    ],
    "mse": 286.7900102586385,
    "rmse": 16.934875560766265,
    "mape": 13.5623071590664
}