{
    "predictions": [
        68.53102192986012,
        65.17655296581984,
        61.330389275789265,
        65.22256198209524
    ],
    "actual": [
        80.488,
        85.32400000000001,
        46.802,
        21.856
    ],
    "mse": 660.1554349151696,
    "rmse": 25.693490127173646,
    "mape": 66.9825494444027
}