{
    "predictions": [
        1540.0983234405514,
        1474.2596101760862,
        1529.1836553573605,
        1718.389328575134
    ],
    "actual": [
        1657.0,
        1573.2999999999997,
        1715.1,
        1606.8
    ],
    "mse": 17623.01656400314,
    "rmse": 132.75171021121778,
    "mape": 7.783720447108997
}