{
    "predictions": [
        77.0045252432227,
        75.98775031435488,
        78.29932578939199,
        81.38519350665807
    ],
    "actual": [
        77.482,
        76.673,
        76.62,
        71.976
    ],
    "mse": 23.012651706922416,
    "rmse": 4.797150373599145,
    "mape": 4.193602656803201
}