{
    "predictions": [
        1136.154735346198,
        1275.7196420654059,
        1296.1574778006077,
        1393.3610677132606
    ],
    "actual": [
        1272.073,
        1335.894,
        1191.978,
        941.766
    ],
    "mse": 59221.54919927334,
    "rmse": 243.35478051452642,
    "mape": 17.970300373805685
}