{
    "predictions": [
        991.9889281806945,
        1053.4252761929035,
        1091.0797071614265,
        1127.5727303919791
    ],
    "actual": [
        889.819,
        1070.259,
        928.4,
        1205.29
    ],
    "mse": 10806.6823997788,
    "rmse": 103.95519419335812,
    "mape": 9.256392246574727
}