{
    "predictions": [
        243.43799258488417,
        262.00316457092765,
        274.40262892049554,
        277.13976955831055
    ],
    "actual": [
        102.5,
        190.0,
        145.6,
        163.2
    ],
    "mse": 13655.090441479188,
    "rmse": 116.854997503227,
    "mape": 83.41906557093616
}