{
    "predictions": [
        1437.454823683381,
        1871.6195896621941,
        1786.7720575357675,
        1783.2964884945154
    ],
    "actual": [
        1494.112,
        1800.132,
        1947.043,
        1570.614
    ],
    "mse": 19810.28175361891,
    "rmse": 140.7490026736208,
    "mape": 7.384034039713513
}