{
    "predictions": [
        3426.563540160656,
        3727.704123675823,
        3718.929156064987,
        3686.659920334816
    ],
    "actual": [
        3397.0000000000005,
        3875.0,
        4137.0,
        3748.0
    ],
    "mse": 50278.97850270071,
    "rmse": 224.22974491066236,
    "mape": 4.103432126355909
}