{
    "predictions": [
        437.4023080885411,
        374.7275572667122,
        352.315454656601,
        335.6723443042636
    ],
    "actual": [
        371.5930000000001,
        566.322,
        633.666,
        535.801
    ],
    "mse": 40062.22592824557,
    "rmse": 200.15550436659385,
    "mape": 33.32329087645645
}