{
    "predictions": [
        644.6680240631104,
        765.5921049118042,
        792.4202799201012,
        791.8650833368301
    ],
    "actual": [
        734.0000000000001,
        889.0,
        807.0,
        593.0
    ],
    "mse": 15742.400025765197,
    "rmse": 125.46872130441594,
    "mape": 15.348576472430878
}