{
    "predictions": [
        50.63362804800273,
        -836.7024479359388,
        -1426.7999816685915,
        -1963.3019419908524
    ],
    "actual": [
        2889.0,
        1704.0,
        2049.0,
        579.9999999999999
    ],
    "mse": 8265265.717769359,
    "rmse": 2874.9375154547897,
    "mape": 213.87098073862
}