{
    "predictions": [
        143.94693917047977,
        136.25759542572496,
        122.79998805928228,
        109.03784601080416
    ],
    "actual": [
        211.98800000000003,
        129.97,
        220.92,
        141.562
    ],
    "mse": 3838.6192877508956,
    "rmse": 61.956591963655455,
    "mape": 26.08096476203807
}