{
    "predictions": [
        192.63575011402372,
        165.34662466657164,
        150.86026067769532,
        135.44141439145807
    ],
    "actual": [
        414.473,
        364.9940000000001,
        314.957,
        -615.92
    ],
    "mse": 170135.6387017612,
    "rmse": 412.47501585158005,
    "mape": 70.57823757173254
}