{
    "predictions": [
        254.54342746233942,
        239.31026780271532,
        236.12339703536034,
        236.8428423638344
    ],
    "actual": [
        254.0,
        248.1,
        248.1,
        169.8
    ],
    "mse": 1178.9341090753423,
    "rmse": 34.33560992723651,
    "mape": 12.016878044646253
}