{
    "predictions": [
        480.3610249978304,
        455.6455665048361,
        516.5238151086569,
        595.439764977932
    ],
    "actual": [
        498.25399999999996,
        354.665,
        475.269,
        624.6
    ],
    "mse": 3267.378110564399,
    "rmse": 57.16098416371432,
    "mape": 11.353041810947207
}