{
    "predictions": [
        43.00803863418103,
        4.6718366105631,
        28.846399481177333,
        7.165648064419628
    ],
    "actual": [
        45.82,
        0.0,
        46.557,
        0.0
    ],
    "mse": 98.68626673977471,
    "rmse": 9.934096171256583,
    "mape": Infinity
}