{
    "predictions": [
        246.7231458811164,
        263.5573995159269,
        429.6166233661175,
        441.4000406061411
    ],
    "actual": [
        128.58,
        92.521,
        77.575,
        150.78
    ],
    "mse": 62901.14136555622,
    "rmse": 250.80099953061634,
    "mape": 230.8244361190712
}