{
    "predictions": [
        54.11102283373475,
        53.48538314551115,
        53.948296073079106,
        52.70591113679111
    ],
    "actual": [
        65.3,
        65.3,
        65.3,
        58.8
    ],
    "mse": 107.6943706406837,
    "rmse": 10.377589828119229,
    "mape": 15.743894753745336
}