{
    "predictions": [
        686.6786267407537,
        694.2202843948603,
        695.2218672588467,
        721.2755131505132
    ],
    "actual": [
        669.0,
        736.0,
        746.0,
        750.0
    ],
    "mse": 1365.3983472324414,
    "rmse": 36.951296962792,
    "mape": 4.738947170987185
}