{
    "predictions": [
        207.82160857212543,
        199.31328787875177,
        200.14201747310162,
        202.49383474451304
    ],
    "actual": [
        255.627,
        252.945,
        227.708,
        231.363
    ],
    "mse": 1688.7570224626577,
    "rmse": 41.09448895487883,
    "mape": 16.121964268038123
}