{
    "predictions": [
        1554.1978030895891,
        1675.3099307641687,
        1820.2801637128596,
        2045.5103921557668
    ],
    "actual": [
        830.9,
        1763.6000000000001,
        1628.5,
        1055.7
    ],
    "mse": 386864.7729732945,
    "rmse": 621.984543998719,
    "mape": 49.39783387235074
}