{
    "predictions": [
        155.27240531390905,
        164.76822773820163,
        182.3861790847778,
        188.26629635596274
    ],
    "actual": [
        145.226,
        182.325,
        167.303,
        164.949
    ],
    "mse": 295.0922781598159,
    "rmse": 17.1782501483654,
    "mape": 9.924676614488979
}