{
    "predictions": [
        90.6336902087927,
        64.35516741120817,
        43.03060458734633,
        34.13746674308182
    ],
    "actual": [
        180.398,
        160.93599999999998,
        232.07,
        174.917
    ],
    "mse": 18235.064634463357,
    "rmse": 135.0372712789449,
    "mape": 67.92813217476302
}