{
    "predictions": [
        205.1472171664238,
        221.27041001319884,
        239.19401134252547,
        270.3935716867447
    ],
    "actual": [
        179.1,
        281.90000000000003,
        255.39999999999995,
        456.2
    ],
    "mse": 9785.266893744385,
    "rmse": 98.92050795332779,
    "mape": 20.781342707089483
}