{
    "predictions": [
        23050654.060721397,
        22905496.503710747,
        21400007.20155239,
        21297981.26411438
    ],
    "actual": [
        21617000.0,
        21617000.0,
        24341000.0,
        23035000.0
    ],
    "mse": 3845564983809.0366,
    "rmse": 1961011.214605627,
    "mape": 8.053970820072452
}