{
    "predictions": [
        -60765535.32892466,
        -48742934.49634314,
        -33393641.801565893,
        -21677703.971803196
    ],
    "actual": [
        47696000.000000015,
        60767000.00000001,
        58947000.0,
        70365999.99999999
    ],
    "mse": 1.0188791992118744e+16,
    "rmse": 100939546.2250487,
    "mape": 173.76798334565504
}