{
    "predictions": [
        50.15852153590917,
        51.672258963274956,
        51.25315020991564,
        51.29023505942225
    ],
    "actual": [
        56.058,
        56.85300000000001,
        54.173,
        79.776
    ],
    "mse": 220.40206272109558,
    "rmse": 14.845944318940967,
    "mape": 15.183362831503095
}