{
    "predictions": [
        401.334750366211,
        417.51534553766254,
        421.8020089149475,
        437.2430123150349
    ],
    "actual": [
        430.4,
        374.5,
        396.4,
        330.0
    ],
    "mse": 3710.358608829194,
    "rmse": 60.912713031264616,
    "mape": 14.286302588016456
}