{
    "predictions": [
        612.1343852491378,
        615.6206071087718,
        621.1298561642169,
        641.352174255967
    ],
    "actual": [
        731.2999999999998,
        694.3,
        702.6,
        736.9
    ],
    "mse": 9039.415486429596,
    "rmse": 95.07584070850805,
    "mape": 13.04723424196285
}