{
    "predictions": [
        760.851575719118,
        675.4113712838292,
        662.3578155088425,
        655.6047653865814
    ],
    "actual": [
        700.2990000000001,
        767.8279999999999,
        767.8279999999999,
        716.0189999999999
    ],
    "mse": 6745.321812501498,
    "rmse": 82.12990814862451,
    "mape": 10.714119253138406
}