{
    "predictions": [
        127.46317270249128,
        293.2530137819648,
        319.1174393248558,
        277.9488529307246
    ],
    "actual": [
        144.883,
        320.671,
        356.712,
        281.266
    ],
    "mse": 619.8877020909246,
    "rmse": 24.897544097579676,
    "mape": 8.073030518482723
}