{
    "predictions": [
        1216.1956494271756,
        1255.8545013308526,
        1333.5444103479385,
        1371.6929800868036
    ],
    "actual": [
        1164.0,
        1222.1,
        1303.3,
        1252.7
    ],
    "mse": 4734.451461613016,
    "rmse": 68.80735034582436,
    "mape": 4.766423382961571
}