{
    "predictions": [
        2367040290.468931,
        2456245196.712017,
        2332491663.944721,
        2391289711.2190723
    ],
    "actual": [
        3330000000.0,
        1988000000.0,
        3548000000.0,
        3990999999.9999995
    ],
    "mse": 1.2957696223688666e+18,
    "rmse": 1138318770.1030264,
    "mape": 31.703301607315705
}