{
    "predictions": [
        30.469590599939224,
        27.540384458392857,
        28.80094346155226,
        34.808111749082805
    ],
    "actual": [
        47.190999999999995,
        47.447,
        67.776,
        53.216
    ],
    "mse": 633.4460641698121,
    "rmse": 25.168354419187047,
    "mape": 42.3713823862179
}