{
    "predictions": [
        86.89946811580657,
        82.27451199293137,
        74.17411002349853,
        72.55598897123336
    ],
    "actual": [
        189.1,
        53.293,
        49.43999999999999,
        61.123000000000005
    ],
    "mse": 3006.841547569834,
    "rmse": 54.8346746828121,
    "mape": 44.29016224218456
}