{
    "predictions": [
        167.65927577018738,
        164.87282538414001,
        169.19987618923187,
        170.50670957565308
    ],
    "actual": [
        165.0,
        169.0,
        169.0,
        195.0
    ],
    "mse": 156.0166360585328,
    "rmse": 12.49066195437747,
    "mape": 4.183182283201931
}