{
    "predictions": [
        141.36700610035658,
        140.6697689601779,
        143.96277178436517,
        138.96284664356708
    ],
    "actual": [
        112.923,
        111.90800000000002,
        124.214,
        121.89100000000002
    ],
    "mse": 579.4406928920458,
    "rmse": 24.07157437501847,
    "mape": 20.19873352813716
}