{
    "predictions": [
        174.73071779022737,
        166.12103964251278,
        168.48385331819577,
        166.62913940354062
    ],
    "actual": [
        1850.9269999999997,
        474.5079999999999,
        364.587,
        316.667
    ],
    "mse": 741426.0743908152,
    "rmse": 861.0610166479581,
    "mape": 64.17969799332216
}