{
    "predictions": [
        -118.85764450782543,
        -138.19109490591293,
        -108.76358200690156,
        -148.95637196916346
    ],
    "actual": [
        101.627,
        -119.23,
        -83.758,
        -82.454
    ],
    "mse": 13505.21154820051,
    "rmse": 116.21192515486743,
    "mape": 85.84155310523937
}