{
    "predictions": [
        476.24354956054697,
        487.7923143944741,
        504.30429643058784,
        505.7664292793275
    ],
    "actual": [
        353.053,
        315.904,
        457.169,
        473.976
    ],
    "mse": 11988.467922441614,
    "rmse": 109.4918623571707,
    "mape": 26.580484448781494
}