{
    "predictions": [
        1327.6053506600856,
        1381.889675744772,
        1312.7442304503918,
        1324.616691687107
    ],
    "actual": [
        1076.9,
        1398.7,
        1816.9,
        1663.4
    ],
    "mse": 108020.73245318721,
    "rmse": 328.6650764124281,
    "mape": 18.14929557303409
}