{
    "predictions": [
        55.98493384122848,
        25.709294056892393,
        80.1080134153366,
        51.358016026020046
    ],
    "actual": [
        50.9,
        44.1,
        84.3,
        63.00000000000001
    ],
    "mse": 129.29578990798208,
    "rmse": 11.37083066042152,
    "mape": 18.78609202641107
}