{
    "predictions": [
        278.27159262895583,
        275.15452644228935,
        278.2722943782806,
        271.30628487467766
    ],
    "actual": [
        243.9,
        259.3,
        230.59999999999997,
        243.6
    ],
    "mse": 1118.2645653515956,
    "rmse": 33.44046299547295,
    "mape": 13.063421280830939
}