{
    "predictions": [
        201.43376621794704,
        217.3417167000771,
        217.8601493866444,
        221.00964563941957
    ],
    "actual": [
        168.237,
        258.457,
        218.05400000000003,
        191.276
    ],
    "mse": 919.1547673082056,
    "rmse": 30.317565326196718,
    "mape": 12.818478237336798
}