{
    "predictions": [
        82.4112764233351,
        88.05090496706964,
        89.09327373605969,
        85.2989065397978
    ],
    "actual": [
        -80.341,
        100.55199999999999,
        92.724,
        91.88800000000002
    ],
    "mse": 6675.294795957746,
    "rmse": 81.70247729388471,
    "mape": 56.52393613433509
}