{
    "predictions": [
        250.33181730389595,
        248.38965153074264,
        241.61551164436338,
        222.45709124851226
    ],
    "actual": [
        178.149,
        207.35500000000002,
        260.6,
        214.7
    ],
    "mse": 1828.6962507350365,
    "rmse": 42.763258186614316,
    "mape": 17.801424472017143
}