{
    "predictions": [
        355.32575253248217,
        364.22119799256325,
        367.5996809244156,
        377.85757145285606
    ],
    "actual": [
        381.8,
        393.8,
        369.3,
        356.2
    ],
    "mse": 511.93319834022066,
    "rmse": 22.625940827736216,
    "mape": 5.246443248682174
}