{
    "predictions": [
        280.33283471679687,
        286.0114718017578,
        289.00542222595215,
        294.7114853515625
    ],
    "actual": [
        229.649,
        240.291,
        266.899,
        278.361
    ],
    "mse": 1353.8112295596613,
    "rmse": 36.794173853473886,
    "mape": 13.813447764091578
}