{
    "predictions": [
        1016.3369649805427,
        1010.6858921300769,
        1002.287054898709,
        1003.809251878202
    ],
    "actual": [
        1027.592,
        1444.143,
        1128.329,
        1084.362
    ],
    "mse": 52596.764332784514,
    "rmse": 229.33984462536054,
    "mape": 12.427343272726175
}