{
    "predictions": [
        502.8125981271862,
        495.55071318191284,
        501.9338280386328,
        491.4564791027903
    ],
    "actual": [
        506.19999999999993,
        485.3,
        511.3,
        550.2
    ],
    "mse": 913.7695091991508,
    "rmse": 30.228620696273108,
    "mape": 3.822504427023534
}