{
    "predictions": [
        870.2171904070378,
        1127.7456604621411,
        1338.285847435236,
        1220.615171178818
    ],
    "actual": [
        893.011,
        694.884,
        516.489,
        363.052
    ],
    "mse": 399663.3564676413,
    "rmse": 632.1893359331849,
    "mape": 115.04168656475579
}