{
    "predictions": [
        883.032110029459,
        912.7957732021808,
        967.745840215683,
        961.6874881327152
    ],
    "actual": [
        763.8,
        1059.4,
        1161.4,
        929.0
    ],
    "mse": 18569.875214814918,
    "rmse": 136.2713293940252,
    "mape": 12.410392818622814
}