{
    "predictions": [
        47.08503985214234,
        48.042619845867165,
        51.71957561540604,
        47.222726827621464
    ],
    "actual": [
        28.211,
        28.211,
        28.211,
        39.132
    ],
    "mse": 341.9088785289267,
    "rmse": 18.490778202361486,
    "mape": 60.30182688496299
}