{
    "predictions": [
        440.5581213611364,
        431.8478056900501,
        430.61469001257416,
        421.78277302765844
    ],
    "actual": [
        310.8,
        252.3,
        438.6,
        313.2
    ],
    "mse": 15232.142090313664,
    "rmse": 123.41856460967962,
    "mape": 37.350898076971795
}