{
    "predictions": [
        1255.9958336353304,
        1341.4341713786127,
        1396.040991663933,
        1511.5778166055682
    ],
    "actual": [
        1232.0,
        1309.0,
        1437.0,
        1978.0000000000002
    ],
    "mse": 55213.76725779373,
    "rmse": 234.97609933308902,
    "mape": 7.714076123476452
}