{
    "predictions": [
        56.21615437415241,
        37.549981610476955,
        26.33872838336228,
        27.27727354568242
    ],
    "actual": [
        8.499999999999996,
        7.699999999999998,
        39.699999999999996,
        17.6
    ],
    "mse": 860.0064982238224,
    "rmse": 29.325867390817656,
    "mape": 259.4171814200459
}