{
    "predictions": [
        277.3306133925915,
        275.57123843789105,
        272.0057829383612,
        270.7284254009724
    ],
    "actual": [
        349.00000000000006,
        319.0,
        209.99999999999997,
        323.0
    ],
    "mse": 3399.898234090396,
    "rmse": 58.30864630644752,
    "mape": 19.9648465085034
}