{
    "predictions": [
        353.66406021118166,
        353.97172383069994,
        360.30675361156466,
        360.724523806572
    ],
    "actual": [
        348.8999999999999,
        315.0,
        333.8,
        347.6
    ],
    "mse": 604.0881600513952,
    "rmse": 24.57820498025426,
    "mape": 6.363522736177085
}