{
    "predictions": [
        205.94062159454828,
        217.36718023037915,
        222.85032747763398,
        221.5249203794003
    ],
    "actual": [
        62.917,
        186.79400000000004,
        212.825,
        212.60100000000003
    ],
    "mse": 5392.654807347865,
    "rmse": 73.43469757102473,
    "mape": 63.149131573767505
}