{
    "predictions": [
        46.14443991947174,
        51.101439643323424,
        55.8650142467618,
        58.76174749031664
    ],
    "actual": [
        27.137000000000004,
        27.137000000000004,
        9.079000000000002,
        38.447
    ],
    "mse": 884.2993086010857,
    "rmse": 29.73717048747385,
    "mape": 181.6277913786886
}