{
    "predictions": [
        2401.5130038261414,
        2711.344170808792,
        2631.676119685173,
        2073.5205005407333
    ],
    "actual": [
        2014.0,
        2414.0,
        2414.0,
        1923.0
    ],
    "mse": 77154.79955313847,
    "rmse": 277.76752789542996,
    "mape": 12.100767192883874
}