{
    "predictions": [
        -2.519340677738192,
        207.22203386902808,
        248.4008070061207,
        188.94670958918334
    ],
    "actual": [
        102.544,
        232.52100000000002,
        218.72500000000002,
        83.987
    ],
    "mse": 5893.884350043192,
    "rmse": 76.771637666805,
    "mape": 62.969035385806
}