{
    "predictions": [
        95.57609828710555,
        94.9127098917961,
        90.76587270498274,
        93.60133724212645
    ],
    "actual": [
        36.9,
        72.4,
        104.5,
        127.4
    ],
    "mse": 1320.1706184116128,
    "rmse": 36.33415223191003,
    "mape": 57.44524695286317
}