{
    "predictions": [
        45.80585412549973,
        43.718060188293464,
        39.62336934638024,
        36.53705309653282
    ],
    "actual": [
        46.621,
        46.621,
        46.621,
        53.388
    ],
    "mse": 85.50319216376364,
    "rmse": 9.24679361528977,
    "mape": 13.63697867561095
}