{
    "predictions": [
        2825.54133490324,
        2706.838470828533,
        2866.081576883793,
        2943.5288077235223
    ],
    "actual": [
        2788.0,
        2910.0,
        2837.0,
        2986.0
    ],
    "mse": 11333.374762259893,
    "rmse": 106.45832406279884,
    "mape": 2.69386367433919
}