{
    "predictions": [
        45.05927747106554,
        47.381022307157544,
        46.76766408318284,
        52.27219383418562
    ],
    "actual": [
        -87.101,
        -71.496,
        -71.496,
        -1.2940000000000038
    ],
    "mse": 12113.42918452673,
    "rmse": 110.06102482044555,
    "mape": 1155.749570062088
}