{
    "predictions": [
        76.7184820175171,
        59.61238288879395,
        61.2455906867981,
        53.76284551620484
    ],
    "actual": [
        103.0,
        16.999999999999993,
        70.00000000000001,
        90.99999999999999
    ],
    "mse": 992.4446798494633,
    "rmse": 31.503090004783076,
    "mape": 82.40084042342113
}