{
    "predictions": [
        189.04256540971994,
        198.80412325590848,
        194.26381175714732,
        192.34651068270207
    ],
    "actual": [
        136.2,
        140.6,
        140.6,
        243.3
    ],
    "mse": 2914.029862246014,
    "rmse": 53.981754901503656,
    "mape": 34.82627683603445
}