{
    "predictions": [
        391.4250727133751,
        406.13686938691137,
        519.2031486063004,
        624.3609054167271
    ],
    "actual": [
        367.418,
        670.723,
        438.149,
        441.269
    ],
    "mse": 27668.645222122905,
    "rmse": 166.33894679876659,
    "mape": 26.493310862001717
}