{
    "predictions": [
        4807.340762296379,
        4488.26145822376,
        3982.3590207070115,
        3854.696591522813
    ],
    "actual": [
        2875.0,
        3251.0000000000005,
        4224.0,
        3086.0
    ],
    "mse": 1478510.3875826497,
    "rmse": 1215.9401249990271,
    "mape": 33.97488753771823
}