{
    "predictions": [
        21.696796119689942,
        21.37605024409294,
        21.71248655319214,
        21.557853897094727
    ],
    "actual": [
        24.195,
        15.872999999999998,
        19.129000000000005,
        23.809
    ],
    "mse": 12.066661540939451,
    "rmse": 3.4737100542416393,
    "mape": 16.988791106294535
}