{
    "predictions": [
        70.33074945211412,
        71.57272431248427,
        71.99041809231043,
        67.52185938394071
    ],
    "actual": [
        59.466,
        78.796,
        89.47100000000002,
        120.004
    ],
    "mse": 807.5410799475837,
    "rmse": 28.417267285007963,
    "mape": 22.67723718379254
}