{
    "predictions": [
        27.64687091255188,
        17.933214284047484,
        15.255494378000497,
        -3.485393690209836
    ],
    "actual": [
        51.366,
        65.966,
        56.633,
        37.008
    ],
    "mse": 1555.3896230876414,
    "rmse": 39.43842825326133,
    "mape": 75.36791273054114
}