{
    "predictions": [
        -158333285.87424755,
        -89737960.10923384,
        -70591046.41985892,
        -9760531.509637816
    ],
    "actual": [
        19759999.999999996,
        32717999.99999999,
        50888000.00000001,
        61488000.000000015
    ],
    "mse": 1.6636548150279706e+16,
    "rmse": 128982743.6143289,
    "mape": 407.53779472108215
}