{
    "predictions": [
        2010.2357330322266,
        2073.1152954101562,
        2005.178451538086,
        2119.67041015625
    ],
    "actual": [
        1771.0,
        1759.0,
        2087.0,
        1812.0
    ],
    "mse": 64314.50046212424,
    "rmse": 253.60303717054384,
    "mape": 13.066563727793925
}