{
    "predictions": [
        336.1028878092766,
        337.849227309227,
        342.09129524230957,
        337.85824728012085
    ],
    "actual": [
        345.0,
        438.0,
        379.0,
        243.0
    ],
    "mse": 5117.418859960029,
    "rmse": 71.53613674192945,
    "mape": 18.554776649015782
}