{
    "predictions": [
        2141.383773207664,
        1906.2242088913915,
        1781.5256116390226,
        1700.4472466707227
    ],
    "actual": [
        1729.0,
        229.00000000000009,
        2105.9999999999995,
        1612.0000000000005
    ],
    "mse": 774061.9918605515,
    "rmse": 879.8079289598109,
    "mape": 194.28931504310802
}