{
    "predictions": [
        95.3932857283354,
        110.54794234180453,
        90.88928621566298,
        61.83962912023069
    ],
    "actual": [
        38.036,
        39.358,
        53.76899999999999,
        35.732
    ],
    "mse": 2604.347515940905,
    "rmse": 51.03280823098906,
    "mape": 118.4442567638707
}