{
    "predictions": [
        458372957.4084277,
        342348324.65648603,
        522706231.8325038,
        668570183.6347575
    ],
    "actual": [
        -311999999.9999999,
        1397000000.0000002,
        1259000000.0,
        1429999999.9999995
    ],
    "mse": 7.069171320258463e+17,
    "rmse": 840783641.6259811,
    "mape": 108.53442829017534
}