{
    "predictions": [
        438.1307842572927,
        444.52107732689376,
        440.975312862277,
        446.45573455452916
    ],
    "actual": [
        528.974,
        577.48,
        534.873,
        623.953
    ],
    "mse": 16563.15496382569,
    "rmse": 128.69792136559818,
    "mape": 21.549954045781554
}