{
    "predictions": [
        2697.464698791504,
        2574.929344177246,
        2526.057945251465,
        2562.9318771362305
    ],
    "actual": [
        3058.0,
        3099.0,
        3105.0,
        3131.0
    ],
    "mse": 265627.76267060376,
    "rmse": 515.3908833794053,
    "mape": 16.372421723643036
}