{
    "predictions": [
        3622.3196214437485,
        3757.6519517302513,
        3635.9615219831467,
        3720.4937816262245
    ],
    "actual": [
        2628.9999999999995,
        2968.0,
        2888.0,
        4000.0
    ],
    "mse": 561951.0599233754,
    "rmse": 749.6339506208183,
    "mape": 24.31882430775128
}