{
    "predictions": [
        197.80671250146628,
        199.13401115876437,
        199.00769840610027,
        200.97819667631387
    ],
    "actual": [
        260.0,
        242.0,
        127.00000000000001,
        198.0
    ],
    "mse": 2724.869073599727,
    "rmse": 52.20027848201317,
    "mape": 24.9592071449014
}