{
    "predictions": [
        86.2362264096737,
        87.01747125387193,
        94.0824916958809,
        94.95515340566637
    ],
    "actual": [
        88.99999999999999,
        128.0,
        80.0,
        108.0
    ],
    "mse": 513.9226754800127,
    "rmse": 22.669862714185385,
    "mape": 16.201160112204995
}