{
    "predictions": [
        277.77998533165464,
        370.6086075890065,
        424.721235194564,
        376.5974814852477
    ],
    "actual": [
        -347.817,
        -170.508,
        332.5180000000001,
        384.13100000000003
    ],
    "mse": 173184.2403865614,
    "rmse": 416.1541065357416,
    "mape": 131.72734147433007
}