{
    "predictions": [
        467.38905430740124,
        578.4716223385931,
        634.4270076637268,
        580.4697802346946
    ],
    "actual": [
        323.5,
        601.7,
        585.0,
        511.6
    ],
    "mse": 7107.4232986061115,
    "rmse": 84.30553539718558,
    "mape": 17.562501862227887
}