{
    "predictions": [
        116.16803169381618,
        102.66102627211808,
        99.84144963857531,
        80.90836029583215
    ],
    "actual": [
        158.194,
        171.072,
        149.75,
        144.842
    ],
    "mse": 3256.154255867633,
    "rmse": 57.06272212108035,
    "mape": 36.005962766151434
}