{
    "predictions": [
        190.458027675122,
        192.43660369634625,
        190.70315124249456,
        188.31841659733652
    ],
    "actual": [
        199.604,
        251.648,
        166.424,
        183.561
    ],
    "mse": 1050.4371149330782,
    "rmse": 32.41044762006656,
    "mape": 11.322994747967593
}