{
    "predictions": [
        52.77481834495067,
        56.34007097500562,
        54.79899271541833,
        62.4338121228218
    ],
    "actual": [
        46.305,
        35.812,
        25.435,
        33.596
    ],
    "mse": 539.2809308984592,
    "rmse": 23.222423019539956,
    "mape": 68.14454437039029
}