{
    "predictions": [
        328.68429594683647,
        331.8556409496367,
        333.7494815522134,
        337.1400793685019
    ],
    "actual": [
        380.0,
        499.3,
        388.1000000000001,
        392.7
    ],
    "mse": 9177.949624095101,
    "rmse": 95.80161597851625,
    "mape": 18.798098841696852
}