{
    "predictions": [
        260.5940174261331,
        265.08277197074887,
        268.1215274801254,
        276.22702320873736
    ],
    "actual": [
        282.6,
        287.0,
        288.8,
        272.6
    ],
    "mse": 351.3456691598636,
    "rmse": 18.74421695243265,
    "mape": 5.978575512685821
}