{
    "predictions": [
        73.53680691379313,
        93.22837745696312,
        18.71589297288661,
        57.43149459499126
    ],
    "actual": [
        336.51099999999997,
        413.73100000000005,
        350.6840000000001,
        379.858
    ],
    "mse": 96509.7581892893,
    "rmse": 310.6601973045297,
    "mape": 83.78938443155121
}