{
    "predictions": [
        39.4406081122458,
        20.203285981841386,
        22.486161030188203,
        11.862516565013678
    ],
    "actual": [
        104.871,
        65.212,
        86.656,
        104.64300000000001
    ],
    "mse": 4758.226714998707,
    "rmse": 68.97990080450035,
    "mape": 73.53135906293605
}