{
    "predictions": [
        425.9329659962058,
        434.77223351430894,
        451.53400917577744,
        462.3545633087158
    ],
    "actual": [
        441.942,
        525.595,
        486.26199999999994,
        310.522
    ],
    "mse": 8191.056177357872,
    "rmse": 90.50445390895341,
    "mape": 19.235039535271298
}