{
    "predictions": [
        36.83115365123749,
        -12.79045769035816,
        -15.584935515046118,
        3.497564598321917
    ],
    "actual": [
        84.401,
        14.565,
        14.565,
        62.39199999999999
    ],
    "mse": 1847.1961199844297,
    "rmse": 42.97901953260951,
    "mape": 136.3937398592196
}