{
    "predictions": [
        44541481.30512234,
        110614115.80967899,
        111011866.23549457,
        61762260.107636414
    ],
    "actual": [
        -135000000.0,
        62999999.99999997,
        27999999.99999999,
        8000000.000000016
    ],
    "mse": 1.107089952033898e+16,
    "rmse": 105218342.12882742,
    "mape": 294.2677134112043
}