{
    "predictions": [
        453.01410729599,
        469.86558743286133,
        483.62346221733094,
        508.64386759185794
    ],
    "actual": [
        522.0,
        540.0,
        553.0,
        483.0
    ],
    "mse": 3787.150289521411,
    "rmse": 61.53982685644648,
    "mape": 11.014579457428567
}