{
    "predictions": [
        723.944161593914,
        730.5924991369247,
        1020.5387177467346,
        636.5457576215267
    ],
    "actual": [
        1044.0,
        879.0,
        3063.0,
        794.0
    ],
    "mse": 1080225.1134892197,
    "rmse": 1039.3387866760384,
    "mape": 33.51314995805094
}