{
    "predictions": [
        400.8143380284309,
        440.9798038005829,
        451.1170032918453,
        372.6766546666622
    ],
    "actual": [
        286.9,
        465.5,
        385.2,
        355.9
    ],
    "mse": 4551.055973723779,
    "rmse": 67.46151476007472,
    "mape": 16.69975390355904
}