{
    "predictions": [
        100.68970214176177,
        111.7455132587552,
        133.73306798315048,
        133.99835529619455
    ],
    "actual": [
        148.0,
        195.99999999999994,
        251.99999999999997,
        233.0
    ],
    "mse": 8281.368920550609,
    "rmse": 91.00202701341662,
    "mape": 41.093674749916524
}