{
    "predictions": [
        304.4362721443176,
        616.7332600355148,
        959.725826382637,
        1174.0683915615084
    ],
    "actual": [
        426.0,
        343.0,
        925.0000000000001,
        895.9999999999999
    ],
    "mse": 42058.88774585066,
    "rmse": 205.08263638311914,
    "mape": 35.78256590389548
}