{
    "predictions": [
        563466457.9987705,
        561661116.4253235,
        578081653.1365514,
        572745113.6266947
    ],
    "actual": [
        667182000.0,
        620921000.0,
        741906000.0,
        805567000.0
    ],
    "mse": 2.3828273713388212e+16,
    "rmse": 154364094.63793132,
    "mape": 19.018087564601448
}