{
    "predictions": [
        143.17844010901453,
        145.93865414738656,
        150.8162669849396,
        144.0047501587868
    ],
    "actual": [
        127.052,
        146.829,
        130.559,
        139.556
    ],
    "mse": 172.75075750033199,
    "rmse": 13.143468244734036,
    "mape": 8.000688450147345
}