{
    "predictions": [
        62.99278916233778,
        96.94655483132601,
        125.81946282076835,
        185.8182971227169
    ],
    "actual": [
        49.8,
        58.00000000000001,
        28.7,
        14.4
    ],
    "mse": 10126.826616539509,
    "rmse": 100.63213510871917,
    "mape": 405.61023973484555
}