{
    "predictions": [
        376.1389172077179,
        427.6152539253235,
        460.06405544281,
        507.75570535659784
    ],
    "actual": [
        2.0,
        211.0,
        350.0,
        334.0
    ],
    "mse": 57301.80976174569,
    "rmse": 239.37796423594568,
    "mape": 4723.269164357124
}