{
    "predictions": [
        1505.6343259811401,
        1531.3951811790466,
        1598.9924774169922,
        1652.6184673309326
    ],
    "actual": [
        1513.0,
        1573.0,
        1684.0,
        1706.0
    ],
    "mse": 2965.2702571689388,
    "rmse": 54.454295121403774,
    "mape": 2.827189833492368
}