{
    "predictions": [
        237.47532402831314,
        235.4437963377833,
        254.05753764373063,
        253.03269679528472
    ],
    "actual": [
        194.86100000000002,
        185.92300000000003,
        274.429,
        235.48499999999999
    ],
    "mse": 1247.8020059176051,
    "rmse": 35.32424105225199,
    "mape": 15.844785592473418
}