{
    "predictions": [
        66.09839226841923,
        66.09438810801504,
        66.79384501671788,
        60.931277499198885
    ],
    "actual": [
        42.43399999999998,
        57.63900000000001,
        -419.382,
        20.177000000000003
    ],
    "mse": 59664.84011542304,
    "rmse": 244.26387394664616,
    "mape": 97.08691236913245
}