{
    "predictions": [
        80.22652277016638,
        87.08058175402878,
        96.18910011053084,
        100.49980938929318
    ],
    "actual": [
        19.926999999999992,
        18.212999999999997,
        8.289000000000003,
        18.068000000000005
    ],
    "mse": 5725.05176539794,
    "rmse": 75.6640718267127,
    "mape": 549.3497610282261
}