{
    "predictions": [
        339.7110968253016,
        346.47585514110324,
        347.1142405245304,
        351.6162615137696
    ],
    "actual": [
        364.04,
        362.1019999999999,
        319.141,
        256.707
    ],
    "mse": 2656.585509841852,
    "rmse": 51.54207514101321,
    "mape": 14.183855006599508
}