{
    "predictions": [
        573.8806365132332,
        968.5221535563469,
        1293.328950226307,
        1437.7066236734393
    ],
    "actual": [
        326.0,
        399.0,
        207.0,
        294.0
    ],
    "mse": 718493.9306209882,
    "rmse": 847.6402129565281,
    "mape": 283.14670990341415
}