{
    "predictions": [
        -62.142119228839874,
        -54.24809855222702,
        -78.55659167468548,
        -129.7841333448887
    ],
    "actual": [
        421.0,
        457.99999999999994,
        271.00000000000006,
        125.00000000000003
    ],
    "mse": 170732.29680770886,
    "rmse": 413.19764859895906,
    "mape": 139.8550350687275
}