{
    "predictions": [
        3356.20039537549,
        -238.00273597240442,
        -2194.4385893940926,
        -2069.988975971937
    ],
    "actual": [
        17402.0,
        19723.0,
        18010.0,
        15568.0
    ],
    "mse": 328761027.6469681,
    "rmse": 18131.768464409866,
    "mape": 101.85035669539475
}