{
    "predictions": [
        268.88268275856973,
        259.1898246526718,
        258.02643673777584,
        250.1158829689026
    ],
    "actual": [
        265.00000000000006,
        325.0,
        318.0,
        261.0
    ],
    "mse": 2015.3366746411016,
    "rmse": 44.89250131860667,
    "mape": 11.186054724538712
}