{
    "predictions": [
        175452968.81198883,
        176867688.1313324,
        179016585.18314362,
        176377979.15935516
    ],
    "actual": [
        134999999.99999997,
        136999999.99999997,
        -371000000.0,
        129999999.99999999
    ],
    "mse": 7.69737590425182e+16,
    "rmse": 277441451.55783445,
    "mape": 60.74837044728627
}