{
    "predictions": [
        169.62916550040242,
        164.7058657109737,
        155.52380326390266,
        154.19841998815536
    ],
    "actual": [
        -65.0,
        115.00000000000001,
        129.0,
        144.0
    ],
    "mse": 14582.259574832402,
    "rmse": 120.7570270205109,
    "mape": 107.95844068766058
}