{
    "predictions": [
        329.4773997068405,
        343.6693347096443,
        386.0793935656548,
        378.09794086217886
    ],
    "actual": [
        344.0,
        403.0,
        443.0,
        456.99999999999994
    ],
    "mse": 3299.1310340282316,
    "rmse": 57.4380625894383,
    "mape": 12.264512939744382
}