{
    "predictions": [
        584.7139763236046,
        586.4987100958824,
        597.7612179517746,
        623.4136475324631
    ],
    "actual": [
        535.0,
        649.0,
        661.0,
        728.0
    ],
    "mse": 5328.834839747323,
    "rmse": 72.99886875662747,
    "mape": 10.714031567743543
}