{
    "predictions": [
        594173018.682003,
        593855645.5254555,
        595063615.2803898,
        594735549.8731136
    ],
    "actual": [
        504400000.0,
        596500000.0,
        573500000.0,
        723100000.0000001
    ],
    "mse": 6252152263551224.0,
    "rmse": 79070552.44243096,
    "mape": 9.93831491978319
}