{
    "predictions": [
        119317854.56359385,
        113469608.33489893,
        114907644.5480585,
        127689708.30154417
    ],
    "actual": [
        69724999.99999999,
        89027999.99999999,
        19414000.0,
        140931000.0
    ],
    "mse": 3087802849169228.0,
    "rmse": 55568002.02606918,
    "mape": 149.96402626155964
}