{
    "predictions": [
        936.9772803187371,
        967.263998925686,
        992.3970162272454,
        978.5167578458787
    ],
    "actual": [
        931.0,
        965.9999999999999,
        1039.0,
        822.0
    ],
    "mse": 6676.66478910049,
    "rmse": 81.71086090049774,
    "mape": 6.074803451457259
}