{
    "predictions": [
        914.566307067871,
        1184.492245197296,
        1797.0419645309446,
        2127.8867444992065,
        2386.7117958068848,
        2237.8031992912292
    ],
    "actual": [
        1293.9999999999998,
        1224.0000000000002,
        83.99999999999976,
        1514.0000000000002,
        223.9999999999998,
        1735.0
    ],
    "mse": 1397838.9777128787,
    "rmse": 1182.3024053569707,
    "mape": 517.8182769633576
}