{
    "predictions": [
        205.03817491996293,
        215.82299186420445,
        222.82002048051362,
        212.7905659358502,
        203.6428924789429,
        207.0827311445475
    ],
    "actual": [
        180.73199999999997,
        180.73199999999997,
        144.483,
        144.483,
        50.15700000000001,
        -436.318
    ],
    "mse": 75024.53336974907,
    "rmse": 273.90606669029637,
    "mape": 97.9721988432786
}