{
    "predictions": [
        35364.67226791382,
        37888.29090881348,
        37786.20567321777,
        37084.4059009552,
        34109.152718544006,
        31485.296187400818
    ],
    "actual": [
        29622.0,
        43221.0,
        30736.0,
        28202.0,
        32502.0,
        45912.00000000001
    ],
    "mse": 66788554.73484551,
    "rmse": 8172.4264900239705,
    "mape": 20.42094022474716
}