{
    "predictions": [
        3715.741436481476,
        3722.1810779571533,
        3418.813477039337,
        2832.5505628585815,
        2396.977391719818,
        2440.3893547058105
    ],
    "actual": [
        2278.0,
        2410.0,
        2382.0,
        2552.0,
        2399.0,
        2664.0
    ],
    "mse": 832102.7059414033,
    "rmse": 912.1966377604136,
    "mape": 30.093337354531545
}