{
    "predictions": [
        72500392.49077438,
        93085247.62597679,
        138820820.23102045,
        119948630.08666039,
        62089959.89453792,
        80792273.33569525
    ],
    "actual": [
        42456000.00000001,
        92388000.0,
        201251000.0,
        41721000.00000001,
        88827000.0,
        159487000.0
    ],
    "mse": 2971328407954138.5,
    "rmse": 54509892.75309701,
    "mape": 61.581007572669634
}