{
    "predictions": [
        96.39303798691033,
        111.22540511732696,
        108.54464671080707,
        124.71322189173101,
        125.53965490719078,
        132.89719434134958
    ],
    "actual": [
        141.684,
        117.548,
        127.372,
        141.084,
        134.345,
        140.463
    ],
    "mse": 474.7489285559539,
    "rmse": 21.788733982403702,
    "mape": 12.611747516655154
}