{
    "predictions": [
        1337.4625806808472,
        1234.0257287502288,
        1290.266648721695,
        1383.6196796417237,
        1495.5405609607697,
        1498.2507547855378
    ],
    "actual": [
        1258.9,
        1326.7,
        1753.6,
        1327.2,
        1410.6,
        1450.9
    ],
    "mse": 40346.42786127683,
    "rmse": 200.86420253812483,
    "mape": 8.863983190323447
}