{
    "predictions": [
        569368834.759891,
        599314330.2209377,
        614151448.1979609,
        623975851.2794971,
        639038023.4277248,
        646149705.4611444
    ],
    "actual": [
        668399000.0,
        601172000.0,
        596389000.0,
        545471000.0,
        630050000.0,
        679410000.0
    ],
    "mse": 2912662093806881.5,
    "rmse": 53969084.61153368,
    "mape": 6.469585400816961
}