{
    "predictions": [
        399.89309411048885,
        405.6921166419982,
        412.61277618408195,
        419.36584606170646,
        490.4108860969543,
        532.551143836975
    ],
    "actual": [
        497.9,
        527.0,
        300.0,
        -210.10000000000002,
        195.19999999999996,
        348.1000000000001
    ],
    "mse": 92400.2561029696,
    "rmse": 303.9741043295787,
    "mape": 97.34437562856698
}