{
    "predictions": [
        302.31599499320987,
        292.35940282380585,
        342.5941387850643,
        360.2276836950183,
        435.20765029972796,
        403.3241665024162
    ],
    "actual": [
        -22.24599999999996,
        -775.675,
        -5.853999999999975,
        -320.66599999999994,
        -967.584,
        137.25600000000006
    ],
    "mse": 644947.8285840524,
    "rmse": 803.0864390487816,
    "mape": 1350.0219324247041
}