{
    "predictions": [
        154.1707231998444,
        113.06256520748141,
        119.29395842552188,
        70.44160711765291,
        79.72322335839273,
        85.48684895038606
    ],
    "actual": [
        480.00000000000006,
        189.99999999999994,
        -23.0,
        474.0,
        554.0,
        354.0
    ],
    "mse": 98704.80111848305,
    "rmse": 314.17320241943463,
    "mape": 162.27391184325376
}