{
    "predictions": [
        -194441067.44229794,
        -186419777.48274803,
        -262148929.5437932,
        -222780399.72484112,
        -191924475.71456432,
        -205937182.58291483
    ],
    "actual": [
        84899999.99999999,
        -13399999.999999989,
        10900000.000000032,
        -12100000.000000002,
        181300000.0,
        192600000.00000003
    ],
    "mse": 8.75062698811252e+16,
    "rmse": 295814586.9985542,
    "mape": 1046.5328928905847
}