{
    "predictions": [
        394.61671323513985,
        403.77016480147836,
        430.8623930743337,
        458.24008024221655,
        418.334022747159,
        347.9712098217606
    ],
    "actual": [
        324.347,
        324.347,
        233.34599999999998,
        247.324,
        300.367,
        283.628
    ],
    "mse": 18800.076208177208,
    "rmse": 137.11336991036725,
    "mape": 46.33944943592629
}