{
    "predictions": [
        2517.146118076682,
        2682.196751231909,
        2791.580518156409,
        2807.740007052302,
        2855.7112984890937,
        2730.4987316284178
    ],
    "actual": [
        2791.5,
        2416.7,
        1946.9999999999998,
        1955.5,
        2123.1,
        1581.0000000000005
    ],
    "mse": 573909.0845666942,
    "rmse": 757.5678745608833,
    "mape": 35.83135102211288
}