{
    "predictions": [
        15492.818545460701,
        15709.50135487318,
        15102.991254150867,
        14676.893981337547,
        14694.009272933006,
        15396.853766441345
    ],
    "actual": [
        23319.0,
        27029.0,
        25311.0,
        27872.0,
        30853.0,
        36834.0
    ],
    "mse": 198059775.18198204,
    "rmse": 14073.37113779005,
    "mape": 45.6143467837245
}