{
    "predictions": [
        671.789991067171,
        478.1792158495187,
        273.2675408971309,
        36.636955314874605,
        -130.51274655604365,
        -191.58762992897633
    ],
    "actual": [
        258.98999999999995,
        341.0749999999999,
        262.337,
        130.20799999999994,
        174.93499999999995,
        282.874
    ],
    "mse": 86081.4299845939,
    "rmse": 293.3963700944405,
    "mape": 102.99180003622578
}