{
    "predictions": [
        452.50697815996404,
        463.59114708763354,
        483.5859726454615,
        514.0428523940443,
        535.4816518488526,
        533.8581464379429
    ],
    "actual": [
        475.147,
        487.46999999999997,
        547.544,
        430.558,
        551.151,
        547.837
    ],
    "mse": 2097.3428110097166,
    "rmse": 45.79675546378495,
    "mape": 7.688142291823577
}