{
    "predictions": [
        120.7055151450634,
        126.11627055078745,
        129.6761587101221,
        128.01094728410243,
        125.00576419711112,
        123.95387781351805
    ],
    "actual": [
        123.4,
        110.7,
        95.4,
        104.89999999999999,
        102.29999999999998,
        99.99999999999999
    ],
    "mse": 507.2054294497278,
    "rmse": 22.521221757483048,
    "mape": 20.036525672375095
}