{
    "predictions": [
        142.53608219623564,
        123.34829760193824,
        115.96885284185409,
        98.55849520564078,
        77.44068104624748,
        72.2775592982769
    ],
    "actual": [
        164.6,
        167.20000000000002,
        147.9,
        177.2,
        185.2,
        202.89999999999998
    ],
    "mse": 6381.36092391126,
    "rmse": 79.88342083255611,
    "mape": 38.02742521728737
}