{
    "predictions": [
        368.18143920260667,
        366.9773385077417,
        366.17093095481397,
        373.22598070570825,
        377.68195861768726,
        385.66231578344104
    ],
    "actual": [
        430.11799999999994,
        442.95599999999996,
        438.584,
        440.57,
        517.946,
        641.192
    ],
    "mse": 17392.864148255114,
    "rmse": 131.88200843274686,
    "mape": 21.71366024059135
}