{
    "predictions": [
        6361.721355438232,
        6210.943681716919,
        6037.128026008606,
        6241.680771827698,
        6277.209193229675,
        6226.004416465759
    ],
    "actual": [
        5140.0,
        5840.0,
        5840.0,
        6673.0,
        6673.0,
        7606.999999999999
    ],
    "mse": 653149.5308389525,
    "rmse": 808.1766705609316,
    "mape": 10.674217017723144
}