{
    "predictions": [
        208.76410928964617,
        207.58405938148502,
        206.4663934826851,
        207.15951740741733,
        204.94721508026126,
        203.38051960468295
    ],
    "actual": [
        245.90000000000003,
        238.20000000000002,
        181.00000000000003,
        274.0,
        278.0,
        264.0
    ],
    "mse": 2740.6713828266516,
    "rmse": 52.351421975211444,
    "mape": 19.27652353942223
}