{
    "predictions": [
        771794300.198555,
        703971192.6579475,
        466212085.57486534,
        496279482.7222824,
        554129031.2409401,
        490369987.45799065
    ],
    "actual": [
        258000000.0,
        254000000.0,
        254000000.0,
        287000000.0,
        287000000.0,
        749000000.0
    ],
    "mse": 1.155896551683803e+17,
    "rmse": 339984786.67196316,
    "mape": 110.06219921087535
}