{
    "predictions": [
        370.32769629955294,
        385.07639734745027,
        392.4073014497757,
        384.89918050765993,
        428.2370974779129,
        434.76074478626253
    ],
    "actual": [
        302.3,
        299.4,
        213.40000000000003,
        185.0,
        235.50000000000003,
        198.1
    ],
    "mse": 29521.23428887104,
    "rmse": 171.8174446581925,
    "mape": 74.06057029969045
}