{
    "predictions": [
        109.1507434132099,
        110.83639841461179,
        109.6723050125837,
        110.42304483556745,
        110.87539658749101,
        108.26882364058493
    ],
    "actual": [
        113.098,
        85.61199999999998,
        84.517,
        99.184,
        112.244,
        113.834
    ],
    "mse": 240.63347870752784,
    "rmse": 15.512365348570405,
    "mape": 13.359503759756922
}