{
    "predictions": [
        1391.8539918661118,
        1395.7206369638443,
        1375.711485862732,
        1354.7275788784027,
        1320.42169880867,
        1349.1041458845139
    ],
    "actual": [
        1035.0,
        1114.0,
        1329.0,
        1205.0,
        1757.0,
        1254.0
    ],
    "mse": 71826.16853765269,
    "rmse": 268.0040457486653,
    "mape": 18.023344054082628
}