{
    "predictions": [
        250.8451743634641,
        284.14876437985896,
        310.7279867301583,
        317.87519157963993,
        266.8322694451809,
        272.95689047372343
    ],
    "actual": [
        300.5,
        230.6,
        89.3,
        265.2,
        316.3,
        237.8
    ],
    "mse": 10136.860717492154,
    "rmse": 100.68197811670247,
    "mape": 56.33189964556512
}