{
    "predictions": [
        76.9286665711999,
        78.67912015008928,
        86.13721857213974,
        88.96593939721585,
        100.70469342613221,
        94.97136122977734
    ],
    "actual": [
        91.79899999999999,
        81.537,
        81.537,
        80.04,
        58.964,
        69.73300000000002
    ],
    "mse": 451.5648439689214,
    "rmse": 21.250055152138344,
    "mape": 23.91341952153152
}