{
    "predictions": [
        6376.317632436753,
        6731.537703394891,
        6450.318466424943,
        6504.2191478014,
        6579.845566034318,
        6420.982738971711
    ],
    "actual": [
        5150.0,
        4889.0,
        -8559.0,
        4403.000000000001,
        4772.999999999999,
        4725.000000000001
    ],
    "mse": 40122435.201349474,
    "rmse": 6334.227277367735,
    "mape": 59.72236832460176
}