{
    "predictions": [
        589.0424911975861,
        572.6163091659546,
        617.7220962047577,
        651.4729738235474,
        653.6271352767944,
        737.3804306983948
    ],
    "actual": [
        397.00000000000006,
        460.0,
        455.00000000000006,
        475.0,
        477.0,
        524.0
    ],
    "mse": 30652.049286675512,
    "rmse": 175.0772666187004,
    "mape": 37.25345644540359
}