{
    "predictions": [
        170.28101794999836,
        278.77474998497956,
        160.00904411160943,
        134.3229389673471,
        255.87114905500408,
        198.05142119050024
    ],
    "actual": [
        110.42800000000001,
        58.806,
        40.233,
        47.04399999999999,
        47.745000000000005,
        33.967
    ],
    "mse": 24028.789975976106,
    "rmse": 155.01222524683692,
    "mape": 305.0789123135622
}