{
    "predictions": [
        700471233.2035234,
        692960846.1101161,
        683426948.7914687,
        675244695.9729154,
        673317363.8227872,
        667031693.786339
    ],
    "actual": [
        679000000.0,
        675000000.0,
        551000000.0,
        578000000.0,
        755000000.0,
        758000000.0
    ],
    "mse": 7120719882932616.0,
    "rmse": 84384358.0465753,
    "mape": 11.583551589331789
}