{
    "predictions": [
        130.50795698165894,
        133.69020009040833,
        139.4842609167099,
        140.26290500164032,
        142.90011548995972,
        145.34165167808533
    ],
    "actual": [
        187.00000000000003,
        200.0,
        218.99999999999997,
        200.0,
        213.0,
        191.0
    ],
    "mse": 4079.7153915078957,
    "rmse": 63.87264979244164,
    "mape": 31.05954851612145
}