{
    "predictions": [
        124.13361211109162,
        117.70888930749894,
        120.29404162502289,
        122.30474659252167,
        122.8917814564705,
        123.68417102766037
    ],
    "actual": [
        139.63,
        128.398,
        128.398,
        128.398,
        128.398,
        132.28
    ],
    "mse": 93.56728696699601,
    "rmse": 9.673018503393655,
    "mape": 6.8778264916228755
}