{
    "predictions": [
        37.2908557452634,
        42.02479822479189,
        95.25030607141555,
        87.23113588519395,
        63.99085500396789,
        91.44681434445083
    ],
    "actual": [
        292.4,
        155.9,
        160.0,
        220.5,
        418.3,
        210.19999999999996
    ],
    "mse": 39939.77323319749,
    "rmse": 199.84937636429464,
    "mape": 67.06597043760475
}