{
    "predictions": [
        89.25603409862516,
        68.70885623323916,
        45.42419978272915,
        27.212460115417837,
        23.512936911284925,
        36.01823702961206
    ],
    "actual": [
        143.601,
        155.575,
        117.75099999999998,
        78.352,
        158.02199999999996,
        176.486
    ],
    "mse": 9361.566884652324,
    "rmse": 96.7551904791279,
    "mape": 64.18072567770568
}