{
    "predictions": [
        5513.668793916701,
        5452.34918642044,
        5417.928129911422,
        5398.890600085258,
        5433.140808820724,
        5554.220134496688
    ],
    "actual": [
        5285.0,
        5421.0,
        5232.0,
        5348.0,
        5336.0,
        5487.999999999999
    ],
    "mse": 17375.459070173736,
    "rmse": 131.81600460556274,
    "mape": 2.0729019639082495
}