{
    "predictions": [
        129777435.97060442,
        142249073.25398922,
        179595446.249187,
        186463937.65717745,
        189409674.50654507,
        190013474.47431087
    ],
    "actual": [
        191472000.00000003,
        193527000.0,
        213271000.0,
        158882999.99999997,
        179390000.0,
        207239000.00000003
    ],
    "mse": 1454584775245454.5,
    "rmse": 38139019.06506582,
    "mape": 17.627391544649573
}