{
    "predictions": [
        1105.6815149784088,
        1099.949553847313,
        1102.9894086122513,
        1101.4829459190369,
        1095.5941828489304,
        1092.4791457653046
    ],
    "actual": [
        1174.0,
        1224.0,
        1197.0,
        1249.0,
        1215.0,
        1218.0
    ],
    "mse": 13444.739190241415,
    "rmse": 115.95145186775979,
    "mape": 9.291987298138686
}