{
    "predictions": [
        654.9611085653305,
        567.3332477807999,
        238.45502865314486,
        25.344254940748222,
        32.137337327003486,
        479.7554460763931
    ],
    "actual": [
        575.0,
        239.0,
        233.0,
        291.0,
        63.000000000000014,
        -179.0
    ],
    "mse": 103285.07906407538,
    "rmse": 321.3799605826029,
    "mape": 110.32070191232836
}