{
    "predictions": [
        612.2770089564323,
        789.5436258025169,
        738.0274624533653,
        693.2746194944381,
        581.2641115407943,
        557.2065644950866
    ],
    "actual": [
        312.356,
        305.637,
        197.1,
        243.262,
        227.972,
        200.459
    ],
    "mse": 178552.70871660553,
    "rmse": 422.5549771528026,
    "mape": 174.45289203561344
}