{
    "predictions": [
        241.98391589319706,
        191.28653857979182,
        75.57880158385635,
        22.42361402717978,
        -49.91585170636327,
        87.26609282495082
    ],
    "actual": [
        113.161,
        201.574,
        162.41,
        140.932,
        241.711,
        220.298
    ],
    "mse": 23504.796508126787,
    "rmse": 153.3127408538729,
    "mape": 72.92258263491443
}