{
    "predictions": [
        1183486892.7793503,
        1115516862.1435165,
        1058250497.5910187,
        1090727271.4514732,
        1045165638.4429932,
        1112395758.7809563
    ],
    "actual": [
        824424000.0,
        1046885000.0,
        1171576000.0,
        987897000.0,
        952616000.0,
        1073248000.0
    ],
    "mse": 2.7858535048149044e+16,
    "rmse": 166908762.64639026,
    "mape": 13.925638154061556
}