{
    "predictions": [
        396.4285793304444,
        395.3085440397263,
        392.2930413484574,
        402.1781218051911,
        399.3289844393731,
        399.18330609798437
    ],
    "actual": [
        409.0,
        474.0,
        459.0,
        401.0,
        364.0,
        527.0
    ],
    "mse": 4731.139423980688,
    "rmse": 68.78327866553533,
    "mape": 11.410263242760392
}