{
    "predictions": [
        172.2154665887356,
        156.3009924590588,
        158.92086935043338,
        166.32259249687198,
        130.34991025924685,
        145.59159651398662
    ],
    "actual": [
        203.0,
        41.0,
        313.00000000000006,
        55.999999999999986,
        116.0,
        715.0
    ],
    "mse": 62430.8848602149,
    "rmse": 249.8617314840648,
    "mape": 105.77101127067571
}