{
    "predictions": [
        1477017153.9831161,
        2231324102.889061,
        2161675941.598177,
        2331108570.8942413,
        1636306658.9934828,
        786904942.5439239
    ],
    "actual": [
        834000000.0,
        1033000000.0000001,
        889000000.0,
        764000000.0,
        799000000.0,
        835000000.0
    ],
    "mse": 1.1047301028201583e+18,
    "rmse": 1051061417.2445673,
    "mape": 108.65598858809736
}