{
    "predictions": [
        122.5632050716281,
        124.66104558563234,
        125.35184958553316,
        122.84314910286666,
        124.66192736166717,
        126.43718083763125
    ],
    "actual": [
        124.902,
        125.42100000000002,
        128.589,
        133.119,
        131.913,
        142.489
    ],
    "mse": 72.05978328711033,
    "rmse": 8.488803407260079,
    "mape": 4.912887866257249
}