{
    "predictions": [
        5049.33402043581,
        5170.694948613644,
        5221.692844152451,
        5270.580015361309,
        5189.989197611809,
        5155.794020831585
    ],
    "actual": [
        4932.0,
        4700.0,
        3434.0,
        4220.0,
        3220.0,
        3578.0
    ],
    "mse": 1817529.4152652659,
    "rmse": 1348.15778574515,
    "mape": 32.4374300466946
}