{
    "predictions": [
        6958.251159310341,
        4205.022812366486,
        1590.4338425248861,
        1423.515591993928,
        457.21906235814083,
        528.9969064295291
    ],
    "actual": [
        11655.0,
        8920.0,
        12159.0,
        11334.000000000002,
        9655.0,
        12075.0
    ],
    "mse": 78685352.16537845,
    "rmse": 8870.476433956546,
    "mape": 76.40002421350728
}