{
    "predictions": [
        154.05985522270203,
        149.99590623378754,
        147.9099247455597,
        157.61684793233871,
        155.01144576072693,
        154.4492946267128
    ],
    "actual": [
        231.0,
        218.0,
        141.00000000000003,
        180.0,
        218.0,
        194.0
    ],
    "mse": 2770.818577411192,
    "rmse": 52.63856549537793,
    "mape": 21.85308241480056
}