{
    "predictions": [
        244.88795209121704,
        265.88852647972107,
        230.39898428153992,
        189.69037383890154,
        235.98124147892,
        180.7071934862137
    ],
    "actual": [
        248.774,
        303.811,
        275.88,
        275.969,
        197.855,
        226.248
    ],
    "mse": 2415.5524727516745,
    "rmse": 49.14827029257158,
    "mape": 16.86541969859491
}