{
    "predictions": [
        919.3601894378663,
        836.9635772705079,
        826.560368537903,
        790.198588371277,
        758.3738613128663,
        714.0395855903627
    ],
    "actual": [
        762.0,
        686.0,
        654.0000000000001,
        693.0,
        838.0,
        550.0
    ],
    "mse": 20004.364142736023,
    "rmse": 141.43678497030405,
    "mape": 20.399291450583732
}