{
    "predictions": [
        1967364809.5607758,
        2324784350.323677,
        2396832057.8813553,
        1762159150.8865356,
        1323626285.5410576,
        1214756641.6740417
    ],
    "actual": [
        2094500000.0,
        1267500000.0,
        1473400000.0,
        1740800000.0,
        1733300000.0,
        1134000000.0
    ],
    "mse": 3.6025845340500384e+17,
    "rmse": 600215339.1950291,
    "mape": 30.69038132519873
}