{
    "predictions": [
        201.89133557081223,
        132.53485700190066,
        17.857413741946218,
        -61.84866614788771,
        -97.29526408463717,
        -123.45041409283877
    ],
    "actual": [
        319.4,
        -12.100000000000017,
        150.49999999999997,
        135.99999999999997,
        -16.30000000000002,
        -97.19999999999999
    ],
    "mse": 16452.49925096681,
    "rmse": 128.26729610842668,
    "mape": 331.6069108555972
}