{
    "predictions": [
        420.65548484849927,
        396.4379248600006,
        396.6324254140854,
        400.25725091075896,
        376.75811975717545,
        363.37619217300414
    ],
    "actual": [
        496.802,
        422.27599999999995,
        422.27599999999995,
        567.838,
        567.838,
        387.18499999999995
    ],
    "mse": 12047.529707211244,
    "rmse": 109.76123954844553,
    "mape": 16.13841750036521
}