{
    "predictions": [
        676.3926529612542,
        652.6767993142605,
        618.414426112175,
        594.6567259643078,
        571.2965175191164,
        624.7450108155012
    ],
    "actual": [
        858.1,
        654.6,
        654.6,
        449.7,
        449.7,
        589.5
    ],
    "mse": 11895.17178146352,
    "rmse": 109.0649887977967,
    "mape": 15.37493341007864
}