{
    "predictions": [
        72.79926567117872,
        74.49543467625978,
        78.14172952862086,
        75.61001922091843,
        77.64597339324655,
        78.96331866914035
    ],
    "actual": [
        91.356,
        83.282,
        302.625,
        513.801,
        452.634,
        397.033
    ],
    "mse": 80768.32879285676,
    "rmse": 284.19769315189166,
    "mape": 58.88053356333286
}