{
    "predictions": [
        365.31037474943696,
        366.31991667871176,
        376.6147747895122,
        401.18148879647254,
        360.387778831467,
        359.0271463345885
    ],
    "actual": [
        458.004,
        455.385,
        919.9559999999999,
        471.33200000000005,
        501.259,
        418.617
    ],
    "mse": 56676.85501297481,
    "rmse": 238.06901313059373,
    "mape": 26.01338798406303
}