{
    "predictions": [
        587.7117654571533,
        586.1575714874267,
        578.3241689376831,
        572.8567113952637,
        568.3627405929566,
        569.1964526290893
    ],
    "actual": [
        706.134,
        677.907,
        658.287,
        644.848,
        718.181,
        654.83
    ],
    "mse": 10632.866423343004,
    "rmse": 103.115791338393,
    "mape": 14.592319334295226
}