{
    "predictions": [
        839.0052632228138,
        838.6207776339056,
        838.4534786893131,
        826.603156912923,
        827.7436887792351,
        819.2938237459662
    ],
    "actual": [
        637.0000000000001,
        612.0,
        677.9999999999999,
        470.0,
        722.0,
        709.0000000000001
    ],
    "mse": 44736.78147367083,
    "rmse": 211.51071243242228,
    "mape": 33.080403311403224
}