{
    "predictions": [
        517.696274459362,
        493.2924521803856,
        431.72677688598634,
        365.5536573469639,
        412.23582555651666,
        449.48062134981154
    ],
    "actual": [
        405.4,
        433.0,
        392.90000000000003,
        448.80000000000007,
        423.50000000000006,
        481.90000000000003
    ],
    "mse": 4310.167158965808,
    "rmse": 65.65186333201677,
    "mape": 13.240402013494343
}