{
    "predictions": [
        949.1676985621452,
        942.3302627503872,
        935.8156240880489,
        928.0284515917301,
        946.1683786809444,
        982.2487837970258
    ],
    "actual": [
        1084.0,
        1084.0,
        1166.0,
        928.0,
        1236.0,
        1193.0
    ],
    "mse": 36608.892589055926,
    "rmse": 191.33450443936118,
    "mape": 14.394469246261465
}