{
    "predictions": [
        2423.008010053158,
        2199.285158095598,
        2290.786062464237,
        2388.9136021204,
        2408.0766454057693,
        2190.2809403648375
    ],
    "actual": [
        3474.0,
        3513.0,
        3407.0,
        3180.0,
        3081.0,
        2910.0
    ],
    "mse": 945500.576332003,
    "rmse": 972.3685393573792,
    "mape": 28.6436457702158
}