{
    "predictions": [
        524.8419075489044,
        530.7272488653659,
        569.0253953814506,
        564.769998806715,
        584.0656885981559,
        566.4338466405868
    ],
    "actual": [
        457.5,
        463.9,
        476.20000000000005,
        416.8,
        428.4,
        333.30000000000007
    ],
    "mse": 19682.614222332544,
    "rmse": 140.29474053695864,
    "mape": 31.73385522449293
}