{
    "predictions": [
        410.82396958923346,
        413.26003615951544,
        473.32013162231453,
        478.1350916919709,
        534.4860694847108,
        501.5875715885163
    ],
    "actual": [
        352.42499999999995,
        506.304,
        695.046,
        571.374,
        548.051,
        558.509
    ],
    "mse": 12224.588323138947,
    "rmse": 110.56486025468918,
    "mape": 15.972293372002651
}