{
    "predictions": [
        3647.9907131195055,
        3586.237234115599,
        3552.407010555266,
        3675.843980789183,
        3838.2165493965135,
        3923.489653110503
    ],
    "actual": [
        3519.0,
        4178.0,
        3409.0000000000005,
        4235.000000000001,
        2535.999999999999,
        3161.9999999999995
    ],
    "mse": 495946.20549514005,
    "rmse": 704.2344818987068,
    "mape": 18.445170916042727
}