{
    "predictions": [
        138.200100928545,
        353.9717557132244,
        596.4675425291061,
        964.8491271436214,
        1677.3424596190453,
        2046.390380680561
    ],
    "actual": [
        2040.0000000000002,
        2395.0,
        2358.0,
        2627.0,
        2541.0,
        1846.9999999999995
    ],
    "mse": 2405673.690651674,
    "rmse": 1551.0234333019196,
    "mape": 60.20107674061502
}