{
    "predictions": [
        180.33756440877912,
        194.5693126916885,
        184.66765326261518,
        187.85993778705594,
        173.7909672260284,
        178.3600341081619
    ],
    "actual": [
        109.0,
        83.0,
        83.0,
        50.99999999999999,
        50.99999999999999,
        101.0
    ],
    "mse": 11277.651738466035,
    "rmse": 106.19628872265751,
    "mape": 151.34547145693097
}