{
    "predictions": [
        35.969573061168205,
        262.7517880827188,
        372.019652891159,
        164.33851925581692,
        71.29512078240514,
        391.6438450098037
    ],
    "actual": [
        258.4,
        243.4,
        336.5,
        364.7,
        388.6,
        323.9
    ],
    "mse": 32754.62835828405,
    "rmse": 180.9823979238977,
    "mape": 43.682202721580005
}