{
    "predictions": [
        114.87662667286395,
        114.86490825337171,
        121.49327019345759,
        128.8479514838457,
        132.7731849439144,
        147.1884819929004
    ],
    "actual": [
        161.952,
        114.478,
        114.478,
        144.304,
        153.132,
        133.101
    ],
    "mse": 519.5470704824801,
    "rmse": 22.793575201851947,
    "mape": 11.68721110383259
}