{
    "predictions": [
        85.979832639575,
        46.077776275396346,
        37.65183035071194,
        43.20402983164787,
        80.82883235460518,
        61.94338397848606
    ],
    "actual": [
        61.905,
        51.484,
        63.131,
        54.948,
        70.46,
        60.071
    ],
    "mse": 251.15870817952634,
    "rmse": 15.84798751196903,
    "mape": 21.492616422904263
}