{
    "predictions": [
        1257.8781282901764,
        1267.640761256218,
        1264.7400683760643,
        1271.1373478770256,
        1274.1346915960312,
        1276.0630375146866
    ],
    "actual": [
        1265.0,
        1510.0,
        1247.0,
        1373.0,
        1399.0,
        1663.0
    ],
    "mse": 39131.83162746822,
    "rmse": 197.8176726874225,
    "mape": 9.607935047802506
}