{
    "predictions": [
        937.3435306549073,
        1035.5541429519656,
        1005.6905622482302,
        926.5722093582154,
        935.9895744323732,
        971.9633884429933
    ],
    "actual": [
        1078.2,
        1073.4,
        1032.4,
        992.1,
        975.7,
        1220.0
    ],
    "mse": 14896.536305819667,
    "rmse": 122.05136748852783,
    "mape": 8.363787141588173
}