{
    "predictions": [
        52.90185373604298,
        58.40887408792973,
        69.47732796013355,
        62.65428122287989,
        57.61439478576184,
        83.55025902676583
    ],
    "actual": [
        185.7,
        154.9,
        175.6,
        230.2,
        249.2,
        272.6
    ],
    "mse": 23120.72051994967,
    "rmse": 152.05499176268324,
    "mape": 68.87543047987864
}