{
    "predictions": [
        621.4747381210327,
        765.1779007911682,
        813.2854652404785,
        820.9028196334839,
        965.3912138938904,
        1018.0240225791932
    ],
    "actual": [
        723.0,
        614.0,
        732.0,
        716.0,
        745.0,
        695.0
    ],
    "mse": 33948.478539749856,
    "rmse": 184.25112900536013,
    "mape": 23.413470492910783
}