{
    "predictions": [
        237.68702611923217,
        188.0926048874855,
        220.3233122587204,
        259.39279978275295,
        209.66368191242216,
        174.55041552782058
    ],
    "actual": [
        374.99999999999994,
        -56.6,
        165.9,
        279.79999999999995,
        357.7,
        102.89999999999999
    ],
    "mse": 18192.70132312606,
    "rmse": 134.8803222235403,
    "mape": 103.34183149710671
}