{
    "predictions": [
        116.43898343658446,
        120.05581601905823,
        128.4186135368347,
        135.12336535739897,
        131.24322507095337,
        143.14792851638794
    ],
    "actual": [
        185.285,
        179.456,
        157.957,
        171.01,
        169.61700000000002,
        167.826
    ],
    "mse": 2085.0127481490085,
    "rmse": 45.66193982025959,
    "mape": 24.545112646787924
}