{
    "predictions": [
        1293.2667589187622,
        1579.611930847168,
        1679.6562767028809,
        1778.4853076934814,
        1879.5954322814941,
        1734.8306035995483
    ],
    "actual": [
        1396.0,
        1335.9999999999998,
        2085.0,
        1853.0,
        1728.0,
        1682.0000000000002
    ],
    "mse": 44254.8521375589,
    "rmse": 210.3683724744737,
    "mape": 10.16160169611319
}