{
    "predictions": [
        248.2810270786285,
        245.13175272941587,
        243.1082234382629,
        241.41469168663022,
        241.17501497268674,
        241.88914179801938
    ],
    "actual": [
        249.99999999999997,
        390.00000000000006,
        285.0,
        320.0,
        152.0,
        180.0
    ],
    "mse": 6783.797454872613,
    "rmse": 82.36381156110136,
    "mape": 28.356783496110644
}