{
    "predictions": [
        143.39806193727256,
        146.0950117980838,
        146.54497723925112,
        147.0258352239728,
        148.26711750948428,
        150.61105074101687
    ],
    "actual": [
        131.029,
        125.119,
        137.436,
        174.419,
        132.057,
        106.586
    ],
    "mse": 604.5531182289346,
    "rmse": 24.587661910578944,
    "mape": 17.019629882869467
}