{
    "predictions": [
        66.34302504247428,
        69.38324045455457,
        69.10978518998624,
        69.17923218733073,
        68.14964788770676,
        67.6034366274476
    ],
    "actual": [
        66.821,
        57.76799999999999,
        38.18099999999998,
        59.931999999999995,
        103.37599999999999,
        68.23000000000002
    ],
    "mse": 403.0886320218253,
    "rmse": 20.077067316264724,
    "mape": 25.37525104091506
}