{
    "predictions": [
        199.5004729505181,
        417.52799177741997,
        420.9133664864301,
        438.91480877852433,
        170.65690075618025,
        460.5707964180707
    ],
    "actual": [
        259.211,
        249.652,
        24.372,
        339.551,
        310.664,
        144.988
    ],
    "mse": 53010.06778656633,
    "rmse": 230.2391534612789,
    "mape": 334.884630474899
}