{
    "predictions": [
        2243.2783321142197,
        2243.4986493587494,
        2253.2854548692703,
        2232.3196593523026,
        2235.2463129758835,
        2253.053768634796
    ],
    "actual": [
        2468.0,
        2009.0,
        2382.0,
        2533.0,
        2478.0,
        2306.0
    ],
    "mse": 45699.70032137518,
    "rmse": 213.7748823444307,
    "mape": 8.357392425160025
}