{
    "predictions": [
        1170.6820612847805,
        1133.670795083046,
        1142.9736128896475,
        1152.5495050549507,
        1161.1801295429468,
        1172.6256164610386
    ],
    "actual": [
        1212.0,
        1232.0,
        1220.0,
        1139.0,
        1266.0,
        1424.0
    ],
    "mse": 15278.123990001544,
    "rmse": 123.6047086077288,
    "mape": 7.470979741054073
}