{
    "predictions": [
        1489.7129309773445,
        1503.3381216078997,
        1434.3639339730144,
        1353.7098478227854,
        1350.762850433588,
        1357.6180524528027
    ],
    "actual": [
        1372.0,
        1230.0,
        1254.0,
        1216.0,
        1332.0,
        1118.0
    ],
    "mse": 32972.34488777932,
    "rmse": 181.58288710057266,
    "mape": 13.225257862896497
}