{
    "predictions": [
        380.70728863775724,
        372.8955436499119,
        384.34590384852885,
        383.005744410634,
        361.6278813140392,
        340.48301847910875
    ],
    "actual": [
        334.758,
        342.727,
        324.36,
        322.88,
        349.04400000000004,
        303.809
    ],
    "mse": 1956.3716090103726,
    "rmse": 44.23088976055504,
    "mape": 12.553431423791734
}