{
    "predictions": [
        97.43318637013435,
        106.56484701633453,
        109.31295729875563,
        110.0349808037281,
        108.96707053184508,
        111.94862414002418
    ],
    "actual": [
        75.1,
        79.2,
        83.9,
        102.8,
        83.5,
        39.9
    ],
    "mse": 1297.5575555856142,
    "rmse": 36.02162622072488,
    "mape": 52.11491382555386
}