{
    "predictions": [
        4068.147210806608,
        3708.215729802847,
        3753.9241002500057,
        3812.307726919651,
        3557.2729735076427,
        3495.558539956808
    ],
    "actual": [
        3251.0,
        5183.0,
        2637.0,
        3801.0,
        3583.9999999999995,
        5193.0
    ],
    "mse": 1162064.5603960047,
    "rmse": 1077.9909834483797,
    "mape": 21.61261858824648
}