{
    "predictions": [
        76.1890746976733,
        69.52720436793565,
        71.59017882853746,
        66.70364918553828,
        63.571319396674625,
        64.40165714102983
    ],
    "actual": [
        72.868,
        88.692,
        56.026,
        45.149,
        62.51499999999999,
        81.056
    ],
    "mse": 227.27473993609325,
    "rmse": 15.075633981232539,
    "mape": 20.65395936157193
}