{
    "predictions": [
        217.03208088994026,
        228.99782923817634,
        244.948641859293,
        250.70776985168456,
        264.3996370482445,
        267.18087421655656
    ],
    "actual": [
        223.40000000000003,
        210.9,
        204.69999999999996,
        227.5,
        217.00000000000003,
        224.90000000000003
    ],
    "mse": 1093.5055811257384,
    "rmse": 33.0681959158001,
    "mape": 13.656362436211317
}