{
    "predictions": [
        964.0432986021041,
        989.7759419679641,
        1020.911708831787,
        1012.9165433645247,
        997.9823681116103,
        965.3682196140288
    ],
    "actual": [
        564.0,
        590.0,
        1074.0,
        472.00000000000006,
        574.0,
        556.0
    ],
    "mse": 160434.65096281676,
    "rmse": 400.5429452166356,
    "mape": 67.6207008736485
}