{
    "predictions": [
        324.5190048345328,
        336.47448938667776,
        343.147385317266,
        371.6207154807449,
        380.774804050982,
        408.25004959714414
    ],
    "actual": [
        465.6,
        478.6000000000001,
        423.6000000000001,
        403.8,
        517.8,
        524.6
    ],
    "mse": 13320.808801508269,
    "rmse": 115.41580828252371,
    "mape": 22.60007544969882
}