{
    "predictions": [
        677185313.6405945,
        648341135.5676651,
        639623481.6417694,
        735408090.0688171,
        729215157.459259,
        676510789.9513245
    ],
    "actual": [
        624999999.9999999,
        651000000.0,
        453000000.0,
        534000000.0,
        511000000.0,
        471000000.0
    ],
    "mse": 2.7996076482748e+16,
    "rmse": 167320281.14591488,
    "mape": 29.001433781831736
}