{
    "predictions": [
        28.97097516059875,
        -4.272791385650637,
        96.4888756275177,
        84.69275617599487,
        73.46721053123474,
        149.04786229133606
    ],
    "actual": [
        32.99999999999999,
        121.00000000000004,
        -560.0,
        253.99999999999994,
        154.00000000000003,
        185.99999999999997
    ],
    "mse": 80533.8470995889,
    "rmse": 283.7848605891246,
    "mape": 61.964618356271814
}