{
    "predictions": [
        9012.639405190945,
        8985.454502344131,
        9137.107663691044,
        8988.346090197563,
        9211.8509901762,
        9222.94300866127
    ],
    "actual": [
        7971.0,
        6460.0,
        5684.0,
        7800.0,
        5377.0,
        5268.0
    ],
    "mse": 8524451.396600083,
    "rmse": 2919.6663159683303,
    "mape": 45.75708914945886
}