{
    "predictions": [
        45.56646570563316,
        40.67984516620636,
        36.65283288359642,
        34.84454933106899,
        39.203336840868,
        48.943648886680606
    ],
    "actual": [
        47.9,
        51.2,
        72.7,
        44.3,
        55.4,
        51.7
    ],
    "mse": 295.80870224179574,
    "rmse": 17.199090157383203,
    "mape": 21.81895418347484
}