{
    "predictions": [
        208.76281137609485,
        224.9508743915558,
        221.2759461641312,
        235.98891656780245,
        243.7288134055138,
        241.9298942279816
    ],
    "actual": [
        273.95,
        271.276,
        269.817,
        314.513,
        315.803,
        322.391
    ],
    "mse": 4431.055054167151,
    "rmse": 66.56617049348078,
    "mape": 21.93490154287022
}