{
    "predictions": [
        49.089580196142194,
        48.995704007148746,
        50.78156560063362,
        48.96800419092178,
        50.308322542905806,
        52.70045735836029
    ],
    "actual": [
        67.7,
        51.5,
        50.70000000000001,
        75.7,
        77.69999999999999,
        39.599999999999994
    ],
    "mse": 331.52524224851896,
    "rmse": 18.207834639201856,
    "mape": 22.693548489964403
}