{
    "predictions": [
        57.92671012470722,
        48.452789600312705,
        35.71493727474809,
        20.466886861541866,
        12.039123824119565,
        8.8545099894613
    ],
    "actual": [
        140.108,
        138.073,
        146.267,
        82.087,
        141.018,
        146.321
    ],
    "mse": 11056.154968177696,
    "rmse": 105.14825233059129,
    "mape": 76.60399978152303
}