{
    "predictions": [
        17.779502058088777,
        17.623339399456977,
        17.595550356328488,
        18.360236945033073,
        17.326705843389032,
        17.009127403140067
    ],
    "actual": [
        19.373,
        19.373,
        18.795,
        18.795,
        18.795,
        6.737
    ],
    "mse": 19.150122564385796,
    "rmse": 4.376085301315069,
    "mape": 31.0395328244102
}