{
    "predictions": [
        1790.4424548075199,
        1970.2136595708134,
        2488.0654139542585,
        2417.5016982107168,
        1615.3493658975362,
        1407.376031256795
    ],
    "actual": [
        1598.894,
        1983.4229999999998,
        1030.1179999999997,
        1349.2509999999997,
        1368.5429999999997,
        1524.0929999999998
    ],
    "mse": 563028.624389578,
    "rmse": 750.352333500455,
    "mape": 43.174017018144504
}