{
    "predictions": [
        97058213.41055632,
        119544204.02425528,
        102894969.28441525,
        44691737.65915632,
        13728910.101532938,
        32575660.777121782
    ],
    "actual": [
        83836000.0,
        83836000.0,
        19406000.0,
        77660000.0,
        81135000.0,
        46415000.0
    ],
    "mse": 2373720890264496.5,
    "rmse": 48720846.56760899,
    "mape": 107.32240057898295
}