{
    "predictions": [
        773200744.587183,
        783474759.5489025,
        788413066.3692951,
        731713157.3975086,
        716721590.3937817,
        748044472.014904
    ],
    "actual": [
        877000000.0,
        786000000.0,
        881000000.0,
        919999999.9999999,
        919999999.9999999,
        976000000.0
    ],
    "mse": 2.4681795365156708e+16,
    "rmse": 157104409.1206759,
    "mape": 14.763972682362617
}