{
    "predictions": [
        2571.4862871170044,
        2548.413007259369,
        2550.9568721055984,
        2582.0734721422195,
        2572.6417648792267,
        2568.66192817688
    ],
    "actual": [
        2392.0,
        2806.0,
        2441.0,
        2568.0,
        2564.0,
        1242.0
    ],
    "mse": 311826.9190346365,
    "rmse": 558.414647940611,
    "mape": 21.48161829449867
}