{
    "predictions": [
        407.9497283697129,
        480.97012460231787,
        525.891525745392,
        481.61989539861685,
        439.72677826881414,
        468.95816743373877
    ],
    "actual": [
        492.00000000000017,
        160.9999999999998,
        168.00000000000017,
        937.0000000000001,
        580.9999999999999,
        690.0000000000002
    ],
    "mse": 85620.05459813986,
    "rmse": 292.60904736207294,
    "mape": 88.96727351139346
}