{
    "predictions": [
        397.7736431956291,
        425.86775398254395,
        288.85306364297867,
        334.78485187888145,
        400.2128601670265,
        431.68750470876694
    ],
    "actual": [
        1005.0000000000001,
        1048.0,
        1118.0,
        1012.0,
        920.9999999999999,
        947.0000000000001
    ],
    "mse": 406440.59861104377,
    "rmse": 637.5269395178872,
    "mape": 61.97121568786491
}