{
    "predictions": [
        916.3830149173737,
        644.2256860733032,
        399.2911302447319,
        350.20388984680176,
        356.7097515761852,
        533.6437842845917
    ],
    "actual": [
        1126.0,
        359.00000000000006,
        359.00000000000006,
        398.0,
        398.0,
        203.00000000000003
    ],
    "mse": 40038.502075704506,
    "rmse": 200.09623203774854,
    "mape": 49.09191663566205
}