{
    "predictions": [
        395.19282644987106,
        408.48280787467957,
        407.1938471198082,
        380.96014297008514,
        373.2387654185295,
        384.86425536870956
    ],
    "actual": [
        380.0,
        317.0,
        314.0,
        391.99999999999994,
        273.0,
        327.0
    ],
    "mse": 5133.829973068133,
    "rmse": 71.65074998259357,
    "mape": 19.96098146440098
}