{
    "predictions": [
        2888.5611097872256,
        2985.6874358773234,
        3115.9793123543263,
        3118.829787766934,
        3035.5920028924943,
        3165.7900318026545
    ],
    "actual": [
        3681.5,
        2892.4,
        3291.0,
        3430.0,
        3338.0,
        3015.0
    ],
    "mse": 146517.0002991978,
    "rmse": 382.77539144934303,
    "mape": 8.86913285646516
}