{
    "predictions": [
        71.81607345849275,
        76.62718988001346,
        83.28339647507667,
        95.93351976394653,
        93.12370379132032,
        93.54006974440813
    ],
    "actual": [
        57.32,
        64.75,
        38.99399999999999,
        57.443,
        49.483,
        48.103
    ],
    "mse": 1293.8854785575293,
    "rmse": 35.97061965768076,
    "mape": 67.81176092680712
}