{
    "predictions": [
        2244.3806493878365,
        2150.99400370121,
        2141.6392625629906,
        2172.647819823027,
        2281.760171425343,
        2244.039147102833
    ],
    "actual": [
        2256.0,
        2271.0,
        2985.0,
        2108.0,
        2304.0,
        2438.0
    ],
    "mse": 128014.75749101788,
    "rmse": 357.7915000262274,
    "mape": 7.673400733405473
}