{
    "predictions": [
        293.0244054000377,
        487.51035659909246,
        642.8429273457527,
        858.4127804603577,
        907.8185026717186,
        971.0131891994477
    ],
    "actual": [
        686.0,
        820.0,
        375.0,
        673.0,
        861.0,
        714.0
    ],
    "mse": 73224.11090368872,
    "rmse": 270.599539732958,
    "mape": 39.706915750731596
}