{
    "predictions": [
        402.6019079461694,
        428.24375540602205,
        422.130026907444,
        430.68288007384535,
        428.9273585987687,
        426.9490520069599
    ],
    "actual": [
        339.016,
        326.888,
        301.9,
        383.9,
        369.2,
        316.2
    ],
    "mse": 7798.793994509805,
    "rmse": 88.31078073774349,
    "mape": 25.495910191658062
}