{
    "predictions": [
        168.13085557723045,
        161.17168232023715,
        188.47574732816219,
        201.01024128699302,
        202.24762395358084,
        175.36690075528622
    ],
    "actual": [
        154.256,
        175.631,
        134.325,
        176.978,
        190.58999999999997,
        186.809
    ],
    "mse": 696.3762289828342,
    "rmse": 26.388941414593237,
    "mape": 13.893592691750346
}