{
    "predictions": [
        313.878636379838,
        246.8106888061762,
        249.15768717885018,
        287.0387749968767,
        293.382088077426,
        274.22093395113944
    ],
    "actual": [
        304.9,
        360.2,
        283.5,
        293.0,
        343.0,
        359.1
    ],
    "mse": 3969.845915762981,
    "rmse": 63.006713259485146,
    "mape": 14.44583912315566
}