{
    "predictions": [
        411.16037219703196,
        544.8250901126861,
        639.0869315692782,
        599.6651780852675,
        531.2806149673462,
        658.0386722487211
    ],
    "actual": [
        701.4,
        506.40000000000003,
        1584.0,
        554.0,
        645.0,
        553.0
    ],
    "mse": 167437.79427967896,
    "rmse": 409.19163515360253,
    "mape": 25.581599827287004
}