{
    "predictions": [
        2194.3772163391113,
        2199.967144370079,
        2202.937532901764,
        2210.267045736313,
        2196.2155586481094,
        2208.3820568323135
    ],
    "actual": [
        2456.0,
        2145.0,
        2052.0,
        2033.0,
        2306.9999999999995,
        1466.0
    ],
    "mse": 114846.3204975752,
    "rmse": 338.8898353411846,
    "mape": 14.122025293748749
}