{
    "predictions": [
        3319.9732501506805,
        3461.8465263843536,
        3393.8030145168304,
        3368.467779636383,
        3504.7666096687317,
        3365.534262418747
    ],
    "actual": [
        3190.0,
        2837.0,
        3058.0,
        5451.0,
        3271.0,
        3020.0
    ],
    "mse": 838511.8491669687,
    "rmse": 915.7029262631897,
    "mape": 15.645532529714801
}