{
    "predictions": [
        2609.164392858744,
        4073.2747953236108,
        11631.50266325474,
        12920.938746094705,
        12214.307186961176,
        12070.65494811535
    ],
    "actual": [
        4126.0,
        5488.0,
        5488.0,
        2760.9999999999995,
        3494.0,
        2197.0
    ],
    "mse": 53133672.905177034,
    "rmse": 7289.284800663027,
    "mape": 206.91014812325238
}