{
    "predictions": [
        316.339704812348,
        128.45771393391493,
        143.03355399441725,
        147.64913172033434,
        186.13364960256226,
        328.85208787864457
    ],
    "actual": [
        380.2,
        189.3,
        189.3,
        255.6,
        255.6,
        -3.0000000000000018
    ],
    "mse": 22754.212855079637,
    "rmse": 150.84499612211084,
    "mape": 1867.4210492546158
}