{
    "predictions": [
        25241.188294887543,
        26707.97405397892,
        26210.4447106719,
        26272.01783591509,
        27412.04712241888,
        27481.699746608734
    ],
    "actual": [
        30816.0,
        32991.0,
        33554.0,
        34331.0,
        37935.0,
        36786.0
    ],
    "mse": 64455413.143889986,
    "rmse": 8028.412865809156,
    "mape": 22.587987498579917
}