{
    "predictions": [
        547.0647963285443,
        565.0514233708378,
        555.5766342878338,
        603.7058216333386,
        603.0466628670689,
        595.1089689135548
    ],
    "actual": [
        733.0000000000001,
        863.0000000000001,
        53.99999999999994,
        749.9999999999998,
        806.0,
        898.9999999999995
    ],
    "mse": 88311.02946589219,
    "rmse": 297.17171713656097,
    "mape": 177.87102205957586
}