{
    "predictions": [
        345.1825918059945,
        354.83984219753745,
        381.5267904449701,
        371.5338240492344,
        255.11849421954156,
        226.00743455684184
    ],
    "actual": [
        290.559,
        264.209,
        240.053,
        304.135,
        257.741,
        225.406
    ],
    "mse": 5960.393410900753,
    "rmse": 77.20358418429001,
    "mape": 22.580288971761604
}