{
    "predictions": [
        85.20736958038808,
        85.58318925595283,
        85.30122444725036,
        84.94201542973518,
        85.12277205276489,
        85.50958330273629
    ],
    "actual": [
        101.3,
        101.3,
        92.7,
        98.49999999999999,
        73.5,
        96.6
    ],
    "mse": 167.106315297233,
    "rmse": 12.92696079120042,
    "mape": 13.406858943862105
}