{
    "predictions": [
        251.71686074960232,
        95.53198481722175,
        -90.04039243961871,
        -5.645456785708677,
        55.121244783997525,
        202.31608660572766
    ],
    "actual": [
        408.671,
        620.06,
        438.23500000000007,
        376.742,
        426.11000000000007,
        406.655
    ],
    "mse": 150741.0576545941,
    "rmse": 388.25385723079955,
    "mape": 80.39275489046825
}