{
    "predictions": [
        199.1921427166462,
        212.88355826199057,
        219.07297232925893,
        202.19695689976217,
        201.14997417777778,
        205.8815369343758
    ],
    "actual": [
        216.3,
        192.97900000000004,
        201.33599999999998,
        200.44,
        215.42099999999996,
        177.978
    ],
    "mse": 331.4711428092838,
    "rmse": 18.206348969776553,
    "mape": 8.368778044531215
}