{
    "predictions": [
        104.02258931720259,
        106.51295976203683,
        109.18577749395374,
        109.52647867417338,
        110.46851231861118,
        112.54308237874511
    ],
    "actual": [
        164.15,
        170.648,
        140.796,
        127.54000000000002,
        142.626,
        156.358
    ],
    "mse": 2001.0255065527879,
    "rmse": 44.73282359244482,
    "mape": 26.89276495579889
}