{
    "predictions": [
        383.5165003830195,
        388.85826176267864,
        363.4310808386803,
        365.84439365071063,
        358.4977986403108,
        381.6750471532941
    ],
    "actual": [
        271.0,
        376.0,
        445.0,
        431.0,
        363.0,
        421.0
    ],
    "mse": 4215.1268498946465,
    "rmse": 64.92400827039752,
    "mape": 14.827879719134904
}