{
    "predictions": [
        1444.978186534181,
        1592.7746347763537,
        1899.3488260214178,
        5584.055188757359,
        7494.4992339715955,
        10579.081626731931
    ],
    "actual": [
        10950.0,
        14142.0,
        17458.0,
        19216.0,
        22502.0,
        24739.0
    ],
    "mse": 183576401.7019836,
    "rmse": 13549.036928947518,
    "mape": 76.58891576480235
}