{
    "predictions": [
        349.43546962738037,
        358.22421169281006,
        347.5330982208252,
        351.40008544921875,
        363.07170724868774,
        370.6635675430298
    ],
    "actual": [
        345.0,
        346.0,
        480.99999999999994,
        275.0,
        320.0,
        411.0
    ],
    "mse": 4550.281903029706,
    "rmse": 67.4557773880763,
    "mape": 13.937070678334226
}