{
    "predictions": [
        978.6546603859662,
        1123.9984742045403,
        1217.6009420725106,
        1222.9433703929187,
        1301.3140773643256,
        1335.081589152217
    ],
    "actual": [
        950.788,
        956.387,
        969.989,
        1123.693,
        1196.892,
        1194.876
    ],
    "mse": 21765.674066123243,
    "rmse": 147.5319425281293,
    "mape": 12.545756224776245
}