{
    "predictions": [
        209.95876513290406,
        210.94544769001007,
        211.38774383735657,
        202.07107530498504,
        204.51535223674776,
        204.2197440519333
    ],
    "actual": [
        215.12,
        215.12,
        204.206,
        247.118,
        259.762,
        254.031
    ],
    "mse": 1276.3702349277667,
    "rmse": 35.72632411720756,
    "mape": 11.16035753727725
}