{
    "predictions": [
        61.95234903496503,
        63.565484297871585,
        59.721514356762164,
        64.20787968572974,
        57.65097420936822,
        59.879303547918795
    ],
    "actual": [
        83.529,
        73.75,
        68.44,
        90.8,
        103.327,
        78.782
    ],
    "mse": 632.6733911432993,
    "rmse": 25.15299964503835,
    "mape": 24.97753029228849
}