{
    "predictions": [
        1053.19160931319,
        1118.7588165301083,
        1115.3526296272873,
        1123.1977365225553,
        1142.539644168019,
        1176.5933922302722
    ],
    "actual": [
        1039.0,
        1039.0,
        1401.0,
        1583.0,
        1511.0,
        1968.0
    ],
    "mse": 176943.81082173777,
    "rmse": 420.646895652087,
    "mape": 20.512736139304288
}