{
    "predictions": [
        571.1413889944554,
        572.0119470477105,
        574.9492028295995,
        578.058237451315,
        572.7273301005364,
        577.5688358545304
    ],
    "actual": [
        613.2,
        700.4,
        565.5,
        591.7,
        687.5,
        760.2
    ],
    "mse": 10842.451982187655,
    "rmse": 104.12709533155937,
    "mape": 11.647386076625414
}