{
    "predictions": [
        876.4361964992283,
        873.1626195136307,
        906.6298355708121,
        923.9544389838575,
        911.5128938532471,
        907.5739395812749
    ],
    "actual": [
        951.6989999999998,
        1002.1319999999998,
        831.214,
        867.186,
        979.624,
        1019.5259999999998
    ],
    "mse": 8063.363537645565,
    "rmse": 89.79623342682902,
    "mape": 9.055098213153752
}