{
    "predictions": [
        29.958851850032804,
        39.37941216826438,
        53.40778221487998,
        57.49112994670867,
        47.83351379632949,
        82.6178953886032
    ],
    "actual": [
        109.7,
        109.7,
        50.1,
        264.7,
        110.1,
        146.2
    ],
    "mse": 10361.6487273642,
    "rmse": 101.79218401903066,
    "mape": 53.62002201736351
}