{
    "predictions": [
        5696.183367192745,
        7304.88251554966,
        5133.852363348007,
        3754.844766199589,
        1579.3602250516415,
        1799.9246478676794
    ],
    "actual": [
        3403.0,
        3055.0,
        2987.0,
        3662.0,
        3755.0,
        2135.0
    ],
    "mse": 5463911.749018613,
    "rmse": 2337.50117626037,
    "mape": 59.09037065801401
}