{
    "predictions": [
        159.4515447793007,
        134.68772603940963,
        111.27708140492439,
        107.95275501859187,
        90.54066280817985,
        92.598239906013
    ],
    "actual": [
        107.559,
        93.883,
        99.677,
        126.17,
        116.569,
        82.135
    ],
    "mse": 935.2075834063977,
    "rmse": 30.581163866118597,
    "mape": 25.47552157337845
}