{
    "predictions": [
        1111.764420032501,
        994.782819843292,
        973.3212763786314,
        850.6031554222105,
        691.0552543640136,
        575.0238188266754
    ],
    "actual": [
        1864.7,
        2079.2,
        1657.0,
        1573.2999999999997,
        1715.1,
        1606.8
    ],
    "mse": 807634.9439327562,
    "rmse": 898.6851194566183,
    "mape": 50.608281933955205
}