{
    "predictions": [
        426.9978085339069,
        474.6099085211754,
        452.4733655452728,
        511.65836503505705,
        522.5643959760665,
        498.45896427631374
    ],
    "actual": [
        247.79999999999998,
        247.79999999999998,
        100.30000000000001,
        198.19999999999996,
        176.1,
        148.1
    ],
    "mse": 91437.63278741768,
    "rmse": 302.3865618499236,
    "mape": 184.40494228480648
}