{
    "predictions": [
        1042.242568339944,
        1108.890550501585,
        1099.6545906916856,
        1102.0691989315749,
        1176.8287669659853,
        1385.8649034678936
    ],
    "actual": [
        1136.824,
        1164.329,
        1272.073,
        1335.894,
        1191.978,
        941.766
    ],
    "mse": 48979.09161394276,
    "rmse": 221.3122039426266,
    "mape": 15.42758002179012
}