{
    "predictions": [
        224.15884562242033,
        233.9601384842396,
        268.65845781338214,
        292.8356705354453,
        285.8639063443542,
        285.09299530714753
    ],
    "actual": [
        249.0,
        201.3,
        102.5,
        190.0,
        145.6,
        163.2
    ],
    "mse": 12399.906926990441,
    "rmse": 111.35486934566643,
    "mape": 68.90921033291383
}