{
    "predictions": [
        732.1194377028943,
        685.0496774189472,
        422.5059507088661,
        266.2315522888899,
        250.0060739513636,
        305.4880247029066
    ],
    "actual": [
        322.113,
        312.384,
        371.5930000000001,
        566.322,
        633.666,
        535.801
    ],
    "mse": 99978.39948118715,
    "rmse": 316.1936107532648,
    "mape": 69.46755603039692
}