{
    "predictions": [
        506.29860389232635,
        647.7766414880753,
        645.9306564927101,
        487.61361798644066,
        718.2318175435066,
        875.4939467310905
    ],
    "actual": [
        762.0,
        706.0,
        734.0000000000001,
        889.0,
        807.0,
        593.0
    ],
    "mse": 54220.50342264985,
    "rmse": 232.85296524341246,
    "mape": 26.265049622814278
}