{
    "predictions": [
        145.36120209789274,
        80.18240000474452,
        91.03016205132008,
        49.56178186717629,
        49.192150179952385,
        38.21667254264653
    ],
    "actual": [
        149.067,
        145.14,
        211.98800000000003,
        129.97,
        220.92,
        141.562
    ],
    "mse": 10916.702325139033,
    "rmse": 104.48302410027685,
    "mape": 52.81722027674148
}