{
    "predictions": [
        119.03204749059681,
        117.68261055207256,
        107.63528729879859,
        113.32562187135223,
        122.48597223794464,
        133.65942309474949
    ],
    "actual": [
        237.11800000000002,
        277.9920000000001,
        414.473,
        364.9940000000001,
        314.957,
        -615.92
    ],
    "mse": 132674.02584427813,
    "rmse": 364.2444589067597,
    "mape": 72.21010389664558
}