{
    "predictions": [
        369.7753895266056,
        388.8534664120674,
        457.4214174765348,
        527.6831649290323,
        533.4322820028067,
        503.4577168431282
    ],
    "actual": [
        422.088,
        545.637,
        498.25399999999996,
        354.665,
        475.269,
        624.6
    ],
    "mse": 12829.781825267099,
    "rmse": 113.26862683579729,
    "mape": 21.623272412383876
}