{
    "predictions": [
        53.91280005508662,
        51.52386738145352,
        50.48069663786889,
        49.066600937783726,
        52.52340234857798,
        42.496718496322636
    ],
    "actual": [
        51.392,
        0.0,
        45.82,
        0.0,
        46.557,
        0.0
    ],
    "mse": 1155.314300589684,
    "rmse": 33.989914689355786,
    "mape": Infinity
}