{
    "predictions": [
        1920.2682947539095,
        1562.1691577029528,
        1154.974188379109,
        1258.239981229365,
        1078.2331695451737,
        1335.3311289835276
    ],
    "actual": [
        1316.4,
        1316.4,
        830.9,
        1763.6000000000001,
        1628.5,
        1055.7
    ],
    "mse": 194409.89623797513,
    "rmse": 440.91937611991506,
    "mape": 32.07964265596821
}