{
    "predictions": [
        120.17934941089155,
        134.52130946677923,
        139.6250790220499,
        148.88922814822197,
        171.24722027260066,
        188.36299329829214
    ],
    "actual": [
        138.739,
        141.178,
        145.226,
        182.325,
        167.303,
        164.949
    ],
    "mse": 350.31087828358665,
    "rmse": 18.716593661336635,
    "mape": 9.473326055805043
}