{
    "predictions": [
        115.13174044173957,
        92.53432845038176,
        98.43611198157073,
        83.72099700027705,
        74.40832914435865,
        68.12186743420364
    ],
    "actual": [
        170.497,
        160.009,
        180.398,
        160.93599999999998,
        232.07,
        174.917
    ],
    "mse": 9426.742306535629,
    "rmse": 97.09141211526192,
    "mape": 49.50777537091967
}