{
    "predictions": [
        573.9631118872761,
        577.8741969094276,
        578.8410843898654,
        598.5186330239773,
        601.5105185697674,
        611.0410453711747
    ],
    "actual": [
        637.3,
        661.9,
        731.2999999999998,
        694.3,
        702.6,
        736.9
    ],
    "mse": 11591.541317621166,
    "rmse": 107.66402053435105,
    "mape": 14.790571045352038
}