{
    "predictions": [
        162.24378660914303,
        243.81235018718243,
        339.54410863286256,
        303.8935066599846,
        210.66979768168926,
        244.8038288371563
    ],
    "actual": [
        326.324,
        264.777,
        144.883,
        320.671,
        356.712,
        281.266
    ],
    "mse": 14699.013208167251,
    "rmse": 121.23948700059421,
    "mape": 41.948913240421355
}