{
    "predictions": [
        28.91123385006189,
        1.3489085562229148,
        7.68118059713766,
        87.12190615832806,
        75.82020859926939,
        66.39617982888223
    ],
    "actual": [
        51.85099999999999,
        21.32,
        47.190999999999995,
        47.447,
        67.776,
        53.216
    ],
    "mse": 716.4379674497867,
    "rmse": 26.766358875457577,
    "mape": 56.98225180960328
}