{
    "predictions": [
        78.07345443248748,
        69.36617043972015,
        60.55532562470436,
        47.03306685197353,
        54.81153169083595,
        48.50533340132236
    ],
    "actual": [
        58.108,
        73.87799999999999,
        189.1,
        53.293,
        49.43999999999999,
        61.123000000000005
    ],
    "mse": 2861.65915217439,
    "rmse": 53.494477772704634,
    "mape": 25.282920529394932
}