{
    "predictions": [
        153.49968196988107,
        161.31242487406732,
        171.64780695748328,
        175.67018053996563,
        180.2480083142519,
        180.2970403807163
    ],
    "actual": [
        134.11,
        120.492,
        112.923,
        111.90800000000002,
        124.214,
        121.89100000000002
    ],
    "mse": 2684.5935189854777,
    "rmse": 51.8130632078965,
    "mape": 41.724209219155945
}