{
    "predictions": [
        178.7037904970422,
        175.31307997171578,
        173.4437394157499,
        171.60761767594886,
        172.11994866790994,
        168.45068764150886
    ],
    "actual": [
        149.961,
        125.10800000000002,
        1850.9269999999997,
        474.5079999999999,
        364.587,
        316.667
    ],
    "mse": 494676.1783850941,
    "rmse": 703.3321963233974,
    "mape": 52.22595809696195
}