{
    "predictions": [
        381.2585157404542,
        389.38807060301303,
        376.64137873828406,
        331.6918107924461,
        270.0234137777686,
        277.9377114467621
    ],
    "actual": [
        305.514,
        297.59799999999996,
        326.452,
        310.919,
        303.132,
        289.21
    ],
    "mse": 3056.062517213018,
    "rmse": 55.28166528979584,
    "mape": 15.418535287256216
}