{
    "predictions": [
        53.97390066385269,
        52.192642021179196,
        51.78742597103118,
        50.93414242267608,
        46.851511597633355,
        43.16120867729187
    ],
    "actual": [
        70.2,
        67.0,
        50.9,
        44.1,
        84.3,
        63.00000000000001
    ],
    "mse": 387.66735037584976,
    "rmse": 19.689269929985972,
    "mape": 23.061342103927053
}