{
    "predictions": [
        207.04237593364718,
        207.71723156666758,
        199.1635281171799,
        190.11330106258396,
        179.3862644323111,
        185.74569606685642
    ],
    "actual": [
        209.14300000000003,
        182.354,
        168.237,
        258.457,
        218.05400000000003,
        191.276
    ],
    "mse": 1300.1325830548474,
    "rmse": 36.057351303927575,
    "mape": 13.393872658951567
}