{
    "predictions": [
        82.92768716967107,
        77.22597750139238,
        77.06751813155414,
        75.66414794105293,
        79.86073982346059,
        78.01295265746118
    ],
    "actual": [
        106.72,
        58.69199999999999,
        -80.341,
        100.55199999999999,
        92.724,
        91.88800000000002
    ],
    "mse": 4444.068272240872,
    "rmse": 66.6638453154397,
    "mape": 50.58697439164328
}