{
    "predictions": [
        332.56695159077645,
        343.73734924197197,
        341.518727850914,
        355.9688740193844,
        366.2842703461647,
        386.6231104850769
    ],
    "actual": [
        339.2,
        350.8,
        381.8,
        393.8,
        369.3,
        356.2
    ],
    "mse": 680.3856037951899,
    "rmse": 26.0842021882056,
    "mape": 5.580577814184296
}