{
    "predictions": [
        1018.7120888616442,
        1023.178926336497,
        1029.2524077073037,
        1027.952373084247,
        1034.0322249356211,
        1026.1764874792993
    ],
    "actual": [
        996.9819999999999,
        1027.592,
        1027.592,
        1444.143,
        1128.329,
        1084.362
    ],
    "mse": 30997.75042036919,
    "rmse": 176.06178012382242,
    "mape": 7.5521532624892735
}