{
    "predictions": [
        375.8922237002254,
        392.80012551331527,
        393.69849123799804,
        390.7101056286097,
        384.44436679595714,
        375.75913022780423
    ],
    "actual": [
        355.23699999999997,
        369.504,
        385.994,
        318.341,
        329.815,
        319.965
    ],
    "mse": 2060.557841527359,
    "rmse": 45.393367814333395,
    "mape": 11.808270214235076
}