{
    "predictions": [
        1658.1619792327883,
        1830.2142877092363,
        1298.22027510643,
        735.1082012257576,
        657.5144939227105,
        1037.6425748343468
    ],
    "actual": [
        840.968,
        630.258,
        893.011,
        694.884,
        516.489,
        363.052
    ],
    "mse": 458079.0447825429,
    "rmse": 676.8153697889425,
    "mape": 91.97403211231284
}