{
    "predictions": [
        169.72200971841812,
        267.04670840501785,
        245.57110732793808,
        240.7837672829628,
        249.207089304924,
        288.2165642976761
    ],
    "actual": [
        177.0,
        386.0,
        4.000000000000002,
        343.0,
        823.0,
        200.0
    ],
    "mse": 70004.6799051238,
    "rmse": 264.583975148012,
    "mape": 1036.305843892301
}