{
    "predictions": [
        50.92002964019776,
        47.15596807789803,
        48.26776067471505,
        52.00510858535767,
        54.660259927749635,
        49.26636468696595
    ],
    "actual": [
        51.843,
        30.2833,
        28.211,
        28.211,
        28.211,
        39.132
    ],
    "mse": 342.70679213677766,
    "rmse": 18.512341616791154,
    "mape": 55.431388426406926
}