{
    "predictions": [
        1251.1742551326754,
        1283.5796725153925,
        1292.4925762414935,
        1388.6731998324396,
        1308.0809705853464,
        1383.3967519402506
    ],
    "actual": [
        1265.0000000000002,
        1685.0,
        1232.0,
        1309.0,
        1437.0,
        1978.0000000000002
    ],
    "mse": 90251.62330654652,
    "rmse": 300.4190794649143,
    "mape": 12.490837172390945
}