{
    "predictions": [
        747.5204278784395,
        729.9541836972535,
        679.7447322692872,
        642.7282217402459,
        680.1954081760347,
        709.6234982509017
    ],
    "actual": [
        1060.302,
        964.342,
        965.616,
        1227.052,
        1108.0,
        1021.0
    ],
    "mse": 142649.78574514997,
    "rmse": 377.69006572208116,
    "mape": 33.356281253021486
}