{
    "predictions": [
        12993.411630392073,
        13053.108046770094,
        12883.73712992668,
        12704.468448281286,
        12531.92792856693,
        12502.681543707846
    ],
    "actual": [
        11203.0,
        10555.0,
        11640.0,
        11862.0,
        11586.0,
        10847.0
    ],
    "mse": 2556468.9624176915,
    "rmse": 1598.8961699928145,
    "mape": 13.477450963498013
}