{
    "predictions": [
        284.37649414360527,
        288.68712833189966,
        284.0508173259497,
        282.94749346733096,
        282.02083138227465,
        281.78254388988023
    ],
    "actual": [
        283.0,
        283.0,
        349.00000000000006,
        319.0,
        209.99999999999997,
        323.0
    ],
    "mse": 2073.0494272149786,
    "rmse": 45.53075254391232,
    "mape": 13.24404052853612
}