{
    "predictions": [
        369.0047346830368,
        362.3802082538605,
        362.9162391185761,
        355.326285469532,
        354.93618658781054,
        340.4300179004669
    ],
    "actual": [
        336.1,
        341.2,
        348.8999999999999,
        315.0,
        333.8,
        347.6
    ],
    "mse": 642.0223453032676,
    "rmse": 25.338159864190366,
    "mape": 6.8686147762093555
}