{
    "predictions": [
        103.45787709355355,
        72.70747781991959,
        49.40457003414631,
        36.29294465482235,
        29.718269751966,
        25.253054645657542
    ],
    "actual": [
        175.59999999999997,
        134.79999999999998,
        166.39999999999998,
        204.79999999999998,
        136.99999999999997,
        90.0
    ],
    "mse": 11140.677019976743,
    "rmse": 105.54940558798398,
    "mape": 64.99723121813675
}