{
    "predictions": [
        193.08644008219247,
        193.279576813221,
        192.86313994520907,
        195.88171796906,
        197.62712746286397,
        199.44373982411628
    ],
    "actual": [
        223.13499999999996,
        199.109,
        62.917,
        186.79400000000004,
        212.825,
        212.60100000000003
    ],
    "mse": 3051.5954762267647,
    "rmse": 55.24124796043953,
    "mape": 40.187490055980476
}