{
    "predictions": [
        48.32539143711329,
        44.53459221693874,
        41.834669883251195,
        40.314545601248746,
        43.449623465061194,
        42.86143433088065
    ],
    "actual": [
        68.355,
        45.19100000000001,
        27.137000000000004,
        27.137000000000004,
        9.079000000000002,
        38.447
    ],
    "mse": 332.0187143781367,
    "rmse": 18.221380693518718,
    "mape": 87.25497271388856
}