{
    "predictions": [
        815.908858180046,
        757.0371031761168,
        705.1497352123259,
        797.7217179536818,
        784.5397442579268,
        796.975336074829
    ],
    "actual": [
        880.9999999999999,
        937.0,
        3510.0,
        997.9999999999999,
        912.0,
        969.0000000000001
    ],
    "mse": 1331626.4168179967,
    "rmse": 1153.961185143589,
    "mape": 26.383591189068838
}