{
    "predictions": [
        109.37854074239729,
        104.67806793451308,
        96.0929974079132,
        100.51785650253295,
        100.40681197643279,
        95.37362540960311
    ],
    "actual": [
        89.39999999999999,
        78.3,
        36.9,
        72.4,
        104.5,
        127.4
    ],
    "mse": 1071.9687020307274,
    "rmse": 32.740933127061716,
    "mape": 47.39043987197819
}