{
    "predictions": [
        291.52528653144833,
        271.88001995086665,
        244.24947128295895,
        260.16167476177213,
        236.839449596405,
        285.6127676963806
    ],
    "actual": [
        189.6,
        243.30000000000004,
        170.3,
        171.0,
        214.4,
        263.4
    ],
    "mse": 4270.141011864325,
    "rmse": 65.34631597775291,
    "mape": 29.99475502508307
}