{
    "predictions": [
        510.8307533681393,
        672.9360728263856,
        876.9052076458931,
        1099.5546517372131,
        1431.1489416122436,
        1434.8145866394043
    ],
    "actual": [
        845.8,
        976.2,
        979.9,
        977.8,
        1089.4,
        1080.9
    ],
    "mse": 78608.90031913736,
    "rmse": 280.372788121703,
    "mape": 26.29086702039427
}