{
    "predictions": [
        5169.357751630068,
        4688.393415324569,
        5269.998136760831,
        5601.609508419871,
        4078.0973798831105,
        3187.5054407329562
    ],
    "actual": [
        2998.9999999999995,
        3296.0,
        2875.0,
        3251.0000000000005,
        4224.0,
        3086.0
    ],
    "mse": 2990364.0430528447,
    "rmse": 1729.266909141803,
    "mape": 46.16102782768739
}