{
    "predictions": [
        22.928541375637053,
        22.96060902929306,
        23.59134662604332,
        23.862059433698654,
        23.935159287929533,
        24.26178907608986
    ],
    "actual": [
        27.730999999999998,
        26.01,
        24.195,
        15.872999999999998,
        19.129000000000005,
        23.809
    ],
    "mse": 19.976007868397236,
    "rmse": 4.469452748200526,
    "mape": 18.149125595913993
}