{
    "predictions": [
        188.71009707075365,
        209.31876510417467,
        209.202055073917,
        213.69511897593745,
        220.23614441978938,
        218.4263221620918
    ],
    "actual": [
        124.39999999999998,
        249.70000000000007,
        -2267.1,
        115.80000000000015,
        57.2000000000001,
        104.40000000000009
    ],
    "mse": 1031167.4235887771,
    "rmse": 1015.4641419512444,
    "mape": 109.31379949140725
}