{
    "predictions": [
        21.127593861311674,
        9.71056794950366,
        0.5699873864054674,
        -1.1986259892992681,
        -12.306283164605498,
        -16.880782391786575
    ],
    "actual": [
        80.598,
        60.52900000000001,
        51.366,
        65.966,
        56.633,
        37.008
    ],
    "mse": 3477.864959168892,
    "rmse": 58.97342587275129,
    "mape": 104.2991249365999
}