{
    "predictions": [
        -218980658.68285298,
        -260089951.59250498,
        -263835836.31661534,
        -244322445.35856694,
        -174418570.01405954,
        -91701647.69303797
    ],
    "actual": [
        -28202000.000000007,
        34351999.999999985,
        19759999.999999996,
        32717999.99999999,
        50888000.00000001,
        61488000.000000015
    ],
    "mse": 5.908344747647376e+16,
    "rmse": 243070869.24696213,
    "mape": 751.2408918669187
}