{
    "predictions": [
        71.72652703988554,
        96.96600057387354,
        120.93156179797651,
        88.90040273869039,
        98.61120570433141,
        89.33967810654642
    ],
    "actual": [
        86.545,
        33.324000000000005,
        38.036,
        39.358,
        53.76899999999999,
        35.732
    ],
    "mse": 3080.1036295406625,
    "rmse": 55.49868133154753,
    "mape": 130.89046390262325
}