{
    "predictions": [
        179.39330737745757,
        180.78247784432764,
        165.03030455803867,
        161.55040137422083,
        163.2733772126436,
        157.39530157658456
    ],
    "actual": [
        117.0,
        53.0,
        85.0,
        113.0,
        113.0,
        121.0
    ],
    "mse": 5472.551333999941,
    "rmse": 73.976694532805,
    "mape": 84.35222672885666
}