{
    "predictions": [
        2897.059410095215,
        2924.5557708740234,
        2993.5772094726562,
        2991.130485534668,
        3024.885040283203,
        3006.6636962890625
    ],
    "actual": [
        2757.0,
        2996.0,
        3058.0,
        3099.0,
        3105.0,
        3131.0
    ],
    "mse": 10397.494585477261,
    "rmse": 101.96810572663033,
    "mape": 3.2672670972034736
}