{
    "predictions": [
        410.39024234604847,
        397.3029313842059,
        394.5607094156743,
        387.51069867038734,
        418.19242740619194,
        403.46867229938516
    ],
    "actual": [
        364.456,
        364.456,
        -347.817,
        -170.508,
        332.5180000000001,
        384.13100000000003
    ],
    "mse": 145568.7433509429,
    "rmse": 381.53472102934865,
    "mape": 98.85384853882542
}