{
    "predictions": [
        3063.0817348361015,
        2090.3788878321648,
        1061.0211432576182,
        -540.058919519186,
        -1610.2278661727905,
        -2744.4930348396306
    ],
    "actual": [
        3428.0,
        4185.0,
        4185.0,
        2518.0,
        2039.0,
        1315.0
    ],
    "mse": 8904653.152596205,
    "rmse": 2984.066546274765,
    "mape": 124.07817153667418
}