{
    "predictions": [
        155.879477573134,
        162.34541002101452,
        171.53241804796457,
        180.59604889066514,
        191.89693961685893,
        192.93648881331083
    ],
    "actual": [
        179.789,
        171.3,
        199.604,
        251.648,
        166.424,
        183.561
    ],
    "mse": 1204.1689762197273,
    "rmse": 34.70113796721553,
    "mape": 13.539665442467411
}