{
    "predictions": [
        569.7116398162842,
        559.7482565131784,
        530.018924474299,
        444.30909740382435,
        434.1796282452941,
        439.7355122193098
    ],
    "actual": [
        348.9,
        337.1,
        380.0,
        499.3,
        388.1000000000001,
        392.7
    ],
    "mse": 21365.89583740656,
    "rmse": 146.17077627695133,
    "mape": 33.94649024117103
}