{
    "predictions": [
        172.3260954549313,
        171.53365255033972,
        180.13658787572388,
        180.3617927424908,
        176.0685200315714,
        178.02041463458542
    ],
    "actual": [
        161.346,
        128.293,
        100.285,
        95.078,
        36.122,
        65.175
    ],
    "mse": 7993.172332165951,
    "rmse": 89.40454312933963,
    "mape": 128.40048411605417
}