{
    "predictions": [
        14.138847849152985,
        26.682452388674022,
        -7.928056296534836,
        8.640310930900275,
        -49.35986698889732,
        -34.714942050531505
    ],
    "actual": [
        118.518,
        104.871,
        104.871,
        65.212,
        86.656,
        104.64300000000001
    ],
    "mse": 11808.898595353117,
    "rmse": 108.66875629799542,
    "mape": 107.84546148990948
}