{
    "predictions": [
        1584312916.9940946,
        1571728692.513704,
        1611387795.3529356,
        1584509221.6372488,
        1435705785.667896,
        1336430478.942394
    ],
    "actual": [
        1246300000.0,
        1270400000.0,
        530500000.0,
        1034000000.0,
        540300000.0,
        1209300000.0
    ],
    "mse": 4.157240369868531e+17,
    "rmse": 644766653.1287526,
    "mape": 80.67777925356837
}