{
    "predictions": [
        112483447.30389114,
        201109941.51890275,
        280755827.6711702,
        342516021.7906236,
        312528916.3130521,
        236880958.24944967
    ],
    "actual": [
        -45999999.99999999,
        -66999999.99999998,
        -135000000.0,
        62999999.99999997,
        27999999.99999999,
        8000000.000000016
    ],
    "mse": 8.022087595970949e+16,
    "rmse": 283232900.5601388,
    "mape": 895.587251524275
}