{
    "predictions": [
        365.10510271787643,
        410.3784988522529,
        449.9191467165947,
        437.04171746969223,
        463.88044786453247,
        456.33844098448753
    ],
    "actual": [
        446.2,
        374.8,
        286.9,
        465.5,
        385.2,
        355.9
    ],
    "mse": 8584.303548352867,
    "rmse": 92.65151670832414,
    "mape": 23.208074692183125
}