{
    "predictions": [
        127.73746600699427,
        129.8250223026276,
        132.67652394628527,
        139.07267326903346,
        144.0746397595406,
        145.55074609804154
    ],
    "actual": [
        140.485,
        122.387,
        127.052,
        146.829,
        130.559,
        139.556
    ],
    "mse": 88.03819525778728,
    "rmse": 9.382867112870526,
    "mape": 6.584771395361994
}