{
    "predictions": [
        8737.27641236782,
        8954.203382909298,
        9005.306838572025,
        8849.369675457478,
        8792.438038647175,
        9114.759468793869
    ],
    "actual": [
        9188.0,
        10371.0,
        9969.0,
        11151.0,
        9968.0,
        11233.0
    ],
    "mse": 2384259.9899847624,
    "rmse": 1544.1049154719904,
    "mape": 13.254139462102385
}