{
    "predictions": [
        324.38715204358095,
        324.5568249748945,
        333.8345001070499,
        332.5416407635212,
        350.5345912703871,
        364.7996827215552
    ],
    "actual": [
        361.13,
        334.385,
        364.04,
        362.1019999999999,
        319.141,
        256.707
    ],
    "mse": 2650.400432173374,
    "rmse": 51.48203989910825,
    "mape": 13.58645926645266
}