{
    "predictions": [
        -351.8737919442356,
        -494.9392362385989,
        -465.4553776308895,
        -470.51419779658323,
        -231.11015901342034,
        64.87518887221813
    ],
    "actual": [
        499.0,
        174.0,
        421.0,
        457.99999999999994,
        271.00000000000006,
        125.00000000000003
    ],
    "mse": 512522.8780558719,
    "rmse": 715.9070317128278,
    "mape": 200.2726344982618
}