{
    "predictions": [
        196226844.85912323,
        197590445.39928436,
        199546560.9073639,
        201050240.70739746,
        197246703.0763626,
        193278318.5482025
    ],
    "actual": [
        166000000.00000003,
        157999999.99999994,
        134999999.99999997,
        136999999.99999997,
        -371000000.0,
        129999999.99999999
    ],
    "mse": 5.627636975535642e+16,
    "rmse": 237226410.32430688,
    "mape": 56.61205189361988
}