{
    "predictions": [
        258.120957672596,
        245.42955362796783,
        250.77365845441818,
        255.8911283314228,
        245.13282054662704,
        243.88579785823822
    ],
    "actual": [
        395.0,
        395.0,
        344.0,
        403.0,
        443.0,
        456.99999999999994
    ],
    "mse": 26001.40756622076,
    "rmse": 161.249519584465,
    "mape": 37.90359380616912
}