{
    "predictions": [
        552.7229437232018,
        553.8700287640095,
        562.6132310032845,
        585.1639102697372,
        597.9859742224216,
        599.7826126813889
    ],
    "actual": [
        639.0,
        736.0,
        535.0,
        649.0,
        661.0,
        728.0
    ],
    "mse": 10977.176599368586,
    "rmse": 104.77202202577072,
    "mape": 13.398440271304631
}