{
    "predictions": [
        588329533.9405537,
        592023070.1237917,
        593323833.3404064,
        591864298.6863852,
        590149719.9088335,
        596601262.7661228
    ],
    "actual": [
        542100000.0,
        679800000.0,
        504400000.0,
        596500000.0,
        573500000.0,
        723100000.0000001
    ],
    "mse": 5675006797380527.0,
    "rmse": 75332640.98238245,
    "mape": 10.040655287153653
}