{
    "predictions": [
        -4.30224103452868,
        127.5649284644511,
        169.17120598737634,
        129.2341356906219,
        104.26060956380017,
        57.92559572838947
    ],
    "actual": [
        180.73199999999997,
        180.73199999999997,
        144.483,
        144.483,
        50.157,
        -436.318
    ],
    "mse": 47518.39595247516,
    "rmse": 217.9871463010495,
    "mape": 63.43066044314233
}