{
    "predictions": [
        21601.227161653453,
        27276.353076990657,
        24818.726212861104,
        26327.443277733793,
        22913.17624259812,
        28266.867802195764
    ],
    "actual": [
        29622.0,
        43221.0,
        30736.0,
        28202.0,
        32502.0,
        45912.0
    ],
    "mse": 126731480.95487434,
    "rmse": 11257.507759485416,
    "mape": 26.30027348298877
}