{
    "predictions": [
        61315000.0,
        61315000.0,
        61315000.0,
        61315000.0,
        61315000.0,
        61315000.0
    ],
    "actual": [
        61007000.0,
        59307000.00000001,
        71355000.0,
        62795000.0,
        71337000.0,
        60751999.99999999
    ],
    "mse": 34646063499999.996,
    "rmse": 5886090.680579089,
    "mape": 5.882254937847534
}