{
    "predictions": [
        6518.780215855315,
        6267.691068025642,
        6350.779370593948,
        6323.284490455339,
        6332.382864239243,
        6329.372107142129
    ],
    "actual": [
        7184.999999999999,
        6752.0,
        5716.0,
        4489.0,
        5003.0,
        6034.0
    ],
    "mse": 1050075.3108405166,
    "rmse": 1024.7318238644277,
    "mape": 16.6465174604324
}