{
    "predictions": [
        1707.1660452433869,
        1424.328699589255,
        1356.6782816109846,
        1448.1845490443147,
        1448.1845490443147,
        1448.1845490443147
    ],
    "actual": [
        2278.0,
        2410.0,
        2382.0,
        2552.0,
        2399.0,
        2664.0
    ],
    "mse": 991558.2874806384,
    "rmse": 995.7701981283826,
    "mape": 39.587975669897595
}