{
    "predictions": [
        71898894.86442712,
        97128140.24410744,
        52643995.16397695,
        86495515.18025188,
        81030806.99833624,
        98694777.14220315
    ],
    "actual": [
        55400000.0,
        62200000.0,
        33300000.0,
        33300000.0,
        53900000.00000001,
        75800000.0
    ],
    "mse": 992732167604658.0,
    "rmse": 31507652.524500426,
    "mape": 64.05199547302938
}