{
    "predictions": [
        169.2218146916998,
        165.964601909767,
        169.59242924707456,
        174.50487873635353,
        174.50487873635353,
        174.50487873635353
    ],
    "actual": [
        167.718,
        160.425,
        162.405,
        171.685,
        166.132,
        143.003
    ],
    "mse": 192.5054942447854,
    "rmse": 13.874634922937087,
    "mape": 6.247753964403743
}