{
    "predictions": [
        250.456,
        250.456,
        250.456,
        250.456,
        250.456,
        250.456
    ],
    "actual": [
        256.05,
        251.56800000000004,
        262.712,
        290.602,
        294.367,
        268.845
    ],
    "mse": 676.7952456666673,
    "rmse": 26.015288690819236,
    "mape": 7.143967764399038
}