{
    "predictions": [
        1356.9757914244503,
        1417.146813206378,
        1689.5720714389972,
        1339.9315886393665,
        1509.8521494652382,
        1564.9581726081558
    ],
    "actual": [
        1258.9,
        1326.7,
        1753.6,
        1327.2,
        1410.6,
        1450.9
    ],
    "mse": 7486.901963333075,
    "rmse": 86.52688578316612,
    "mape": 5.685983070833803
}