{
    "predictions": [
        599956253.4808248,
        570270772.6994557,
        541341085.7733549,
        518072234.1478037,
        504227068.04535085,
        501825934.33178747
    ],
    "actual": [
        668399000.0,
        601172000.0,
        596389000.0,
        545471000.0,
        630050000.0,
        679410000.0
    ],
    "mse": 9464628535935302.0,
    "rmse": 97286322.45046218,
    "mape": 12.623569605555836
}