{
    "predictions": [
        37.62963089492402,
        35.643878919468285,
        35.0437283274749,
        34.862345789513505,
        34.807526839876154,
        34.790958997827424
    ],
    "actual": [
        48.599999999999994,
        46.39999999999999,
        41.99999999999999,
        47.6,
        55.29999999999999,
        10.400000000000007
    ],
    "mse": 243.5901710701096,
    "rmse": 15.60737553434624,
    "mape": 60.11029435256475
}