{
    "predictions": [
        291.5147612359032,
        290.730378308023,
        276.0257225093989,
        275.1030988911343,
        267.21252222013646,
        253.72063066956042
    ],
    "actual": [
        343.172,
        326.81,
        351.263,
        330.265,
        244.318,
        330.123
    ],
    "mse": 3172.5289772170468,
    "rmse": 56.32520729848268,
    "mape": 16.121432017945793
}