{
    "predictions": [
        402.2450294205847,
        -576.0246138653677,
        -80.36197822413602,
        -269.84430758879023,
        747.3042638244812,
        736.2621883507717
    ],
    "actual": [
        -22.246,
        -775.675,
        -5.853999999999998,
        -320.666,
        -967.584,
        137.256
    ],
    "mse": 587972.8941777177,
    "rmse": 766.7939059341289,
    "mape": 639.3625566658343
}