{
    "predictions": [
        269.001379921892,
        269.001379921892,
        269.001379921892,
        269.001379921892,
        269.001379921892,
        269.001379921892
    ],
    "actual": [
        337.99999999999994,
        430.99999999999994,
        296.0,
        307.0,
        320.99999999999994,
        446.99999999999994
    ],
    "mse": 11260.75805559911,
    "rmse": 106.1167190201389,
    "mape": 22.5864505440883
}