{
    "predictions": [
        2094.566885525542,
        2139.24021384878,
        2194.2317267864173,
        2215.1722572955096,
        2199.3334655801905,
        2173.899275573119
    ],
    "actual": [
        2101.0,
        2058.0,
        2008.0,
        2037.0,
        2156.0,
        2280.0
    ],
    "mse": 14367.35326712725,
    "rmse": 119.86389476037915,
    "mape": 4.823075380857983
}