{
    "predictions": [
        -62969186.46611883,
        -28792143.62107623,
        42218796.31803217,
        -43657731.35260154,
        -30932916.043335218,
        92468346.8992654
    ],
    "actual": [
        84900000.00000003,
        -13400000.000000026,
        10899999.999999974,
        -12100000.000000032,
        181299999.99999997,
        192600000.00000006
    ],
    "mse": 1.3191355067880042e+16,
    "rmse": 114853624.53087862,
    "mape": 167.7037776104107
}