{
    "predictions": [
        123.5589529928284,
        92.75079792459677,
        86.33558192948159,
        113.58201105457229,
        127.08870857056827,
        105.13895461474196
    ],
    "actual": [
        164.822,
        87.98700000000001,
        87.98700000000001,
        87.98700000000001,
        87.98700000000001,
        114.111
    ],
    "mse": 665.43430050709,
    "rmse": 25.796013267694875,
    "mape": 18.953071908250188
}