{
    "predictions": [
        822.6829707623741,
        822.21090566454,
        822.3433176241385,
        822.3061767147065,
        822.3165945588169,
        822.3136724043093
    ],
    "actual": [
        1076.0,
        1195.9999999999998,
        898.9999999999999,
        1119.0,
        1522.0,
        1877.9999999999998
    ],
    "mse": 316970.2943661108,
    "rmse": 563.0011495246797,
    "mape": 32.00357738002735
}