{
    "predictions": [
        3350.0796465979643,
        3350.0796465979643,
        3350.0796465979643,
        3350.0796465979643,
        3350.0796465979643,
        3350.0796465979643
    ],
    "actual": [
        2946.9999999999995,
        3660.0,
        2155.0,
        3002.0,
        3443.0000000000005,
        2926.0
    ],
    "mse": 332729.3946296459,
    "rmse": 576.8270058081937,
    "mape": 17.731461065032924
}