{
    "predictions": [
        204.6474093498925,
        207.44772304640367,
        210.10197838822123,
        212.6177934657764,
        215.00238902624722,
        217.26260919812995
    ],
    "actual": [
        204.772,
        215.39,
        282.398,
        264.815,
        250.942,
        233.809
    ],
    "mse": 1596.6328470696342,
    "rmse": 39.957888421056914,
    "mape": 11.743095880875648
}