{
    "predictions": [
        2489.922838880394,
        2540.1952246140113,
        2589.6313049002106,
        2638.244992084531,
        2686.049967073916,
        2733.0596831868042
    ],
    "actual": [
        2791.5,
        2416.7,
        1947.0,
        1955.4999999999998,
        2123.1,
        1581.0
    ],
    "mse": 438244.9586531138,
    "rmse": 662.000724057847,
    "mape": 30.536387565256994
}