{
    "predictions": [
        20254.216589101274,
        21092.201271377515,
        21127.739024047212,
        20803.42695328541,
        20619.266917468307,
        20655.656214290353
    ],
    "actual": [
        23319.0,
        27029.0,
        25311.0,
        27872.0,
        30853.0,
        36834.0
    ],
    "mse": 79761829.04377943,
    "rmse": 8930.947824490939,
    "mape": 25.681222044820316
}