{
    "predictions": [
        13.345567165396742,
        19.953461699193856,
        18.06211657721365,
        23.2167491485099,
        21.83016911505468,
        26.74780794059976
    ],
    "actual": [
        7.134,
        9.83,
        2.387,
        6.716999999999999,
        13.41,
        23.975
    ],
    "mse": 122.93445948330752,
    "rmse": 11.087581318002025,
    "mape": 194.4565779768888
}