{
    "predictions": [
        742.9641023579032,
        740.296673979563,
        673.9785266909784,
        704.3015604873763,
        733.7617159527896,
        733.7105875155237
    ],
    "actual": [
        767.9,
        821.3000000000001,
        804.6000000000001,
        843.7,
        1032.0,
        1109.5
    ],
    "mse": 45640.164775402816,
    "rmse": 213.63558873793198,
    "mape": 18.105988743150096
}