{
    "predictions": [
        477.835099443725,
        495.2205440379598,
        511.21558881396044,
        527.0802014237004,
        542.8154454809569,
        558.4223759262309
    ],
    "actual": [
        475.147,
        487.47,
        547.544,
        430.558,
        551.151,
        547.837
    ],
    "mse": 1814.1862151871046,
    "rmse": 42.59326490405619,
    "mape": 5.775503680716378
}