{
    "predictions": [
        374003862.7450414,
        294253887.9768616,
        346888601.9981863,
        286211119.8946332,
        314193156.9977186,
        292254805.7090619
    ],
    "actual": [
        420882000.0,
        272494000.0,
        268204000.0,
        269811000.0,
        361155000.0,
        342288000.0
    ],
    "mse": 2306669705092886.5,
    "rmse": 48027801.3768368,
    "mape": 13.693335388623282
}