{
    "predictions": [
        367.09546445994437,
        367.3932713640523,
        295.31217362501786,
        330.86402837961685,
        310.3662962945736,
        384.28069082790034
    ],
    "actual": [
        416.447,
        399.511,
        226.465,
        247.314,
        219.634,
        306.143
    ],
    "mse": 4920.918571680789,
    "rmse": 70.14925923828982,
    "mape": 25.151266193809935
}