{
    "predictions": [
        130.68157405450245,
        121.76415509431273,
        117.66071153120426,
        130.0703133276684,
        137.29277056157645,
        128.29483888740535
    ],
    "actual": [
        123.39999999999999,
        110.7,
        95.4,
        104.9,
        102.3,
        100.0
    ],
    "mse": 554.935449798343,
    "rmse": 23.55706793721033,
    "mape": 20.954173040845934
}