{
    "predictions": [
        69881450.94355452,
        79436849.126604,
        85684704.90309142,
        74259471.17658316,
        66334520.44906138,
        76484714.48277302
    ],
    "actual": [
        79923000.0,
        85211000.0,
        88984000.0,
        90853999.99999999,
        90308000.0,
        124029000.0
    ],
    "mse": 542604011315384.8,
    "rmse": 23293862.095311392,
    "mape": 17.698778240381795
}