{
    "predictions": [
        171.70943925585232,
        159.86074665214534,
        163.2117383307612,
        177.59563960807813,
        172.31585925875734,
        163.247472202934
    ],
    "actual": [
        188.169,
        174.18299999999996,
        178.84199999999998,
        193.275,
        210.436,
        190.90200000000002
    ],
    "mse": 530.6849234683183,
    "rmse": 23.036599650736616,
    "mape": 11.070500271347607
}