{
    "predictions": [
        418.8539999999999,
        418.8539999999999,
        418.8539999999999,
        418.8539999999999,
        418.8539999999999,
        418.8539999999999
    ],
    "actual": [
        430.11799999999994,
        442.95599999999996,
        438.58399999999995,
        440.57,
        517.9459999999999,
        641.192
    ],
    "mse": 10137.00872733334,
    "rmse": 100.68271315043779,
    "mape": 11.882513184917071
}