{
    "predictions": [
        331.72508509721274,
        338.1311644687021,
        329.6892688301502,
        339.3915066818722,
        329.12861977820984,
        339.34912476422045
    ],
    "actual": [
        282.337,
        284.219,
        210.844,
        201.76200000000003,
        188.459,
        176.15
    ],
    "mse": 14138.946618738299,
    "rmse": 118.90730262998274,
    "mape": 54.72186806138942
}