{
    "predictions": [
        318.29634179411124,
        290.9554367520341,
        275.2855818069205,
        285.07546637816625,
        307.4106435008675,
        318.80621029346565
    ],
    "actual": [
        328.3,
        338.1,
        340.3,
        346.2,
        347.4,
        358.6
    ],
    "mse": 2244.7434228726015,
    "rmse": 47.37872331408479,
    "mape": 12.726663375788219
}