{
    "predictions": [
        1266.0246617928635,
        945.3791783705157,
        804.1450582440524,
        1048.0569235532898,
        1294.146711137984,
        1016.0144004004504
    ],
    "actual": [
        1380.986,
        968.828,
        868.21,
        1029.405,
        1472.02,
        974.322
    ],
    "mse": 8599.221779059895,
    "rmse": 92.73198897392363,
    "mape": 6.049755386453673
}