{
    "predictions": [
        217.02143503512127,
        146.19441610527562,
        269.85831667506744,
        290.3557945213772,
        179.95152505710473,
        183.50906076307777
    ],
    "actual": [
        308.97600000000006,
        290.623,
        308.179,
        303.83,
        603.785,
        331.721
    ],
    "mse": 38761.1467103374,
    "rmse": 196.87850748707285,
    "mape": 35.200399499084604
}