{
    "predictions": [
        910.8734787280946,
        748.1782003293945,
        662.2594661157458,
        611.3273646344533,
        619.2015520758215,
        618.8549434736166
    ],
    "actual": [
        951.0,
        546.0,
        546.0,
        593.9999999999999,
        593.9999999999999,
        559.0
    ],
    "mse": 10086.73265162853,
    "rmse": 100.43272699488216,
    "mape": 13.401428898623195
}