{
    "predictions": [
        241.14283193669965,
        292.50778035789597,
        348.36680535581695,
        309.7417658874401,
        259.7968232609006,
        307.01423409586215
    ],
    "actual": [
        302.29999999999995,
        299.4,
        213.4,
        185.0,
        235.49999999999997,
        198.1
    ],
    "mse": 8336.14910184156,
    "rmse": 91.30251421424035,
    "mape": 36.417180500439414
}