{
    "predictions": [
        108.99960266733244,
        109.00219957040915,
        115.64661832584257,
        120.52260285344295,
        121.10571984343042,
        115.45058768800087
    ],
    "actual": [
        113.098,
        85.61199999999998,
        84.517,
        99.184,
        112.244,
        113.834
    ],
    "mse": 344.90513997100453,
    "rmse": 18.571621899311985,
    "mape": 16.434439587934044
}