{
    "predictions": [
        1278.9005389751203,
        1273.7689571538424,
        1281.4570062558623,
        1281.4570062558623,
        1281.4570062558623,
        1281.4570062558623
    ],
    "actual": [
        1035.0,
        1114.0,
        1329.0,
        1205.0,
        1757.0,
        1254.0
    ],
    "mse": 53335.77145563601,
    "rmse": 230.94538630515225,
    "mape": 12.847449018708085
}