{
    "predictions": [
        328.1488763139667,
        247.80673418936675,
        167.76009608527292,
        265.47558679427976,
        322.80773141578936,
        259.34873005862863
    ],
    "actual": [
        300.5,
        230.6,
        89.3,
        265.2,
        316.3,
        237.8
    ],
    "mse": 1287.2155039999482,
    "rmse": 35.87778566188204,
    "mape": 19.29116758752962
}