{
    "predictions": [
        514.7426449473334,
        436.59121637314394,
        511.0979479682947,
        495.26402747267315,
        502.688912503132,
        450.3681349962605
    ],
    "actual": [
        541.0,
        392.99999999999994,
        421.0,
        520.0,
        543.0,
        357.0
    ],
    "mse": 3610.2906353470557,
    "rmse": 60.08569409890391,
    "mape": 12.613427595528638
}