{
    "predictions": [
        63.6769796143032,
        68.99947486519183,
        60.8192607895309,
        73.94140762125363,
        63.83143381954947,
        69.9723289283116
    ],
    "actual": [
        91.79899999999999,
        81.537,
        81.537,
        80.04,
        58.964,
        69.73300000000002
    ],
    "mse": 239.70071739970433,
    "rmse": 15.482271067246701,
    "mape": 14.606232518980097
}