{
    "predictions": [
        1044.6076605273934,
        720.3511521502083,
        731.600384362887,
        831.6126848979665,
        720.5352958751373,
        727.469418014147
    ],
    "actual": [
        410.3,
        652.1,
        681.5000000000001,
        918.9000000000002,
        762.0000000000002,
        535.5
    ],
    "mse": 75950.85516757487,
    "rmse": 275.591827105912,
    "mape": 37.20053644129315
}