{
    "predictions": [
        2944874638.1415033,
        1310470644.0321991,
        683720062.3400728,
        1933813559.6778789,
        2787205881.0359907,
        1226563349.2918477
    ],
    "actual": [
        3234000000.0,
        3234000000.0,
        1332999999.9999998,
        2367000000.0,
        3364000000.0,
        1920000000.0000002
    ],
    "mse": 8.677199053138579e+17,
    "rmse": 931514844.3872797,
    "mape": 31.448388708176434
}