{
    "predictions": [
        335.0509350340484,
        -116.43817832961798,
        -385.48451087077643,
        -367.57638779516697,
        -693.899209216438,
        -1065.652377106785
    ],
    "actual": [
        782.239,
        632.585,
        513.978,
        632.838,
        569.728,
        440.634
    ],
    "mse": 1072754.502770357,
    "rmse": 1035.7386266671515,
    "mape": 178.71641608511533
}