{
    "predictions": [
        85.58729301163973,
        100.90523755879286,
        135.0236487014993,
        109.98847897470489,
        70.568441411406,
        92.68968322239873
    ],
    "actual": [
        106.214,
        140.586,
        -9.422,
        95.656,
        83.753,
        18.190000000000005
    ],
    "mse": 4799.004119478385,
    "rmse": 69.27484478133736,
    "mape": 336.8337531389754
}