{
    "predictions": [
        4748.301788796322,
        4174.350185882805,
        4683.857649506971,
        4591.194686396829,
        4128.105573187463,
        3828.6584127781007
    ],
    "actual": [
        5150.0,
        4889.0,
        -8559.0,
        4403.0,
        4773.0,
        4725.0
    ],
    "mse": 29550016.472918775,
    "rmse": 5435.992685142132,
    "mape": 35.649593007909814
}