{
    "predictions": [
        199.5724888384892,
        221.1317487137259,
        396.17277495403755,
        545.8082146071483,
        227.99789285789225,
        247.6907630765946
    ],
    "actual": [
        228.60000000000002,
        204.2,
        425.2,
        566.0,
        212.70000000000002,
        338.0
    ],
    "mse": 1794.8920515892735,
    "rmse": 42.36616635464287,
    "mape": 10.882470151849173
}