{
    "predictions": [
        894.5163103247904,
        966.0510157679855,
        986.1075073924262,
        896.3780326074457,
        1002.888196239148,
        933.6263788642655
    ],
    "actual": [
        1014.0,
        1008.0,
        981.0,
        807.9999999999999,
        1146.0,
        1251.0
    ],
    "mse": 24179.97273738657,
    "rmse": 155.49910847778702,
    "mape": 10.87684336871771
}