{
    "predictions": [
        656.0067437969221,
        601.3420789620562,
        601.3420789620562,
        601.3420789620562,
        601.3420789620562,
        601.3420789620562
    ],
    "actual": [
        397.0,
        460.0,
        455.0,
        475.0,
        477.0,
        524.0
    ],
    "mse": 24313.85856462849,
    "rmse": 155.9290177119977,
    "mape": 32.592736587193336
}