{
    "predictions": [
        130.57859703940306,
        220.7700292805886,
        157.55325949590434,
        156.30111216256657,
        240.56662068554166,
        201.04415668635147
    ],
    "actual": [
        110.42800000000001,
        58.806,
        40.233,
        47.04399999999999,
        47.745000000000005,
        33.96699999999999
    ],
    "mse": 19572.41781305538,
    "rmse": 139.90145750868854,
    "mape": 285.5422089203794
}