{
    "predictions": [
        347.60617358585733,
        347.60617358585733,
        347.60617358585733,
        347.60617358585733,
        347.60617358585733,
        347.60617358585733
    ],
    "actual": [
        306.249,
        282.669,
        326.554,
        282.694,
        293.136,
        290.329
    ],
    "mse": 2805.285172852984,
    "rmse": 52.96494286651298,
    "mape": 17.36604977724152
}