{
    "predictions": [
        548.2292024924741,
        529.053245433629,
        575.0822578921088,
        572.453466883568,
        500.6121628538014,
        571.1354057247439
    ],
    "actual": [
        606.9,
        596.5,
        582.3,
        564.8,
        515.9,
        597.2
    ],
    "mse": 1502.5132629202835,
    "rmse": 38.76226596730748,
    "mape": 5.149462441227439
}