{
    "predictions": [
        153.11684030234977,
        144.95740069015287,
        139.78968901479178,
        136.51676278101667,
        134.44388278989663,
        133.13104187914084
    ],
    "actual": [
        186.99999999999997,
        200.0,
        219.0,
        200.0,
        213.0,
        190.99999999999997
    ],
    "mse": 4000.3384815295353,
    "rmse": 63.24822907820847,
    "mape": 30.121672801671878
}