{
    "predictions": [
        1089.9164399929668,
        1108.147777944528,
        1126.3066044434017,
        1144.3932078891996,
        1162.407875534481,
        1180.350893489317
    ],
    "actual": [
        1135.0,
        1005.0,
        1043.0,
        993.9999999999999,
        963.0,
        1039.0
    ],
    "mse": 16995.612452716367,
    "rmse": 130.36722154251953,
    "mape": 11.944058323334323
}