{
    "predictions": [
        469.09150177447134,
        396.10327860381784,
        429.55185252655104,
        507.57033852661687,
        480.25929589436737,
        409.78842498964525
    ],
    "actual": [
        513.0,
        468.0,
        362.0,
        492.0,
        545.0,
        502.99999999999994
    ],
    "mse": 4130.423244924649,
    "rmse": 64.26836893001602,
    "mape": 12.692883492998556
}