{
    "predictions": [
        177.81147853210715,
        129.9170288253408,
        178.2928170550757,
        130.3407874215131,
        178.6448132607363,
        130.653684672717
    ],
    "actual": [
        139.63,
        128.398,
        128.398,
        128.398,
        128.398,
        132.28
    ],
    "mse": 1080.1311812996164,
    "rmse": 32.8653492496218,
    "mape": 18.210583570346014
}