{
    "predictions": [
        75394679.36740576,
        100053071.01570904,
        78914390.5643206,
        103494247.37926127,
        82433967.08624929,
        106935558.18685308
    ],
    "actual": [
        129200000.0,
        134121000.0,
        99425000.0,
        115615000.00000001,
        136915000.0,
        153919000.0
    ],
    "mse": 1633143468188273.2,
    "rmse": 40412169.80302188,
    "mape": 28.079245440397266
}