{
    "predictions": [
        27.042000000000005,
        27.042000000000005,
        27.042000000000005,
        27.042000000000005,
        27.042000000000005,
        27.042000000000005
    ],
    "actual": [
        21.074,
        27.779,
        44.12700000000001,
        34.026,
        49.126,
        120.7
    ],
    "mse": 1606.0596156666668,
    "rmse": 40.075673614633935,
    "mape": 35.460849274939335
}