{
    "predictions": [
        345.47716892091984,
        318.0614508714905,
        340.56470036356075,
        342.54301029677254,
        341.938237839893,
        342.1231177307837
    ],
    "actual": [
        340.839,
        374.455,
        357.374,
        375.768,
        458.644,
        544.239
    ],
    "mse": 9843.210379355158,
    "rmse": 99.21295469521688,
    "mape": 15.424932012415962
}