{
    "predictions": [
        505810341.3163462,
        516778437.095842,
        467170804.8330869,
        470952774.9275968,
        512054950.96600527,
        514759243.6027394
    ],
    "actual": [
        557500000.0,
        557500000.0,
        395200000.0,
        501400000.0,
        562700000.0,
        485300000.0
    ],
    "mse": 2311610798070509.5,
    "rmse": 48079213.78382252,
    "mape": 9.321727040652894
}