{
    "predictions": [
        23.29957873998305,
        25.179719198738916,
        25.446413278990654,
        24.707212233413998,
        23.51377628479651,
        22.279353693811068
    ],
    "actual": [
        1.6000000000000036,
        51.3,
        22.399999999999995,
        29.899999999999995,
        89.60000000000001,
        69.89999999999999
    ],
    "mse": 1304.0835641399565,
    "rmse": 36.11209719941444,
    "mape": 263.33190087745453
}