{
    "predictions": [
        212.18186549178313,
        130.23349721109892,
        120.1447534032696,
        131.6120895058219,
        211.8184152037906,
        130.2151402619993
    ],
    "actual": [
        292.4,
        155.9,
        160.0,
        220.5,
        418.3,
        210.2
    ],
    "mse": 10935.907071660016,
    "rmse": 104.5748873853566,
    "mape": 32.7555331216479
}