{
    "predictions": [
        138.24160759319867,
        144.89269319317054,
        105.49050195299796,
        98.3594748312936,
        137.19611423675863,
        144.79341082209797
    ],
    "actual": [
        143.601,
        155.575,
        117.75099999999999,
        78.352,
        158.022,
        176.486
    ],
    "mse": 355.2652256322588,
    "rmse": 18.84848072477617,
    "mape": 12.947124596010143
}