{
    "predictions": [
        130.1999806879361,
        145.02621045774418,
        198.0629505496281,
        241.6754709532214,
        283.6458989786559,
        329.3121276275347
    ],
    "actual": [
        138.927,
        127.65899999999999,
        151.011,
        203.144,
        265.532,
        208.688
    ],
    "mse": 3159.105778602175,
    "rmse": 56.20592298505714,
    "mape": 22.439092189752195
}