{
    "predictions": [
        5371.537740581763,
        5493.217722836039,
        5373.117701815237,
        5491.658276706636,
        5374.656899220204,
        5490.139065105294
    ],
    "actual": [
        5285.0,
        5421.0,
        5232.0,
        5348.0,
        5336.0,
        5488.0
    ],
    "mse": 9125.83628756656,
    "rmse": 95.5292431016103,
    "mape": 1.519407910232558
}