{
    "predictions": [
        182359000.0,
        182359000.0,
        182359000.0,
        182359000.0,
        182359000.0,
        182359000.0
    ],
    "actual": [
        191472000.0,
        193527000.00000003,
        213271000.0,
        158883000.0,
        179390000.0,
        207239000.0
    ],
    "mse": 390379112333333.5,
    "rmse": 19758013.876230918,
    "mape": 8.910102787369697
}