{
    "predictions": [
        91.28827464186607,
        91.17499485640482,
        111.59198283781964,
        132.65515250789193,
        138.86603172848166,
        129.3284702512971
    ],
    "actual": [
        135.204,
        122.424,
        45.608,
        61.034,
        61.034,
        103.364
    ],
    "mse": 3186.757602051624,
    "rmse": 56.45137378356371,
    "mape": 78.77847251509694
}