{
    "predictions": [
        1021.7426728715647,
        1226.4867108293008,
        1409.8927824317832,
        1343.7210339190617,
        1007.0807116147619,
        698.6506625496058
    ],
    "actual": [
        575.0,
        239.0,
        233.00000000000003,
        291.0,
        63.0,
        -178.99999999999997
    ],
    "mse": 888261.0486568903,
    "rmse": 942.4760202025781,
    "mape": 557.7635304369126
}