{
    "predictions": [
        281.7037787659156,
        217.24197649189338,
        213.4892250210876,
        271.1937725716597,
        272.88862248864723,
        222.3251803817253
    ],
    "actual": [
        247.33799999999997,
        245.629,
        222.913,
        320.1820000000001,
        292.359,
        246.601
    ],
    "mse": 907.3158056392059,
    "rmse": 30.121683313507,
    "mape": 10.24712043558883
}