{
    "predictions": [
        47.693611637508226,
        48.7922155319561,
        57.459070484178035,
        45.864220453295545,
        55.94680057945229,
        47.1792510441321
    ],
    "actual": [
        65.7,
        71.9,
        79.1,
        62.9,
        62.9,
        26.5
    ],
    "mse": 348.7876243138803,
    "rmse": 18.675856722353604,
    "mape": 33.846317855299326
}