{
    "predictions": [
        177.31875099107492,
        208.83236800222704,
        228.47735344131644,
        240.72366121250823,
        248.3577749914036,
        253.11673534729294
    ],
    "actual": [
        113.161,
        201.574,
        162.41,
        140.932,
        241.711,
        220.298
    ],
    "mse": 3268.90346069373,
    "rmse": 57.17432518791743,
    "mape": 31.571981556953688
}