{
    "predictions": [
        283.7009991241513,
        277.57123808441503,
        254.7498890687119,
        278.91881704714586,
        267.2817092301448,
        269.24051809823084
    ],
    "actual": [
        336.9,
        401.5,
        304.1,
        246.2,
        243.4,
        273.3
    ],
    "mse": 3713.5402651795534,
    "rmse": 60.938823956321585,
    "mape": 14.578671592657294
}