{
    "predictions": [
        6076.0,
        6076.0,
        6076.0,
        6076.0,
        6076.0,
        6076.0
    ],
    "actual": [
        5136.0,
        5968.0,
        5968.0,
        6304.0,
        6300.0,
        5347.0
    ],
    "mse": 256754.83333333334,
    "rmse": 506.7098117594856,
    "mape": 7.121267302048871
}