{
    "predictions": [
        1975.8272157862418,
        2541.6942820487707,
        2174.7380126743356,
        2928.4094859365005,
        2739.46771191139,
        2183.996240846787
    ],
    "actual": [
        2485.0,
        2576.0,
        2713.0,
        2713.0,
        3748.0,
        2744.0
    ],
    "mse": 321217.1010803864,
    "rmse": 566.7601795119223,
    "mape": 16.15307378584966
}