{
    "predictions": [
        258.91484019761896,
        330.5326416244398,
        249.1597713961992,
        176.23099059652915,
        255.51248178831366,
        329.69870546579335
    ],
    "actual": [
        331.8,
        424.50000000000006,
        166.59999999999997,
        61.4,
        343.1,
        376.50000000000006
    ],
    "mse": 7334.386288405415,
    "rmse": 85.64103157018495,
    "mape": 53.1063909028015
}