{
    "predictions": [
        1332.9877806126133,
        1389.5245182935516,
        1446.0612559744902,
        1502.5979936554286,
        1559.134731336367,
        1615.6714690173055
    ],
    "actual": [
        1158.0,
        1273.0,
        1052.0,
        942.0,
        998.0,
        983.0000000000001
    ],
    "mse": 204816.4075164015,
    "rmse": 452.56646751212304,
    "mape": 40.30361934742353
}