{
    "predictions": [
        2390.4107477977514,
        2106.539305859608,
        2117.673241509169,
        2271.4578278558265,
        2435.5931386271604,
        2603.4105762966947
    ],
    "actual": [
        2418.0,
        2748.0,
        2596.0,
        2789.0,
        2763.0,
        2995.0
    ],
    "mse": 194902.8177384181,
    "rmse": 441.47799236022865,
    "mape": 14.398392313625493
}