{
    "predictions": [
        335.94299735080807,
        317.42243712529097,
        328.58781335921026,
        398.2772388449632,
        406.6604398621424,
        395.7804900065245
    ],
    "actual": [
        288.603,
        232.57400000000004,
        240.753,
        343.13,
        288.014,
        217.86500000000004
    ],
    "mse": 10987.900716345393,
    "rmse": 104.82318787532363,
    "mape": 38.04975788671012
}