{
    "predictions": [
        26850200980.45233,
        29403378983.754673,
        31956556987.057,
        34509734990.359344,
        37062912993.66167,
        39616090996.96401
    ],
    "actual": [
        58120000.00000066,
        29874610885.98,
        66741999.99999974,
        40388645574.68,
        -390000.0000006923,
        46906988813.53
    ],
    "mse": 5.32734195351255e+20,
    "rmse": 23081035404.661877,
    "mape": 1599553.5498246988
}