{
    "predictions": [
        4866.784732391284,
        4673.5343435921195,
        4473.503909612435,
        4472.37939391799,
        4516.311744866761,
        4475.67446995281
    ],
    "actual": [
        4800.0,
        3530.0,
        3594.0,
        3578.0000000000005,
        4118.0,
        4127.0
    ],
    "mse": 527633.1258065965,
    "rmse": 726.3835941199363,
    "mape": 16.89587377150502
}