{
    "predictions": [
        129.80467813571346,
        122.92335880923959,
        118.74498099749505,
        126.49204487938198,
        129.4732110710119,
        129.0879495837868
    ],
    "actual": [
        88.719,
        108.885,
        -14.6,
        22.7,
        59.2,
        96.5
    ],
    "mse": 6073.179942616796,
    "rmse": 77.93060979240953,
    "mape": 263.7054730662054
}