{
    "predictions": [
        454.45575574280537,
        367.15540665337267,
        285.2712310404938,
        360.6377494208131,
        431.7952949397654,
        366.7327020414751
    ],
    "actual": [
        351.6,
        295.3,
        272.3,
        434.50000000000006,
        384.7,
        302.4
    ],
    "mse": 4620.509034582395,
    "rmse": 67.97432629002213,
    "mape": 18.144286792811528
}