{
    "predictions": [
        29.07759109631189,
        27.762309318642828,
        27.48364670678993,
        28.23463773611351,
        27.63890956148498,
        28.111474537881428
    ],
    "actual": [
        31.039,
        21.362,
        27.607000000000003,
        25.965,
        25.965,
        21.295
    ],
    "mse": 16.54064234925435,
    "rmse": 4.067018852827505,
    "mape": 13.987476808404676
}