{
    "predictions": [
        409911808.8945301,
        242153283.8390424,
        191904943.09295782,
        219769384.2853558,
        282395177.8553945,
        346420372.0871982
    ],
    "actual": [
        833999999.9999999,
        1033000000.0,
        889000000.0000001,
        763999999.9999999,
        799000000.0,
        834999999.9999999
    ],
    "mse": 3.48834733136254e+17,
    "rmse": 590622326.9876056,
    "mape": 66.70414533256718
}