{
    "predictions": [
        175.90150339209922,
        179.10300678419844,
        182.30451017629767,
        185.5060135683969,
        188.70751696049612,
        191.90902035259535
    ],
    "actual": [
        177.3,
        180.887,
        169.524,
        169.003,
        174.757,
        176.827
    ],
    "mse": 143.81893052377782,
    "rmse": 11.992453065314779,
    "mape": 5.931843683891212
}