{
    "predictions": [
        128.565,
        128.565,
        128.565,
        128.565,
        128.565,
        128.565
    ],
    "actual": [
        124.90199999999999,
        125.42099999999999,
        128.589,
        133.119,
        131.913,
        142.489
    ],
    "mse": 41.521446166666735,
    "rmse": 6.44371369372249,
    "mape": 3.5315231136275127
}