{
    "predictions": [
        173.22440182748667,
        168.78125801099915,
        155.98110765131543,
        92.53949622440203,
        37.86938562835134,
        27.94660643367604
    ],
    "actual": [
        262.0,
        233.0,
        203.0,
        104.0,
        51.00000000000001,
        57.0
    ],
    "mse": 2560.6309582536264,
    "rmse": 50.60267738226532,
    "mape": 28.72406793944125
}