{
    "predictions": [
        4435.497607519475,
        4727.228890979875,
        4787.000902203458,
        5122.149335702426,
        4875.533124806165,
        4993.920744789416
    ],
    "actual": [
        4932.0,
        4700.0,
        3434.0,
        4220.0,
        3220.0,
        3578.0
    ],
    "mse": 1272893.7310616763,
    "rmse": 1128.2259219950924,
    "mape": 27.068570747340566
}