{
    "predictions": [
        10277.0,
        10277.0,
        10277.0,
        10277.0,
        10277.0,
        10277.0
    ],
    "actual": [
        11655.0,
        8920.0,
        12159.0,
        11334.0,
        9655.0,
        12075.0
    ],
    "mse": 2003199.0,
    "rmse": 1415.3441277653997,
    "mape": 12.195491987845893
}