{
    "predictions": [
        123.50027809865524,
        123.54302487501911,
        128.88141186326138,
        119.97254021555524,
        114.2671513922085,
        110.6133259794301
    ],
    "actual": [
        69.062,
        72.455,
        85.818,
        59.386,
        76.834,
        79.578
    ],
    "mse": 2243.8551643957603,
    "rmse": 47.3693483636387,
    "mape": 64.8760243414871
}