{
    "predictions": [
        2525.475170251573,
        1620.2992434419423,
        1631.0981166135502,
        1675.7835414448195,
        1471.9051626370194,
        1335.33184860971
    ],
    "actual": [
        2578.0,
        1931.9999999999998,
        1229.0000000000002,
        2886.9999999999995,
        2040.0,
        2351.9999999999995
    ],
    "mse": 514165.0497546505,
    "rmse": 717.0530313405352,
    "mape": 27.319356069036203
}