{
    "predictions": [
        184.41051549703678,
        184.20203322861485,
        184.1282995578773,
        184.1022222600736,
        184.09299953382194,
        184.08973774342658
    ],
    "actual": [
        231.0,
        218.0,
        141.00000000000003,
        180.0,
        218.0,
        194.0
    ],
    "mse": 1072.9431754940013,
    "rmse": 32.75581132400786,
    "mape": 14.866795649829742
}