{
    "predictions": [
        261.168,
        261.168,
        261.168,
        261.168,
        261.168,
        261.168
    ],
    "actual": [
        248.774,
        303.811,
        275.88,
        275.969,
        197.855,
        226.248
    ],
    "mse": 1272.5819331666669,
    "rmse": 35.67326636525827,
    "mape": 12.858030853168657
}