{
    "predictions": [
        721.0,
        721.0,
        721.0,
        721.0,
        721.0,
        721.0
    ],
    "actual": [
        762.0,
        686.0,
        654.0,
        693.0,
        838.0,
        550.0
    ],
    "mse": 8518.166666666666,
    "rmse": 92.29391457006614,
    "mape": 11.636732255997684
}