{
    "predictions": [
        4706.21072870616,
        4204.0249760889465,
        4937.792838052601,
        4918.610313327824,
        4633.150087339269,
        4261.984692781708
    ],
    "actual": [
        4332.0,
        3537.0,
        4478.0,
        3748.0,
        2937.0000000000005,
        2273.0
    ],
    "mse": 1499946.52911669,
    "rmse": 1224.723041800345,
    "mape": 35.708911705723004
}