{
    "predictions": [
        745.1202930464104,
        649.8127348188046,
        594.7187212983118,
        614.4639840199162,
        681.5823363558309,
        737.6345913126571
    ],
    "actual": [
        802.63,
        778.3900000000001,
        778.3900000000001,
        788.755,
        788.755,
        570.816
    ],
    "mse": 20544.399771128632,
    "rmse": 143.33317749610043,
    "mape": 18.698159408400613
}