{
    "predictions": [
        1954.0,
        1954.0,
        1954.0,
        1954.0,
        1954.0,
        1954.0
    ],
    "actual": [
        1956.0,
        1830.0,
        1922.0,
        1728.0000000000002,
        1655.0,
        2020.0
    ],
    "mse": 26872.833333333314,
    "rmse": 163.92935470297354,
    "mape": 7.159272304700481
}