{
    "predictions": [
        685.402350324183,
        523.7416158771695,
        507.0947914078477,
        504.7561807171899,
        619.0120134940047,
        619.0120134940047
    ],
    "actual": [
        858.1,
        654.6,
        654.6,
        449.7,
        449.7,
        589.5
    ],
    "mse": 16879.14689160535,
    "rmse": 129.9197709804222,
    "mape": 19.5914920661953
}