{
    "predictions": [
        1434.174013443852,
        1341.6451606761873,
        1283.7284926129018,
        1247.4766604630383,
        1224.785518548834,
        1210.5824316747135
    ],
    "actual": [
        1817.0000000000002,
        2178.0,
        1577.0,
        1896.0,
        1991.0,
        1954.0000000000005
    ],
    "mse": 415398.3607820808,
    "rmse": 644.5140501044805,
    "mape": 31.466784462694335
}