{
    "predictions": [
        747123804.9232297,
        403576078.04518783,
        446938423.19810903,
        727825836.6785712,
        498501981.76128864,
        455953421.2211231
    ],
    "actual": [
        551000000.0,
        519000000.0,
        124000000.00000001,
        473000000.0,
        496999999.99999994,
        490999999.9999999
    ],
    "mse": 3.704052991115428e+16,
    "rmse": 192459164.26908407,
    "mape": 63.26373927969438
}