{
    "predictions": [
        37.09932098425074,
        35.901070400825105,
        32.40508379059952,
        29.09248090123178,
        25.473549511950306,
        21.998284785545433
    ],
    "actual": [
        42.823,
        43.839,
        38.624,
        38.624,
        38.624,
        51.278
    ],
    "mse": 209.2553456707869,
    "rmse": 14.465660913722086,
    "mape": 27.233182679400965
}