{
    "predictions": [
        125.361182268198,
        97.87536572423106,
        114.93216576989941,
        129.07813909443794,
        125.62329020933122,
        104.6795121531239
    ],
    "actual": [
        161.937,
        88.102,
        126.23199999999999,
        150.622,
        149.655,
        100.768
    ],
    "mse": 436.3260532437496,
    "rmse": 20.888419117868867,
    "mape": 12.812394240100266
}