{
    "predictions": [
        536.1649432525206,
        407.4612279837545,
        470.72152175534103,
        595.4367292086796,
        538.1423689919085,
        417.3950390236306
    ],
    "actual": [
        467.0,
        483.9999999999999,
        424.0000000000001,
        446.00000000000006,
        513.0,
        495.00000000000006
    ],
    "mse": 6968.479719211885,
    "rmse": 83.47742041541464,
    "mape": 15.954718771920486
}