{
    "predictions": [
        786.6466139794492,
        811.8246758407229,
        819.9890344212259,
        822.6364483245795,
        823.4949113999776,
        823.7732807365171
    ],
    "actual": [
        637.0000000000001,
        612.0,
        677.9999999999999,
        470.0,
        722.0,
        709.0000000000001
    ],
    "mse": 38385.24729072047,
    "rmse": 195.9215335044121,
    "mape": 30.393396625560005
}