{
    "predictions": [
        -71.37740759724473,
        234.56312251075053,
        121.1121483822048,
        55.09921535013083,
        -116.36795060603141,
        132.29534568307938
    ],
    "actual": [
        -7.599999999999997,
        -22.6,
        -113.5,
        -113.5,
        4.100000000000002,
        -14.8
    ],
    "mse": 31636.42545488995,
    "rmse": 177.86631343480965,
    "mape": 1044.074801625789
}