{
    "predictions": [
        571.2274246606809,
        571.2274246606809,
        571.2274246606809,
        571.2274246606809,
        571.2274246606809,
        571.2274246606809
    ],
    "actual": [
        743.2000000000002,
        839.7999999999997,
        853.4999999999998,
        788.1999999999998,
        905.8999999999999,
        943.1999999999999
    ],
    "mse": 79805.00493668624,
    "rmse": 282.4977963395223,
    "mape": 32.016821363658785
}