{
    "predictions": [
        142.65238892855,
        142.62097018135748,
        125.91238788749865,
        149.26397944481474,
        172.2045915830756,
        165.174059042282
    ],
    "actual": [
        100.127,
        105.895,
        113.157,
        110.065,
        113.24499999999999,
        116.577
    ],
    "mse": 1782.3955143606806,
    "rmse": 42.21842624211235,
    "mape": 36.29833981746759
}