{
    "predictions": [
        241006109.8835849,
        241006109.8835849,
        241006109.8835849,
        241006109.8835849,
        241006109.8835849,
        241006109.8835849
    ],
    "actual": [
        257300000.0,
        248900000.0,
        266100000.0,
        283900000.0,
        293200000.0,
        288100000.0
    ],
    "mse": 1289905023095175.5,
    "rmse": 35915247.77994961,
    "mape": 11.365172772777312
}