{
    "predictions": [
        1229.1978488938864,
        796.0412317332787,
        948.8589082278747,
        1091.8090171783672,
        1229.5789491330822,
        828.9409695410197
    ],
    "actual": [
        1084.0,
        1084.0,
        1166.0,
        928.0,
        1236.0,
        1193.0
    ],
    "mse": 51761.08715716676,
    "rmse": 227.5106308662669,
    "mape": 17.878238831858013
}