{
    "predictions": [
        3007.433513055365,
        2781.774350501883,
        2591.482615100626,
        2552.5992349008525,
        2369.19105683,
        2339.2007843894803
    ],
    "actual": [
        3474.0,
        3513.0,
        3407.0000000000005,
        3180.0,
        3081.0,
        2909.9999999999995
    ],
    "mse": 440593.213077048,
    "rmse": 663.7719586402005,
    "mape": 20.104911347843903
}