{
    "predictions": [
        127.41925094935893,
        133.20948379504628,
        120.82383305079264,
        123.42000115839788,
        123.42000115839788,
        123.42000115839788
    ],
    "actual": [
        147.357,
        147.357,
        135.176,
        119.953,
        180.43799999999996,
        176.791
    ],
    "mse": 1152.5310923995414,
    "rmse": 33.94894832538324,
    "mape": 16.404549807331705
}