{
    "predictions": [
        425.1293372262221,
        423.4565489387461,
        418.02769774508374,
        414.46503009070113,
        410.8958735962989,
        407.8535132506577
    ],
    "actual": [
        445.935,
        456.104,
        603.172,
        479.025,
        447.51,
        745.186
    ],
    "mse": 25846.489150867317,
    "rmse": 160.76843331595703,
    "mape": 18.240995494648118
}