{
    "predictions": [
        1096.8434228853328,
        198.7059388817101,
        -10.762689756383516,
        217.53839846356712,
        468.01449824493545,
        550.3361204619199
    ],
    "actual": [
        470.62299999999993,
        1311.3660000000004,
        671.283,
        492.2390000000001,
        609.4220000000001,
        991.2430000000002
    ],
    "mse": 397534.35517046624,
    "rmse": 630.5032554796734,
    "mape": 73.8338018049926
}