{
    "predictions": [
        796.5365931706681,
        255.82137019674377,
        -30.008046034444597,
        507.9505652020013,
        566.8902793196885,
        55.726723326034325
    ],
    "actual": [
        1127.0,
        428.0,
        117.00000000000001,
        753.9999999999998,
        1071.0,
        567.9999999999999
    ],
    "mse": 122925.62570935301,
    "rmse": 350.60750948796436,
    "mape": 60.84825453047634
}