{
    "predictions": [
        3632.6415449433957,
        3277.4987031326577,
        3194.866450091723,
        3175.6401320057184,
        3171.1666813428014,
        3170.1258288642334
    ],
    "actual": [
        3519.0,
        4178.0,
        3409.0000000000005,
        4235.000000000001,
        2535.999999999999,
        3161.9999999999995
    ],
    "mse": 399236.0392821385,
    "rmse": 631.8512794021538,
    "mape": 13.563597309946216
}