{
    "predictions": [
        1476.5452631076225,
        1505.2873566881287,
        1534.0294502686343,
        1562.77154384914,
        1591.5136374296458,
        1620.2557310101517
    ],
    "actual": [
        1783.0,
        1783.0,
        1547.0,
        1664.9999999999998,
        1710.0,
        2762.0
    ],
    "mse": 249879.45071878025,
    "rmse": 499.8794361831463,
    "mape": 14.668011869373409
}