{
    "predictions": [
        95.68694317156198,
        95.80977493183694,
        87.63133900002175,
        94.6382011314501,
        93.66284028975711,
        95.12564001975032
    ],
    "actual": [
        118.748,
        127.394,
        112.654,
        117.83,
        102.94800000000001,
        73.743
    ],
    "mse": 539.4666997564798,
    "rmse": 23.22642244850635,
    "mape": 20.687088990211656
}