{
    "predictions": [
        1854.5412956625592,
        1788.4029946704236,
        1745.7099420263075,
        1718.151073462538,
        1700.361499059271,
        1688.878119155009
    ],
    "actual": [
        2040.0000000000002,
        2395.0,
        2358.0,
        2627.0,
        2541.0,
        1846.9999999999995
    ],
    "mse": 389155.99378614844,
    "rmse": 623.8236880610966,
    "mape": 22.770950204519277
}