{
    "predictions": [
        131.8470480615893,
        146.77439302883644,
        150.6377871753357,
        151.55992319501127,
        152.43560576510882,
        153.26717502084873
    ],
    "actual": [
        109.0,
        83.0,
        83.0,
        50.99999999999999,
        50.99999999999999,
        101.0
    ],
    "mse": 5382.894819980375,
    "rmse": 73.36821396204473,
    "mape": 104.51797756248355
}