{
    "predictions": [
        124.64862404341162,
        138.02897567579623,
        136.26690486074995,
        133.61622418376834,
        125.4555890623678,
        110.76396014577705
    ],
    "actual": [
        96.303,
        159.408,
        159.408,
        143.462,
        143.462,
        131.656
    ],
    "mse": 442.28247220966074,
    "rmse": 21.030512885083443,
    "mape": 15.440864857467371
}