{
    "predictions": [
        355.9854062547609,
        300.4654786036513,
        375.32175080085045,
        369.8217811413773,
        352.3839931797031,
        323.20290813164326
    ],
    "actual": [
        191.30000000000004,
        198.5,
        198.5,
        115.4,
        102.40000000000002,
        194.5
    ],
    "mse": 35428.508590534715,
    "rmse": 188.22462269993986,
    "mape": 126.21668535822155
}