{
    "predictions": [
        5568.0,
        5568.0,
        5568.0,
        5568.0,
        5568.0,
        5568.0
    ],
    "actual": [
        5568.0,
        5568.0,
        54.5,
        43.1,
        100.6,
        19.8
    ],
    "mse": 20266364.709999997,
    "rmse": 4501.817933901814,
    "mape": 9398.551773107562
}