{
    "predictions": [
        368.5440057797948,
        473.45176894007966,
        406.19887697460973,
        402.95481480891925,
        452.0158516421073,
        561.3223917716247
    ],
    "actual": [
        330.4,
        414.4,
        379.1,
        502.5,
        499.6,
        608.1
    ],
    "mse": 3339.6775710677484,
    "rmse": 57.78994351154661,
    "mape": 11.661635045129731
}