{
    "predictions": [
        148.8942096386052,
        148.0648593913922,
        141.18486049361098,
        145.75151688807028,
        142.72036078835325,
        144.73231581785788
    ],
    "actual": [
        161.952,
        114.478,
        114.478,
        144.304,
        153.132,
        133.101
    ],
    "mse": 376.2707423656641,
    "rmse": 19.397699409096536,
    "mape": 12.878681204282117
}