{
    "predictions": [
        1256.5659216456277,
        1256.5659216456277,
        1256.5659216456277,
        1256.5659216456277,
        1256.5659216456277,
        1256.5659216456277
    ],
    "actual": [
        1265.0,
        1510.0,
        1247.0,
        1373.0,
        1399.0,
        1663.0000000000002
    ],
    "mse": 43904.082322101334,
    "rmse": 209.53301010127578,
    "mape": 10.219794890104932
}