{
    "predictions": [
        121.7114681869151,
        123.02703563115132,
        124.79527219723445,
        124.11994231874796,
        123.67763855482839,
        123.95334208952431
    ],
    "actual": [
        114.278,
        115.719,
        129.802,
        103.28,
        128.094,
        139.52599999999998
    ],
    "mse": 138.34104600381372,
    "rmse": 11.761847048989106,
    "mape": 8.577370528175516
}