{
    "predictions": [
        939.1597253318532,
        939.6347045807858,
        871.6602736569822,
        994.2387579479855,
        936.8972896850388,
        934.8976030121181
    ],
    "actual": [
        1078.2,
        1073.4,
        1032.4,
        992.1,
        975.7,
        1220.0
    ],
    "mse": 24309.36887413239,
    "rmse": 155.91462046303545,
    "mape": 11.41474687021138
}