{
    "predictions": [
        24774.168855384465,
        25631.408773842748,
        24707.829152908784,
        25597.604816666713,
        24776.449846768548,
        25520.46804785062
    ],
    "actual": [
        25245.0,
        26835.999999999996,
        31822.0,
        31325.999999999996,
        35745.0,
        36501.0
    ],
    "mse": 54329972.43717345,
    "rmse": 7370.886814839409,
    "mape": 17.960778123552323
}