{
    "predictions": [
        263.0876198064823,
        239.31686944591715,
        247.68666183254555,
        238.43918511523168,
        245.96638062207555,
        239.83944741313113
    ],
    "actual": [
        281.5,
        243.19999999999996,
        266.9,
        269.3,
        261.1,
        273.3
    ],
    "mse": 504.04528684568396,
    "rmse": 22.450952916205672,
    "mape": 7.4725160127221395
}