{
    "predictions": [
        194.1507850968066,
        218.72349281173834,
        279.93343035800984,
        359.7767225614196,
        423.03366693538123,
        501.054830602193
    ],
    "actual": [
        185.7,
        154.9,
        175.6,
        230.2,
        249.19999999999996,
        272.6
    ],
    "mse": 19038.3665181915,
    "rmse": 137.9795873243267,
    "mape": 52.503420507359486
}