{
    "predictions": [
        218959088.38678166,
        161350431.28821957,
        182318268.74507067,
        166810388.6776427,
        188267258.15736946,
        173638034.25238675
    ],
    "actual": [
        315000000.0,
        341000000.0,
        464999999.99999994,
        171000000.0,
        171000000.0,
        214000000.0
    ],
    "mse": 2.0558597458904668e+16,
    "rmse": 143382695.81405097,
    "mape": 29.22878582979126
}