{
    "predictions": [
        774.4292061399782,
        764.6797656469838,
        882.6473366194275,
        876.2098855334061,
        899.0289231854597,
        912.8515889393545
    ],
    "actual": [
        723.0,
        614.0,
        732.0,
        716.0,
        745.0,
        695.0
    ],
    "mse": 24149.234408974382,
    "rmse": 155.40023941093006,
    "mape": 21.105080026015123
}