{
    "predictions": [
        1226.58925518782,
        1256.9060144535965,
        1226.778804997246,
        1256.7176497685416,
        1226.9659919676963,
        1256.531633149258
    ],
    "actual": [
        1293.0,
        1314.0,
        1164.0,
        1305.0,
        1257.0,
        1207.0
    ],
    "mse": 2882.983038959002,
    "rmse": 53.69341709147409,
    "mape": 4.177905101074387
}