{
    "predictions": [
        208.18793150567606,
        288.8882953455047,
        309.33582991355786,
        234.58057563096096,
        120.97084601657674,
        191.31787961048076
    ],
    "actual": [
        375.0,
        -56.599999999999994,
        165.9,
        279.8,
        357.7,
        102.9
    ],
    "mse": 38944.2459733128,
    "rmse": 197.34296535045985,
    "mape": 151.60234354095675
}