{
    "predictions": [
        104.15753939456954,
        164.51417547055533,
        169.68939169538876,
        145.66432009684763,
        120.14362933056098,
        151.51199627020458
    ],
    "actual": [
        171.167,
        137.205,
        67.911,
        -44.611,
        144.615,
        145.384
    ],
    "mse": 8739.332941716475,
    "rmse": 93.48439945636103,
    "mape": 109.43010475961002
}