{
    "predictions": [
        175.26489969475546,
        191.36060516360985,
        179.98779891355912,
        195.90833457436216,
        184.70958105467153,
        200.45717393907486
    ],
    "actual": [
        178.898,
        233.176,
        223.715,
        251.984,
        266.756,
        264.831
    ],
    "mse": 2948.9798957346466,
    "rmse": 54.304510823085835,
    "mape": 19.471335747133345
}