{
    "predictions": [
        1096.7980796202519,
        1069.712954480174,
        1081.5839383094717,
        1076.3810730339137,
        1078.661406952725,
        1077.6619725053813
    ],
    "actual": [
        1396.0,
        1336.0000000000002,
        2085.0000000000005,
        1853.0,
        1727.9999999999998,
        1682.0000000000005
    ],
    "mse": 426212.7317079657,
    "rmse": 652.8497007029763,
    "mape": 34.15142799655419
}