{
    "predictions": [
        130.89313084022632,
        124.90128749946736,
        130.8918436173514,
        124.90257444580917,
        130.89055694748325,
        124.90386083926312
    ],
    "actual": [
        150.7,
        114.1,
        84.8,
        -186.39999999999998,
        143.6,
        78.3
    ],
    "mse": 16979.363428337336,
    "rmse": 130.30488643307794,
    "mape": 52.056894505683715
}