{
    "predictions": [
        212.76859303104584,
        256.0892370060139,
        206.39498064676914,
        201.6792769826759,
        253.49098375577034,
        238.57912214159444
    ],
    "actual": [
        250.0,
        390.0,
        285.0,
        320.0,
        152.0,
        180.00000000000003
    ],
    "mse": 8871.457667996236,
    "rmse": 94.18841578451267,
    "mape": 35.51648852434149
}