{
    "predictions": [
        136.21115044928263,
        137.6820739909466,
        139.3335208168517,
        139.91557564074355,
        141.41492328275936,
        142.83343666649105
    ],
    "actual": [
        131.029,
        125.11899999999999,
        137.436,
        174.419,
        132.057,
        106.586
    ],
    "mse": 463.36996370060115,
    "rmse": 21.526029910334167,
    "mape": 12.708734504693675
}