{
    "predictions": [
        47.76666415178906,
        73.65642069617031,
        47.577878702969095,
        27.785328329271483,
        61.62885108932744,
        56.29230583895758
    ],
    "actual": [
        66.821,
        57.76799999999999,
        38.18099999999998,
        59.931999999999995,
        103.37599999999999,
        68.23000000000002
    ],
    "mse": 603.7587399585497,
    "rmse": 24.571502598712794,
    "mape": 32.02489290557044
}