{
    "predictions": [
        330.5537461636008,
        327.84137565428796,
        123.50786757387264,
        361.63514077797,
        331.5740719550507,
        302.17284185776646
    ],
    "actual": [
        259.211,
        249.652,
        24.372,
        339.551,
        310.664,
        144.988
    ],
    "mse": 7777.2168379855675,
    "rmse": 88.18853008178313,
    "mape": 97.87511738825926
}