{
    "predictions": [
        2238.274384592017,
        2238.274384592017,
        2238.274384592017,
        2238.274384592017,
        2238.274384592017,
        2238.274384592017
    ],
    "actual": [
        2468.0,
        2009.0,
        2382.0,
        2533.0,
        2478.0,
        2306.0
    ],
    "mse": 45819.32872862805,
    "rmse": 214.05449943560646,
    "mape": 8.500146367902701
}