{
    "predictions": [
        229.79584605695172,
        226.8496640800296,
        225.7395710566204,
        225.32129868570962,
        225.16369768058843,
        225.1043151381529
    ],
    "actual": [
        187.389,
        208.031,
        225.795,
        224.576,
        216.319,
        191.388
    ],
    "mse": 561.3433060516546,
    "rmse": 23.692684652686673,
    "mape": 8.956391487601111
}