{
    "predictions": [
        1247.0485876756484,
        1304.8802278900587,
        1496.6189836022022,
        1485.900281516075,
        1355.7093269139507,
        1329.9610154265738
    ],
    "actual": [
        1212.0,
        1232.0,
        1220.0,
        1139.0,
        1266.0,
        1424.0
    ],
    "mse": 36714.81541256119,
    "rmse": 191.61110461703726,
    "mape": 12.604593225697517
}