{
    "predictions": [
        27.260288796708977,
        27.316638872687864,
        27.316638872687864,
        27.316638872687864,
        27.316638872687864,
        27.316638872687864
    ],
    "actual": [
        7.106,
        7.106,
        7.106,
        7.106,
        7.106,
        74.248
    ],
    "mse": 707.1046181220236,
    "rmse": 26.591438812558142,
    "mape": 247.41643295281207
}