{
    "predictions": [
        1206.4725604809566,
        1278.4500506150896,
        1264.8575217491941,
        1284.7345314369838,
        1210.261418243654,
        1281.4522164242119
    ],
    "actual": [
        1372.0,
        1230.0,
        1254.0,
        1216.0,
        1332.0,
        1118.0
    ],
    "mse": 12687.661928460868,
    "rmse": 112.63952205358858,
    "mape": 7.713606812774209
}