{
    "predictions": [
        358.7392320266538,
        323.40832079871404,
        310.26630110949543,
        303.9208047863244,
        341.28214481261557,
        335.55806945646515
    ],
    "actual": [
        334.758,
        342.727,
        324.36,
        322.88,
        349.044,
        303.809
    ],
    "mse": 429.10734907770757,
    "rmse": 20.714906446269737,
    "mape": 5.9485953851582405
}