{
    "predictions": [
        91.54701952666072,
        91.54701952666072,
        91.54701952666072,
        91.54701952666072,
        91.54701952666072,
        91.54701952666072
    ],
    "actual": [
        75.1,
        79.2,
        83.9,
        102.8,
        83.5,
        39.9
    ],
    "mse": 556.7048281543863,
    "rmse": 23.59459319747612,
    "mape": 32.77150922834671
}