{
    "predictions": [
        2643.622344767276,
        4009.2921674936115,
        2177.851650593453,
        3046.8976619690047,
        2380.8299307913376,
        3737.498260591379
    ],
    "actual": [
        3251.0,
        5183.0,
        2637.0,
        3801.0,
        3584.0000000000005,
        5193.0
    ],
    "mse": 1015348.1273350859,
    "rmse": 1007.6448418639803,
    "mape": 23.363036694263535
}