{
    "predictions": [
        107002375.50042903,
        102116119.30462329,
        102765829.31364495,
        123931758.22926345,
        115332169.773781,
        111624386.50027126
    ],
    "actual": [
        126825000.00000001,
        122498000.0,
        120400000.0,
        128300000.0,
        127400000.0,
        125900000.0
    ],
    "mse": 247971446976192.6,
    "rmse": 15747109.162515912,
    "mape": 11.85512002822935
}