{
    "predictions": [
        244.7388423010973,
        241.35700174993855,
        236.60966924428527,
        247.2798507932862,
        234.5524575249997,
        245.16950126537603
    ],
    "actual": [
        223.39999999999998,
        210.9,
        204.7,
        227.5,
        216.99999999999997,
        224.89999999999998
    ],
    "mse": 585.2310136242019,
    "rmse": 24.191548392449,
    "mape": 10.896267352319693
}