{
    "predictions": [
        464.7488018348481,
        484.10203267989084,
        434.18670654007514,
        552.6844928330479,
        537.9612927111076,
        577.3106157895932
    ],
    "actual": [
        465.0,
        506.00000000000006,
        450.0,
        476.00000000000006,
        508.0,
        417.0
    ],
    "mse": 5534.5547266902395,
    "rmse": 74.39458802016608,
    "mape": 11.391270073507915
}