{
    "predictions": [
        123.15447940609184,
        110.9537371544055,
        110.9537371544055,
        110.9537371544055,
        110.9537371544055,
        110.9537371544055
    ],
    "actual": [
        232.00000000000003,
        18.00000000000001,
        33.000000000000036,
        357.99999999999994,
        329.0,
        229.00000000000003
    ],
    "mse": 24845.913106563854,
    "rmse": 157.62586433248782,
    "mape": 164.39677527789496
}