{
    "predictions": [
        235.2433317020453,
        231.35581457604377,
        231.35581457604377,
        231.35581457604377,
        231.35581457604377,
        231.35581457604377
    ],
    "actual": [
        279.0,
        257.0,
        348.0,
        294.0,
        341.0,
        311.0
    ],
    "mse": 6411.245649395532,
    "rmse": 80.0702544606643,
    "mape": 23.041741495697817
}