{
    "predictions": [
        3872.4549801309095,
        3141.485234482982,
        2482.396060833073,
        3175.608602077445,
        3874.1690150135205,
        3220.9611158288244
    ],
    "actual": [
        3255.0000000000005,
        4259.0,
        2090.0,
        859.0000000000003,
        138.00000000000003,
        3077.0
    ],
    "mse": 3521737.2831718866,
    "rmse": 1876.6292343379623,
    "mape": 507.6195692838105
}