{
    "predictions": [
        389.4146958899367,
        611.437673579413,
        3059.568547748367,
        356.41714751149436,
        531.4526070604702,
        743.8469618263323
    ],
    "actual": [
        498.00000000000006,
        561.0,
        3303.0,
        280.0,
        481.00000000000006,
        796.0
    ],
    "mse": 14116.43075230885,
    "rmse": 118.81258667459795,
    "mape": 13.749632727064201
}