{
    "predictions": [
        669.1329988627822,
        881.5209957853228,
        938.921130102481,
        876.3162148066821,
        967.1596642796459,
        1145.0895416939788
    ],
    "actual": [
        564.0,
        590.0,
        1074.0,
        472.00000000000006,
        574.0,
        556.0
    ],
    "mse": 129892.72513860796,
    "rmse": 360.4063333774921,
    "mape": 56.78906722075813
}