{
    "predictions": [
        393.5588384430406,
        393.5588384430406,
        393.5588384430406,
        393.5588384430406,
        393.5588384430406,
        393.5588384430406
    ],
    "actual": [
        465.6,
        478.6,
        423.6,
        403.8,
        517.7999999999998,
        524.6
    ],
    "mse": 7672.822190396578,
    "rmse": 87.59464704190877,
    "mape": 15.307142695126672
}