{
    "predictions": [
        481.1326746626329,
        466.9342505264661,
        437.99932631555777,
        430.99081150399576,
        448.07345854103073,
        463.5481665410929
    ],
    "actual": [
        480.944,
        503.56800000000004,
        471.368,
        461.205,
        397.99100000000004,
        559.039
    ],
    "mse": 2499.1974494566034,
    "rmse": 49.99197385037525,
    "mape": 8.434897424223248
}