{
    "predictions": [
        633043679.2700781,
        688656546.7759091,
        633502347.0615155,
        611801154.0776302,
        632312539.0547162,
        686636752.2424576
    ],
    "actual": [
        625000000.0,
        651000000.0,
        453000000.0,
        534000000.0,
        511000000.0,
        471000000.00000006
    ],
    "mse": 1.6888795701898352e+16,
    "rmse": 129956899.40091042,
    "mape": 21.834979093440488
}