{
    "predictions": [
        219087236.40823853,
        338631417.26597905,
        108968791.37955418,
        224533953.77556428,
        216421869.42184904,
        333649115.7105193
    ],
    "actual": [
        208500000.0,
        373900000.0,
        176900000.0,
        226200000.0,
        285000000.0,
        458900000.0
    ],
    "mse": 4394021887729617.5,
    "rmse": 66287418.7740752,
    "mape": 17.500684073711735
}