{
    "predictions": [
        8353.398756436502,
        8731.16227562581,
        8739.285200752412,
        8306.413014237838,
        8461.582911007748,
        8612.730693586827
    ],
    "actual": [
        7971.0,
        6460.0,
        5684.0,
        7800.0,
        5377.0,
        5268.0
    ],
    "mse": 5932917.306263167,
    "rmse": 2435.758055773021,
    "mape": 36.84287555950424
}