{
    "predictions": [
        235.93117253401266,
        264.64666649302626,
        162.78554136315486,
        206.11538366357797,
        235.30535287399795,
        262.9453268766151
    ],
    "actual": [
        199.0,
        192.4,
        38.3,
        105.5,
        149.9,
        214.7
    ],
    "mse": 6970.880604550311,
    "rmse": 83.49179962457578,
    "mape": 92.65868378367634
}