{
    "predictions": [
        447027814.3729584,
        336529028.5147113,
        306966706.37237716,
        337469884.711494,
        366803648.454151,
        342213763.522471
    ],
    "actual": [
        404000000.0,
        132000000.00000007,
        132000000.00000007,
        396000000.0,
        396000000.0,
        246000000.00000003
    ],
    "mse": 1.4638692380685926e+16,
    "rmse": 120990464.00723457,
    "mape": 59.90194202188501
}