{
    "predictions": [
        49.48162381326494,
        45.226300773165704,
        43.93458382004714,
        43.54247899715806,
        43.42345432092254,
        43.38732399880971
    ],
    "actual": [
        47.9,
        51.2,
        72.7,
        44.3,
        55.4,
        51.7
    ],
    "mse": 179.79130851980037,
    "rmse": 13.408628137128733,
    "mape": 15.65726084768015
}