{
    "predictions": [
        76.9142572415279,
        77.30332473769425,
        81.52713874925331,
        80.42404821330275,
        79.1937153933825,
        79.86247905505334
    ],
    "actual": [
        84.4,
        95.29999999999998,
        86.8,
        93.2,
        79.7,
        98.5
    ],
    "mse": 153.093031007461,
    "rmse": 12.373076860969586,
    "mape": 11.182167401831585
}