{
    "predictions": [
        266.5004165012392,
        217.2282651713948,
        175.74692166668373,
        172.93932405044862,
        167.6914964877778,
        203.65088904293052
    ],
    "actual": [
        194.83000000000007,
        199.173,
        172.83300000000008,
        205.719,
        204.58699999999993,
        235.15799999999996
    ],
    "mse": 1483.2692528315201,
    "rmse": 38.51323477496431,
    "mape": 15.817305535577258
}