{
    "predictions": [
        110.62848584809022,
        129.49103125793974,
        124.3116495239959,
        133.67222880742057,
        129.44978951279805,
        141.46627638365268
    ],
    "actual": [
        82.98100000000001,
        112.977,
        78.58699999999999,
        107.47800000000001,
        97.50400000000002,
        112.13599999999998
    ],
    "mse": 949.1294132256285,
    "rmse": 30.807943995431252,
    "mape": 31.568292812375777
}