{
    "predictions": [
        1071.3282741667547,
        1136.2891309486438,
        955.4177505915488,
        908.371853382304,
        1041.942799172065,
        1078.6153781802204
    ],
    "actual": [
        1047.794,
        1111.958,
        881.252,
        1128.88,
        1292.244,
        1406.863
    ],
    "mse": 37611.24327427042,
    "rmse": 193.936183509603,
    "mape": 12.514150521390196
}