{
    "predictions": [
        1466.8842205863793,
        1467.2775135347756,
        1658.6337771824426,
        1617.578484289283,
        1399.42912867153,
        1455.5224329248297
    ],
    "actual": [
        1574.0,
        1496.0,
        1669.0,
        1778.0,
        1577.0,
        1603.0
    ],
    "mse": 15237.056640220486,
    "rmse": 123.43847309579168,
    "mape": 6.4715169332778935
}