{
    "predictions": [
        96.72718892653627,
        68.36196011973306,
        67.51335912617273,
        93.33714475573557,
        97.4243131101733,
        74.33929062301587
    ],
    "actual": [
        81.749,
        81.749,
        68.745,
        96.38100000000001,
        70.195,
        67.013
    ],
    "mse": 201.57516683495598,
    "rmse": 14.197716958544989,
    "mape": 14.895217946153814
}