{
    "predictions": [
        141.62527362485258,
        141.73441461582846,
        141.7641736485791,
        141.77228792372298,
        141.77450041032031,
        141.77510368009567
    ],
    "actual": [
        140.108,
        138.073,
        146.267,
        82.087,
        141.018,
        146.321
    ],
    "mse": 603.2590970254288,
    "rmse": 24.561333372303483,
    "mape": 13.86104536872567
}