{
    "predictions": [
        547.1032115553376,
        630.5437551724233,
        592.3316234807428,
        502.9267907654593,
        521.5993495093326,
        614.5169951841738
    ],
    "actual": [
        486.0,
        230.99999999999994,
        230.99999999999994,
        354.0,
        354.0,
        282.0
    ],
    "mse": 75794.2733228082,
    "rmse": 275.3075976481728,
    "mape": 91.54732501265407
}