{
    "predictions": [
        370.6395422597363,
        394.8582978212569,
        392.8311395018642,
        392.8311395018642,
        392.8311395018642,
        392.8311395018642
    ],
    "actual": [
        445.0,
        486.0,
        548.0,
        586.0,
        586.0,
        492.99999999999994
    ],
    "mse": 20429.313460910278,
    "rmse": 142.93114937238235,
    "mape": 25.004217232553135
}