{
    "predictions": [
        144.59159531576665,
        138.41087980972884,
        135.99504424483712,
        137.2438908749057,
        139.02069177216373,
        137.92715209593874
    ],
    "actual": [
        135.1,
        -322.0,
        96.90000000000002,
        -579.3,
        114.1,
        77.80000000000001
    ],
    "mse": 121878.0256601721,
    "rmse": 349.1103345078345,
    "mape": 68.86213373977172
}