{
    "predictions": [
        16309807.580788942,
        -267921.8227944148,
        -6609517.378014469,
        17637451.036633234,
        825559.5213791629,
        17244515.634833194
    ],
    "actual": [
        83836000.0,
        83836000.0,
        19406000.0,
        77660000.0,
        81135000.0,
        46415000.0
    ],
    "mse": 3868882207534024.0,
    "rmse": 62200339.28793334,
    "mape": 92.34046347448007
}