{
    "predictions": [
        240.31325689624998,
        167.40667885433217,
        178.29893161203006,
        308.5670521395968,
        248.68008284536182,
        183.55171628418333
    ],
    "actual": [
        231.8,
        197.6,
        190.0,
        344.7,
        323.2,
        271.4
    ],
    "mse": 2616.192685306383,
    "rmse": 51.1487310234221,
    "mape": 15.169842344244296
}