{
    "predictions": [
        429.5922822663901,
        397.104955314835,
        445.422056823528,
        476.99654895247454,
        435.01894137197746,
        404.5715842201591
    ],
    "actual": [
        421.0,
        391.0,
        395.0,
        432.0,
        418.0,
        413.0
    ],
    "mse": 839.8089306449428,
    "rmse": 28.97945704537859,
    "mape": 5.48258883383541
}