{
    "predictions": [
        2044.9444949799338,
        2230.454887862858,
        2142.4803172971506,
        2094.6184249453677,
        2143.7295234017297,
        2148.2898231566
    ],
    "actual": [
        1961.3,
        3836.4999999999995,
        3836.4999999999995,
        3116.3,
        4115.2,
        4901.2
    ],
    "mse": 2994187.251969566,
    "rmse": 1730.371998146516,
    "mape": 37.85709076428353
}