{
    "predictions": [
        2421.2760559155345,
        2446.3525620513183,
        2460.401103129534,
        2468.271478107517,
        2472.680676325979,
        2475.150829143866
    ],
    "actual": [
        2392.0,
        2806.0,
        2441.0,
        2568.0,
        2564.0,
        1242.0
    ],
    "mse": 278254.2890415012,
    "rmse": 527.4981412682903,
    "mape": 20.261402478299917
}