{
    "predictions": [
        9.942042583250915,
        -160.73261040396915,
        -32.53502889818435,
        -20.6083037250338,
        -29.881117858674454,
        -28.12417737764668
    ],
    "actual": [
        188.0,
        125.00000000000001,
        183.0,
        236.00000000000003,
        147.00000000000003,
        113.00000000000001
    ],
    "mse": 46142.31572765389,
    "rmse": 214.80762492903713,
    "mape": 132.50412463498478
}