{
    "predictions": [
        1136000000.0,
        1136000000.0,
        1136000000.0,
        1136000000.0,
        1136000000.0,
        1136000000.0
    ],
    "actual": [
        1008000000.0,
        937000000.0,
        1141000000.0,
        1075000000.0,
        886000000.0,
        994000000.0
    ],
    "mse": 2.37325e+16,
    "rmse": 154053562.11396086,
    "mape": 13.758575928159312
}