{
    "predictions": [
        1034.015970115942,
        938.1219312520116,
        866.271820750198,
        812.4370001473438,
        772.100417654985,
        741.8776014749938
    ],
    "actual": [
        492.00000000000017,
        160.9999999999998,
        168.00000000000017,
        937.0000000000001,
        580.9999999999999,
        690.0000000000002
    ],
    "mse": 240001.65660706323,
    "rmse": 489.8996393212218,
    "mape": 177.03203443494724
}