{
    "predictions": [
        701.0429901625155,
        673.9896828472928,
        673.9896828472928,
        673.9896828472928,
        673.9896828472928,
        673.9896828472928
    ],
    "actual": [
        1005.0000000000001,
        1048.0,
        1118.0,
        1012.0,
        920.9999999999999,
        947.0000000000001
    ],
    "mse": 113203.07457623958,
    "rmse": 336.4566459088594,
    "mape": 32.44936247822912
}