{
    "predictions": [
        292662582.50223166,
        292662582.50223166,
        292662582.50223166,
        292662582.50223166,
        292662582.50223166,
        292662582.50223166
    ],
    "actual": [
        431699999.99999994,
        373000000.0,
        310600000.0,
        305800000.0,
        280600000.0,
        232700000.00000003
    ],
    "mse": 5003477332769908.0,
    "rmse": 70735262.30084899,
    "mape": 15.647224649911951
}