{
    "predictions": [
        60.152260390948044,
        60.152260390948044,
        60.152260390948044,
        60.152260390948044,
        60.152260390948044,
        60.152260390948044
    ],
    "actual": [
        62.405,
        62.113,
        60.774,
        17.835,
        23.492,
        22.829
    ],
    "mse": 756.176146806681,
    "rmse": 27.49865718188219,
    "mape": 94.1008841127414
}