{
    "predictions": [
        119.36960768908327,
        31.315734433672926,
        91.7351310747737,
        52.737829117269825,
        114.0356960387853,
        36.444052070006684
    ],
    "actual": [
        44.564,
        6.049,
        21.911999999999992,
        21.911999999999992,
        21.911999999999992,
        15.954000000000002
    ],
    "mse": 3494.4009650341723,
    "rmse": 59.11345840867519,
    "mape": 265.62542237928676
}