{
    "predictions": [
        403.66844074858915,
        283.71242852084345,
        -113.65597628695313,
        55.244847543286845,
        74.00323950740793,
        27.092866180441924
    ],
    "actual": [
        540.7009999999999,
        788.5699999999999,
        788.5699999999999,
        216.482,
        674.0909999999999,
        867.1579999999999
    ],
    "mse": 363247.1617910674,
    "rmse": 602.6998936378432,
    "mape": 77.35940057856877
}