{
    "predictions": [
        914.9792760845668,
        735.3601055786203,
        735.3601055786203,
        735.3601055786203,
        735.3601055786203,
        735.3601055786203
    ],
    "actual": [
        1126.0,
        359.00000000000006,
        359.00000000000006,
        398.0,
        398.0,
        203.00000000000003
    ],
    "mse": 139809.09462463486,
    "rmse": 373.91054361255294,
    "mape": 110.0310259883815
}