{
    "predictions": [
        151.54282693779064,
        166.09350652573204,
        105.73096509388496,
        124.65319306025002,
        147.47149115822594,
        163.47116368244792
    ],
    "actual": [
        92.8,
        39.9,
        99.5,
        135.8,
        92.6,
        90.0
    ],
    "mse": 4657.914911939465,
    "rmse": 68.24891876022261,
    "mape": 89.15608962734295
}