{
    "predictions": [
        371.8147259468036,
        266.367989114844,
        342.0681466542082,
        435.2520552809846,
        362.2252351727792,
        276.076043319388
    ],
    "actual": [
        380.0,
        317.0,
        314.0,
        391.99999999999994,
        273.0,
        327.0
    ],
    "mse": 2640.592055979763,
    "rmse": 51.38669142861566,
    "mape": 14.39252703561136
}