{
    "predictions": [
        373.02246165207254,
        252.98562994729173,
        -12.819844046591976,
        140.76421977805447,
        387.1127607551411,
        228.81055216370675
    ],
    "actual": [
        523.9229999999999,
        523.9229999999999,
        18.486999999999988,
        131.444,
        545.0,
        204.1
    ],
    "mse": 20464.001275039976,
    "rmse": 143.05244239452878,
    "mape": 49.67138136361888
}