{
    "predictions": [
        3480.6748675974404,
        3231.8270430575176,
        3074.8992656366745,
        3321.640784632204,
        3479.534232221975,
        3234.8964121824956
    ],
    "actual": [
        3681.5000000000005,
        2892.4,
        3291.0000000000005,
        3430.0000000000005,
        3338.0,
        3015.0
    ],
    "mse": 47061.511548694456,
    "rmse": 216.9366533085049,
    "mape": 6.408199435588541
}