{
    "predictions": [
        1110.1668028951892,
        1118.026385434001,
        1121.777753448641,
        1123.568276280073,
        1124.4228903828127,
        1124.8307965271972
    ],
    "actual": [
        1127.7,
        1106.4,
        750.1,
        471.40000000000003,
        410.30000000000007,
        335.7
    ],
    "mse": 282768.21923834627,
    "rmse": 531.7595502088761,
    "mape": 99.93705737566195
}