{
    "predictions": [
        86.53003060801258,
        65.30840296474575,
        53.78281911699944,
        72.61654765221218,
        83.44834973836316,
        68.1223484658111
    ],
    "actual": [
        57.32,
        64.75,
        38.994,
        57.443,
        49.483,
        48.103
    ],
    "mse": 476.15045284437514,
    "rmse": 21.82087195426377,
    "mape": 37.7368229768774
}