{
    "predictions": [
        628.9893355757982,
        575.4610755459903,
        517.4823480884245,
        477.46846470542886,
        456.64585148113673,
        448.9883854142422
    ],
    "actual": [
        596.684,
        561.4829999999998,
        561.4829999999998,
        649.998,
        575.963,
        641.937
    ],
    "mse": 14067.87817024574,
    "rmse": 118.6080864454264,
    "mape": 15.509432489008354
}