{
    "predictions": [
        182.3744819533376,
        176.7196881290439,
        180.43996296972182,
        165.44501760361425,
        199.9532502737535,
        195.57848991584018
    ],
    "actual": [
        154.256,
        175.631,
        134.325,
        176.978,
        190.59,
        186.809
    ],
    "mse": 536.0013618216036,
    "rmse": 23.151703216428885,
    "mape": 11.550493863233486
}