{
    "predictions": [
        313.07066155958523,
        352.39821262062253,
        289.2171383829647,
        284.1844726728983,
        313.1405176168277,
        351.8404195380699
    ],
    "actual": [
        304.9,
        360.2,
        283.5,
        293.0,
        343.0,
        359.1
    ],
    "mse": 197.05283110889272,
    "rmse": 14.03755075178333,
    "mape": 3.4330126965791097
}