{
    "predictions": [
        140.6484375407208,
        287.82793671547955,
        170.40287639416113,
        205.98339007501613,
        208.63183501835016,
        211.28027996168416
    ],
    "actual": [
        212.99999999999997,
        212.99999999999997,
        194.0,
        193.0,
        218.99999999999997,
        226.0
    ],
    "mse": 1980.588394466194,
    "rmse": 44.50380202259346,
    "mape": 16.539406613621622
}