{
    "predictions": [
        572.4898468544525,
        427.5039391498256,
        385.59019875060005,
        630.0796119122684,
        612.001867558346,
        467.0526904389314
    ],
    "actual": [
        701.4,
        506.4,
        1584.0,
        554.0,
        645.0,
        553.0
    ],
    "mse": 245548.731974409,
    "rmse": 495.5287398066927,
    "mape": 24.001122316402576
}