{
    "predictions": [
        2323.328739703457,
        2215.3112134179883,
        2049.665267998369,
        2139.9326594911295,
        2301.359243880044,
        2214.2951668551427
    ],
    "actual": [
        2456.0,
        2145.0,
        2052.0,
        2033.0,
        2306.9999999999995,
        1466.0
    ],
    "mse": 98993.80825811984,
    "rmse": 314.6328149734542,
    "mape": 10.890215475774518
}