{
    "predictions": [
        4867.908968655673,
        4016.9411488773576,
        6871.159351375696,
        5997.443138515291,
        5460.6319505633855,
        4981.623529939756
    ],
    "actual": [
        4126.0,
        5488.0,
        5488.0,
        2760.9999999999995,
        3494.0,
        2197.0
    ],
    "mse": 4453984.412308272,
    "rmse": 2110.446495959628,
    "mape": 61.70703854395462
}