{
    "predictions": [
        243.39239285588644,
        257.5308242623707,
        254.8426733272281,
        263.39738761643355,
        266.4518945944714,
        269.50989004025706
    ],
    "actual": [
        261.983,
        -155.831,
        -678.529,
        -99.81499999999998,
        -479.18,
        193.243
    ],
    "mse": 289350.5147120259,
    "rmse": 537.9131107456165,
    "mape": 161.47922196257954
}