{
    "predictions": [
        5117.758294400278,
        4551.422339510723,
        4037.5502359412735,
        3629.1375957995183,
        3367.194367177006,
        3276.65119807745
    ],
    "actual": [
        -3501.0,
        7514.000000000001,
        6130.000000000001,
        6957.000000000001,
        7448.0,
        6072.0
    ],
    "mse": 20496637.44423564,
    "rmse": 4527.321221675754,
    "mape": 78.06733011593478
}