{
    "predictions": [
        1120.0000000000002,
        1120.0000000000002,
        1120.0000000000002,
        1120.0000000000002,
        1120.0000000000002,
        1120.0000000000002
    ],
    "actual": [
        1013.0000000000001,
        1251.0000000000002,
        1060.0,
        957.0,
        1065.0,
        1120.0
    ],
    "mse": 10300.666666666692,
    "rmse": 101.49220002870511,
    "mape": 8.148566216233032
}