{
    "predictions": [
        522.1119984505531,
        522.1119984505531,
        522.1119984505531,
        522.1119984505531,
        522.1119984505531,
        522.1119984505531
    ],
    "actual": [
        732.9999999999999,
        863.0000000000001,
        53.999999999999794,
        749.9999999999999,
        806.0000000000005,
        899.0
    ],
    "mse": 109062.8543795236,
    "rmse": 330.2466568786482,
    "mape": 173.7791467217286
}