{
    "predictions": [
        234.28271189499944,
        239.41663360283027,
        245.87286520987226,
        239.16373424371554,
        252.09384322773883,
        257.03620014221934
    ],
    "actual": [
        240.67599999999996,
        271.358,
        293.442,
        225.1,
        247.09499999999997,
        243.06199999999998
    ],
    "mse": 623.667154816883,
    "rmse": 24.97332886935346,
    "mape": 7.443019152437268
}