{
    "predictions": [
        457.43772321743273,
        417.48174654488787,
        492.09902675431056,
        425.2032739433415,
        505.9475019834162,
        451.86748667798935
    ],
    "actual": [
        532.804,
        532.804,
        531.841,
        587.433,
        636.988,
        653.303
    ],
    "mse": 17437.51406994124,
    "rmse": 132.0511797370294,
    "mape": 20.380693618973492
}