{
    "predictions": [
        -50.23252601833703,
        -120.49230429721561,
        387.83745426501764,
        575.6400633281199,
        -39.621846070200036,
        -126.70456476313616
    ],
    "actual": [
        -90.182,
        -144.569,
        420.709,
        615.689,
        -120.559,
        -145.363
    ],
    "mse": 1959.8439477792854,
    "rmse": 44.270124777091894,
    "mape": 25.873598521354573
}