{
    "predictions": [
        89.6638816110579,
        85.29678515775423,
        90.29551124390213,
        85.67889138839814,
        89.94261348937407,
        86.00481338381049
    ],
    "actual": [
        101.3,
        101.3,
        92.7,
        98.49999999999999,
        73.5,
        96.6
    ],
    "mse": 157.38034107501184,
    "rmse": 12.545132166502345,
    "mape": 12.705638453282278
}