{
    "predictions": [
        253.81223158735588,
        300.0418746351752,
        158.55158877210482,
        216.86485158598654,
        277.81861811519514,
        280.5292412241327
    ],
    "actual": [
        257.043,
        215.092,
        147.647,
        249.435,
        298.567,
        247.123
    ],
    "mse": 1658.8526654383902,
    "rmse": 40.72901503152747,
    "mape": 13.610350382501494
}