{
    "predictions": [
        898.0243038182984,
        1108.62894885759,
        1337.1275528589422,
        1551.0989697547036,
        1714.8851972112427,
        1855.8329522444642
    ],
    "actual": [
        562.0000000000001,
        787.0,
        1905.9999999999998,
        2636.0,
        3513.0,
        4204.0
    ],
    "mse": 1744014.8247027285,
    "rmse": 1320.611534366836,
    "mape": 46.45035948243798
}