{
    "predictions": [
        563.7807574261543,
        563.7807574261543,
        563.7807574261543,
        563.7807574261543,
        563.7807574261543,
        563.7807574261543
    ],
    "actual": [
        408.671,
        620.06,
        438.23500000000007,
        376.742,
        426.11000000000007,
        406.655
    ],
    "mse": 20268.894179624407,
    "rmse": 142.36886660932723,
    "mape": 32.71214074789104
}