{
    "predictions": [
        41.16785279963983,
        42.117156844897366,
        52.254074695148205,
        51.97554383011262,
        41.946959827094965,
        44.52609368927176
    ],
    "actual": [
        50.60000000000001,
        45.8,
        80.3,
        82.3,
        64.8,
        63.5
    ],
    "mse": 448.4909780919666,
    "rmse": 21.177605579762,
    "mape": 27.2669378994222
}