{
    "predictions": [
        179.8579214803019,
        172.09636018544634,
        196.84632999095916,
        198.80577405654597,
        177.4582429124558,
        174.819678288708
    ],
    "actual": [
        216.3,
        192.979,
        201.33600000000004,
        200.43999999999997,
        215.421,
        177.978
    ],
    "mse": 539.6805809007448,
    "rmse": 23.2310262558662,
    "mape": 8.35192254788262
}