{
    "predictions": [
        830.9664873372562,
        730.7087693527815,
        675.4747328879756,
        625.5073621669885,
        582.1770736774963,
        546.6431428843117
    ],
    "actual": [
        887.0,
        745.0,
        190.0,
        1175.0,
        1740.9999999999998,
        1776.0
    ],
    "mse": 565860.1209713473,
    "rmse": 752.2367452945564,
    "mape": 74.38252293187504
}