{
    "predictions": [
        261.6684575551434,
        333.655549777915,
        332.74657353604135,
        266.62165570072716,
        274.27472268358105,
        345.5257284229741
    ],
    "actual": [
        234.903,
        322.9,
        375.628,
        65.202,
        -84.48600000000002,
        337.363
    ],
    "mse": 28669.442047182893,
    "rmse": 169.32053049522048,
    "mape": 127.01938554814728
}