{
    "predictions": [
        188.36735277840114,
        190.97698895191004,
        193.58646120797746,
        196.19576955689948,
        198.80491400897142,
        201.41389457448807
    ],
    "actual": [
        188.448,
        197.464,
        199.055,
        215.746,
        200.092,
        198.635
    ],
    "mse": 77.26384810250072,
    "rmse": 8.789985671347862,
    "mape": 2.8631896701112862
}