{
    "predictions": [
        207.0,
        207.0,
        207.0,
        207.0,
        207.0,
        207.0
    ],
    "actual": [
        252.0,
        260.0,
        239.00000000000006,
        272.0,
        400.99999999999994,
        280.99999999999994
    ],
    "mse": 8865.83333333333,
    "rmse": 94.15855422282847,
    "mape": 25.040251724371803
}