{
    "predictions": [
        263.5734598240419,
        313.17265929826806,
        332.1430873627364,
        349.27407333883633,
        349.27407333883633,
        349.27407333883633
    ],
    "actual": [
        377.0,
        436.0,
        561.0,
        476.0,
        666.0,
        549.0
    ],
    "mse": 39432.140165028606,
    "rmse": 198.57527581506366,
    "mape": 34.93532865370629
}