{
    "predictions": [
        101.73762973518883,
        117.49208987946535,
        96.43946680430867,
        134.33578597664575,
        106.85182914278047,
        123.69565124387513
    ],
    "actual": [
        114.627,
        155.722,
        122.63499999999999,
        156.107,
        127.99500000000002,
        106.93100000000001
    ],
    "mse": 585.9901363885268,
    "rmse": 24.20723314194596,
    "mape": 17.21639784489234
}