{
    "predictions": [
        529.7791955453044,
        578.9858567872681,
        489.5952431335247,
        436.8163968821186,
        450.4120598469388,
        437.2418370550955
    ],
    "actual": [
        482.188,
        554.216,
        498.469,
        481.899,
        544.822,
        554.243
    ],
    "mse": 4598.6935489446,
    "rmse": 67.81366786234615,
    "mape": 10.652210225676129
}