{
    "predictions": [
        289.33468595407044,
        247.20124950284705,
        263.02734968436386,
        296.5339504348904,
        274.20738662497286,
        249.96638379585696
    ],
    "actual": [
        229.0,
        171.0,
        95.0,
        241.0,
        -48.99999999999999,
        194.0
    ],
    "mse": 24726.560921992943,
    "rmse": 157.246815300002,
    "mape": 159.87979148868533
}