{
    "predictions": [
        627.5761498514507,
        468.96915820215054,
        525.6965543667264,
        667.306405472972,
        609.550375315848,
        492.0554296459228
    ],
    "actual": [
        663.0,
        555.0,
        534.0,
        625.0,
        694.0,
        592.0
    ],
    "mse": 4605.93171762949,
    "rmse": 67.86701494562355,
    "mape": 9.703176038857258
}