{
    "predictions": [
        181.42295819614628,
        178.62574346308736,
        175.82852873002844,
        173.03131399696952,
        170.23409926391057,
        167.43688453085164
    ],
    "actual": [
        215.12,
        215.12,
        204.20599999999996,
        247.118,
        259.762,
        254.031
    ],
    "mse": 4045.870858199605,
    "rmse": 63.60716043182249,
    "mape": 24.17650861784582
}