{
    "predictions": [
        341.1056275971259,
        325.1711076051822,
        240.91843018811716,
        261.38825224116016,
        339.999226259488,
        315.5864031468943
    ],
    "actual": [
        368.0,
        329.0,
        329.0,
        320.0,
        316.00000000000006,
        157.0
    ],
    "mse": 6276.212953985069,
    "rmse": 79.22255331649612,
    "mape": 27.02764582744012
}