{
    "predictions": [
        77.82586892710886,
        72.12127202340604,
        74.73528437328793,
        74.73528437328793,
        74.73528437328793,
        74.73528437328793
    ],
    "actual": [
        83.529,
        73.75,
        68.44,
        90.8,
        103.327,
        78.782
    ],
    "mse": 194.45771036770893,
    "rmse": 13.944809441785461,
    "mape": 11.455756511467053
}