{
    "predictions": [
        401.3960991014006,
        480.0028127411298,
        585.111449809914,
        683.0909318789883,
        744.9692818234623,
        753.5743091882141
    ],
    "actual": [
        315.8,
        224.5,
        234.60000000000002,
        272.2,
        153.4,
        176.0
    ],
    "mse": 174640.71861326776,
    "rmse": 417.900369242799,
    "mape": 192.513303065114
}