{
    "predictions": [
        4728.0077162662155,
        5186.574668932511,
        5288.695385448996,
        6169.172046695233,
        5002.814782958901,
        5454.365537594038
    ],
    "actual": [
        4920.0,
        5305.0,
        5552.0,
        6433.0,
        5505.0,
        5834.0
    ],
    "mse": 97688.73705024559,
    "rmse": 312.5519749581589,
    "mape": 5.101320461308434
}