{
    "predictions": [
        918.453406480949,
        917.4540362420281,
        833.9743631610323,
        837.1071248099234,
        929.3640907831216,
        938.3375220591746
    ],
    "actual": [
        951.699,
        1002.132,
        831.2139999999999,
        867.186,
        979.624,
        1019.5260000000001
    ],
    "mse": 3050.9354661580187,
    "rmse": 55.23527374928107,
    "mape": 4.806267530780172
}