{
    "predictions": [
        103.78254142292961,
        136.17688802933864,
        58.14921570296117,
        104.24105047954804,
        103.1823864178042,
        128.43059500132202
    ],
    "actual": [
        109.7,
        109.7,
        50.1,
        264.7,
        110.1,
        146.2
    ],
    "mse": 4485.251900341473,
    "rmse": 66.97202326599871,
    "mape": 20.775436174952155
}