{
    "predictions": [
        3408.075941900304,
        3408.075941900304,
        3408.075941900304,
        3408.075941900304,
        3408.075941900304,
        3408.075941900304
    ],
    "actual": [
        3403.0,
        3055.0000000000005,
        2987.0,
        3662.0,
        3755.0,
        2135.0
    ],
    "mse": 351258.2363329525,
    "rmse": 592.6704280904797,
    "mape": 16.934215383419733
}