{
    "predictions": [
        338.7266276298682,
        338.7266276298682,
        338.7266276298682,
        338.7266276298682,
        338.7266276298682,
        338.7266276298682
    ],
    "actual": [
        247.79999999999998,
        247.79999999999998,
        100.3,
        198.19999999999996,
        176.09999999999997,
        148.1
    ],
    "mse": 25986.037372676186,
    "rmse": 161.20185288226742,
    "mape": 100.51097506361961
}