{
    "predictions": [
        1090.3266154382718,
        1073.504847639965,
        1143.3366593795527,
        1127.617854654105,
        1102.526737972108,
        1117.6084589534657
    ],
    "actual": [
        1136.824,
        1164.329,
        1272.073,
        1335.894,
        1191.978,
        941.766
    ],
    "mse": 18214.1883647787,
    "rmse": 134.95995096612438,
    "mape": 10.62960744794128
}