{
    "predictions": [
        907.5957710556063,
        907.6739235457845,
        819.8901181046801,
        993.9357128926122,
        945.7197615646696,
        946.9830290824327
    ],
    "actual": [
        849.8950000000001,
        967.999,
        889.819,
        1070.259,
        928.4,
        1205.29
    ],
    "mse": 14117.708645481784,
    "rmse": 118.81796432140126,
    "mape": 8.551303791090122
}