{
    "predictions": [
        282.3469788882151,
        279.4932581739381,
        224.71880107077223,
        261.68722880969375,
        315.6151746603091,
        296.7333614166552
    ],
    "actual": [
        249.0,
        201.3,
        102.5,
        190.0,
        145.6,
        163.2
    ],
    "mse": 12339.83649340401,
    "rmse": 111.08481666458296,
    "mape": 67.96584247322369
}