{
    "predictions": [
        1798.5900387127338,
        1750.2633560825784,
        2295.951041950888,
        2369.214531881907,
        2324.6772641929156,
        2797.5125141176627
    ],
    "actual": [
        1305.504,
        1282.187,
        1494.112,
        1800.1320000000003,
        1947.043,
        1570.614
    ],
    "mse": 512819.61590390885,
    "rmse": 716.1142478012212,
    "mape": 42.844495279151005
}