{
    "predictions": [
        3591.6300568457577,
        3575.523783360795,
        3948.9908549831775,
        4615.9425203666115,
        3871.768067060278,
        3871.768067060278
    ],
    "actual": [
        3798.9999999999995,
        3345.0,
        3397.0,
        3875.0,
        4137.0,
        3748.0
    ],
    "mse": 172583.29052763878,
    "rmse": 415.4314510573781,
    "mape": 9.572341748437402
}