{
    "predictions": [
        149.3384349433938,
        207.6531576494167,
        321.5497165507201,
        280.7838323394088,
        189.98190066720974,
        252.4050219339008
    ],
    "actual": [
        322.113,
        312.384,
        371.593,
        566.322,
        633.666,
        535.801
    ],
    "mse": 67004.13924401758,
    "rmse": 258.8515776347859,
    "mape": 45.660300147707204
}