{
    "predictions": [
        664.2606839006331,
        578.2108146342571,
        678.323863095394,
        747.6662116277706,
        672.5610044964794,
        622.8622092898559
    ],
    "actual": [
        761.9999999999999,
        706.0,
        734.0,
        889.0,
        806.9999999999999,
        593.0
    ],
    "mse": 11320.619469990905,
    "rmse": 106.39839975296107,
    "mape": 12.684232456920737
}