{
    "predictions": [
        857.9430077544159,
        871.0659875363687,
        860.7007613744456,
        887.169239874023,
        919.5256291581921,
        930.702550150262
    ],
    "actual": [
        826.909,
        868.879,
        866.157,
        879.862,
        839.844,
        834.1059999999999
    ],
    "mse": 2788.5190620894405,
    "rmse": 52.80643012067224,
    "mape": 4.422278199429727
}