{
    "predictions": [
        2433.6942593428867,
        1748.6600165407744,
        230.91562679814658,
        -682.5344200011749,
        -593.4716645007773,
        -735.7067167282673
    ],
    "actual": [
        2424.0,
        2889.0,
        2889.0,
        1704.0,
        2049.0,
        580.0000000000001
    ],
    "mse": 3795861.4985972685,
    "rmse": 1948.297076576688,
    "mape": 104.62392998393561
}