{
    "predictions": [
        155.51482494862762,
        161.50138133634792,
        172.93963920357217,
        161.07357787989864,
        167.18300414912437,
        179.2961004451689
    ],
    "actual": [
        149.067,
        145.14,
        211.988,
        129.97,
        220.92,
        141.562
    ],
    "mse": 1185.5005571839297,
    "rmse": 34.43109869266343,
    "mape": 18.154905196498326
}