{
    "predictions": [
        293.64807295415415,
        328.3606732664081,
        340.10820064470255,
        336.4831167645488,
        325.58677132089116,
        325.58677132089116
    ],
    "actual": [
        237.118,
        277.992,
        414.473,
        364.994,
        314.957,
        -615.92
    ],
    "mse": 149770.60645371044,
    "rmse": 387.00207551602415,
    "mape": 37.32490412810965
}