{
    "predictions": [
        331.42221324313846,
        404.2158625292342,
        369.9057815383135,
        307.6110029424966,
        350.53557116795366,
        421.14697971558314
    ],
    "actual": [
        422.088,
        545.637,
        498.254,
        354.665,
        475.26900000000006,
        624.6
    ],
    "mse": 17309.854427365466,
    "rmse": 131.56691995849667,
    "mape": 24.207290434910504
}