{
    "predictions": [
        -91.04498792465077,
        18.47382375646191,
        84.67931543158168,
        84.67931543158168,
        84.67931543158168,
        84.67931543158168
    ],
    "actual": [
        292.784,
        164.019,
        128.58,
        92.521,
        77.575,
        150.78
    ],
    "mse": 29152.77070327259,
    "rmse": 170.74182470406186,
    "mape": 52.57475099523666
}