{
    "predictions": [
        56.78472642236889,
        66.89371498338969,
        74.24750385812742,
        60.93467714282946,
        57.427856195526736,
        66.9012995737261
    ],
    "actual": [
        49.99999999999999,
        56.9,
        65.3,
        65.3,
        65.3,
        58.8
    ],
    "mse": 62.103737265953406,
    "rmse": 7.8805924438428745,
    "mape": 12.892224587178184
}