{
    "predictions": [
        644.0180753783645,
        628.1883743146373,
        605.7335486829317,
        613.6025601743734,
        633.0972683365499,
        625.8086984656967
    ],
    "actual": [
        670.0000000000001,
        717.0000000000001,
        669.0,
        736.0,
        746.0,
        750.0
    ],
    "mse": 9286.141432649585,
    "rmse": 96.36462749707273,
    "mape": 12.340778016168946
}