{
    "predictions": [
        196.5905780103845,
        196.5905780103845,
        196.5905780103845,
        196.5905780103845,
        196.5905780103845,
        196.5905780103845
    ],
    "actual": [
        206.804,
        215.336,
        255.627,
        252.945,
        227.70800000000003,
        231.363
    ],
    "mse": 1549.0400192883408,
    "rmse": 39.357845714524835,
    "mape": 14.618806010486947
}