{
    "predictions": [
        1110.0364536886157,
        1115.3232408591355,
        1112.4006724230837,
        1114.0162862142033,
        1113.1231649822562,
        1113.6168878876556
    ],
    "actual": [
        1316.4,
        1316.4,
        830.9,
        1763.6000000000001,
        1628.5,
        1055.7
    ],
    "mse": 142197.84234644976,
    "rmse": 377.0912917934459,
    "mape": 23.132730227240557
}