{
    "predictions": [
        147.97335270261536,
        105.42716545909057,
        79.62251591396878,
        83.53877968722175,
        71.93137862197557,
        71.93137862197557
    ],
    "actual": [
        170.497,
        160.009,
        180.39800000000002,
        160.936,
        232.07,
        174.917
    ],
    "mse": 9313.822586969822,
    "rmse": 96.50814777504448,
    "mape": 46.526399172880424
}