{
    "predictions": [
        84.74475672758338,
        161.67126000022296,
        236.32896398999827,
        230.08389494050937,
        112.4048602782276,
        178.19489770582376
    ],
    "actual": [
        234.40000000000003,
        375.50000000000006,
        179.10000000000002,
        281.9,
        255.39999999999995,
        456.2
    ],
    "mse": 28635.655306227967,
    "rmse": 169.22072954052635,
    "mape": 48.00897133844453
}