{
    "predictions": [
        106.43899999999998,
        106.43899999999998,
        106.43899999999998,
        106.43899999999998,
        106.43899999999998,
        106.43899999999998
    ],
    "actual": [
        80.441,
        71.51399999999998,
        76.08600000000001,
        110.079,
        86.41200000000002,
        79.07599999999998
    ],
    "mse": 663.3367226666659,
    "rmse": 25.75532416155281,
    "mape": 30.35587694834047
}