{
    "predictions": [
        18604038.0967679,
        21317992.579301223,
        21731264.902082846,
        16322544.938266102,
        14862830.502538247,
        20242566.258028675
    ],
    "actual": [
        15020000.0,
        21150000.0,
        21617000.0,
        21617000.0,
        24341000.0,
        23035000.0
    ],
    "mse": 23091874113377.664,
    "rmse": 4805400.515396991,
    "mape": 16.78973711078848
}