{
    "predictions": [
        4665607.500750735,
        -9583978.471191831,
        49465084.778587215,
        12947021.414668972,
        -2475275.250369691,
        -9060402.21380522
    ],
    "actual": [
        5024999.999999997,
        13717000.000000006,
        47695999.99999999,
        60767000.0,
        58947000.00000001,
        70366000.0
    ],
    "mse": 2152365673183358.2,
    "rmse": 46393595.17415479,
    "mape": 79.41662941484552
}