{
    "predictions": [
        52.10429249598327,
        50.84075588820592,
        49.78088555332693,
        50.62751609463709,
        51.700789192699176,
        51.454664103138505
    ],
    "actual": [
        53.277,
        53.977,
        56.058,
        56.853,
        54.172999999999995,
        79.776
    ],
    "mse": 149.59666315164912,
    "rmse": 12.23097147211329,
    "mape": 11.703963912644715
}