{
    "predictions": [
        415.8111748939756,
        417.01223410728915,
        454.16058865719924,
        420.7777059647177,
        428.4071775229667,
        441.2300001951889
    ],
    "actual": [
        578.7,
        361.70000000000005,
        430.4,
        374.50000000000006,
        396.4,
        330.0
    ],
    "mse": 7615.829430910417,
    "rmse": 87.26871965893861,
    "mape": 17.182995154044818
}