{
    "predictions": [
        626.3868021316317,
        596.330266452192,
        588.7152190840077,
        588.7152190840077,
        588.7152190840077,
        588.7152190840077
    ],
    "actual": [
        863.1200000000001,
        700.299,
        700.299,
        767.828,
        767.828,
        716.019
    ],
    "mse": 26612.0123170758,
    "rmse": 163.13188626714214,
    "mape": 20.440244658449817
}