{
    "predictions": [
        285.14002111531323,
        231.85664606890484,
        131.0684550346791,
        282.46218582933756,
        284.8034561496796,
        232.32956873934813
    ],
    "actual": [
        326.324,
        264.777,
        144.88299999999998,
        320.67100000000005,
        356.712,
        281.266
    ],
    "mse": 1999.3729893086575,
    "rmse": 44.71434880783413,
    "mape": 14.010232440279136
}