{
    "predictions": [
        -187.74693801471938,
        -364.6542562711063,
        -403.47227029121933,
        -361.8488595494886,
        -212.7625150299077,
        3.543577592146485
    ],
    "actual": [
        165.01800000000003,
        508.0,
        227.95500000000004,
        123.126,
        186.667,
        185.776
    ],
    "mse": 285437.02629945584,
    "rmse": 534.2630684404976,
    "mape": 228.0849469060351
}