{
    "predictions": [
        525.9704104901666,
        504.10015206843804,
        550.5025960222671,
        571.693363003864,
        525.0279748866066,
        504.5198749643215
    ],
    "actual": [
        450.1,
        390.2,
        469.5,
        426.0,
        343.4,
        246.4
    ],
    "mse": 24355.355254648122,
    "rmse": 156.06202374263933,
    "mape": 42.524556140172656
}