{
    "predictions": [
        1094.1398872236882,
        1096.4854269098146,
        1105.5995805502105,
        1110.6116675919802,
        1113.3679319150806,
        1114.8836663697066
    ],
    "actual": [
        1121.1,
        1140.7,
        1164.0,
        1222.1,
        1303.3,
        1252.7
    ],
    "mse": 12264.927618633674,
    "rmse": 110.74713368134488,
    "mape": 7.665915741880171
}