{
    "predictions": [
        2581448728.045234,
        2439244012.1206307,
        2392166555.827295,
        2376581370.2260942,
        2371421830.409194,
        2369713743.52442
    ],
    "actual": [
        239999999.99999997,
        3330000000.0,
        3330000000.0,
        1987999999.9999998,
        3548000000.0,
        3991000000.0
    ],
    "mse": 1.886543456816246e+18,
    "rmse": 1373515000.5792606,
    "mape": 187.30797799156892
}