{
    "predictions": [
        62.095460902384616,
        57.4327832231698,
        56.03845351105667,
        55.62149238274449,
        55.496804096313376,
        55.4595172421741
    ],
    "actual": [
        51.85099999999999,
        21.32,
        47.190999999999995,
        47.447,
        67.776,
        53.216
    ],
    "mse": 284.9989787178409,
    "rmse": 16.881912768339994,
    "mape": 41.24201470589028
}