{
    "predictions": [
        132.91040571527802,
        148.67296131304215,
        143.44046336783987,
        124.81336683313289,
        131.478078234953,
        140.07680140477223
    ],
    "actual": [
        125.0,
        165.0,
        165.0,
        169.0,
        169.0,
        195.0
    ],
    "mse": 1195.1452063592658,
    "rmse": 34.57087222445025,
    "mape": 17.63398093286627
}