{
    "predictions": [
        140.63434488051246,
        139.16604521080077,
        139.503572612312,
        139.4259830377034,
        139.44381904764214,
        139.43971897038122
    ],
    "actual": [
        149.961,
        125.108,
        1850.927,
        474.508,
        364.587,
        316.6669999999999
    ],
    "mse": 520605.613684051,
    "rmse": 721.5300504372988,
    "mape": 49.70921205688388
}