{
    "predictions": [
        467.9200973757081,
        474.9673689064125,
        482.00881940425,
        489.04445367738276,
        496.0742765300012,
        503.0982927623277
    ],
    "actual": [
        467.953,
        463.203,
        353.053,
        315.90399999999994,
        457.169,
        473.976
    ],
    "mse": 8184.5583322984885,
    "rmse": 90.4685488570392,
    "mape": 18.08915969852915
}