{
    "predictions": [
        1557.4,
        1557.4,
        1557.4,
        1557.4,
        1557.4,
        1557.4
    ],
    "actual": [
        1109.9,
        1281.7,
        1076.9,
        1398.7,
        1816.9,
        1663.4
    ],
    "mse": 101818.15500000001,
    "rmse": 319.08957206402096,
    "mape": 23.07492736162804
}