{
    "predictions": [
        289.25485264684096,
        283.07768017307416,
        274.22481673450335,
        313.9456952466582,
        301.7947472980722,
        295.8547501835146
    ],
    "actual": [
        305.514,
        297.59799999999996,
        326.452,
        310.919,
        303.132,
        289.21
    ],
    "mse": 542.9966777136668,
    "rmse": 23.302289108876554,
    "mape": 4.985277182145995
}