{
    "predictions": [
        76.45874480388859,
        77.34221473656216,
        56.78251628962435,
        43.425221113476255,
        73.8051609945834,
        79.35104252385133
    ],
    "actual": [
        70.2,
        67.0,
        50.9,
        44.1,
        84.3,
        63.00000000000001
    ],
    "mse": 93.11514233119463,
    "rmse": 9.649618766106494,
    "mape": 12.640379865570003
}