{
    "predictions": [
        278.81717776798666,
        275.13760856211104,
        268.004331193229,
        279.97784585105563,
        271.21296370940195,
        277.3002454401945
    ],
    "actual": [
        310.7,
        275.3,
        243.89999999999998,
        259.3,
        230.6,
        243.6
    ],
    "mse": 801.708696626784,
    "rmse": 28.31446091005061,
    "mape": 9.937346752192227
}