{
    "predictions": [
        199.13018583027193,
        180.2330869491648,
        180.2330869491648,
        180.2330869491648,
        180.2330869491648,
        180.2330869491648
    ],
    "actual": [
        209.14300000000003,
        182.354,
        168.237,
        258.457,
        218.05400000000003,
        191.276
    ],
    "mse": 1320.001464581734,
    "rmse": 36.33182440480706,
    "mape": 11.077476246743739
}