{
    "predictions": [
        55982529.06173408,
        56917218.57304496,
        58211867.05072269,
        56737731.742064856,
        54877772.29917063,
        55359853.16523032
    ],
    "actual": [
        58625000.0,
        61651000.0,
        61651000.0,
        71519000.0,
        75789000.0,
        74539000.0
    ],
    "mse": 177470663879866.66,
    "rmse": 13321811.584010135,
    "mape": 15.292248901863545
}