{
    "predictions": [
        1863.478896591081,
        1871.8905551736616,
        1869.898612544646,
        1870.3703192120452,
        1870.2586156033028,
        1870.2850678395512
    ],
    "actual": [
        2030.0,
        2122.0,
        2070.0,
        2184.0,
        2283.0,
        1532.0
    ],
    "mse": 85580.06528691451,
    "rmse": 292.54070705957236,
    "mape": 14.029458013681777
}