{
    "predictions": [
        99.46570879696574,
        99.46570879696574,
        99.46570879696574,
        99.46570879696574,
        99.46570879696574,
        99.46570879696574
    ],
    "actual": [
        106.72,
        58.69200000000001,
        -80.34100000000001,
        100.552,
        92.724,
        91.888
    ],
    "mse": 5691.604155834583,
    "rmse": 75.44272102618372,
    "mape": 52.778382388452926
}