{
    "predictions": [
        260.5111939502582,
        195.6922576135484,
        203.75487734677563,
        223.04043199395815,
        268.20961877950725,
        204.08217213347015
    ],
    "actual": [
        267.14,
        189.2,
        178.14900000000003,
        207.35500000000002,
        260.6,
        214.7
    ],
    "mse": 193.0714627789431,
    "rmse": 13.895015753101653,
    "mape": 5.952684973660728
}