{
    "predictions": [
        355.509,
        355.509,
        355.509,
        355.509,
        355.509,
        355.509
    ],
    "actual": [
        460.305,
        418.512,
        351.329,
        465.341,
        447.611,
        567.79
    ],
    "mse": 13429.686935666663,
    "rmse": 115.88652611786524,
    "mape": 20.096087307207892
}