{
    "predictions": [
        346.8479662131241,
        346.8479662131241,
        346.8479662131241,
        346.8479662131241,
        346.8479662131241,
        346.8479662131241
    ],
    "actual": [
        339.2,
        350.8,
        381.8,
        393.8,
        369.3,
        356.2
    ],
    "mse": 681.9670763217392,
    "rmse": 26.1144993503942,
    "mape": 5.527292758638653
}