{
    "predictions": [
        442.7958595865731,
        501.474005614257,
        476.0927874145284,
        451.01070578704986,
        455.6585384749814,
        511.23191871165955
    ],
    "actual": [
        419.415,
        437.291,
        434.84,
        408.12,
        401.72299999999996,
        428.374
    ],
    "mse": 2997.0008201467535,
    "rmse": 54.74487026331101,
    "mape": 12.169458552487693
}