{
    "predictions": [
        967.539119939699,
        967.4049911233827,
        982.9741003770996,
        984.6247949065026,
        981.0589670560315,
        976.4177092644031
    ],
    "actual": [
        996.982,
        1027.592,
        1027.592,
        1444.143,
        1128.329,
        1084.362
    ],
    "mse": 41829.588251432775,
    "rmse": 204.52283063617318,
    "mape": 11.329733524691271
}