{
    "predictions": [
        469.62760893363725,
        464.5824827924695,
        468.9312300712873,
        467.0579551554717,
        468.3300490309171,
        467.697092191156
    ],
    "actual": [
        496.1,
        520.7,
        506.19999999999993,
        485.3,
        511.3,
        550.2
    ],
    "mse": 2370.8071869361734,
    "rmse": 48.69093536723415,
    "mape": 8.438989540305101
}