{
    "predictions": [
        331.387,
        331.387,
        331.387,
        331.387,
        331.387,
        331.387
    ],
    "actual": [
        355.237,
        369.504,
        385.994,
        318.341,
        329.815,
        319.96500000000003
    ],
    "mse": 884.4640036666673,
    "rmse": 29.739939537037852,
    "mape": 6.553529462852987
}