{
    "predictions": [
        1164.468064415685,
        1111.678230210957,
        1131.3030110975603,
        1131.3030110975603,
        1131.3030110975603,
        1131.3030110975603
    ],
    "actual": [
        840.968,
        630.258,
        893.0110000000001,
        694.8840000000001,
        516.489,
        363.052
    ],
    "mse": 258644.7083046517,
    "rmse": 508.5712421132871,
    "mape": 89.16453011605867
}