{
    "predictions": [
        915.9980309692953,
        852.6074846749153,
        733.6488875533557,
        887.2777789292056,
        930.5573716409818,
        843.7854581501515
    ],
    "actual": [
        1106.8,
        917.1999999999999,
        763.8,
        1059.4,
        1161.4,
        928.9999999999999
    ],
    "mse": 21943.76170008471,
    "rmse": 148.13426916174632,
    "mape": 12.254172449061818
}