{
    "predictions": [
        183.88104250234184,
        191.59407198556522,
        209.088692037333,
        192.66314883276425,
        199.02259342738952,
        200.09657764855186
    ],
    "actual": [
        177.0,
        386.0,
        4.0,
        343.0,
        823.0,
        199.99999999999997
    ],
    "mse": 81975.2278756432,
    "rmse": 286.3131639929314,
    "mape": 883.5274708445377
}