{
    "predictions": [
        53.8863211239745,
        53.8863211239745,
        53.8863211239745,
        53.8863211239745,
        53.8863211239745,
        53.8863211239745
    ],
    "actual": [
        83.29999999999997,
        58.8,
        67.09999999999998,
        74.0,
        65.4,
        62.3
    ],
    "mse": 278.63748766239274,
    "rmse": 16.692438038297244,
    "mape": 20.27506929665911
}