{
    "predictions": [
        1127.06172020339,
        1377.8997540719483,
        1075.7421184455382,
        1294.0327184654295,
        1153.5706377075815,
        1316.9887645354747
    ],
    "actual": [
        1265.0,
        1685.0,
        1232.0,
        1309.0,
        1437.0,
        1978.0
    ],
    "mse": 109207.68866109435,
    "rmse": 330.46586610585723,
    "mape": 16.01637931778886
}