{
    "predictions": [
        16.890646957986164,
        25.315428251622226,
        31.043695717095712,
        34.93852064041905,
        37.586731687611625,
        39.3873316859522
    ],
    "actual": [
        4.5,
        3.3000000000000003,
        8.499999999999996,
        7.699999999999998,
        39.699999999999996,
        17.600000000000005
    ],
    "mse": 394.5860268928589,
    "rmse": 19.864189560434095,
    "mape": 281.7606036383356
}