{
    "predictions": [
        8841.396150198287,
        8170.964410420399,
        7500.53267064251,
        6830.100930864623,
        6159.669191086734,
        5489.237451308845
    ],
    "actual": [
        11203.0,
        10555.0,
        11640.0,
        11862.0,
        11586.0,
        10847.0
    ],
    "mse": 18644447.004080463,
    "rmse": 4317.9216069864515,
    "mape": 36.31314130971901
}