{
    "predictions": [
        228.8336264988652,
        223.24329403204342,
        281.0850682269238,
        260.5321529212545,
        226.47738192277296,
        225.79283706797045
    ],
    "actual": [
        283.0,
        283.0,
        349.0,
        319.0,
        210.0,
        323.0
    ],
    "mse": 4042.753944415581,
    "rmse": 63.58265443039934,
    "mape": 19.330886480923393
}