{
    "predictions": [
        332.6517571125311,
        348.61354155989983,
        385.21916302456816,
        375.8513205755746,
        389.4393268563309,
        399.6564798661296
    ],
    "actual": [
        336.1,
        341.2,
        348.9,
        315.0,
        333.8,
        347.6
    ],
    "mse": 1815.7379308577056,
    "rmse": 42.611476515813266,
    "mape": 10.761779322925829
}