{
    "predictions": [
        217.9337568881391,
        192.53684084752334,
        197.00057259302392,
        221.76090000820733,
        217.58728446736131,
        193.4488327464826
    ],
    "actual": [
        175.6,
        134.8,
        166.4,
        204.8,
        137.0,
        90.0
    ],
    "mse": 3924.2880583097963,
    "rmse": 62.64413825977492,
    "mape": 44.56283097193507
}