{
    "predictions": [
        185.8010459121907,
        193.2927643699065,
        188.25906665286269,
        196.24549909566315,
        200.3903100238253,
        202.5413903407569
    ],
    "actual": [
        223.13499999999996,
        199.109,
        62.917,
        186.79400000000004,
        212.825,
        212.60100000000003
    ],
    "mse": 2913.9057490002215,
    "rmse": 53.98060530412957,
    "mape": 39.084171460969415
}