{
    "predictions": [
        2219.9861727860334,
        2021.4534717654751,
        1917.1841817635295,
        1862.4219950727638,
        1833.6609179512225,
        1818.5556124990806
    ],
    "actual": [
        2598.0,
        2014.0,
        2014.0,
        2414.0,
        2414.0,
        1923.0
    ],
    "mse": 134043.94770337944,
    "rmse": 366.1201274218333,
    "mape": 12.00807065224359
}