{
    "predictions": [
        842.6772808241767,
        842.6772808241767,
        842.6772808241767,
        842.6772808241767,
        842.6772808241767,
        842.6772808241767
    ],
    "actual": [
        881.0,
        937.0,
        3510.0,
        998.0,
        912.0,
        969.0000000000001
    ],
    "mse": 1194977.3517092224,
    "rmse": 1093.150196317607,
    "mape": 21.10157414109263
}