{
    "predictions": [
        238.33885899267966,
        270.4665146698592,
        255.05834190194918,
        296.09303817630047,
        290.88830444886804,
        251.73490014281603
    ],
    "actual": [
        228.66,
        155.992,
        102.54400000000001,
        232.52099999999996,
        218.725,
        83.98700000000001
    ],
    "mse": 12307.837309212971,
    "rmse": 110.94069275614324,
    "mape": 81.06870031482843
}