{
    "predictions": [
        39.46458759420219,
        39.02460820598802,
        37.95527232723113,
        39.54427772894547,
        42.88593620127245,
        39.00881800580909
    ],
    "actual": [
        32.861,
        42.732,
        46.621,
        46.621,
        46.621,
        53.388
    ],
    "mse": 67.20642227191153,
    "rmse": 8.197952321885724,
    "mape": 16.247200487624706
}