{
    "predictions": [
        2354.623334655975,
        2455.773685675412,
        2502.1507657538555,
        2457.693067824612,
        2457.693067824612,
        2457.693067824612
    ],
    "actual": [
        2801.0,
        2789.0,
        2788.0,
        2910.0,
        2837.0,
        2986.0
    ],
    "mse": 169927.53548598217,
    "rmse": 412.2226770642078,
    "mape": 14.123840703136468
}