{
    "predictions": [
        841.9701863464655,
        421.0167853497808,
        596.8335089758344,
        670.7244295606752,
        951.2060826910058,
        588.3677474328058
    ],
    "actual": [
        589.109,
        326.029,
        671.6940000000001,
        526.595,
        660.911,
        254.55399999999997
    ],
    "mse": 49173.616252962296,
    "rmse": 221.7512485939195,
    "mape": 47.60545058767732
}