{
    "predictions": [
        42.84699700009072,
        26.730930632887592,
        45.14122738373384,
        57.09153918674152,
        46.846978687305686,
        73.27517169642515
    ],
    "actual": [
        10.331000000000003,
        8.652000000000003,
        -87.101,
        -71.496,
        -71.496,
        -1.2940000000000003
    ],
    "mse": 9162.086950554438,
    "rmse": 95.71879100027559,
    "mape": 1130.5981356403572
}