{
    "predictions": [
        106560835.23437136,
        231593709.7060481,
        279698101.56424654,
        378473079.86814225,
        142702168.2434536,
        266886141.00453502
    ],
    "actual": [
        297500000.0,
        489100000.0,
        241500000.0,
        334500000.0,
        292900000.0,
        533700000.0
    ],
    "mse": 3.3318167485828516e+16,
    "rmse": 182532647.72590277,
    "mape": 41.17765986519198
}