{
    "predictions": [
        1004.9036013076667,
        1004.9036013076667,
        1004.9036013076667,
        1004.9036013076667,
        1004.9036013076667,
        1004.9036013076667
    ],
    "actual": [
        845.8,
        976.2,
        979.9,
        977.7999999999998,
        1089.4,
        1080.9
    ],
    "mse": 6735.455327579003,
    "rmse": 82.06981983396213,
    "mape": 6.976996873040322
}