{
    "predictions": [
        3982.238056289125,
        3520.8164297564035,
        3742.4087643940575,
        3527.968661555576,
        3533.05943224367,
        3959.708380104377
    ],
    "actual": [
        2999.0000000000005,
        3295.9999999999995,
        2875.0,
        3251.0,
        4224.0,
        3085.9999999999995
    ],
    "mse": 514529.0513485332,
    "rmse": 717.3068041978503,
    "mape": 20.49435742890563
}