{
    "predictions": [
        147.55081708313145,
        172.22563855300893,
        162.75716805981594,
        142.7486961574868,
        135.74978797764047,
        142.27475630238612
    ],
    "actual": [
        124.39999999999999,
        249.69999999999993,
        -2267.1,
        115.79999999999998,
        57.19999999999998,
        104.39999999999998
    ],
    "mse": 986512.4821276312,
    "rmse": 993.2333472692261,
    "mape": 58.94851900909869
}