{
    "predictions": [
        54.12339350032777,
        43.42305511916659,
        44.04244498058413,
        50.726775827297466,
        44.666235595034706,
        31.630916569170683
    ],
    "actual": [
        80.598,
        60.52900000000001,
        51.366,
        65.966,
        56.633,
        37.008
    ],
    "mse": 241.91717127215568,
    "rmse": 15.553686742125022,
    "mape": 22.354596818405614
}