{
    "predictions": [
        2163.7974382779694,
        1759.1520770147708,
        1629.9113800985149,
        1823.123486184538,
        1907.2918296982464,
        1781.0415168931997
    ],
    "actual": [
        2212.0,
        1870.0,
        1771.0,
        1759.0,
        2087.0,
        1812.0
    ],
    "mse": 11980.337213724662,
    "rmse": 109.45472677652921,
    "mape": 5.006376188390793
}