{
    "predictions": [
        132.63509821958348,
        118.65898274848749,
        166.11937434174644,
        133.09570783334266,
        189.6387583677172,
        152.9486519919468
    ],
    "actual": [
        86.545,
        33.324,
        38.036,
        39.358,
        53.769,
        35.732
    ],
    "mse": 11133.133305049267,
    "rmse": 105.51366406797399,
    "mape": 244.162862125779
}