{
    "predictions": [
        420.5342011404578,
        417.2737819436051,
        420.1027628392215,
        420.7926245779748,
        420.12324175429285,
        419.2048038121178
    ],
    "actual": [
        422.552,
        476.67699999999996,
        528.974,
        577.48,
        534.873,
        623.953
    ],
    "mse": 15837.670764149012,
    "rmse": 125.84780794336075,
    "mape": 19.15372280630284
}