{
    "predictions": [
        65.12335057304621,
        79.33191140091442,
        46.127598623821775,
        69.80442966353691,
        64.0393082848433,
        72.22564995407707
    ],
    "actual": [
        30.4,
        104.99999999999999,
        85.8,
        32.4,
        18.100000000000005,
        79.4
    ],
    "mse": 1166.5739968379246,
    "rmse": 34.155145978870074,
    "mape": 93.86589760417134
}