{
    "predictions": [
        163.24097853289175,
        165.71205525629526,
        168.18313197969877,
        170.65420870310228,
        173.1252854265058,
        175.5963621499093
    ],
    "actual": [
        117.0,
        53.0,
        85.0,
        113.0,
        113.0,
        121.0
    ],
    "mse": 5280.248238422202,
    "rmse": 72.66531661268807,
    "mape": 83.23326142722775
}