{
    "predictions": [
        2960.6981289777923,
        2840.8543381185978,
        2725.341832525842,
        2826.0918769999917,
        2946.7899946711445,
        2843.649090079669
    ],
    "actual": [
        2757.0,
        2996.0000000000005,
        3058.0,
        3099.0,
        3104.9999999999995,
        3131.0
    ],
    "mse": 59717.39255908716,
    "rmse": 244.37142336837823,
    "mape": 7.754063902194059
}