{
    "predictions": [
        3812.498280047055,
        3812.498280047055,
        3812.498280047055,
        3812.498280047055,
        3812.498280047055,
        3812.498280047055
    ],
    "actual": [
        2274.0000000000005,
        3543.000000000001,
        2629.0,
        2968.0,
        2887.9999999999995,
        4000.0
    ],
    "mse": 907217.6282213518,
    "rmse": 952.4797258846783,
    "mape": 30.90538171025598
}