{
    "predictions": [
        153.6290037010393,
        161.72050596346466,
        185.02033205643164,
        195.19274813208077,
        154.0348030454122,
        161.9998730940757
    ],
    "actual": [
        218.0,
        218.0,
        260.0,
        242.0,
        127.0,
        198.0
    ],
    "mse": 2858.4609598051193,
    "rmse": 53.46457668218387,
    "mape": 23.832260638208183
}