{
    "predictions": [
        657.8901195788799,
        354.84500916928255,
        177.8583884628073,
        491.20031957441506,
        682.3122598397117,
        389.9575805773404
    ],
    "actual": [
        364.456,
        364.456,
        -347.817,
        -170.508,
        332.518,
        384.131
    ],
    "mse": 153796.40686088934,
    "rmse": 392.16884993697465,
    "mape": 121.51308793160345
}