{
    "predictions": [
        3682.4446674477463,
        1306.3222246939806,
        1443.0944052910027,
        -1041.3753594085272,
        -658.8285804390551,
        -2178.3930244037783
    ],
    "actual": [
        3428.0,
        4185.0,
        4185.0,
        2518.0,
        2039.0,
        1315.0
    ],
    "mse": 8003466.82244688,
    "rmse": 2829.0399117804754,
    "mape": 113.50857854493822
}