{
    "predictions": [
        142.13755630147796,
        143.83807308768132,
        145.3636486223048,
        139.86060480577368,
        139.86060480577368,
        139.86060480577368
    ],
    "actual": [
        141.5,
        94.244,
        158.194,
        171.072,
        149.75,
        144.842
    ],
    "mse": 620.2270175496297,
    "rmse": 24.90435740085718,
    "mape": 14.911978040312343
}