{
    "predictions": [
        37.86074421742809,
        38.669948828493375,
        39.30915189082876,
        39.814068137365034,
        40.21290918027999,
        40.52795980224897
    ],
    "actual": [
        23.676999999999992,
        49.213,
        46.305,
        35.812,
        25.435,
        33.596
    ],
    "mse": 107.28860576895649,
    "rmse": 10.35802132499043,
    "mape": 31.057640642215116
}