{
    "predictions": [
        263.30283106982694,
        266.6047253754401,
        269.90568318252895,
        273.2057047567075,
        276.5047903635145,
        279.8029402684132
    ],
    "actual": [
        265.1,
        266.7,
        282.6,
        287.0,
        288.8,
        272.6
    ],
    "mse": 92.95361377576161,
    "rmse": 9.641245447335194,
    "mape": 2.8186079889236297
}