{
    "predictions": [
        126.2497912996466,
        90.63394633568382,
        114.06229558871976,
        129.2060515562729,
        112.32858135674292,
        112.32858135674292
    ],
    "actual": [
        -470.902,
        299.108,
        336.511,
        413.731,
        350.684,
        379.858
    ],
    "mse": 109812.47678682883,
    "rmse": 331.37965656755216,
    "mape": 78.29687713575187
}