{
    "predictions": [
        187.25070523658616,
        168.97511715820917,
        180.0869660573939,
        178.57490929174637,
        186.70892821845618,
        169.58340887720905
    ],
    "actual": [
        161.346,
        128.293,
        100.285,
        95.078,
        36.122,
        65.175
    ],
    "mse": 8207.285808718198,
    "rmse": 90.59407159808084,
    "mape": 132.0402530178083
}