{
    "predictions": [
        446.6411775045664,
        444.14040363315746,
        446.10818791198557,
        446.4681745016486,
        443.0216596295196,
        437.4882004592889
    ],
    "actual": [
        531.286,
        464.96,
        441.942,
        525.595,
        486.26199999999994,
        310.522
    ],
    "mse": 5311.126049624927,
    "rmse": 72.87747285427045,
    "mape": 14.36459664701884
}