{
    "predictions": [
        -11.889796939739446,
        3.9667012590910713,
        43.33035490560552,
        -3.6612826609250866,
        -17.275652563661023,
        11.724783703010287
    ],
    "actual": [
        3.2670000000000012,
        42.101,
        84.40099999999998,
        14.565,
        14.565,
        62.391999999999996
    ],
    "mse": 1213.9904108341236,
    "rmse": 34.84236517279106,
    "mape": 171.35530605492664
}