{
    "predictions": [
        11865.832833491662,
        11865.832833491662,
        11865.832833491662,
        11865.832833491662,
        11865.832833491662,
        11865.832833491662
    ],
    "actual": [
        11904.0,
        11678.0,
        12155.0,
        12215.0,
        10432.0,
        11259.0
    ],
    "mse": 444399.32474882546,
    "rmse": 666.6328260360613,
    "mape": 4.3834813408412545
}