{
    "predictions": [
        445.0,
        445.0,
        445.0,
        445.0,
        445.0,
        445.0
    ],
    "actual": [
        508.0,
        539.0,
        522.0,
        540.0,
        553.0,
        483.0
    ],
    "mse": 6811.166666666667,
    "rmse": 82.52979260040986,
    "mape": 14.930360079918334
}