{
    "predictions": [
        756.2339896488626,
        995.2059329779735,
        1057.8333966170132,
        819.8734013205822,
        769.8279103915949,
        1012.690828734165
    ],
    "actual": [
        1579.0,
        729.0,
        1044.0,
        879.0,
        3063.0,
        794.0
    ],
    "mse": 1009660.1225344295,
    "rmse": 1004.8184525248477,
    "mape": 33.180795081347945
}