{
    "predictions": [
        427.47692728629886,
        397.57607445077815,
        400.95294432677383,
        429.68124507508617,
        426.8131996035504,
        399.2163367461838
    ],
    "actual": [
        446.2,
        374.80000000000007,
        286.9,
        465.5,
        385.2,
        355.9
    ],
    "mse": 3128.0539572601447,
    "rmse": 55.929008191278925,
    "mape": 13.44919257505148
}