{
    "predictions": [
        82.54047639886706,
        58.014696622010845,
        73.33678578156186,
        95.79414218602622,
        86.9700013960807,
        67.25270662758327
    ],
    "actual": [
        155.855,
        148.688,
        147.99999999999997,
        196.0,
        252.0,
        233.00000000000003
    ],
    "mse": 13986.590418915373,
    "rmse": 118.26491626393423,
    "mape": 57.703383443041766
}