{
    "predictions": [
        694646325.8895582,
        697110354.2770933,
        720000444.1844264,
        760157339.182134,
        712316109.8995528,
        712316109.8995528
    ],
    "actual": [
        605717000.0,
        631584000.0,
        667182000.0,
        620921000.0,
        741906000.0,
        805567000.0
    ],
    "mse": 7324994067267708.0,
    "rmse": 85586179.1837193,
    "mape": 11.826927533943579
}