{
    "predictions": [
        133.65917727448723,
        134.6154962591188,
        141.17692044525262,
        147.20999819878745,
        139.3562063615755,
        141.7551857671652
    ],
    "actual": [
        140.485,
        122.387,
        127.052,
        146.829,
        130.559,
        139.556
    ],
    "mse": 79.66896194304164,
    "rmse": 8.925747136404976,
    "mape": 5.756881292737583
}