{
    "predictions": [
        470.31109690196627,
        483.3818280366459,
        487.3264063229402,
        488.5168292378008,
        488.8760835391159,
        488.9845018595314
    ],
    "actual": [
        394.0,
        333.0,
        1.9999999999999967,
        211.00000000000003,
        350.0,
        334.0
    ],
    "mse": 64050.35854906291,
    "rmse": 253.08172306403895,
    "mape": 4091.40905217836
}