{
    "predictions": [
        1461.481411666401,
        1393.9141368247003,
        1385.4337805989771,
        1514.8261426148358,
        1501.4094273463056,
        1434.543518649916
    ],
    "actual": [
        1540.0,
        1558.0,
        1513.0,
        1573.0,
        1684.0,
        1706.0
    ],
    "mse": 26629.10261869937,
    "rmse": 163.18425971489827,
    "mape": 9.08576555924575
}