{
    "predictions": [
        8980.585377098061,
        9498.607355594533,
        8991.915048377947,
        10155.193955915403,
        8998.937889697483,
        9556.249636854098
    ],
    "actual": [
        9188.0,
        10371.0,
        9969.0,
        11151.0,
        9968.0,
        11233.000000000002
    ],
    "mse": 1083497.9309769813,
    "rmse": 1040.9120668802823,
    "mape": 9.008243534494847
}