{
    "predictions": [
        132.7852216862006,
        141.71444615799513,
        150.91912031159384,
        175.94855674305816,
        192.97900049850952,
        203.79849502151558
    ],
    "actual": [
        90.303,
        73.823,
        42.434,
        57.639,
        -419.382,
        20.177
    ],
    "mse": 73480.50142200857,
    "rmse": 271.0728710550146,
    "mape": 275.99892156078954
}