{
    "predictions": [
        196.684,
        196.684,
        196.684,
        196.684,
        196.684,
        196.684
    ],
    "actual": [
        172.229,
        90.245,
        40.484,
        35.965,
        53.915,
        42.826
    ],
    "mse": 17701.936038666667,
    "rmse": 133.0486228364152,
    "mape": 264.81968244063864
}