{
    "predictions": [
        5.545534287033571,
        29.581709055144323,
        48.34118741279859,
        -4.496087214656768,
        11.817467868407812,
        29.355439230082336
    ],
    "actual": [
        33.70000000000001,
        33.70000000000001,
        19.0,
        -61.2,
        38.5,
        46.6
    ],
    "mse": 982.5342768251165,
    "rmse": 31.345402802087527,
    "mape": 74.85939741099155
}