{
    "predictions": [
        302.15006555728905,
        116.65239363615416,
        149.53362090173601,
        246.48439640761652,
        312.49141230917763,
        355.1386069652048
    ],
    "actual": [
        520.0,
        318.0,
        326.0,
        399.0,
        207.0,
        294.0
    ],
    "mse": 26211.202024829272,
    "rmse": 161.89874003471823,
    "mape": 44.88730136246746
}