{
    "predictions": [
        242.95675173960336,
        228.5703473562687,
        231.95283667486643,
        235.91143089659596,
        233.4010648452743,
        232.83669499919213
    ],
    "actual": [
        274.0,
        260.00000000000006,
        265.00000000000006,
        325.0,
        318.0,
        261.0
    ],
    "mse": 3155.091009079049,
    "rmse": 56.17019680470284,
    "mape": 16.782408786392857
}