{
    "predictions": [
        305.13156889563567,
        287.6018058543389,
        258.2492120110165,
        301.53280719609813,
        295.59487430716354,
        289.5885714255011
    ],
    "actual": [
        395.0,
        395.0,
        344.0,
        403.0,
        443.0,
        457.0
    ],
    "mse": 14502.392228170043,
    "rmse": 120.42587856507438,
    "mape": 28.325571394198086
}