{
    "predictions": [
        911.7308433735052,
        912.1608736112867,
        943.688895965519,
        989.310320697973,
        977.1337029593371,
        986.7666258639822
    ],
    "actual": [
        919.0000000000002,
        859.0,
        931.0,
        966.0,
        1039.0,
        822.0
    ],
    "mse": 5759.796326861141,
    "rmse": 75.89332201756055,
    "mape": 6.12578277236255
}