{
    "predictions": [
        495.68473803997045,
        508.384027838707,
        544.8737390637399,
        524.0642820596696,
        482.1743385791779,
        478.56137180328375
    ],
    "actual": [
        509.0,
        461.00000000000006,
        431.0,
        469.00000000000006,
        504.0,
        484.0
    ],
    "mse": 3154.630679250935,
    "rmse": 56.16609902112604,
    "mape": 9.418379018474155
}