{
    "predictions": [
        1744.3381767272947,
        1857.0710391998289,
        2112.8777871131897,
        2160.3041410446167,
        2134.5211577415466,
        2324.81800031662
    ],
    "actual": [
        1293.9999999999998,
        1224.0000000000002,
        83.99999999999976,
        1514.0000000000002,
        223.9999999999998,
        1735.0
    ],
    "mse": 1522602.3165899909,
    "rmse": 1233.9377280033182,
    "mape": 571.9082055859383
}