{
    "predictions": [
        149.5604145429135,
        186.85640916049485,
        201.54221380162244,
        174.4490042970181,
        167.09911053144936,
        154.4022168939114
    ],
    "actual": [
        180.73199999999997,
        180.73199999999997,
        144.483,
        144.483,
        50.15700000000001,
        -436.318
    ],
    "mse": 61298.12054723353,
    "rmse": 247.58457251459254,
    "mape": 74.9013155401712
}