{
    "predictions": [
        31790.31515598297,
        34868.93170928955,
        30454.81900691986,
        29969.53121471405,
        34104.70770549774,
        32557.05662059784
    ],
    "actual": [
        29622.0,
        43221.0,
        30736.0,
        28202.0,
        32502.0,
        45912.00000000001
    ],
    "mse": 43097508.22508568,
    "rmse": 6564.869246609995,
    "mape": 11.30758442755231
}