{
    "predictions": [
        54351622.674262516,
        54566864.35648202,
        57035314.768970005,
        57733545.25231122,
        58672012.71910667,
        59349570.2725172
    ],
    "actual": [
        61007000.0,
        59307000.0,
        71355000.0,
        62795000.0,
        71337000.0,
        60752000.0
    ],
    "mse": 76633892418547.92,
    "rmse": 8754078.616196448,
    "mape": 11.18207468640573
}