{
    "predictions": [
        393.3827910423279,
        453.49057314395907,
        496.43441675901414,
        520.3114972114563,
        488.2480033397675,
        497.8364138007164
    ],
    "actual": [
        281.8,
        262.5,
        281.4,
        122.3,
        255.6,
        277.5
    ],
    "mse": 59375.7165490982,
    "rmse": 243.671328943514,
    "mape": 114.10503605301663
}