{
    "predictions": [
        3552.9708371162415,
        3589.50057220459,
        3503.36465215683,
        3236.02401971817,
        3123.209843158722,
        3168.742208957672
    ],
    "actual": [
        2278.0,
        2410.0,
        2382.0,
        2552.0,
        2399.0,
        2664.0
    ],
    "mse": 920227.395402918,
    "rmse": 959.2848353867156,
    "mape": 37.987603387259
}