{
    "predictions": [
        60555612.40534783,
        62687026.88591481,
        62321660.18610001,
        63050391.03243352,
        59649584.68036652,
        62562755.12244702
    ],
    "actual": [
        55400000.0,
        62200000.0,
        33300000.0,
        33300000.0,
        53900000.00000001,
        75800000.0
    ],
    "mse": 327073739491158.56,
    "rmse": 18085180.10668289,
    "mape": 35.785387338968256
}