{
    "predictions": [
        145.4970624552965,
        145.350820843935,
        143.74528521585464,
        148.891797273159,
        145.92081418800353,
        148.00589957809447
    ],
    "actual": [
        167.718,
        160.425,
        162.405,
        171.685,
        166.132,
        143.003
    ],
    "mse": 337.03950418047157,
    "rmse": 18.35863568407172,
    "mape": 10.512563672872915
}