{
    "predictions": [
        -15145791.01578146,
        87922315.45278428,
        193537773.2410431,
        56469569.196343414,
        606396.7094942923,
        87261160.58191656
    ],
    "actual": [
        42456000.00000001,
        92388000.0,
        201251000.0,
        41721000.00000001,
        88827000.0,
        159487000.0
    ],
    "mse": 2769061591943830.5,
    "rmse": 52621873.702328674,
    "mape": 54.04908247354001
}