{
    "predictions": [
        229.5631134376526,
        230.6156046447754,
        227.75711332321168,
        232.834787399292,
        230.75364491653443,
        229.01393394851684
    ],
    "actual": [
        256.05,
        251.56800000000004,
        262.712,
        290.602,
        294.367,
        268.845
    ],
    "mse": 1888.7709588172502,
    "rmse": 43.459992623299534,
    "mape": 14.71380824010857
}