{
    "predictions": [
        1839.8232247058154,
        1847.969263940692,
        1860.1823341366648,
        1885.7327530937196,
        1907.193653074026,
        1871.7747839876413
    ],
    "actual": [
        1965.0,
        1965.0,
        2119.0,
        2099.0,
        2205.0,
        2175.0
    ],
    "mse": 53744.84548611646,
    "rmse": 231.82934561033565,
    "mape": 10.357998559372206
}