{
    "predictions": [
        108.33838198755382,
        117.43943074870704,
        126.27133039013741,
        132.70400410859583,
        143.136666960597,
        150.15321262450215
    ],
    "actual": [
        141.684,
        117.548,
        127.372,
        141.084,
        134.345,
        140.463
    ],
    "mse": 225.76191021640693,
    "rmse": 15.025375543273682,
    "mape": 7.312381035321638
}