{
    "predictions": [
        1338.6208477020264,
        1613.2661781311035,
        1606.7877445220947,
        1599.0304927825928,
        1688.7956790924072,
        1581.636547088623
    ],
    "actual": [
        1253.0,
        1074.0,
        1331.0,
        1069.0,
        748.0,
        679.0
    ],
    "mse": 392496.56494738307,
    "rmse": 626.4954628306442,
    "mape": 64.34291628515454
}