{
    "predictions": [
        1213.0311625480651,
        1222.817191696167,
        1304.2511113166809,
        1321.165992975235,
        1367.5100514888763,
        1381.613662815094
    ],
    "actual": [
        1258.9,
        1326.7,
        1753.6,
        1327.2,
        1410.6,
        1450.9
    ],
    "mse": 36917.29354919726,
    "rmse": 192.13873516081358,
    "mape": 7.563811272402744
}