{
    "predictions": [
        265.51099052429197,
        273.45919313430784,
        280.885614490509,
        296.6234583854675,
        258.53652219772334,
        262.65725278854364
    ],
    "actual": [
        381.0,
        375.99999999999994,
        354.0,
        402.0,
        405.0,
        434.99999999999994
    ],
    "mse": 15242.638353291171,
    "rmse": 123.46108031801427,
    "mape": 30.038877077222086
}