{
    "predictions": [
        577168053.7933111,
        601459164.8442745,
        613240901.3079405,
        636769466.8456316,
        644754016.8609619,
        655897181.7263365
    ],
    "actual": [
        668399000.0,
        601172000.0,
        596389000.0,
        545471000.0,
        630050000.0,
        679410000.0
    ],
    "mse": 2951937561748130.5,
    "rmse": 54331736.22983284,
    "mape": 6.50911686305539
}