{
    "predictions": [
        458.9991678237915,
        446.3969852447509,
        474.8401257038116,
        538.1877584457397,
        547.3321787834167,
        615.3262466430664
    ],
    "actual": [
        497.9,
        527.0,
        300.0,
        -210.10000000000002,
        195.19999999999996,
        348.1000000000001
    ],
    "mse": 132320.11632620133,
    "rmse": 363.7583213154049,
    "mape": 115.78471546683443
}