{
    "predictions": [
        328.8073992344737,
        332.10366522735353,
        332.22299488317964,
        329.2243523055911,
        331.77352820575237,
        327.53516424274443
    ],
    "actual": [
        343.172,
        326.81,
        351.263,
        330.265,
        244.318,
        330.123
    ],
    "mse": 1375.522616136392,
    "rmse": 37.08803872054158,
    "mape": 8.0201407714421
}