{
    "predictions": [
        332.70357826238876,
        374.1390814248324,
        359.7784879419804,
        409.3098321039081,
        464.30593987292053,
        495.6548510614634
    ],
    "actual": [
        -22.24599999999996,
        -775.675,
        -5.853999999999975,
        -320.66599999999994,
        -967.584,
        137.25600000000006
    ],
    "mse": 715561.9988328944,
    "rmse": 845.9089778651686,
    "mape": 1437.7340040378963
}