{
    "predictions": [
        80.61248752474786,
        -137.907804697752,
        -300.8127141445875,
        -386.25498412549496,
        -406.924269862473,
        -382.69663847982883
    ],
    "actual": [
        480.00000000000006,
        189.99999999999994,
        -23.0,
        474.0,
        554.0,
        354.0
    ],
    "mse": 425058.30748570216,
    "rmse": 651.9649587866684,
    "mape": 337.7861625522024
}