{
    "predictions": [
        264.63109450936315,
        252.41980801820753,
        260.6816681742668,
        282.9124368309975,
        289.01406955718994,
        294.1750848948956
    ],
    "actual": [
        338.00000000000006,
        431.0,
        296.00000000000006,
        307.0,
        321.00000000000006,
        447.0
    ],
    "mse": 10580.005157782636,
    "rmse": 102.85915203705811,
    "mape": 21.178693336458018
}