{
    "predictions": [
        2284.3301326215264,
        2249.4357392019033,
        2186.8353517109153,
        2249.073460676074,
        2242.346660174131,
        2132.837183225751
    ],
    "actual": [
        2101.0,
        2058.0,
        2008.0,
        2037.0,
        2156.0,
        2280.0
    ],
    "mse": 29387.909313276123,
    "rmse": 171.42902121075102,
    "mape": 7.9674245360546685
}