{
    "predictions": [
        -26748579.17428016,
        -1222383.916378012,
        -22862325.549125664,
        -48390293.21074485,
        -98733906.86511992,
        -104098031.3271284
    ],
    "actual": [
        84899999.99999999,
        -13399999.999999989,
        10900000.000000032,
        -12100000.000000002,
        181300000.0,
        192600000.00000003
    ],
    "mse": 3.0253215060076484e+16,
    "rmse": 173934513.71155894,
    "mape": 190.09287960977866
}