{
    "predictions": [
        146.58864936050773,
        141.69717118409275,
        166.16907544609904,
        137.71393712964652,
        145.8166902680397,
        127.20454818081855
    ],
    "actual": [
        164.822,
        87.987,
        87.987,
        87.987,
        87.987,
        114.111
    ],
    "mse": 2553.026140330565,
    "rmse": 50.527479061700326,
    "mape": 49.11300693451312
}