{
    "predictions": [
        186.3916538450718,
        204.98203894352915,
        208.73275507855416,
        210.91304458999636,
        212.3600227508545,
        220.1373267951012
    ],
    "actual": [
        204.772,
        215.39,
        282.398,
        264.815,
        250.942,
        233.80900000000003
    ],
    "mse": 1742.2725835269587,
    "rmse": 41.74053885046237,
    "mape": 13.578426804367592
}