{
    "predictions": [
        2492.086401747882,
        2786.2658741609453,
        2880.2708217687605,
        2992.305151325464,
        3188.301794003963,
        3180.238390879273
    ],
    "actual": [
        2791.5,
        2416.7,
        1946.9999999999998,
        1955.5,
        2123.1,
        1581.0000000000005
    ],
    "mse": 977400.8465923279,
    "rmse": 988.6358513589965,
    "mape": 46.38290214898183
}