{
    "predictions": [
        17089.257587760687,
        16655.922407716513,
        16030.527217715979,
        16666.762962073088,
        17591.19199579954,
        18061.72227886319
    ],
    "actual": [
        23319.0,
        27029.0,
        25311.0,
        27872.0,
        30853.0,
        36834.0
    ],
    "mse": 147728150.62949923,
    "rmse": 12154.346984906233,
    "mape": 39.318256298949294
}