{
    "predictions": [
        511.7997869253158,
        566.0430906414986,
        523.9947041630744,
        454.22293978929514,
        494.1091371059417,
        516.0674076676369
    ],
    "actual": [
        480.2,
        407.3,
        405.6,
        334.8,
        414.1,
        423.5
    ],
    "mse": 11574.541144110626,
    "rmse": 107.58504145145191,
    "mape": 25.265651380978532
}