{
    "predictions": [
        13.459377090036869,
        13.070019060850143,
        11.292918488174676,
        16.326045996248723,
        13.363056124657392,
        15.078972803890705
    ],
    "actual": [
        7.134,
        9.83,
        2.387,
        6.717,
        13.41,
        23.974999999999998
    ],
    "mse": 50.216461920536496,
    "rmse": 7.086357450801963,
    "mape": 112.53962691104165
}