{
    "predictions": [
        844.9126305341722,
        872.6395177066327,
        926.8933210194111,
        947.7117635548116,
        944.1603961110116,
        938.4054758340121
    ],
    "actual": [
        767.9,
        821.3,
        804.6,
        843.7,
        1032.0,
        1109.5
    ],
    "mse": 11888.321145806922,
    "rmse": 109.03357806569002,
    "mape": 11.289962624765904
}