{
    "predictions": [
        798.9261913404464,
        682.1941611224412,
        101.7742372502088,
        -75.90293659257893,
        40.35167926007505,
        -402.7939818921983
    ],
    "actual": [
        258.98999999999995,
        341.0749999999999,
        262.337,
        130.20799999999994,
        174.93499999999995,
        282.874
    ],
    "mse": 160734.79056375442,
    "rmse": 400.91743609346105,
    "mape": 141.2192836852143
}