{
    "predictions": [
        349533551.965177,
        341511451.3286948,
        320873110.6338501,
        305526193.7713623,
        295138604.0561199,
        268672931.1726093
    ],
    "actual": [
        420882000.0,
        272494000.0,
        268204000.0,
        269811000.0,
        361155000.0,
        342288000.0
    ],
    "mse": 3946827132975650.5,
    "rmse": 62823778.40416517,
    "mape": 19.156835747812703
}