{
    "predictions": [
        509.11697106266024,
        513.1437751715779,
        547.1811110993624,
        575.3827473124265,
        552.1150433053971,
        558.229493618548
    ],
    "actual": [
        416.447,
        399.5110000000001,
        226.465,
        247.314,
        219.634,
        306.143
    ],
    "mse": 67679.88373902193,
    "rmse": 260.1535772174235,
    "mape": 93.11482075225737
}