{
    "predictions": [
        126.71001154750586,
        129.0714400744438,
        133.86008521676064,
        133.03549504607915,
        129.36101028740407,
        129.8467397132516
    ],
    "actual": [
        123.4,
        110.7,
        95.4,
        104.89999999999999,
        102.29999999999998,
        99.99999999999999
    ],
    "mse": 707.0627287512528,
    "rmse": 26.590651153201435,
    "mape": 23.78553198865933
}