{
    "predictions": [
        141.78741985559464,
        140.50505697727203,
        136.91675493121147,
        136.29222106933594,
        143.44279944896698,
        135.81948536634445
    ],
    "actual": [
        68.00000000000001,
        67.0,
        113.00000000000001,
        5.000000000000022,
        82.99999999999999,
        61.999999999999986
    ],
    "mse": 6293.313939152799,
    "rmse": 79.33040992679163,
    "mape": 509.5193298445883
}