{
    "predictions": [
        66810279.327979684,
        78251572.37408161,
        82697271.403265,
        83000507.47426152,
        86940389.17067051,
        88508732.33548403
    ],
    "actual": [
        79923000.0,
        85211000.0,
        88984000.0,
        90853999.99999999,
        90308000.0,
        124029000.0
    ],
    "mse": 265767932543389.47,
    "rmse": 16302390.393540129,
    "mape": 12.108462990795283
}