{
    "predictions": [
        137.13136436939237,
        121.81065230965613,
        111.27268076539039,
        93.15997080802916,
        81.6460718333721,
        77.84257354140281
    ],
    "actual": [
        164.6,
        167.20000000000002,
        147.9,
        177.2,
        185.2,
        202.89999999999998
    ],
    "mse": 6263.630299874982,
    "rmse": 79.14310014066281,
    "mape": 38.929346916131195
}