{
    "predictions": [
        368.07158203688266,
        368.8550659684837,
        366.23256040742996,
        371.38106973052027,
        371.9167064980268,
        384.1321988394856
    ],
    "actual": [
        430.11799999999994,
        442.95599999999996,
        438.584,
        440.57,
        517.946,
        641.192
    ],
    "mse": 17794.473537119637,
    "rmse": 133.39592773814212,
    "mape": 21.940005534026955
}