{
    "predictions": [
        107240298.08044434,
        108506579.9176693,
        106236132.24029541,
        106031637.352705,
        103006054.28218842,
        103541221.15969658
    ],
    "actual": [
        118800000.0,
        126000000.00000001,
        137400000.0,
        116500000.0,
        133500000.0,
        132100000.0
    ],
    "mse": 544317383199284.8,
    "rmse": 23330610.433490265,
    "mape": 16.623644728403804
}