{
    "predictions": [
        274.92181826591485,
        253.26903809165952,
        215.00651614379882,
        177.50936039829253,
        151.02287798309325,
        121.91786489152908
    ],
    "actual": [
        282.337,
        284.219,
        210.844,
        201.762,
        188.459,
        176.15
    ],
    "mse": 993.4983067771844,
    "rmse": 31.519808165297967,
    "mape": 13.027046218190819
}