{
    "predictions": [
        368.352205079794,
        387.2666315436363,
        371.6880170762539,
        352.3549642264843,
        342.20754613876346,
        350.1589941620827
    ],
    "actual": [
        328.3,
        338.1,
        340.3,
        346.2,
        347.4,
        358.6
    ],
    "mse": 857.1400243944831,
    "rmse": 29.27695381002749,
    "mape": 6.9319920399049
}