{
    "predictions": [
        209.40119283199311,
        206.94868952035907,
        207.69573427438738,
        206.23327270746233,
        203.18664814233782,
        202.23932816982273
    ],
    "actual": [
        245.90000000000003,
        238.20000000000002,
        181.00000000000003,
        274.0,
        278.0,
        264.0
    ],
    "mse": 2837.5361814775592,
    "rmse": 53.26852899674966,
    "mape": 19.624933851135882
}