{
    "predictions": [
        1276.5183942499161,
        1038.8952372953893,
        743.9726808894277,
        1113.123849864602,
        1348.4302065119743,
        1104.054417771101
    ],
    "actual": [
        1380.9860000000003,
        968.828,
        868.21,
        1029.4050000000002,
        1472.02,
        974.322
    ],
    "mse": 11728.598825157613,
    "rmse": 108.29865569413876,
    "mape": 9.825048490232973
}