{
    "predictions": [
        36.42174935054779,
        37.02963732242584,
        65.19666831684114,
        47.02851966381074,
        40.947055203437806,
        55.67908854484559
    ],
    "actual": [
        86.91,
        77.681,
        69.455,
        90.07200000000002,
        88.073,
        84.317
    ],
    "mse": 1518.9093291405297,
    "rmse": 38.97318731051554,
    "mape": 41.969173966470706
}