{
    "predictions": [
        285.02292352855204,
        283.93700166165826,
        309.5170763340592,
        279.321639791429,
        274.42090865820643,
        299.38513232350346
    ],
    "actual": [
        308.976,
        290.623,
        308.179,
        303.83,
        603.785,
        331.721
    ],
    "mse": 18457.869269735562,
    "rmse": 135.85974116615841,
    "mape": 13.808574656162634
}