{
    "predictions": [
        906.9063272476195,
        493.8690176010131,
        461.6684865355491,
        667.4122940301894,
        662.6938632726668,
        620.7534972429274
    ],
    "actual": [
        951.0,
        546.0,
        546.0,
        593.9999999999999,
        593.9999999999999,
        559.0
    ],
    "mse": 4282.566942285578,
    "rmse": 65.44132442337623,
    "mape": 10.76673708630867
}