{
    "predictions": [
        317.31274617910384,
        367.946431350708,
        356.21683328151704,
        371.33431646823885,
        385.3650152683258,
        353.12826058864596
    ],
    "actual": [
        302.3,
        299.4,
        213.40000000000003,
        185.0,
        235.50000000000003,
        198.1
    ],
    "mse": 17755.734257253094,
    "rmse": 133.2506444909483,
    "mape": 56.23350494224065
}