{
    "predictions": [
        271.0567081938982,
        408.6929142198563,
        341.9053013436794,
        389.7575793373585,
        287.005211237669,
        200.58093412822484
    ],
    "actual": [
        221.41499999999996,
        217.85599999999997,
        161.074,
        179.644,
        192.107,
        164.62
    ],
    "mse": 21004.927011408956,
    "rmse": 144.93076626930858,
    "mape": 68.41474101392397
}