{
    "predictions": [
        112.01928810083864,
        109.6309778883457,
        107.29284599149224,
        108.5197563871145,
        106.96960401022432,
        104.42403665030001
    ],
    "actual": [
        113.098,
        85.61199999999998,
        84.517,
        99.184,
        112.244,
        113.834
    ],
    "mse": 216.72284823493575,
    "rmse": 14.721509713169223,
    "mape": 13.055941120978282
}