{
    "predictions": [
        1448.3458025455475,
        1461.3879187107086,
        1399.062627673149,
        1340.2828783988953,
        1375.262312412262,
        1357.4655158519745
    ],
    "actual": [
        1035.0,
        1114.0,
        1329.0,
        1205.0,
        1757.0,
        1254.0
    ],
    "mse": 78528.68710464767,
    "rmse": 280.2297041797098,
    "mape": 19.599461112254346
}