{
    "predictions": [
        258.1483897635937,
        241.37383531948925,
        279.77078218626974,
        310.21421022468803,
        272.5669034103155,
        248.7916251447797
    ],
    "actual": [
        300.5,
        230.6,
        89.3,
        265.2,
        316.3,
        237.8
    ],
    "mse": 7041.421994425967,
    "rmse": 83.91318129129634,
    "mape": 44.580218424637884
}