{
    "predictions": [
        559.2297204732895,
        568.5044473409653,
        565.8671337366104,
        533.7556011676788,
        535.2101903557777,
        548.8672872185707
    ],
    "actual": [
        541.0,
        392.99999999999994,
        421.0,
        520.0,
        543.0,
        357.0
    ],
    "mse": 14863.92896407398,
    "rmse": 121.91771390603574,
    "mape": 23.37695555250602
}