{
    "predictions": [
        74.69350251275301,
        71.8930382271409,
        68.55564603406191,
        70.40986926543712,
        68.90241631972789,
        69.57194927620887
    ],
    "actual": [
        93.32700000000001,
        93.32700000000001,
        67.57,
        94.52499999999999,
        111.898,
        101.67799999999998
    ],
    "mse": 711.4252805705124,
    "rmse": 26.67255669354763,
    "mape": 23.31717574220831
}