{
    "predictions": [
        74.53804651755095,
        77.96954942327739,
        79.92967223441602,
        82.23968854904176,
        89.9206775686145,
        87.23856779813767
    ],
    "actual": [
        91.79899999999999,
        81.537,
        81.537,
        80.04,
        58.964,
        69.73300000000002
    ],
    "mse": 263.8083568369641,
    "rmse": 16.24217832795109,
    "mape": 17.583741537869592
}