{
    "predictions": [
        1154.3528497636319,
        1172.4373829603196,
        1291.9222363054753,
        1182.1242458581926,
        1144.3645047068596,
        1108.4128571748734
    ],
    "actual": [
        410.3,
        652.1,
        681.5000000000001,
        918.9000000000002,
        762.0000000000002,
        535.5
    ],
    "mse": 290116.61698452773,
    "rmse": 538.6247459823284,
    "mape": 89.41988254975163
}