{
    "predictions": [
        1203574571.4306831,
        771443414.5092964,
        176877315.19341466,
        1124405405.0445557,
        977878682.911396,
        322877776.32474893
    ],
    "actual": [
        3234000000.0,
        3234000000.0,
        1333000000.0,
        2367000000.0,
        3364000000.0,
        1920000000.0
    ],
    "mse": 3.551974614113905e+18,
    "rmse": 1884668303.4724984,
    "mape": 72.04526188311715
}