{
    "predictions": [
        93.18251000726222,
        84.66049424457549,
        68.5123766078353,
        84.83715462434292,
        106.11204900455473,
        105.83753438758849
    ],
    "actual": [
        106.214,
        140.586,
        -9.422,
        95.656,
        83.753,
        18.19
    ],
    "mse": 2945.052292426119,
    "rmse": 54.26833600200138,
    "mape": 233.17562924333362
}