{
    "predictions": [
        129.77335438132286,
        104.54412114620209,
        427.5662177801133,
        498.7792785763741,
        135.5554496198893,
        136.54517093300822
    ],
    "actual": [
        228.6,
        204.20000000000002,
        425.2,
        566.0,
        212.7,
        338.0
    ],
    "mse": 11792.925709569734,
    "rmse": 108.59523796911968,
    "mape": 33.389746459752615
}