{
    "predictions": [
        981.9402441978455,
        951.8433187007904,
        947.178789138794,
        938.5756335258484,
        944.7739956378937,
        987.9367361068726
    ],
    "actual": [
        1013.9999999999999,
        1008.0,
        981.0000000000001,
        808.0,
        1146.0,
        1251.0
    ],
    "mse": 22011.57613551221,
    "rmse": 148.36298775473688,
    "mape": 11.154669050217098
}