{
    "predictions": [
        387.12332702279093,
        356.9804840743542,
        322.8159110248089,
        294.8615892797709,
        224.2829301595688,
        154.21210527420044
    ],
    "actual": [
        234.99999999999997,
        329.4,
        160.3,
        343.8,
        208.7,
        129.6
    ],
    "mse": 8926.19375744841,
    "rmse": 94.47853596160564,
    "mape": 35.86344572021354
}