{
    "predictions": [
        597.0133512020111,
        550.0605943202972,
        563.6918058395386,
        599.3720500469208,
        611.3126738071442,
        682.7722766399384
    ],
    "actual": [
        397.00000000000006,
        460.0,
        455.00000000000006,
        475.0,
        477.0,
        524.0
    ],
    "mse": 19774.516162095217,
    "rmse": 140.62189076418798,
    "mape": 29.74822189168251
}