{
    "predictions": [
        263.09001041704414,
        244.5019497478008,
        283.5363747014403,
        299.9209978531003,
        329.01060772240163,
        320.53622103852035
    ],
    "actual": [
        306.249,
        282.669,
        326.554,
        282.694,
        293.136,
        290.329
    ],
    "mse": 1277.6952217066362,
    "rmse": 35.74486287156011,
    "mape": 11.584154013755182
}