{
    "predictions": [
        38491842.1818018,
        42372742.00952054,
        42794190.077781685,
        54834793.309032924,
        49233064.227998264,
        52466765.276551254
    ],
    "actual": [
        51121999.99999999,
        65842000.00000001,
        22497999.999999996,
        22497999.999999996,
        22497999.999999996,
        65211000.000000015
    ],
    "mse": 507518278047064.56,
    "rmse": 22528166.326780006,
    "mape": 72.11200661943975
}