{
    "predictions": [
        257696762.70401475,
        265872298.4176874,
        262707673.63655564,
        266511314.2148256,
        273898268.9049244,
        265757330.06334302
    ],
    "actual": [
        218431000.0,
        216995000.0,
        198388000.0,
        194810000.00000003,
        200716000.0,
        198623000.00000003
    ],
    "mse": 3845258675552064.0,
    "rmse": 62010149.77850049,
    "mape": 29.99804964603396
}