{
    "predictions": [
        558.9229804098605,
        549.4193550407886,
        531.967471408844,
        563.9883260130882,
        587.5675386846065,
        547.6257771253586
    ],
    "actual": [
        606.9,
        596.5,
        582.3,
        564.8,
        515.9,
        597.2
    ],
    "mse": 2441.0405770504503,
    "rmse": 49.40688795148355,
    "mape": 7.796398222948903
}