{
    "predictions": [
        667780087.7313836,
        659079344.2737819,
        676758637.6555284,
        657741879.5340716,
        643664935.690099,
        653346950.4308815
    ],
    "actual": [
        679000000.0,
        675000000.0,
        551000000.0,
        578000000.0,
        755000000.0,
        758000000.0
    ],
    "mse": 7650185555945875.0,
    "rmse": 87465339.16898668,
    "mape": 11.530625327162085
}