{
    "predictions": [
        3281.736453890801,
        2805.9723938107495,
        2341.796562165022,
        2018.213819086552,
        1876.8312374055388,
        1633.3160549998286
    ],
    "actual": [
        4300.0,
        4300.0,
        4199.0,
        4168.0,
        4096.0,
        3854.0
    ],
    "mse": 3532651.925166586,
    "rmse": 1879.535028980994,
    "mape": 44.33876023304453
}