{
    "predictions": [
        95.80802136659622,
        100.27885639667511,
        93.76166903972626,
        109.6427851319313,
        120.66916012763977,
        146.45660305023193
    ],
    "actual": [
        187.00000000000003,
        200.0,
        218.99999999999997,
        200.0,
        213.0,
        191.0
    ],
    "mse": 8769.741245403258,
    "rmse": 93.64689661384011,
    "mape": 44.61005968103056
}