{
    "predictions": [
        468.52354669570923,
        478.4046206474304,
        466.18137300014496,
        450.97899854183197,
        418.7315239906311,
        435.1360647678375
    ],
    "actual": [
        513.0,
        468.0,
        362.0,
        492.0,
        545.0,
        503.0
    ],
    "mse": 5862.022301515961,
    "rmse": 76.56384461033785,
    "mape": 14.11173899099355
}