{
    "predictions": [
        152.21225637817383,
        140.74732590866088,
        140.38783542251588,
        135.0909761452675,
        124.9399927597046,
        129.34076585769654
    ],
    "actual": [
        139.63,
        128.398,
        128.398,
        128.398,
        128.398,
        132.28
    ],
    "mse": 86.6613367536289,
    "rmse": 9.309207095861005,
    "mape": 6.349170369971431
}