{
    "predictions": [
        27.293459209680563,
        38.54139672625065,
        48.9172799961567,
        57.02771762025357,
        58.796184817790994,
        56.7748373965025
    ],
    "actual": [
        21.074,
        27.779,
        44.12700000000001,
        34.026,
        49.126,
        120.7
    ],
    "mse": 814.4125900618975,
    "rmse": 28.537914956455694,
    "mape": 36.55965999967606
}