{
    "predictions": [
        372.3622777474523,
        392.32869561696054,
        420.81202298051124,
        394.3889017714262,
        435.17528819400076,
        438.93289940428735
    ],
    "actual": [
        340.839,
        374.455,
        357.374,
        375.768,
        458.644,
        544.239
    ],
    "mse": 2887.4103389858597,
    "rmse": 53.73462886245572,
    "mape": 10.199130778845127
}