{
    "predictions": [
        524100242.3465252,
        555379146.1288929,
        583138023.6744881,
        608988149.5833397,
        588673939.1088486,
        613103656.2919617
    ],
    "actual": [
        557500000.0,
        557500000.0,
        395200000.0,
        501400000.0,
        562700000.0,
        485300000.0
    ],
    "mse": 1.0837395430052832e+16,
    "rmse": 104102811.8258716,
    "mape": 17.72250907703791
}