{
    "predictions": [
        -19.13757904171943,
        -45.69440295100212,
        -47.34478348558768,
        -14.412226799130435,
        40.49782390594483,
        69.13288296461106
    ],
    "actual": [
        1.600000000000001,
        51.3,
        22.4,
        29.899999999999995,
        89.6,
        69.9
    ],
    "mse": 3179.580303566599,
    "rmse": 56.387767322058416,
    "mape": 333.4387755681472
}