{
    "predictions": [
        50.07689087387919,
        46.86049580398201,
        32.687375301122664,
        27.455626192748547,
        42.65309997540712,
        70.71742077130078
    ],
    "actual": [
        143.601,
        155.575,
        117.75099999999998,
        78.352,
        158.02199999999996,
        176.486
    ],
    "mse": 9148.139828166934,
    "rmse": 95.64590858038274,
    "mape": 67.52403467578283
}