{
    "predictions": [
        144.86692292642593,
        143.40265019619463,
        144.82180083978176,
        154.86358095884322,
        157.9721868430376,
        154.65857421815394
    ],
    "actual": [
        135.204,
        122.424,
        45.608,
        61.034,
        61.034,
        103.364
    ],
    "mse": 5201.498299360285,
    "rmse": 72.12141359790645,
    "mape": 100.66732606382433
}