{
    "predictions": [
        1103.4177842140198,
        1089.812949538231,
        1090.2577939033508,
        1091.3435252904892,
        1087.1446075439453,
        1087.8490360975266
    ],
    "actual": [
        1174.0,
        1224.0,
        1197.0,
        1249.0,
        1215.0,
        1218.0
    ],
    "mse": 15420.625176988819,
    "rmse": 124.17980986049551,
    "mape": 9.9539847488329
}