{
    "predictions": [
        2126.675518989563,
        1859.0814144611359,
        1380.2566242218018,
        793.3552737236023,
        423.86479365825653,
        -7.491489380598062
    ],
    "actual": [
        575.0,
        239.0,
        233.0,
        291.0,
        63.000000000000014,
        -179.0
    ],
    "mse": 1126759.6428482577,
    "rmse": 1061.4893512646547,
    "mape": 380.22441835062034
}