{
    "predictions": [
        226.5445393025875,
        391.7098065575362,
        403.61428837990763,
        416.7738987540007,
        320.45896239542964,
        415.75210904169086
    ],
    "actual": [
        247.338,
        245.629,
        222.913,
        320.182,
        292.359,
        246.601
    ],
    "mse": 15526.10435933256,
    "rmse": 124.603789506309,
    "mape": 42.88582180878353
}