{
    "predictions": [
        514.8096531491279,
        695.0387000069618,
        687.6764554862975,
        677.2369973726272,
        516.4856827921867,
        570.5403398985862
    ],
    "actual": [
        312.356,
        305.637,
        197.1,
        243.262,
        227.972,
        200.459
    ],
    "mse": 140303.51099387565,
    "rmse": 374.5711027213333,
    "mape": 155.11511034079135
}