{
    "predictions": [
        25.763156086564063,
        25.24876274085045,
        26.80158010339737,
        26.410960700154305,
        26.69296312558651,
        27.732519285678865
    ],
    "actual": [
        44.943,
        38.482,
        35.368,
        32.125,
        62.352000000000004,
        25.789
    ],
    "mse": 320.7271589817312,
    "rmse": 17.908856998193134,
    "mape": 30.63298095712178
}