{
    "predictions": [
        823.0115178972484,
        767.7880005538465,
        745.7773807644845,
        787.6459074020387,
        837.8583881258966,
        924.5139478892089
    ],
    "actual": [
        1090.0,
        981.0000000000001,
        2575.0,
        1349.0,
        1229.0,
        1243.0
    ],
    "mse": 672056.856701878,
    "rmse": 819.7907395804602,
    "mape": 36.05454343762008
}