{
    "predictions": [
        67.93683444261552,
        53.73601433932782,
        64.6146219700575,
        82.01356222033502,
        65.28264467716218,
        54.19856351912022
    ],
    "actual": [
        23.7,
        29.6,
        47.5,
        47.5,
        34.4,
        13.8
    ],
    "mse": 1101.5537747784613,
    "rmse": 33.18966367377743,
    "mape": 126.56719278930764
}