{
    "predictions": [
        75.18507897647471,
        -42.01497950054706,
        -163.93995993083718,
        -196.66986424639822,
        -165.69528596509994,
        -48.657171200640505
    ],
    "actual": [
        113.161,
        201.574,
        162.41,
        140.932,
        241.711,
        220.298
    ],
    "mse": 86595.6404267747,
    "rmse": 294.2713720815783,
    "mape": 147.5886875944972
}