{
    "predictions": [
        2176.781981110573,
        -75.20642715692523,
        -1608.6345156431198,
        -2775.0709310919046,
        -3228.9293747246265,
        -3338.6147176921368
    ],
    "actual": [
        5136.0,
        5968.0,
        5968.0,
        6304.0,
        6300.0,
        5347.0
    ],
    "mse": 58558772.135443896,
    "rmse": 7652.370360577427,
    "mape": 123.92405577860863
}