{
    "predictions": [
        1111323157.21941,
        1101297896.2254524,
        1036597936.5029335,
        1025728584.7148895,
        1067673817.0523643,
        1074170491.6787148
    ],
    "actual": [
        824424000.0,
        1046885000.0,
        1171576000.0,
        987897000.0,
        952616000.0,
        1073248000.0
    ],
    "mse": 1.9693558062010028e+16,
    "rmse": 140333738.1459285,
    "mape": 11.252028346207187
}