{
    "predictions": [
        3140.2794893857836,
        2850.613921407461,
        2948.6577234593033,
        2786.5668494302035,
        2413.2857402476666,
        3078.6403426244856
    ],
    "actual": [
        2485.0,
        2576.0,
        2713.0,
        2713.0,
        3748.0,
        2744.0
    ],
    "mse": 409866.1621832727,
    "rmse": 640.2079054364079,
    "mape": 16.039079713989622
}