{
    "predictions": [
        299.7057330131531,
        312.37753026485444,
        327.28264927864075,
        335.9947151899338,
        329.3367079019547,
        303.1596033096314
    ],
    "actual": [
        331.8,
        424.50000000000006,
        166.59999999999997,
        61.4,
        343.1,
        376.50000000000006
    ],
    "mse": 20065.15059640866,
    "rmse": 141.6515110982183,
    "mape": 100.54123524862408
}