{
    "predictions": [
        182.98342183971403,
        198.93394009566308,
        221.55388652282954,
        239.06105844515562,
        261.35538462799786,
        275.34114553248884
    ],
    "actual": [
        224.67400000000004,
        227.43600000000004,
        231.377,
        264.003,
        223.99,
        225.90499999999997
    ],
    "mse": 1184.8616977579343,
    "rmse": 34.42182008200517,
    "mape": 13.891058916427177
}