{
    "predictions": [
        1226.1806080937386,
        1134.153882086277,
        905.7187925577164,
        1377.089345216751,
        1627.9737324714658,
        1627.0025998353956
    ],
    "actual": [
        1158.0,
        1273.0,
        1052.0,
        942.0,
        998.0,
        983.0
    ],
    "mse": 174372.3369917393,
    "rmse": 417.57913859739125,
    "mape": 34.254215895034605
}