{
    "predictions": [
        235.0767996013165,
        210.19545960426333,
        179.4631271362305,
        83.19066333770753,
        3.7862255275249637,
        -27.78777581453322
    ],
    "actual": [
        203.0,
        41.0,
        313.00000000000006,
        55.999999999999986,
        116.0,
        715.0
    ],
    "mse": 102092.1773818668,
    "rmse": 319.518665154114,
    "mape": 120.05232335195286
}