{
    "predictions": [
        1129.2557058777213,
        1222.3634819220006,
        1697.4410140880348,
        2704.2929489539265,
        3351.090041337371,
        3622.7106867270472
    ],
    "actual": [
        2418.0,
        2748.0,
        2596.0,
        2789.0,
        2763.0,
        2995.0
    ],
    "mse": 923813.796589581,
    "rmse": 961.1523274640607,
    "mape": 31.451583979521814
}