{
    "predictions": [
        100.47897025346758,
        110.28564088344577,
        103.95333381891253,
        100.21887559890749,
        82.27490340471269,
        84.42290095686914
    ],
    "actual": [
        102.1,
        103.40000000000002,
        60.8,
        143.9,
        151.2,
        155.5
    ],
    "mse": 2270.4855975836435,
    "rmse": 47.64961277475027,
    "mape": 33.47868571980822
}