{
    "predictions": [
        9579670823.970171,
        9791595672.109299,
        10157145310.557953,
        11886630281.889547,
        13041938527.913334,
        17237433186.86662
    ],
    "actual": [
        58119999.99999999,
        29874610885.98,
        66742000.0,
        40388645574.68,
        -390000.0,
        46906988813.53
    ],
    "mse": 4.097589015679805e+20,
    "rmse": 20242502354.40225,
    "mape": 562648.1567747465
}