{
    "predictions": [
        50.29681437802314,
        49.05104077327251,
        48.79599326276779,
        49.83725910949707,
        51.69208639383316,
        51.47481103849411
    ],
    "actual": [
        51.661,
        51.661,
        51.916,
        46.308,
        53.432,
        62.03199999999999
    ],
    "mse": 24.22408993409948,
    "rmse": 4.921797429202007,
    "mape": 6.933164159019962
}