{
    "predictions": [
        33.861118230104445,
        37.77733450627326,
        39.7426499094963,
        38.61855912816524,
        39.354533128738396,
        41.720021261095994
    ],
    "actual": [
        31.039,
        21.362,
        27.607,
        25.965,
        25.965,
        21.295
    ],
    "mse": 196.87920108586187,
    "rmse": 14.031364904593632,
    "mape": 54.35163019028805
}