{
    "predictions": [
        179.56483690929414,
        191.5679039965868,
        215.85001081967354,
        222.29523895549775,
        225.0784370046854,
        232.4116881875992
    ],
    "actual": [
        177.3,
        180.88700000000003,
        169.524,
        169.003,
        174.757,
        176.827
    ],
    "mse": 1787.87963181559,
    "rmse": 42.28332569483614,
    "mape": 21.045359284372587
}