{
    "predictions": [
        127.9620258075595,
        129.39484831273558,
        129.456874504447,
        128.7037821632028,
        128.46465403527023,
        129.0429084598422
    ],
    "actual": [
        124.902,
        125.42100000000002,
        128.589,
        133.119,
        131.913,
        142.489
    ],
    "mse": 39.68184177602899,
    "rmse": 6.299352488631588,
    "mape": 3.6101172590083634
}