{
    "predictions": [
        269.62276304095985,
        112.37015973111987,
        -99.13275714521109,
        -149.1317750943601,
        -193.2305560004562,
        -225.21981817243991
    ],
    "actual": [
        262.0,
        233.0,
        203.0,
        104.0,
        51.00000000000001,
        57.0
    ],
    "mse": 51544.358939306665,
    "rmse": 227.03382774226986,
    "mape": 236.8196090737751
}