{
    "predictions": [
        5307.331640958786,
        5531.394256472588,
        5534.709581077099,
        5545.023426830769,
        5519.064203858376,
        5513.159100592136
    ],
    "actual": [
        4932.0,
        4700.0,
        3434.0,
        4220.0,
        3220.0,
        3578.0
    ],
    "mse": 2671882.5056912345,
    "rmse": 1634.5893997243572,
    "mape": 40.559385833864575
}