{
    "predictions": [
        8573.806665837767,
        5980.718800246716,
        5070.245330601931,
        3181.346084266901,
        2060.090278416872,
        1932.8123211711645
    ],
    "actual": [
        11655.0,
        8920.0,
        12159.0,
        11334.000000000002,
        9655.0,
        12075.0
    ],
    "mse": 49232659.9263209,
    "rmse": 7016.598885950436,
    "mape": 58.71265254059212
}