{
    "predictions": [
        93.25534937071801,
        93.412719304502,
        94.23050274193287,
        91.25648242336511,
        89.22989792126417,
        89.98384578943252
    ],
    "actual": [
        69.062,
        72.455,
        85.818,
        59.386,
        76.834,
        79.578
    ],
    "mse": 395.4969860614703,
    "rmse": 19.88710602529866,
    "mape": 26.105919904451724
}