{
    "predictions": [
        612.1579396133423,
        727.0661896438598,
        1012.2851629295349,
        1176.1062485008238,
        1244.3782409820556,
        1302.5646065998076
    ],
    "actual": [
        1017.0000000000001,
        900.0,
        792.0,
        830.0,
        965.0,
        853.0
    ],
    "mse": 107046.47032034678,
    "rmse": 327.1795689225517,
    "mape": 35.031788465436534
}