{
    "predictions": [
        261.6889701459408,
        332.8057440814972,
        325.8835230932236,
        334.66288569164277,
        332.31557947731017,
        319.42628145599366
    ],
    "actual": [
        248.774,
        303.811,
        275.88,
        275.969,
        197.855,
        226.248
    ],
    "mse": 5619.109291001109,
    "rmse": 74.96071831967133,
    "mape": 27.211966670529808
}