{
    "predictions": [
        63.1308027267456,
        59.95345363616943,
        59.76038479804992,
        61.9989487171173,
        57.6787416934967,
        48.918338918685905
    ],
    "actual": [
        54.599999999999994,
        61.29999999999999,
        43.5,
        43.5,
        109.70000000000002,
        110.30000000000001
    ],
    "mse": 1192.519772097506,
    "rmse": 34.53287958015529,
    "mape": 33.46641110332908
}