{
    "predictions": [
        3484.7286372423173,
        3431.2168135881425,
        3991.6136011958124,
        4043.1562871813776,
        5455.91055495739,
        6582.055820047855
    ],
    "actual": [
        4332.0,
        3537.0,
        4478.0,
        3748.0,
        2936.9999999999995,
        2273.0
    ],
    "mse": 4327603.375274192,
    "rmse": 2080.2892527901477,
    "mape": 52.77106142737876
}