{
    "predictions": [
        598.1601661574841,
        506.22306906223304,
        504.95978721618656,
        540.5310224628449,
        523.4880844032765,
        717.8458240306378
    ],
    "actual": [
        802.6300000000001,
        778.3900000000001,
        778.3900000000001,
        788.755,
        788.755,
        570.816
    ],
    "mse": 57374.38019995275,
    "rmse": 239.5294975570916,
    "mape": 31.07121443484336
}