{
    "predictions": [
        750.2893028259277,
        748.083288192749,
        831.1050777435303,
        943.7135848999023,
        1050.7773933410645,
        1064.1419143676758
    ],
    "actual": [
        459.0,
        387.0,
        431.0,
        478.0,
        479.0,
        513.0
    ],
    "mse": 203815.10210969113,
    "rmse": 451.45885981968627,
    "mape": 95.63839475285629
}