{
    "predictions": [
        2331903453.7553787,
        2498874488.9974594,
        2813558683.204651,
        2375991833.8537216,
        1998694630.7301521,
        2290481283.1163406
    ],
    "actual": [
        2094500000.0,
        1267500000.0,
        1473400000.0,
        1740800000.0,
        1733300000.0,
        1134000000.0
    ],
    "mse": 8.63336793698471e+17,
    "rmse": 929159186.4145083,
    "mape": 58.87064255397676
}