{
    "predictions": [
        394.2560264215469,
        357.09801682281494,
        333.42761219763753,
        369.5433444032669,
        334.55149952077863,
        331.6598094539642
    ],
    "actual": [
        496.802,
        422.27599999999995,
        422.27599999999995,
        567.838,
        567.838,
        387.18499999999995
    ],
    "mse": 19914.048455419917,
    "rmse": 141.11714444184278,
    "mape": 24.576919057154736
}