{
    "predictions": [
        634.0624676710962,
        649.3652598699927,
        643.63766711843,
        706.5590649980902,
        720.6757539309262,
        728.0502789320349
    ],
    "actual": [
        588.304,
        607.664,
        850.887,
        629.7589999999999,
        652.4769999999999,
        636.701
    ],
    "mse": 10946.52153350864,
    "rmse": 104.62562560629513,
    "mape": 12.665359610364915
}