{
    "predictions": [
        844.8206643606425,
        675.9876028594971,
        618.4563727242946,
        553.8848192064762,
        574.6807781938314,
        563.9372897620201
    ],
    "actual": [
        858.1,
        654.6,
        654.6,
        449.7,
        449.7,
        589.5
    ],
    "mse": 4844.709288246025,
    "rmse": 69.60394592439444,
    "mape": 10.93871464690546
}