{
    "predictions": [
        101.49427822896838,
        101.2441970100403,
        98.23808490478993,
        95.25293153947592,
        101.71449514290691,
        101.88592772242427
    ],
    "actual": [
        94.462,
        95.824,
        105.407,
        105.407,
        102.1,
        118.996
    ],
    "mse": 87.7055183332201,
    "rmse": 9.365122440909147,
    "mape": 7.381935726733728
}