{
    "predictions": [
        71.61181983554364,
        75.8317646675259,
        77.00721332381667,
        79.31257328411938,
        78.2217921818644,
        78.32322982236745
    ],
    "actual": [
        91.356,
        83.282,
        302.625,
        513.801,
        452.634,
        397.033
    ],
    "mse": 80314.88937358448,
    "rmse": 283.3988168175451,
    "mape": 58.777782004490895
}