{
    "predictions": [
        382.9560991141498,
        364.50537430764734,
        371.24001818829777,
        389.2534142087102,
        386.59045212958756,
        362.1807616479099
    ],
    "actual": [
        458.004,
        455.385,
        919.9559999999999,
        471.33200000000005,
        501.259,
        418.617
    ],
    "mse": 56341.890267412644,
    "rmse": 237.36446715423233,
    "mape": 24.96004829416859
}