{
    "predictions": [
        251.13822169303896,
        266.90283303260804,
        233.70245373249057,
        233.29079151153567,
        273.5625000238419,
        271.8459043264389
    ],
    "actual": [
        390.6,
        411.3,
        512.5,
        523.9,
        391.7,
        447.49999999999994
    ],
    "mse": 41215.45725455632,
    "rmse": 203.01590394487897,
    "mape": 41.68239930958719
}