{
    "predictions": [
        584.2655256881714,
        581.5486580276489,
        575.6422575454712,
        575.200493927002,
        573.0983831176758,
        566.597675704956
    ],
    "actual": [
        706.134,
        677.907,
        658.287,
        644.848,
        718.181,
        654.83
    ],
    "mse": 10775.282071374364,
    "rmse": 103.80405614124317,
    "mape": 14.750541162564506
}