{
    "predictions": [
        1931.1677536964419,
        2659.0788626670837,
        2905.4221510887146,
        2462.515953063965,
        2156.1751437187195,
        1708.6092376708984
    ],
    "actual": [
        1817.0000000000002,
        2178.0,
        1577.0,
        1896.0,
        1991.0,
        1954.0000000000005
    ],
    "mse": 402936.05650120735,
    "rmse": 634.7724446612402,
    "mape": 27.223785346333234
}