{
    "predictions": [
        615227789.6404268,
        567723866.5223123,
        374070063.82942206,
        274883954.1971684,
        330505431.89048773,
        340999079.5254708
    ],
    "actual": [
        551000000.0,
        519000000.0,
        124000000.0,
        473000000.0,
        497000000.00000006,
        491000000.00000006
    ],
    "mse": 2.641749098539317e+16,
    "rmse": 162534583.9672073,
    "mape": 54.774836422810495
}