{
    "predictions": [
        25.828562907934188,
        18.87335256898403,
        11.79898171046376,
        8.219813959725201,
        4.956743283063172,
        1.785476595818996
    ],
    "actual": [
        42.823,
        43.839,
        38.624,
        38.624,
        38.624,
        51.278
    ],
    "mse": 1023.1807710815174,
    "rmse": 31.987196986943346,
    "mape": 71.4147619845683
}