{
    "predictions": [
        83.28271341753006,
        105.88989490699768,
        117.97469741296769,
        107.68655238580703,
        90.60864447784424,
        112.75196705293655
    ],
    "actual": [
        161.937,
        88.102,
        126.23199999999999,
        150.622,
        149.655,
        100.768
    ],
    "mse": 2007.4382129398853,
    "rmse": 44.80444412042053,
    "mape": 25.859241146337357
}