{
    "predictions": [
        849.3419221293929,
        827.4911096506121,
        835.4883615825179,
        839.9156835443976,
        845.4770145256522,
        832.0790869166854
    ],
    "actual": [
        637.0000000000001,
        612.0,
        677.9999999999999,
        470.0,
        722.0,
        709.0000000000001
    ],
    "mse": 47260.12365842252,
    "rmse": 217.39393657234905,
    "mape": 34.15684934424563
}