{
    "predictions": [
        186.04362041950222,
        195.8437451958656,
        183.6732409238815,
        182.8664431929588,
        221.10446076393126,
        199.23977707624434
    ],
    "actual": [
        -7.5999999999999925,
        -22.6,
        -113.5,
        -113.5,
        4.099999999999986,
        -14.799999999999994
    ],
    "mse": 59044.08124645167,
    "rmse": 242.9898788971501,
    "mape": 1796.0760845101465
}