{
    "predictions": [
        602.029930621386,
        621.4015704333787,
        616.3496308445934,
        624.8463098526005,
        641.8226695835594,
        588.7082021772866
    ],
    "actual": [
        743.2000000000002,
        839.7999999999997,
        853.4999999999998,
        788.1999999999998,
        905.8999999999999,
        943.1999999999999
    ],
    "mse": 57658.80989405007,
    "rmse": 240.12248935501663,
    "mape": 26.707701772522995
}