{
    "predictions": [
        442.5198035955429,
        430.7995500087738,
        393.30706867575645,
        346.93153011202816,
        395.77935289740566,
        419.1716822862625
    ],
    "actual": [
        405.4,
        433.0,
        392.90000000000003,
        448.80000000000007,
        423.50000000000006,
        481.90000000000003
    ],
    "mse": 2743.891463390193,
    "rmse": 52.38216741783594,
    "mape": 8.671430158283048
}