{
    "predictions": [
        106.76045117497445,
        104.58466005897522,
        107.83148517870903,
        148.25840718603135,
        142.93716090631486,
        149.43207225131988
    ],
    "actual": [
        100.12700000000001,
        105.895,
        113.157,
        110.06499999999998,
        113.245,
        116.577
    ],
    "mse": 582.316219627923,
    "rmse": 24.131229136285683,
    "mape": 16.94534428632972
}