{
    "predictions": [
        150.85315529704096,
        152.6559785962105,
        153.60214269757273,
        151.7404384493828,
        151.22014681696893,
        149.6919021546841
    ],
    "actual": [
        132.1,
        120.1,
        110.00000000000001,
        11.7,
        184.8,
        129.5
    ],
    "mse": 4076.5605462141634,
    "rmse": 63.84794864531016,
    "mape": 218.60530472926692
}