{
    "predictions": [
        88.34861420339345,
        86.03240350311994,
        87.44380350267886,
        95.3888833656311,
        101.51931183868646,
        106.50384249866008
    ],
    "actual": [
        118.36899999999999,
        127.77700000000002,
        101.068,
        113.866,
        121.888,
        167.167
    ],
    "mse": 1210.9599341378878,
    "rmse": 34.79884960940358,
    "mape": 23.456469986720442
}