{
    "predictions": [
        83.3836002588272,
        85.46762652099132,
        87.79732570946216,
        82.60442050695418,
        79.60838306844234,
        81.33100921809672
    ],
    "actual": [
        85.9,
        57.6,
        89.8,
        103.0,
        77.7,
        48.8
    ],
    "mse": 377.4726215709629,
    "rmse": 19.428654651595483,
    "mape": 23.7434045378788
}