{
    "predictions": [
        113.17899095785619,
        112.57218699562551,
        115.86143620604278,
        115.23894692057372,
        115.1698400592208,
        115.10016170346738
    ],
    "actual": [
        147.357,
        147.357,
        135.176,
        119.953,
        180.43799999999996,
        176.791
    ],
    "mse": 1806.51440343412,
    "rmse": 42.50311051480962,
    "mape": 22.68084256323644
}