{
    "predictions": [
        407.0078002589643,
        403.1866595923007,
        405.4809027549029,
        409.27505128946905,
        409.5626444576681,
        410.688755034566
    ],
    "actual": [
        445.935,
        456.104,
        603.172,
        479.025,
        447.51,
        745.186
    ],
    "mse": 26931.800958786116,
    "rmse": 164.10911296691026,
    "mape": 20.17247613438026
}