{
    "predictions": [
        517.1810766935348,
        539.6010737895965,
        545.5260844409465,
        558.3071879029274,
        558.6896014988422,
        566.028428453207
    ],
    "actual": [
        457.5,
        463.9,
        476.20000000000005,
        416.8,
        428.4,
        333.30000000000007
    ],
    "mse": 17543.462561555283,
    "rmse": 132.45173672532678,
    "mape": 29.685179716396732
}