{
    "predictions": [
        174.5329089463949,
        186.28024613672494,
        212.48028821295497,
        217.77309193658826,
        213.2512659500241,
        226.12714348107573
    ],
    "actual": [
        230.769,
        204.44,
        150.387,
        220.15,
        235.60000000000002,
        196.269
    ],
    "mse": 1457.4125626960265,
    "rmse": 38.176073170194265,
    "mape": 16.719850524656202
}