{
    "predictions": [
        318.3804006576538,
        172.00197976827621,
        206.67179954051971,
        203.75402343273163,
        42.6481295824051,
        49.57449597120286
    ],
    "actual": [
        1127.0,
        428.00000000000006,
        117.00000000000004,
        754.0,
        1071.0,
        568.0
    ],
    "mse": 392747.48029721976,
    "rmse": 626.6956839624953,
    "mape": 78.07864311686043
}