{
    "predictions": [
        320.05358832931523,
        338.5813272390366,
        365.8055252037049,
        373.6572021732331,
        391.68255084609996,
        405.2581966075898
    ],
    "actual": [
        352.42499999999995,
        506.304,
        695.046,
        571.374,
        548.051,
        558.509
    ],
    "mse": 37434.48771163494,
    "rmse": 193.47994136766462,
    "mape": 30.042758142669758
}