{
    "predictions": [
        1912.418007845193,
        1997.0166572942674,
        1920.042435280299,
        1626.6202400833129,
        1377.3164859718709,
        1566.8767934347927
    ],
    "actual": [
        1783.0,
        1783.0,
        1547.0000000000002,
        1665.0,
        1710.0,
        2762.0
    ],
    "mse": 290363.9357036594,
    "rmse": 538.8542805839621,
    "mape": 18.067670347924476
}