{
    "predictions": [
        98.94754637205601,
        99.11063697063922,
        102.91011913740634,
        102.54460269534587,
        99.02535095536709,
        102.00053056502342
    ],
    "actual": [
        118.748,
        127.39399999999999,
        112.65400000000001,
        117.82999999999998,
        102.948,
        73.743
    ],
    "mse": 389.0780637181852,
    "rmse": 19.725061817854595,
    "mape": 17.104481847435157
}