{
    "predictions": [
        2561.7863516807556,
        2585.2398206591606,
        2690.7897441387177,
        2671.2922008633614,
        2903.218331515789,
        2746.7162286043167
    ],
    "actual": [
        2258.0,
        2196.0,
        2429.0,
        2977.0,
        2286.0,
        2441.0
    ],
    "mse": 146700.96587244052,
    "rmse": 383.0156209248397,
    "mape": 15.29158977901162
}