{
    "predictions": [
        2.039240084290501,
        18.285038488686084,
        23.450135299265384,
        31.375823836684226,
        16.74397357600927,
        8.86559077787399
    ],
    "actual": [
        16.688999999999993,
        10.828000000000003,
        15.176999999999992,
        15.43299999999999,
        14.449999999999996,
        14.099999999999998
    ],
    "mse": 104.2504404748798,
    "rmse": 10.21031049845595,
    "mape": 61.24370485015495
}