{
    "predictions": [
        166.65338788723946,
        172.575143986702,
        175.23289748418333,
        172.7103329781294,
        184.03840725505353,
        194.9275472484827
    ],
    "actual": [
        168.695,
        154.18300000000002,
        202.181,
        198.02000000000004,
        203.71300000000002,
        183.063
    ],
    "mse": 372.8459492497432,
    "rmse": 19.309219281207184,
    "mape": 9.231368109516525
}