{
    "predictions": [
        150.43107578158376,
        156.75999963283536,
        146.35534322261807,
        142.97064882516858,
        134.18978744745252,
        133.68556067347524
    ],
    "actual": [
        109.0,
        83.0,
        83.0,
        50.99999999999999,
        50.99999999999999,
        101.0
    ],
    "mse": 4603.0763264208645,
    "rmse": 67.84597502004716,
    "mape": 96.50385776943764
}