{
    "predictions": [
        130.395994235754,
        154.35614936715362,
        155.22377592289445,
        140.10411941313743,
        127.44578512597083,
        116.62283478218315
    ],
    "actual": [
        96.303,
        159.408,
        159.408,
        143.462,
        143.462,
        131.656
    ],
    "mse": 283.1919565493425,
    "rmse": 16.828308190348263,
    "mape": 11.019831670957936
}