{
    "predictions": [
        119.5494063998759,
        128.53737527745966,
        130.91537380787733,
        137.11055854779485,
        109.22242584031821,
        109.54017678695918
    ],
    "actual": [
        120.88700000000001,
        143.084,
        134.954,
        137.909,
        119.648,
        147.967
    ],
    "mse": 302.60913275585534,
    "rmse": 17.39566419415641,
    "mape": 8.254655198349534
}