{
    "predictions": [
        346.4461724758148,
        344.4773333787918,
        359.46003648638725,
        348.5747910141945,
        346.15937370061874,
        343.5692752361298
    ],
    "actual": [
        191.30000000000004,
        198.5,
        198.5,
        115.4,
        102.40000000000002,
        194.5
    ],
    "mse": 34549.76904847225,
    "rmse": 185.87568170277748,
    "mape": 125.41263647235034
}