{
    "predictions": [
        5141.996327480376,
        5041.470161268115,
        5260.004487523436,
        5060.4788863041995,
        4923.253998673558,
        5016.126949849128
    ],
    "actual": [
        5568.0,
        5568.0,
        54.5,
        43.1,
        100.6,
        19.8
    ],
    "mse": 16825225.87319063,
    "rmse": 4101.856393535813,
    "mape": 8539.601188141574
}