{
    "predictions": [
        157.149499833107,
        158.1070974837542,
        158.02022139406205,
        160.26928977084162,
        162.21356825530532,
        170.90969677656892
    ],
    "actual": [
        181.81500000000003,
        181.81500000000003,
        185.11300000000003,
        244.01599999999996,
        194.726,
        194.676
    ],
    "mse": 1756.6461756435501,
    "rmse": 41.91236304055821,
    "mape": 17.411074836518114
}