{
    "predictions": [
        53.97966676130891,
        212.64045853465794,
        310.61005410850044,
        118.14885256364941,
        57.05963700562716,
        381.13492165803905
    ],
    "actual": [
        258.4,
        243.4,
        336.5,
        364.7,
        388.6,
        323.9
    ],
    "mse": 36231.07136411064,
    "rmse": 190.34461212261996,
    "mape": 45.00539413024303
}