{
    "predictions": [
        318.55999507582186,
        373.1077204988003,
        396.72695061528685,
        560.1968787709475,
        549.9327608108521,
        540.9969977767468
    ],
    "actual": [
        330.4,
        414.4,
        379.1,
        502.5,
        499.6,
        608.1
    ],
    "mse": 2086.846164854884,
    "rmse": 45.682011392394756,
    "mape": 8.464835702137858
}