{
    "predictions": [
        130.2742175556421,
        117.83311546397209,
        115.95994961094856,
        123.0043360595107,
        130.09527456861733,
        138.00872902435063
    ],
    "actual": [
        161.952,
        114.478,
        114.478,
        144.304,
        153.132,
        133.101
    ],
    "mse": 337.5645136288652,
    "rmse": 18.372928825553785,
    "mape": 9.546083992319897
}