{
    "predictions": [
        91.45867054986952,
        55.14287329506874,
        51.365725191891194,
        59.75246149638295,
        94.07459553283452,
        71.78571073752641
    ],
    "actual": [
        61.905,
        51.484,
        63.131,
        54.948,
        70.46,
        60.071
    ],
    "mse": 290.5324846972373,
    "rmse": 17.045013484806553,
    "mape": 22.54057555313302
}