{
    "predictions": [
        129.99760648560525,
        172.084073581934,
        198.08509635519982,
        199.27962381577493,
        219.19159008812906,
        236.60756008100512
    ],
    "actual": [
        114.278,
        115.719,
        129.802,
        103.27999999999999,
        128.094,
        139.526
    ],
    "mse": 5837.706132701586,
    "rmse": 76.40488291137933,
    "mape": 58.11964795620995
}