{
    "predictions": [
        2856.456470727921,
        2885.9895328283314,
        2879.079239726067,
        2872.1756993532185,
        2907.820544302464,
        2829.2784230113034
    ],
    "actual": [
        3307.0,
        2728.0000000000005,
        -3542.0,
        2984.0,
        3763.9999999999995,
        3103.0
    ],
    "mse": 7046446.700562697,
    "rmse": 2654.514400142274,
    "mape": 39.33575426127021
}