{
    "predictions": [
        941.6642837524415,
        1037.079878807068,
        997.7195854187014,
        944.0048980712892,
        949.8921356201173,
        972.9958887100221
    ],
    "actual": [
        1078.2,
        1073.4,
        1032.4,
        992.1,
        975.7,
        1220.0
    ],
    "mse": 14192.349976294856,
    "rmse": 119.1316497673681,
    "mape": 7.857544119627664
}