{
    "predictions": [
        11096907.702088356,
        18704015.953421593,
        11663991.326212883,
        4340017.18956232,
        1736508.5852742186,
        -14329470.922991633
    ],
    "actual": [
        9968000.0,
        14374000.0,
        5374999.999999999,
        33484000.000000004,
        33484000.000000004,
        24786999.999999996
    ],
    "mse": 574491354218387.6,
    "rmse": 23968549.27229405,
    "mape": 83.0194386107736
}