{
    "predictions": [
        987.1651241779329,
        1045.6983470916748,
        1083.1063685417175,
        1044.8846352100372,
        980.9486393928528,
        932.7053763866425
    ],
    "actual": [
        678.0,
        730.0000000000001,
        716.0000000000001,
        593.0,
        935.0,
        874.0
    ],
    "mse": 89962.15473431993,
    "rmse": 299.9369179249529,
    "mape": 37.992010289520444
}