{
    "predictions": [
        5431.76173865795,
        5342.716241955756,
        5360.042953252791,
        5503.92112648487,
        5723.845761299132,
        5674.601911664008
    ],
    "actual": [
        5927.999999999999,
        4466.0,
        6731.999999999999,
        7335.000000000001,
        6795.0,
        10904.999999999998
    ],
    "mse": 5792405.887606196,
    "rmse": 2406.7417575648196,
    "mape": 22.84539612791791
}