{
    "predictions": [
        32025.30260181427,
        32425.294674396515,
        31072.641206741333,
        28864.04100751877,
        30338.721037864685,
        31899.101711273193
    ],
    "actual": [
        25245.0,
        26836.0,
        31822.0,
        31326.0,
        35745.0,
        36501.0
    ],
    "mse": 22373469.847885583,
    "rmse": 4730.060237236476,
    "mape": 14.271961864477406
}