{
    "predictions": [
        496.1173793315887,
        583.4422681570053,
        654.8161565303802,
        647.0691828370094,
        649.3093090891838,
        702.5481357216835
    ],
    "actual": [
        549.025,
        507.271,
        433.481,
        507.32400000000007,
        431.447,
        426.77699999999993
    ],
    "mse": 33438.82517980237,
    "rmse": 182.86285894025164,
    "mape": 36.395152701085706
}