{
    "predictions": [
        330.98121579587456,
        348.496540009737,
        381.2521749848127,
        362.13097552073,
        347.23934276294705,
        357.36746524834626
    ],
    "actual": [
        281.5,
        243.2,
        266.9,
        269.3,
        261.1,
        273.3
    ],
    "mse": 8286.181179910338,
    "rmse": 91.0284635699754,
    "mape": 33.656806799354165
}