{
    "predictions": [
        660.0758981704712,
        771.8452167510986,
        903.2984328269958,
        837.6550030708313,
        1017.9141116142274,
        1109.3360137939453
    ],
    "actual": [
        723.0,
        614.0,
        732.0,
        716.0,
        745.0,
        695.0
    ],
    "mse": 53195.68209137374,
    "rmse": 230.64189144943668,
    "mape": 28.508782009406495
}