{
    "predictions": [
        154.65004611015323,
        155.99662083387378,
        151.4081497192383,
        101.92385786771776,
        100.52878838777544,
        109.70149797201158
    ],
    "actual": [
        208.0,
        119.0,
        681.0,
        594.9999999999999,
        192.99999999999997,
        161.99999999999997
    ],
    "mse": 89848.77260807228,
    "rmse": 299.7478483793875,
    "mape": 49.59515263851573
}