{
    "predictions": [
        953.9806605577469,
        889.7532653808594,
        780.8653716444969,
        780.7340098619461,
        724.36405980587,
        704.1040744781494
    ],
    "actual": [
        1293.0,
        1314.0,
        1164.0,
        1305.0,
        1257.0,
        1207.0
    ],
    "mse": 208861.95548406205,
    "rmse": 457.0141742704071,
    "mape": 35.938961903913544
}