{
    "predictions": [
        174.90624002218246,
        182.02694058418274,
        294.2084568738937,
        269.23948519229884,
        151.90748951435089,
        180.48363088369368
    ],
    "actual": [
        374.99999999999994,
        -56.6,
        165.9,
        279.79999999999995,
        357.7,
        102.89999999999999
    ],
    "mse": 26987.448547679043,
    "rmse": 164.27856995871082,
    "mape": 114.83418703663845
}