{
    "predictions": [
        188.620063619256,
        151.96034638130664,
        109.81938070499896,
        115.3198289051056,
        82.79575655007362,
        113.21533518874645
    ],
    "actual": [
        171.167,
        137.205,
        67.911,
        -44.611,
        144.615,
        145.384
    ],
    "mse": 5452.158990096578,
    "rmse": 73.83873637933262,
    "mape": 84.33942002282284
}