{
    "predictions": [
        120.11293615341185,
        120.44225730419159,
        127.47584283447264,
        134.47643158912658,
        135.4459120721817,
        138.81743247890472
    ],
    "actual": [
        185.285,
        179.456,
        157.957,
        171.01,
        169.61700000000002,
        167.826
    ],
    "mse": 2000.4970892948368,
    "rmse": 44.726916831979786,
    "mape": 24.3583703174624
}