{
    "predictions": [
        756.3626146316528,
        818.0801486968994,
        872.5423431396484,
        929.6466207504272,
        995.8697652816772,
        1123.1522178649902
    ],
    "actual": [
        1396.0,
        1335.9999999999998,
        2085.0,
        1853.0,
        1728.0,
        1682.0000000000002
    ],
    "mse": 641389.5856619178,
    "rmse": 800.8680201268608,
    "mape": 44.693538332109014
}