{
    "predictions": [
        132.41330890059473,
        135.00567237734796,
        137.3767948508263,
        133.6535926759243,
        133.3508756697178,
        141.88664733171464
    ],
    "actual": [
        150.70000000000002,
        114.09999999999997,
        84.80000000000001,
        -186.4,
        143.6,
        78.29999999999998
    ],
    "mse": 18353.06300314864,
    "rmse": 135.47347712061074,
    "mape": 58.75108647262211
}