{
    "predictions": [
        76.56951701945067,
        78.02132260954382,
        77.28109851366283,
        73.42848348861934,
        70.7293741772175,
        75.05513372039796
    ],
    "actual": [
        66.821,
        57.76799999999999,
        38.18099999999998,
        59.931999999999995,
        103.37599999999999,
        68.23000000000002
    ],
    "mse": 554.7646765092625,
    "rmse": 23.55344298630802,
    "mape": 36.026539165136164
}