{
    "predictions": [
        26.209557942032813,
        20.51384559713304,
        27.349992155238986,
        29.26648727297783,
        14.72581279670447,
        26.126164791598917
    ],
    "actual": [
        79.477,
        79.477,
        27.146,
        98.887,
        90.352,
        35.781
    ],
    "mse": 2828.9445665862263,
    "rmse": 53.18782348043795,
    "mape": 53.84197548809132
}