{
    "predictions": [
        296.7990153547525,
        326.3149290736913,
        282.2895817716121,
        385.2073962539434,
        296.55830561399455,
        348.35796982312195
    ],
    "actual": [
        259.211,
        249.652,
        24.372,
        339.551,
        310.664,
        144.988
    ],
    "mse": 19575.727389708194,
    "rmse": 139.9132852509303,
    "mape": 210.28597947138024
}