{
    "predictions": [
        444.6141158342361,
        567.9815065860748,
        676.7297519207,
        716.3902323722839,
        774.4309996604919,
        817.8685029029846
    ],
    "actual": [
        264.3,
        315.1,
        317.5,
        344.9,
        320.4,
        301.0
    ],
    "mse": 139468.40701687077,
    "rmse": 373.4546920536289,
    "mape": 113.79251361227138
}