{
    "predictions": [
        2227.896088719368,
        2254.1427800655365,
        2254.546895980835,
        2206.99816262722,
        2220.0723288059235,
        2248.2980856895447
    ],
    "actual": [
        2468.0,
        2009.0,
        2382.0,
        2533.0,
        2478.0,
        2306.0
    ],
    "mse": 51687.09283462615,
    "rmse": 227.34795542213735,
    "mape": 8.843788396798297
}