{
    "predictions": [
        101.28005551278592,
        88.7586122173071,
        78.78427025723458,
        72.83049232196808,
        53.182365317583084,
        42.139937298953534
    ],
    "actual": [
        7.106,
        7.106,
        7.106,
        7.106,
        7.106,
        74.248
    ],
    "mse": 4691.224043829755,
    "rmse": 68.49251085943452,
    "mape": 849.9360608851744
}