{
    "predictions": [
        1474.9004720449448,
        1514.677166491747,
        1386.6392261013389,
        1317.1161196902394,
        1390.7173664867878,
        1422.4388230443
    ],
    "actual": [
        1372.0,
        1230.0,
        1254.0,
        1216.0,
        1332.0,
        1118.0
    ],
    "mse": 35929.65938909293,
    "rmse": 189.55120519029398,
    "mape": 13.529359211306799
}