{
    "predictions": [
        391.8749463535547,
        383.4339149792194,
        396.40668234515186,
        380.7349343260526,
        377.2831807112693,
        355.1248051869869
    ],
    "actual": [
        334.758,
        342.727,
        324.36,
        322.88,
        349.04400000000004,
        303.809
    ],
    "mse": 2814.6799233213073,
    "rmse": 53.053557122226096,
    "mape": 15.6751863072115
}