{
    "predictions": [
        184.7897870063782,
        189.82824519872668,
        234.90564548969272,
        239.90977287292483,
        241.50630357265476,
        268.7669859170914
    ],
    "actual": [
        315.0,
        283.0,
        282.4,
        349.6,
        356.0,
        315.0
    ],
    "mse": 9194.938868486759,
    "rmse": 95.89024386498743,
    "mape": 28.215298735522047
}