{
    "predictions": [
        93.26540768146515,
        47.506277933716774,
        54.55376449227333,
        91.80743864178658,
        135.35367399454117,
        211.18873608112335
    ],
    "actual": [
        110.99999999999999,
        43.0,
        52.0,
        139.0,
        118.0,
        72.00000000000001
    ],
    "mse": 3707.1893531867827,
    "rmse": 60.88669274305168,
    "mape": 45.55726454369167
}