{
    "predictions": [
        112.75101853609084,
        113.81138042807578,
        113.12067947387695,
        103.77016419768333,
        105.61573501825332,
        106.80450001358986
    ],
    "actual": [
        75.1,
        79.2,
        83.9,
        102.8,
        83.5,
        39.9
    ],
    "mse": 1405.9423394822672,
    "rmse": 37.49589763537162,
    "mape": 53.96230597863012
}