{
    "predictions": [
        18.402343010902396,
        8.10566946268081,
        3.0090648174285826,
        -10.499389755725865,
        -26.492137426137926,
        -34.5555597782135
    ],
    "actual": [
        69.90000000000002,
        60.0,
        95.5,
        107.99999999999999,
        44.800000000000004,
        66.7
    ],
    "mse": 7212.827654249341,
    "rmse": 84.92836778279293,
    "mape": 112.9460591943716
}