{
    "predictions": [
        3907.4925977289677,
        3332.6673290729523,
        3362.467398047447,
        3579.7363125383854,
        2868.684317857027,
        2786.3847755864263
    ],
    "actual": [
        3251.0,
        5183.0,
        2637.0,
        3801.0,
        3583.9999999999995,
        5193.0
    ],
    "mse": 1788907.908748443,
    "rmse": 1337.500620092732,
    "mape": 25.92131806338976
}