{
    "predictions": [
        89.49867855191229,
        88.91595377504825,
        82.3199264525771,
        79.29437718093395,
        77.79148800873756,
        73.35623917901515
    ],
    "actual": [
        72.868,
        88.692,
        56.026,
        45.149,
        62.51499999999999,
        81.056
    ],
    "mse": 404.4273963489415,
    "rmse": 20.11038031338397,
    "mape": 29.928534487053344
}