{
    "predictions": [
        221.93658353328703,
        235.13668723344801,
        248.0433161652088,
        246.07709006428718,
        265.5973998975754,
        274.790624563694
    ],
    "actual": [
        223.40000000000003,
        210.9,
        204.69999999999996,
        227.5,
        217.00000000000003,
        224.90000000000003
    ],
    "mse": 1277.34860390354,
    "rmse": 35.74001404453473,
    "mape": 14.344250069483385
}