{
    "predictions": [
        649.4133380970359,
        763.8074113610983,
        805.844931915164,
        817.6430333302021,
        710.7832944743634,
        665.6374019565583
    ],
    "actual": [
        465.0,
        506.0,
        450.0,
        476.0,
        508.0,
        417.0
    ],
    "mse": 74460.02343052583,
    "rmse": 272.87364004338315,
    "mape": 56.833751553260015
}