{
    "predictions": [
        123.34918510913847,
        163.66257488727567,
        93.79963862895964,
        105.95839905738829,
        109.09692513942717,
        38.93854236602782
    ],
    "actual": [
        232.00000000000006,
        18.0,
        32.999999999999986,
        358.0,
        329.0,
        228.99999999999994
    ],
    "mse": 30787.47832890852,
    "rmse": 175.4636096998706,
    "mape": 210.09148267463976
}