{
    "predictions": [
        1598.1934490203857,
        202.8202829360962,
        -1359.8455028533938,
        -2579.494342803955,
        -4884.190902709961,
        -3769.5605239868164
    ],
    "actual": [
        3255.0,
        4259.0,
        2090.0,
        859.0,
        138.0,
        3077.0
    ],
    "mse": 19170011.942569915,
    "rmse": 4378.357219616727,
    "mape": 762.211562923331
}