{
    "predictions": [
        777.4515271782874,
        979.7034046947955,
        2668.6940583586693,
        439.43085314333433,
        710.2399837374686,
        1035.8073700368404
    ],
    "actual": [
        498.00000000000006,
        561.0,
        3303.0,
        280.0,
        481.00000000000006,
        795.9999999999999
    ],
    "mse": 131871.07775812308,
    "rmse": 363.1405757528661,
    "mape": 47.44651187607972
}