{
    "predictions": [
        376.73391895306116,
        352.9481149811745,
        370.107116768837,
        430.85618752664334,
        439.8984655458331,
        468.62004783773426
    ],
    "actual": [
        465.6,
        478.6000000000001,
        423.6000000000001,
        403.8,
        517.8,
        524.6
    ],
    "mse": 6080.251087281386,
    "rmse": 77.97596480506917,
    "mape": 15.064108976290969
}