{
    "predictions": [
        485.32853013324734,
        493.58673555028435,
        485.46251707863803,
        498.4627673228979,
        497.38625769913193,
        498.9836410131454
    ],
    "actual": [
        480.94399999999996,
        503.568,
        471.368,
        461.20500000000004,
        397.991,
        559.039
    ],
    "mse": 2531.9516296980914,
    "rmse": 50.31850186261602,
    "mape": 8.27984940583177
}