{
    "predictions": [
        162.42528793811798,
        163.36210265159608,
        169.7227288365364,
        173.00194457769393,
        179.02805949449538,
        182.12162528038024
    ],
    "actual": [
        172.40000000000003,
        167.60000000000002,
        186.1,
        193.2,
        193.79999999999998,
        199.5
    ],
    "mse": 218.97487374181915,
    "rmse": 14.79779962500571,
    "mape": 7.317055422341574
}