{
    "predictions": [
        969.0887722572088,
        957.656325627923,
        969.7257538317442,
        972.8411348273754,
        984.7095418316126,
        991.2169690710903
    ],
    "actual": [
        1167.0,
        1013.0,
        1240.0,
        1179.0,
        1078.0,
        1056.0
    ],
    "mse": 28446.89547872475,
    "rmse": 168.6620748085495,
    "mape": 12.748887527093727
}