{
    "predictions": [
        689751684.179306,
        686977419.5079803,
        684115038.1202698,
        748550658.4949493,
        768374819.940567,
        720430492.8340912
    ],
    "actual": [
        624999999.9999999,
        651000000.0,
        453000000.0,
        534000000.0,
        511000000.0,
        471000000.0
    ],
    "mse": 3.889844498655948e+16,
    "rmse": 197226887.07820615,
    "mape": 35.06801451574879
}