{
    "predictions": [
        8851.930752933025,
        8738.703893840313,
        8842.162792623043,
        9102.885852396488,
        9381.704858899118,
        9189.350731253624
    ],
    "actual": [
        7971.0,
        6460.0,
        5684.0,
        7800.0,
        5377.0,
        5268.0
    ],
    "mse": 8175781.126790531,
    "rmse": 2859.3322868793216,
    "mape": 44.58455843022439
}