{
    "predictions": [
        367424376.01089466,
        302820132.8516005,
        276273118.79396427,
        288323570.66869724,
        259369549.75128165,
        255142958.10461035
    ],
    "actual": [
        404000000.0,
        132000000.00000007,
        132000000.00000007,
        396000000.0,
        396000000.0,
        246000000.00000003
    ],
    "mse": 1.3612952319296226e+16,
    "rmse": 116674557.29205158,
    "mape": 52.195114532091694
}