{
    "predictions": [
        568.1214655041695,
        550.3586721420288,
        548.5124758481979,
        578.190297961235,
        593.2186577320099,
        568.5477012991905
    ],
    "actual": [
        652.0,
        438.00000000000006,
        522.0,
        621.0,
        572.0,
        626.0
    ],
    "mse": 4324.4432968154115,
    "rmse": 65.7604995176847,
    "mape": 10.562900001762605
}