{
    "predictions": [
        50.80811840891838,
        35.26645049154759,
        19.75293366909027,
        20.53623604029417,
        39.0698552697897,
        65.8506873369217
    ],
    "actual": [
        47.9,
        51.2,
        72.7,
        44.3,
        55.4,
        51.7
    ],
    "mse": 682.8931737029825,
    "rmse": 26.132224813493828,
    "mape": 36.75189028220788
}