{
    "predictions": [
        90.42072800397872,
        90.3908994436264,
        90.8556627869606,
        95.17732517719269,
        99.12549979686737,
        104.64629168510437
    ],
    "actual": [
        84.4,
        95.3,
        86.8,
        93.2,
        79.7,
        98.5
    ],
    "mse": 82.63893221747594,
    "rmse": 9.09059581201782,
    "mape": 8.28199199163027
}