{
    "predictions": [
        239.5466726274491,
        266.22567216706284,
        327.20430375909814,
        340.87788951206215,
        307.2991997864247,
        289.87747173309333
    ],
    "actual": [
        194.83000000000007,
        199.173,
        172.83300000000008,
        205.719,
        204.58699999999993,
        235.15799999999996
    ],
    "mse": 10356.347177624475,
    "rmse": 101.76613964194807,
    "mape": 47.51833205173462
}