{
    "predictions": [
        105.31830040150882,
        104.67141449567676,
        103.06486890155078,
        101.25210884273052,
        94.56006574234367,
        87.50146974141896
    ],
    "actual": [
        138.525,
        148.44,
        147.245,
        162.434,
        183.06799999999998,
        190.532
    ],
    "mse": 4527.07105944197,
    "rmse": 67.28351253793139,
    "mape": 37.258290759790995
}