{
    "predictions": [
        442.8331162929535,
        481.71788167953497,
        509.9085698127747,
        480.7613029479981,
        473.77804303169256,
        491.95882034301763
    ],
    "actual": [
        390.0,
        335.0,
        291.0,
        298.0,
        340.0,
        357.99999999999994
    ],
    "mse": 23580.276853260235,
    "rmse": 153.55870816485867,
    "mape": 45.11068209552456
}