{
    "predictions": [
        106.27584040635826,
        120.38696646326781,
        129.93345309877398,
        146.01988111478093,
        149.42139977467062,
        163.7778685281873
    ],
    "actual": [
        82.98100000000001,
        112.977,
        78.58699999999999,
        107.47800000000001,
        97.50400000000002,
        112.13599999999998
    ],
    "mse": 1680.2985037800847,
    "rmse": 40.991444275361715,
    "mape": 39.187996841251824
}