{
    "predictions": [
        1311.381204612732,
        1396.7362259216309,
        1568.4252529354096,
        1726.988310398102,
        1588.0362902698516,
        1495.2791547031402
    ],
    "actual": [
        1047.794,
        1111.958,
        881.252,
        1128.88,
        1292.244,
        1406.863
    ],
    "mse": 179304.66305121736,
    "rmse": 423.44381333444625,
    "mape": 35.1501244519417
}