{
    "predictions": [
        1002.6650367975236,
        1005.7854545712472,
        1009.3360577821733,
        997.9455838203431,
        1020.8239781856538,
        1016.6138858795167
    ],
    "actual": [
        963.0,
        857.0,
        1033.0,
        837.0000000000001,
        1348.0,
        970.0
    ],
    "mse": 26565.148892621903,
    "rmse": 162.98818635907912,
    "mape": 12.012755682241574
}