{
    "predictions": [
        1591.6062319099904,
        1605.0576468169688,
        1576.618166476488,
        1587.615182763338,
        1621.255480647087,
        1603.0114045858384
    ],
    "actual": [
        1574.0,
        1496.0,
        1669.0,
        1778.0,
        1577.0,
        1603.0
    ],
    "mse": 9823.813204682569,
    "rmse": 99.11515123674366,
    "mape": 4.576417300380455
}