{
    "predictions": [
        83.94246425282955,
        77.35503944271804,
        76.37213768187166,
        74.54062148991227,
        66.4220847414881,
        68.43631149953605
    ],
    "actual": [
        81.749,
        81.749,
        68.745,
        96.38100000000001,
        70.195,
        67.013
    ],
    "mse": 95.92570711035721,
    "rmse": 9.794166994204112,
    "mape": 8.218705982501943
}