{
    "predictions": [
        45.62187795639038,
        48.984150713682176,
        51.827537262439726,
        54.50610866546631,
        51.741827273368834,
        53.70501973628998
    ],
    "actual": [
        67.7,
        51.5,
        50.70000000000001,
        75.7,
        77.69999999999999,
        39.599999999999994
    ],
    "mse": 302.8339423081579,
    "rmse": 17.402124649253548,
    "mape": 22.790823027983063
}