{
    "predictions": [
        131.5309048168063,
        51.66385532689094,
        73.48273024964332,
        63.712347387552256,
        141.88761599755287,
        142.67519327908752
    ],
    "actual": [
        351.196,
        369.777,
        265.958,
        247.20900000000006,
        233.82799999999997,
        133.69
    ],
    "mse": 38116.707624980314,
    "rmse": 195.2350061463884,
    "mape": 56.869093805482485
}