{
    "predictions": [
        174.86724665808677,
        182.66544691944122,
        187.62639096593858,
        189.6924974169731,
        197.7337800679207,
        200.6973398780823
    ],
    "actual": [
        83.265,
        83.265,
        182.86399999999998,
        178.727,
        186.228,
        176.631
    ],
    "mse": 3187.6524386677424,
    "rmse": 56.459298956573505,
    "mape": 42.989089774018126
}