{
    "predictions": [
        -22.50624589547515,
        -20.703840579092503,
        -17.32341307029128,
        -11.386971022933722,
        4.357423445582391,
        14.40947760641575
    ],
    "actual": [
        1.300000000000003,
        -9.6,
        13.3,
        24.6,
        58.099999999999994,
        52.99999999999999
    ],
    "mse": 1216.7301806730086,
    "rmse": 34.881659660529465,
    "mape": 414.79447577522626
}