{
    "predictions": [
        399.7579271793365,
        348.42902255058283,
        277.72134017944336,
        217.6552290916443,
        251.67978358268738,
        264.17591643333435
    ],
    "actual": [
        486.0,
        230.99999999999994,
        230.99999999999994,
        354.0,
        354.0,
        282.0
    ],
    "mse": 8797.862547747065,
    "rmse": 93.79692184579974,
    "mape": 27.091021752423167
}