{
    "predictions": [
        17.629608892440796,
        12.881441508948802,
        23.036753624022005,
        27.945892831504345,
        18.032839604377745,
        12.484073516637086
    ],
    "actual": [
        19.373,
        19.373,
        18.795,
        18.795,
        18.795,
        6.737
    ],
    "mse": 30.086800015253875,
    "rmse": 5.485143572893409,
    "mape": 33.854172024901025
}