{
    "predictions": [
        403.5798835754395,
        394.9443321228028,
        396.3995456695557,
        390.0671577453614,
        394.7512702941895,
        404.02869224548346
    ],
    "actual": [
        445.0,
        486.0,
        548.0,
        586.0,
        586.0,
        493.0
    ],
    "mse": 19311.851223666647,
    "rmse": 138.96708683593624,
    "mape": 23.30446682705656
}