{
    "predictions": [
        397.3146459758283,
        392.3890979588033,
        387.6019138932229,
        396.6201745688916,
        407.9612803936006,
        411.7640938401223
    ],
    "actual": [
        405.69999999999993,
        355.69999999999993,
        338.29999999999995,
        407.30000000000007,
        369.5,
        377.79999999999995
    ],
    "mse": 1098.9952026351473,
    "rmse": 33.15109655252971,
    "mape": 8.162668399002811
}