{
    "predictions": [
        179.15280933380132,
        179.75616340041165,
        176.16317213773732,
        171.68611208796506,
        176.57123233079915,
        174.7267799198628
    ],
    "actual": [
        135.1,
        -322.0,
        96.89999999999998,
        -579.3,
        114.09999999999997,
        77.8
    ],
    "mse": 139543.3573435662,
    "rmse": 373.5550258577258,
    "mape": 96.5340105259182
}