{
    "predictions": [
        1745.9175179035665,
        1788.7551989847423,
        2214.6138290512563,
        2255.179276332379,
        1857.1164939934017,
        1568.0517614786625
    ],
    "actual": [
        1598.894,
        1983.4229999999998,
        1030.1179999999997,
        1349.2509999999997,
        1368.5429999999997,
        1524.0929999999998
    ],
    "mse": 420647.3850351489,
    "rmse": 648.5733459179069,
    "mape": 39.954010178355915
}