{
    "predictions": [
        87588185.55134535,
        113889929.21698093,
        87340375.75292587,
        61172128.86455655,
        76544020.65742016,
        107358370.25809288
    ],
    "actual": [
        83836000.0,
        83836000.0,
        19406000.0,
        77660000.0,
        81135000.0,
        46415000.0
    ],
    "mse": 1589903055174788.8,
    "rmse": 39873588.441157244,
    "mape": 91.4305564230356
}