{
    "predictions": [
        827467598.4144211,
        808762395.632267,
        828257114.4759655,
        786299342.0362473,
        746667344.5403576,
        758567276.6506672
    ],
    "actual": [
        877000000.0,
        786000000.0,
        881000000.0,
        919999999.9999999,
        919999999.9999999,
        976000000.0
    ],
    "mse": 1.6825077001149206e+16,
    "rmse": 129711514.52800636,
    "mape": 11.6969585442543
}