{
    "predictions": [
        1778.8481116294863,
        224.09545993804946,
        2323.682107925415,
        -2049.6523920297623,
        -7759.638225078583,
        -5110.730699062347
    ],
    "actual": [
        3052.9999999999995,
        2739.0,
        1516.0,
        1933.0000000000005,
        1953.0,
        2046.9999999999998
    ],
    "mse": 28338421.39917047,
    "rmse": 5323.384393331978,
    "mape": 206.6421582765372
}