{
    "predictions": [
        2691.414905846119,
        3154.9403706789017,
        2868.783373117447,
        2913.992496609688,
        2664.1773765683174,
        2284.2879782021046
    ],
    "actual": [
        3139.0,
        3139.0,
        3948.9999999999995,
        3948.9999999999995,
        3030.0,
        2274.9999999999995
    ],
    "mse": 428767.9105579012,
    "rmse": 654.8037191081777,
    "mape": 13.468635882431945
}