{
    "predictions": [
        176.546723651886,
        139.33182703256608,
        134.60164379477501,
        298.1249815165997,
        526.0571524381637,
        562.4539754033088
    ],
    "actual": [
        188.0,
        125.00000000000001,
        183.0,
        236.00000000000003,
        147.00000000000003,
        113.00000000000001
    ],
    "mse": 58705.282306228466,
    "rmse": 242.2917297520253,
    "mape": 120.98964218985877
}