{
    "predictions": [
        719.4914672374725,
        519.6293974518776,
        572.5666770935059,
        566.5988389253616,
        677.0581070184708,
        697.8408137559891
    ],
    "actual": [
        1005.0000000000001,
        1048.0,
        1118.0,
        1012.0,
        920.9999999999999,
        947.0000000000001
    ],
    "mse": 163026.3778636538,
    "rmse": 403.7652509363006,
    "mape": 37.40355799740486
}