{
    "predictions": [
        73050113.58708143,
        228909295.0940132,
        193439751.75619125,
        194147195.27959824,
        189316731.15491867,
        154953873.56877327
    ],
    "actual": [
        431700000.0,
        372999999.99999994,
        310600000.0,
        305800000.0,
        280600000.0,
        232700000.0
    ],
    "mse": 3.1660306696815044e+16,
    "rmse": 177933433.3305999,
    "mape": 43.64715945960098
}