{
    "predictions": [
        58.72147337763012,
        57.99146431919932,
        56.27383533395827,
        57.435284854352474,
        54.72961212059856,
        54.29922995898128
    ],
    "actual": [
        62.405,
        62.113,
        60.774,
        17.835,
        23.492,
        22.829
    ],
    "mse": 597.525541996883,
    "rmse": 24.444335581006964,
    "mape": 85.46718253571424
}