{
    "predictions": [
        79.87692773425579,
        110.76612186813354,
        167.38727899575233,
        100.17211243891715,
        116.95219543361664,
        80.43474565827846
    ],
    "actual": [
        44.56399999999999,
        6.049000000000002,
        21.912,
        21.912,
        21.912,
        15.953999999999999
    ],
    "mse": 8781.79763067698,
    "rmse": 93.71124602029886,
    "mape": 611.5590607005242
}