{
    "predictions": [
        98.25583623844382,
        27.348589293241467,
        -39.19539179861549,
        -79.95270157372954,
        -120.02018047076467,
        -92.14042498815063
    ],
    "actual": [
        540.7009999999999,
        788.57,
        788.57,
        216.48200000000006,
        674.091,
        867.1579999999999
    ],
    "mse": 516525.14505740284,
    "rmse": 718.696838073887,
    "mape": 108.11556872477763
}