{
    "predictions": [
        991.5022446513176,
        505.4923914670944,
        269.9906539618969,
        301.6376633346081,
        374.0747945904732,
        485.0197491645813
    ],
    "actual": [
        1126.0,
        359.00000000000006,
        359.00000000000006,
        398.0,
        398.0,
        203.00000000000003
    ],
    "mse": 22810.930822344828,
    "rmse": 151.03287993792884,
    "mape": 41.11551559929247
}