{
    "predictions": [
        400.02923768758774,
        420.49792248010635,
        423.36796444654465,
        399.20932126045227,
        391.92667800188065,
        402.15158599615097
    ],
    "actual": [
        380.0,
        317.0,
        314.0,
        391.99999999999994,
        273.0,
        327.0
    ],
    "mse": 7152.938649760155,
    "rmse": 84.5750474416666,
    "mape": 23.52245592043651
}