{
    "predictions": [
        443.87374255561826,
        249.90124186468123,
        65.65739136505127,
        141.97043271923064,
        292.10200744676587,
        117.45345644664764
    ],
    "actual": [
        523.9229999999999,
        523.9229999999999,
        18.486999999999988,
        131.444,
        545.0,
        204.1
    ],
    "mse": 25882.779550581876,
    "rmse": 160.88125916520505,
    "mape": 69.93328508883513
}