{
    "predictions": [
        937.1844628357888,
        1028.1920313250423,
        1122.9084130548833,
        1322.1362056070566,
        1364.4074905182124,
        1424.096017585516
    ],
    "actual": [
        1127.7,
        1106.4,
        750.1,
        471.4,
        410.3000000000001,
        335.7
    ],
    "mse": 500012.9758665658,
    "rmse": 707.1159564502599,
    "mape": 135.1483350340899
}