{
    "predictions": [
        989.1652126312257,
        1014.6324176788331,
        1144.0670890808105,
        1262.8077907562256,
        1268.5959739685059,
        1233.3183975219727
    ],
    "actual": [
        1055.0000000000002,
        1055.0000000000002,
        1410.0,
        1328.0,
        1567.0,
        1405.0
    ],
    "mse": 33242.27226126893,
    "rmse": 182.32463426884732,
    "mape": 10.849743714432893
}