{
    "predictions": [
        71.63554517573118,
        75.11566248440742,
        84.17763265734911,
        95.63670711421966,
        86.23411969697476,
        86.26787612307072
    ],
    "actual": [
        57.32,
        64.75,
        38.99399999999999,
        57.443,
        49.483,
        48.103
    ],
    "mse": 1103.3173806884683,
    "rmse": 33.21622164979738,
    "mape": 62.826112332378216
}