{
    "predictions": [
        2344.993638199568,
        2269.653441113234,
        2254.757525837422,
        2274.1266717016697,
        2407.0968771994117,
        2406.825397861004
    ],
    "actual": [
        2256.0,
        2271.0,
        2985.0,
        2108.0,
        2304.0,
        2438.0
    ],
    "mse": 96729.10748156409,
    "rmse": 311.01303426313837,
    "mape": 7.016990015205146
}