{
    "predictions": [
        472.42447377395644,
        436.7042841467859,
        428.0839929132463,
        364.46354580783856,
        372.35734434318556,
        390.961265274048
    ],
    "actual": [
        596.684,
        561.4829999999998,
        561.4829999999998,
        649.998,
        575.963,
        641.937
    ],
    "mse": 39129.90997451965,
    "rmse": 197.81281549616457,
    "mape": 30.86367132357915
}