{
    "predictions": [
        391.1970771035552,
        398.7190347428322,
        414.6919071574211,
        428.49188627427816,
        461.10179582142825,
        451.20498670494555
    ],
    "actual": [
        339.016,
        326.888,
        301.9,
        383.9,
        369.2,
        316.2
    ],
    "mse": 8210.88325200427,
    "rmse": 90.61392416182113,
    "mape": 25.655087252837255
}