{
    "predictions": [
        181.21732433652878,
        183.07185465037824,
        211.22775265359877,
        220.67867179012296,
        229.64435519456862,
        232.12590373206137
    ],
    "actual": [
        154.256,
        175.631,
        134.325,
        176.978,
        190.58999999999997,
        186.809
    ],
    "mse": 2030.8209720067744,
    "rmse": 45.06463105370746,
    "mape": 24.734770091031496
}