{
    "predictions": [
        234.75519747662545,
        222.31406714737417,
        232.55783875179293,
        246.39728119772676,
        221.4301668582559,
        230.12273725122216
    ],
    "actual": [
        213.0,
        213.0,
        194.0,
        193.0,
        219.0,
        226.0
    ],
    "mse": 820.1532843321188,
    "rmse": 28.638318462020756,
    "mape": 10.843759026459827
}