{
    "predictions": [
        421.9378017544746,
        358.9461716146767,
        500.3022517782449,
        658.5765509349108,
        482.67912738561625,
        409.5802952939272
    ],
    "actual": [
        701.4,
        506.40000000000003,
        1584.0,
        554.0,
        645.0,
        553.0
    ],
    "mse": 222016.01560738773,
    "rmse": 471.1857548858918,
    "mape": 34.55905138654985
}