{
    "predictions": [
        27.82185681474209,
        28.639249981164934,
        26.71569660124183,
        27.781464661031965,
        28.108137261390688,
        29.06243602615595
    ],
    "actual": [
        26.116,
        29.133,
        29.133,
        29.133,
        29.133,
        23.075
    ],
    "mse": 7.953912307988138,
    "rmse": 2.8202681269673877,
    "mape": 8.438153126443314
}