{
    "predictions": [
        142.61750519353154,
        139.40590090781453,
        134.806251259625,
        147.01785823827984,
        133.95181830435993,
        115.43515288496019
    ],
    "actual": [
        95.06,
        140.749,
        142.012,
        158.162,
        172.00200000000004,
        144.605
    ],
    "mse": 789.7218722841602,
    "rmse": 28.101990539535812,
    "mape": 17.56621445839348
}