{
    "predictions": [
        3650.080306142569,
        3770.929945021868,
        7092.523157060146,
        7495.410693645477,
        5191.092399716377,
        3664.668965995312
    ],
    "actual": [
        4126.0,
        5488.0,
        5488.0,
        2760.9999999999995,
        3494.0,
        2197.0
    ],
    "mse": 5533023.852211951,
    "rmse": 2352.2380517736615,
    "mape": 59.8181234119317
}