{
    "predictions": [
        1467.896256506443,
        1534.4273465275764,
        1551.8813887238503,
        1617.702047586441,
        1587.9929374456406,
        1621.6440168619156
    ],
    "actual": [
        1485.0,
        1518.0,
        1665.0,
        1568.0,
        1741.0,
        1597.0
    ],
    "mse": 6641.166377560672,
    "rmse": 81.49335173841283,
    "mape": 3.75487076882918
}