{
    "predictions": [
        337.87504371535783,
        338.7882063056827,
        346.26630443692216,
        331.7593317646385,
        383.6874056293965,
        369.96221239376075
    ],
    "actual": [
        261.98299999999995,
        -155.83099999999996,
        -678.529,
        -99.81500000000004,
        -479.18,
        193.24300000000002
    ],
    "mse": 377106.57018441526,
    "rmse": 614.0900342656729,
    "mape": 200.2171295235413
}