{
    "predictions": [
        5255.4759171009055,
        5634.325779318809,
        5818.798128604888,
        5974.9742134809485,
        6154.93105316162,
        6320.422312259673
    ],
    "actual": [
        -3501.0000000000005,
        7513.999999999999,
        6129.999999999999,
        6957.0,
        7448.0,
        6072.000000000001
    ],
    "mse": 13834001.309885988,
    "rmse": 3719.4087312214006,
    "mape": 52.62901876884175
}