{
    "predictions": [
        774.3135414123535,
        241.7201927900314,
        85.55370783805847,
        -243.5812958478928,
        -368.71448689699173,
        -103.04544465243816
    ],
    "actual": [
        1013.0000000000001,
        1251.0000000000002,
        1060.0,
        957.0,
        1065.0,
        1120.0
    ],
    "mse": 1169655.8947710416,
    "rmse": 1081.5063082437575,
    "mape": 94.24053816607993
}