{
    "predictions": [
        29342.93132418394,
        29882.713003635406,
        30295.410461604595,
        30886.817609131336,
        31245.49637800455,
        32939.21580094099
    ],
    "actual": [
        30816.0,
        32991.0,
        33554.0,
        34331.0,
        37935.0,
        36786.0
    ],
    "mse": 15643230.813261628,
    "rmse": 3955.152438688252,
    "mape": 10.3394841146611
}