{
    "predictions": [
        234.3207573051453,
        240.00753153276446,
        239.09683327388765,
        243.8680972595215,
        244.23456936550141,
        249.0248071832657
    ],
    "actual": [
        240.676,
        271.358,
        293.442,
        225.1,
        247.095,
        243.062
    ],
    "mse": 728.7694561628374,
    "rmse": 26.995730332088396,
    "mape": 7.443692690716137
}