{
    "predictions": [
        582.2112542092799,
        850.0477105383873,
        908.1516280879974,
        902.4866230421067,
        812.3115630817414,
        787.1675875129699
    ],
    "actual": [
        532.804,
        532.804,
        531.841,
        587.433,
        636.988,
        653.303
    ],
    "mse": 65435.20040171673,
    "rmse": 255.80305002426522,
    "mape": 40.20301957639905
}