{
    "predictions": [
        320.99015862977507,
        353.80273824036124,
        387.7711368675232,
        394.8072729045153,
        358.93861205363277,
        328.2679748750329
    ],
    "actual": [
        290.559,
        264.209,
        240.053,
        304.135,
        257.741,
        225.406
    ],
    "mse": 9969.457490210929,
    "rmse": 99.84717066702956,
    "mape": 36.7716128699048
}