{
    "predictions": [
        -75.71194887647033,
        -114.87963254196941,
        438.9921204590797,
        625.297084083557,
        -69.87629591727257,
        -143.87630947965383
    ],
    "actual": [
        -90.182,
        -144.569,
        420.709,
        615.6889999999999,
        -120.559,
        -145.363
    ],
    "mse": 681.3959058156753,
    "rmse": 26.103561171144356,
    "mape": 14.258446756038708
}