{
    "predictions": [
        86.04828363883496,
        87.02460144305229,
        86.23750122737884,
        85.18454559028149,
        84.69205514276028,
        87.79082211411
    ],
    "actual": [
        101.3,
        101.3,
        92.7,
        98.49999999999999,
        73.5,
        96.6
    ],
    "mse": 143.05513096473263,
    "rmse": 11.9605656624063,
    "mape": 12.330724301050516
}