{
    "predictions": [
        211.40966592746975,
        206.10041075909137,
        205.01237453234197,
        227.04230879563093,
        210.62481379157305,
        196.73338377374412
    ],
    "actual": [
        257.043,
        215.092,
        147.647,
        249.435,
        298.567,
        247.123
    ],
    "mse": 2704.735034801577,
    "rmse": 52.00706716208459,
    "mape": 19.934869631141428
}