{
    "predictions": [
        183.3106514066458,
        200.13242550194266,
        579.0469646453857,
        936.825807094574,
        1384.1058549284935,
        1528.0242830514908
    ],
    "actual": [
        562.0000000000001,
        787.0,
        1905.9999999999998,
        2636.0,
        3513.0,
        4204.0
    ],
    "mse": 2804808.7978709587,
    "rmse": 1674.7563398509524,
    "mape": 66.71438529341286
}