{
    "predictions": [
        47.97382180690766,
        41.9601180434227,
        42.04222356081009,
        46.27587156295777,
        45.80086703896523,
        45.25292669534684
    ],
    "actual": [
        50.6,
        45.8,
        80.3,
        82.3,
        64.8,
        63.50000000000001
    ],
    "mse": 579.4932550863891,
    "rmse": 24.072666139968568,
    "mape": 27.174096011235537
}