{
    "predictions": [
        46.323900593042374,
        46.85163146281242,
        45.88537950658798,
        57.06465691184997,
        51.53892149281502,
        42.26659168291092
    ],
    "actual": [
        -0.75,
        -14.501999999999997,
        -54.676,
        -25.020000000000003,
        -67.701,
        -26.305999999999997
    ],
    "mse": 6958.510227841048,
    "rmse": 83.41768534214461,
    "mape": 1274.731468686784
}