{
    "predictions": [
        226.49412940335273,
        234.10827769255638,
        246.35282399570943,
        248.42414679908754,
        254.33260147202014,
        258.0364481743574
    ],
    "actual": [
        234.903,
        322.9,
        375.628,
        65.202,
        -84.486,
        337.363
    ],
    "mse": 29887.975298606994,
    "rmse": 172.88139083952035,
    "mape": 128.5082550576056
}