{
    "predictions": [
        5679.890669447243,
        5716.791061462105,
        5835.597140864611,
        5867.1601004878885,
        5809.215397999824,
        5902.296930979014
    ],
    "actual": [
        5580.407,
        5336.755,
        6545.932,
        6532.759,
        6689.912,
        6567.911
    ],
    "mse": 386765.08488104586,
    "rmse": 621.9044017218771,
    "mape": 8.873816800031907
}