{
    "predictions": [
        101.20885449504856,
        101.8817164257765,
        105.9302977009416,
        110.90470735722784,
        111.41819732594493,
        114.06744131654504
    ],
    "actual": [
        164.15,
        170.648,
        140.796,
        127.54000000000002,
        142.626,
        156.358
    ],
    "mse": 2157.5263356174555,
    "rmse": 46.44918013934644,
    "mape": 27.562571454792923
}