{
    "predictions": [
        175.46457712447642,
        176.677860219419,
        181.13742806231974,
        183.5338954927325,
        182.091165623188,
        187.96921627914904
    ],
    "actual": [
        188.448,
        197.464,
        199.055,
        215.74599999999998,
        200.092,
        198.635
    ],
    "mse": 399.5134863521627,
    "rmse": 19.987833458185573,
    "mape": 9.28565137234681
}