{
    "predictions": [
        1346.9697896838188,
        1316.2690344452858,
        1328.1803179979324,
        1318.9162633419037,
        1310.6321430802345,
        1327.2215239405632
    ],
    "actual": [
        1333.0,
        7.0,
        1576.0,
        1626.0,
        1680.0,
        1503.0
    ],
    "mse": 339571.0436766474,
    "rmse": 582.7272463826,
    "mape": 3128.8638566498457
}