{
    "predictions": [
        1244.6670229434967,
        1311.4749985337257,
        1217.1557271182537,
        1235.840260386467,
        1224.5289823710918,
        1297.2209235429764
    ],
    "actual": [
        1313.0,
        1245.0,
        1288.0,
        568.0,
        1482.9999999999998,
        1969.0000000000002
    ],
    "mse": 163035.3733493743,
    "rmse": 403.7763902822629,
    "mape": 30.86137459767981
}