{
    "predictions": [
        123.37425601541995,
        139.0885804597139,
        139.45141226804256,
        145.37578685128688,
        142.3697694147825,
        146.91729523205757
    ],
    "actual": [
        114.62699999999998,
        155.722,
        122.635,
        156.107,
        127.995,
        106.93099999999998
    ],
    "mse": 426.1122654546325,
    "rmse": 20.642486900919483,
    "mape": 14.587432404864675
}