{
    "predictions": [
        369.96562058925633,
        370.90064792048935,
        352.303827279985,
        358.29750407487154,
        349.0314288719297,
        380.33717639106516
    ],
    "actual": [
        271.0,
        376.0,
        445.0,
        431.0,
        363.0,
        421.0
    ],
    "mse": 4257.836167356821,
    "rmse": 65.25209703417063,
    "mape": 14.846756355215101
}