{
    "predictions": [
        2333.441152033209,
        2987.0204269409173,
        3426.718377555906,
        4493.968953180312,
        5362.912199994921,
        5493.012106248735
    ],
    "actual": [
        2334.495,
        1825.849,
        1350.179,
        1584.449,
        1296.87,
        863.738
    ],
    "mse": 8681420.04345979,
    "rmse": 2946.4249597537337,
    "mape": 208.42566407227346
}