{
    "predictions": [
        5727.229055291593,
        5579.423158463507,
        4907.3319033212065,
        4427.55049625361,
        2442.281061267316,
        2572.451265122756
    ],
    "actual": [
        10950.0,
        14142.0,
        17458.0,
        19216.0,
        22502.0,
        24739.0
    ],
    "mse": 228426795.6037656,
    "rmse": 15113.794877652852,
    "mape": 72.64023027519325
}