{
    "predictions": [
        550.1600679036379,
        635.4190751898288,
        792.5748265180588,
        822.3744723238945,
        808.175067871809,
        771.3991333020925
    ],
    "actual": [
        482.188,
        554.216,
        498.469,
        481.899,
        544.822,
        554.243
    ],
    "mse": 55024.591744940175,
    "rmse": 234.5732119082232,
    "mape": 40.98688243124116
}