{
    "predictions": [
        326.7437467575073,
        344.00723934173584,
        325.111159324646,
        335.0183320045471,
        348.70361852645874,
        329.8346586227417
    ],
    "actual": [
        229.00000000000006,
        171.0,
        95.0,
        241.0,
        -49.00000000000001,
        194.00000000000003
    ],
    "mse": 46315.85999428167,
    "rmse": 215.21119858009638,
    "mape": 217.7914358488127
}