{
    "predictions": [
        1042.5441905820965,
        1219.4195698256492,
        1234.72741384542,
        1535.8661568381785,
        1634.2499399929047,
        1645.4250505614282
    ],
    "actual": [
        950.788,
        956.387,
        969.989,
        1123.693,
        1196.892,
        1194.876
    ],
    "mse": 118642.48081986721,
    "rmse": 344.4451782502801,
    "mape": 29.229055258655816
}