{
    "predictions": [
        574.2869096398354,
        631.5345170497894,
        695.673859357834,
        651.5374662876129,
        649.8628022670746,
        713.3065136671067
    ],
    "actual": [
        663.0,
        555.0,
        534.0,
        625.0,
        694.0,
        592.0
    ],
    "mse": 9538.930183283572,
    "rmse": 97.66744689651497,
    "mape": 14.757224971277383
}