{
    "predictions": [
        213.3836096549034,
        213.28622138643266,
        209.61791806697846,
        199.83556215476992,
        198.0958362698555,
        202.06361860752108
    ],
    "actual": [
        215.12,
        215.12,
        204.206,
        247.118,
        259.762,
        254.031
    ],
    "mse": 1462.4366765283683,
    "rmse": 38.24181842601589,
    "mape": 11.273329525844417
}