{
    "predictions": [
        508.1506533265115,
        639.7409061849119,
        508.1280231624842,
        638.2872240364552,
        526.2619086474181,
        635.513422304392
    ],
    "actual": [
        613.2,
        700.4,
        565.5,
        591.7,
        687.5,
        760.2
    ],
    "mse": 10286.878138188038,
    "rmse": 101.42424827519324,
    "mape": 13.944234012489213
}