{
    "predictions": [
        49.068483610153194,
        48.60879090595245,
        51.465565302848816,
        35.750256113529204,
        15.856277814626694,
        28.960874372005463
    ],
    "actual": [
        134.067,
        157.89,
        198.99600000000004,
        82.63799999999999,
        82.973,
        135.795
    ],
    "mse": 9841.500822305397,
    "rmse": 99.204338727222,
    "mape": 70.50876192780922
}