{
    "predictions": [
        4798.656483888627,
        5022.958562731744,
        5000.190342187882,
        4973.794724702836,
        4710.58003294468,
        5339.955538511277
    ],
    "actual": [
        4920.0,
        5305.0,
        5552.0,
        6433.000000000001,
        5505.0,
        5834.0
    ],
    "mse": 567204.7615220455,
    "rmse": 753.1299765127169,
    "mape": 10.550692693397806
}