{
    "predictions": [
        942.5648488417863,
        936.4896502131819,
        986.8093210155366,
        1004.6207174865007,
        998.8647472283839,
        1028.7100141433477
    ],
    "actual": [
        951.6989999999998,
        1002.1319999999998,
        831.214,
        867.186,
        979.624,
        1019.5259999999998
    ],
    "mse": 7990.851460854989,
    "rmse": 89.39156258201884,
    "mape": 7.490391699014003
}