{
    "predictions": [
        149.0712786436081,
        146.28815973997118,
        165.78972847461702,
        190.58672029972078,
        160.12751809954645,
        179.92731956839563
    ],
    "actual": [
        296.80000000000007,
        270.7,
        305.9,
        309.00000000000006,
        318.1,
        277.6000000000001
    ],
    "mse": 17574.988607876334,
    "rmse": 132.5706928694134,
    "mape": 44.11719490183674
}