{
    "predictions": [
        23.797342121601105,
        32.568442726135245,
        19.027988520264625,
        37.22924873232841,
        6.765729102492332,
        59.115566438436495
    ],
    "actual": [
        109.7,
        109.7,
        50.1,
        264.7,
        110.1,
        146.2
    ],
    "mse": 14049.771074733051,
    "rmse": 118.53173024440777,
    "mape": 74.99895543163592
}