{
    "predictions": [
        4608.1387577056885,
        4967.017081856728,
        4465.757182240486,
        3241.264628529548,
        2579.3603718876834,
        2134.4399386048312
    ],
    "actual": [
        3403.0,
        3055.0,
        2987.0,
        3662.0,
        3755.0,
        2135.0
    ],
    "mse": 1475673.1087212272,
    "rmse": 1214.7728630164684,
    "mape": 31.721838171955113
}