{
    "predictions": [
        666.8766794204713,
        579.8567428588867,
        477.4199686050415,
        371.23903369903564,
        276.8100230693817,
        280.943665266037
    ],
    "actual": [
        640.0,
        709.0,
        714.0,
        760.0000000000001,
        757.0,
        712.0
    ],
    "mse": 106816.25243244863,
    "rmse": 326.82755763926735,
    "mape": 38.44607503670617
}