{
    "predictions": [
        435.229258286953,
        440.233877658844,
        433.4291456818581,
        421.47698937058453,
        421.07976055145264,
        426.5909088909626
    ],
    "actual": [
        366.9,
        344.0,
        398.7,
        430.6,
        358.0,
        374.8
    ],
    "mse": 3646.7573441698714,
    "rmse": 60.38838749436742,
    "mape": 14.810993170026753
}