{
    "predictions": [
        129.88232490432262,
        135.69175834071635,
        140.76417044532297,
        155.5275187385082,
        153.05774996483325,
        170.99664826381206
    ],
    "actual": [
        107.559,
        93.883,
        99.677,
        126.17,
        116.569,
        82.135
    ],
    "mse": 2337.3573327698036,
    "rmse": 48.34622356265072,
    "mape": 44.87798054274063
}