{
    "predictions": [
        76.97916118890048,
        74.40878882420063,
        76.58083970731496,
        68.36424563837052,
        75.51770583957435,
        69.83736944699288
    ],
    "actual": [
        52.657,
        66.91800000000002,
        80.488,
        85.32400000000001,
        46.802,
        21.856
    ],
    "mse": 679.5636979234928,
    "rmse": 26.06844256804562,
    "mape": 60.50080192968713
}