{
    "predictions": [
        1066.398361301422,
        791.3121373176574,
        718.4866945743561,
        715.9565994262695,
        689.2810742378234,
        464.6701391458511
    ],
    "actual": [
        1864.7,
        2079.2,
        1657.0,
        1573.2999999999997,
        1715.1,
        1606.8
    ],
    "mse": 1044758.4452780344,
    "rmse": 1022.1342599081759,
    "mape": 57.79624141240403
}