{
    "predictions": [
        112.32057537090779,
        137.7549638656974,
        121.52799976748229,
        149.80933611404896,
        197.07978154492378,
        242.1190059466362
    ],
    "actual": [
        50.579,
        31.373999999999995,
        26.042,
        47.298,
        46.308,
        53.685
    ],
    "mse": 15499.097748847767,
    "rmse": 124.49537239932964,
    "mape": 286.85398397147117
}