{
    "predictions": [
        72.92520996201037,
        73.21129966485499,
        72.93190669494867,
        73.94425832051039,
        73.10070884513854,
        73.67451095241307
    ],
    "actual": [
        80.096,
        116.95799999999998,
        77.482,
        76.673,
        76.62,
        71.976
    ],
    "mse": 334.76895831801943,
    "rmse": 18.296692551333408,
    "mape": 10.4568174943952
}