{
    "predictions": [
        395.2272641420364,
        459.5426935791969,
        506.9721756339073,
        552.2050296783447,
        544.1863591909408,
        548.4001452803611
    ],
    "actual": [
        247.79999999999998,
        247.79999999999998,
        100.30000000000001,
        198.19999999999996,
        176.1,
        148.1
    ],
    "mse": 108833.22668381354,
    "rmse": 329.8988127953987,
    "mape": 201.38682601214106
}