{
    "predictions": [
        5604.960119843483,
        5626.789229631424,
        2708.483116209507,
        564.4736974835398,
        -487.4934857487677,
        -2424.1108112484217
    ],
    "actual": [
        -905.0000000000001,
        1141.9999999999998,
        5947.000000000001,
        2406.0,
        6850.000000000001,
        4262.0
    ],
    "mse": 29152502.393220875,
    "rmse": 5399.305732519772,
    "mape": 251.17257168344423
}