{
    "predictions": [
        224.85327201366425,
        238.98085064786673,
        266.260627065301,
        299.980952613771,
        288.8741626527906,
        297.0256646042467
    ],
    "actual": [
        249.0,
        201.3,
        102.5,
        190.0,
        145.6,
        163.2
    ],
    "mse": 13225.509680545447,
    "rmse": 115.0022159810212,
    "mape": 71.07850268247724
}