{
    "predictions": [
        1085.559094558239,
        1134.4909853953122,
        1732.3058821216225,
        1733.262700687468,
        1644.4691937851906,
        2655.3676229306457
    ],
    "actual": [
        1305.504,
        1282.187,
        1494.112,
        1800.132,
        1947.043,
        1570.614
    ],
    "mse": 233273.17224984834,
    "rmse": 482.98361488755324,
    "mape": 22.104864299244984
}