{
    "predictions": [
        3370.2739412784576,
        3405.274813890457,
        3448.952467739582,
        3470.793661415577,
        3419.512784779072,
        3607.302880048752
    ],
    "actual": [
        3799.0,
        3345.0,
        3397.0000000000005,
        3875.0,
        4137.0,
        3748.0
    ],
    "mse": 148017.4155400921,
    "rmse": 384.73031533801975,
    "mape": 7.690794754161617
}