{
    "predictions": [
        67.96805979114771,
        70.82803678643704,
        61.41321838104725,
        56.787096627593044,
        54.46218583238125,
        56.2551798799038
    ],
    "actual": [
        49.199999999999996,
        73.5,
        125.2,
        84.4,
        81.3,
        109.4
    ],
    "mse": 1455.8742620982669,
    "rmse": 38.15592040690759,
    "mape": 34.50594893371217
}