{
    "predictions": [
        250.5380836248398,
        239.58098526000978,
        239.824817276001,
        238.1943963766098,
        236.27019081115725,
        239.1320799589157
    ],
    "actual": [
        309.0,
        330.99999999999994,
        325.5,
        331.1,
        254.60000000000002,
        257.1
    ],
    "mse": 4734.291349534344,
    "rmse": 68.80618685506663,
    "mape": 19.184612720770577
}