{
    "predictions": [
        555.3570040980578,
        560.3260425239802,
        404.1623463456631,
        330.35879286766055,
        323.93235422486066,
        316.9795940936208
    ],
    "actual": [
        322.113,
        312.384,
        371.5930000000001,
        566.322,
        633.666,
        535.801
    ],
    "mse": 52739.1930580375,
    "rmse": 229.65015362075746,
    "mape": 48.65531989114611
}