{
    "predictions": [
        540.9121542572975,
        625.0669839382172,
        650.4262134432793,
        593.1980375647545,
        693.7956476807594,
        802.5993614196777
    ],
    "actual": [
        762.0,
        706.0,
        734.0000000000001,
        889.0,
        807.0,
        593.0
    ],
    "mse": 34443.41418258866,
    "rmse": 185.5893697995353,
    "mape": 22.41846366048639
}