{
    "predictions": [
        170.93132022607324,
        121.55329165774582,
        138.03640641224382,
        88.5731153780222,
        102.50405561524629,
        77.2237284400463
    ],
    "actual": [
        149.067,
        145.14,
        211.98800000000003,
        129.97,
        220.92,
        141.562
    ],
    "mse": 4396.445105300046,
    "rmse": 66.30569436556748,
    "mape": 32.784077808311025
}