{
    "predictions": [
        162.7648100833893,
        141.24721143645053,
        143.5759298233986,
        115.40726285052303,
        118.2214149513841,
        85.32412981867793
    ],
    "actual": [
        237.11800000000002,
        277.9920000000001,
        414.473,
        364.9940000000001,
        314.957,
        -615.92
    ],
    "mse": 115059.08601180503,
    "rmse": 339.2036055406915,
    "mape": 65.10084502116018
}