{
    "predictions": [
        270.5292995991707,
        274.43396759772304,
        260.98111924076085,
        264.2343411836624,
        270.2724609334469,
        274.8726666765213
    ],
    "actual": [
        228.7,
        254.0,
        254.0,
        248.1,
        248.1,
        169.8
    ],
    "mse": 2334.695605731184,
    "rmse": 48.31868795539862,
    "mape": 17.733948055463532
}