{
    "predictions": [
        365.9966122808456,
        385.3552047690153,
        410.7277987377644,
        465.9702104640007,
        481.83863275170324,
        461.57052533769604
    ],
    "actual": [
        422.088,
        545.637,
        498.25399999999996,
        354.665,
        475.269,
        624.6
    ],
    "mse": 12584.658854286621,
    "rmse": 112.18136589597499,
    "mape": 19.849615596980353
}