{
    "predictions": [
        31.985945627331738,
        42.30954388171435,
        45.45099366563559,
        25.322142173141245,
        31.31595993608237,
        -17.96446654504538
    ],
    "actual": [
        51.392,
        0.0,
        45.82,
        0.0,
        46.557,
        0.0
    ],
    "mse": 560.5084766972076,
    "rmse": 23.675060225841193,
    "mape": Infinity
}