{
    "predictions": [
        3121.9673038721085,
        3066.9899637699127,
        2844.182433962822,
        2001.0228754281998,
        1082.6325904130936,
        437.1807949244976
    ],
    "actual": [
        2458.0,
        3337.0,
        3081.0,
        2866.0,
        3156.0,
        4234.0
    ],
    "mse": 3338785.7461766214,
    "rmse": 1827.2344529853365,
    "mape": 38.056916914371804
}