{
    "predictions": [
        51.409893344342706,
        45.84750999435782,
        41.772631268203256,
        44.48408067151904,
        50.098799757659435,
        49.67984765321016
    ],
    "actual": [
        50.0,
        56.89999999999999,
        65.3,
        65.3,
        65.3,
        58.8
    ],
    "mse": 237.53976318923117,
    "rmse": 15.412325041642198,
    "mape": 21.490117921075313
}