{
    "predictions": [
        690.003251116097,
        703.5009392812848,
        721.5003588548303,
        736.8585135871172,
        720.6647215312123,
        730.6958983830809
    ],
    "actual": [
        670.0,
        717.0,
        669.0,
        736.0,
        746.0,
        750.0
    ],
    "mse": 725.6506825489624,
    "rmse": 26.937904197412287,
    "mape": 3.133756223291769
}