{
    "predictions": [
        186.33040180665256,
        187.46459270608426,
        186.3380767737031,
        189.67144367438556,
        187.98862372499704,
        193.10582458239793
    ],
    "actual": [
        206.804,
        215.336,
        255.627,
        252.945,
        227.708,
        231.363
    ],
    "mse": 2173.620283680799,
    "rmse": 46.622100807243754,
    "mape": 18.15702142864997
}