{
    "predictions": [
        137.41598299312594,
        156.54813793069124,
        169.18665346616507,
        178.40505635654924,
        201.05839688551424,
        211.99766334128378
    ],
    "actual": [
        138.739,
        141.178,
        145.226,
        182.325,
        167.303,
        164.949
    ],
    "mse": 696.7456546337456,
    "rmse": 26.395940116497947,
    "mape": 13.198146094630816
}