{
    "predictions": [
        106.67324367535116,
        73.53645676597954,
        57.31108709615471,
        40.67236608526112,
        47.16188920181991,
        44.020783878266826
    ],
    "actual": [
        170.497,
        160.009,
        180.398,
        160.93599999999998,
        232.07,
        174.917
    ],
    "mse": 15414.921868210722,
    "rmse": 124.15684382349095,
    "mape": 64.82427916515293
}