{
    "predictions": [
        208.94995630979537,
        216.83722324371337,
        209.75417424440383,
        202.6259665608406,
        195.37381352186202,
        211.55057204961776
    ],
    "actual": [
        234.40000000000003,
        375.5,
        179.1,
        281.90000000000003,
        255.39999999999995,
        456.2
    ],
    "mse": 16083.686314620878,
    "rmse": 126.82147418564759,
    "mape": 29.246458760302808
}