{
    "predictions": [
        95.83803574371336,
        92.76546934413909,
        86.16580225276945,
        79.62542595672606,
        74.60676945972442,
        68.50241662311554
    ],
    "actual": [
        80.441,
        71.51399999999998,
        76.08600000000001,
        110.079,
        86.41200000000002,
        79.07599999999998
    ],
    "mse": 328.14672966319296,
    "rmse": 18.11482071849437,
    "mape": 19.467230919372334
}