{
    "predictions": [
        20853533.18440914,
        20981561.921477318,
        22167391.436219215,
        23622339.52009678,
        22692231.495976448,
        23173295.439481735
    ],
    "actual": [
        15020000.0,
        21150000.0,
        21617000.0,
        21617000.0,
        24341000.0,
        23035000.0
    ],
    "mse": 6853393555377.668,
    "rmse": 2617898.6908162944,
    "mape": 9.805269117498124
}