{
    "predictions": [
        326.9634420722723,
        351.4494441449642,
        359.42277697324755,
        363.43257852792743,
        362.1483543395996,
        390.8046113610268
    ],
    "actual": [
        578.7,
        361.7,
        430.4,
        374.5,
        396.4,
        330.0
    ],
    "mse": 12251.166415413069,
    "rmse": 110.68498730818497,
    "mape": 15.474485003087505
}