{
    "predictions": [
        584.9495129799246,
        579.2893868222832,
        579.0067078195214,
        605.3554738799929,
        604.8911581325531,
        615.9373188052177
    ],
    "actual": [
        637.3,
        661.9,
        731.2999999999998,
        694.3,
        702.6,
        736.9
    ],
    "mse": 10808.07508193782,
    "rmse": 103.96189245073322,
    "mape": 14.108793350442255
}