{
    "predictions": [
        768.6850049027801,
        680.3379734241962,
        624.3646937739849,
        636.8078629869223,
        626.2839034333825,
        625.5220797517895
    ],
    "actual": [
        863.12,
        700.2990000000001,
        700.2990000000001,
        767.8279999999999,
        767.8279999999999,
        716.0189999999999
    ],
    "mse": 10078.854982199104,
    "rmse": 100.3935006970028,
    "mape": 12.128598025919638
}