{
    "predictions": [
        297.3718168831468,
        213.16715151572228,
        147.3189707825184,
        284.44112424772976,
        332.4948113555908,
        233.2121463820338
    ],
    "actual": [
        326.324,
        264.777,
        144.883,
        320.671,
        356.712,
        281.266
    ],
    "mse": 1285.9980486426587,
    "rmse": 35.86081494671668,
    "mape": 10.869560781907378
}