{
    "predictions": [
        283.228216137886,
        172.8005056285858,
        19.230990094184875,
        -191.11010970211026,
        -308.59414549255365,
        -146.34068391823766
    ],
    "actual": [
        165.018,
        508.00000000000006,
        227.955,
        123.126,
        186.667,
        185.776
    ],
    "mse": 104037.91585825667,
    "rmse": 322.5490906176247,
    "mape": 154.7480508860179
}