{
    "predictions": [
        839.4759235669969,
        976.8869230381249,
        757.5709350780247,
        623.1775301209688,
        647.930730669558,
        613.0495097323656
    ],
    "actual": [
        450.1,
        390.2,
        469.5,
        425.99999999999994,
        343.4,
        246.39999999999998
    ],
    "mse": 140808.30440800777,
    "rmse": 375.2443262835666,
    "mape": 96.99842949125154
}