{
    "predictions": [
        2398906881.1535835,
        2378271063.5602474,
        2379449241.989851,
        2443900081.8550587,
        2495449195.9512234,
        2533574019.58704
    ],
    "actual": [
        240000000.0,
        3330000000.0,
        3330000000.0,
        1988000000.0,
        3548000000.0,
        3990999999.9999995
    ],
    "mse": 1.6516687002707597e+18,
    "rmse": 1285172634.4233913,
    "mape": 174.29774935484855
}