{
    "predictions": [
        35.98264746007323,
        12.619270689532161,
        9.399285052910447,
        60.11684624654055,
        54.459999918073414,
        52.64917021849752
    ],
    "actual": [
        51.85099999999999,
        21.32,
        47.190999999999995,
        47.447,
        67.776,
        53.216
    ],
    "mse": 348.9805299335917,
    "rmse": 18.68102058062117,
    "mape": 33.151961561537064
}