{
    "predictions": [
        62.362236031055446,
        62.19598429155349,
        64.062108679533,
        65.79359669113158,
        67.88803670883178,
        73.88234444379806
    ],
    "actual": [
        58.108,
        73.87799999999999,
        189.1,
        53.293,
        49.43999999999999,
        61.123000000000005
    ],
    "mse": 2741.406354628242,
    "rmse": 52.358441101967905,
    "mape": 28.48361283218069
}