{
    "predictions": [
        171.79486298561096,
        170.2900596857071,
        170.42856788635254,
        170.85851168632507,
        171.45407474040985,
        168.25805497169495
    ],
    "actual": [
        125.0,
        165.0,
        165.0,
        169.0,
        169.0,
        195.0
    ],
    "mse": 495.3035758389663,
    "rmse": 22.255416775225,
    "mape": 10.032945427031892
}