{
    "predictions": [
        173.71148267549273,
        170.50301398985832,
        171.39720527049897,
        167.43318620224295,
        166.7955589636676,
        168.26479246270654
    ],
    "actual": [
        149.961,
        125.10800000000002,
        1850.9269999999997,
        474.5079999999999,
        364.587,
        316.667
    ],
    "mse": 496480.78912077914,
    "rmse": 704.6139291277026,
    "mape": 51.448557810410925
}