{
    "predictions": [
        -216.3518170819283,
        -236.16888874092703,
        -262.72308464127786,
        -300.5779863699675,
        -254.13579684421424,
        -280.6475298398957
    ],
    "actual": [
        139.82499999999996,
        -29.720999999999982,
        101.627,
        -119.23,
        -83.758,
        -82.454
    ],
    "mse": 67238.3335097723,
    "rmse": 259.30355475730045,
    "mape": 317.29194527672723
}