{
    "predictions": [
        467.8523233325482,
        462.52502681970606,
        482.23425015735637,
        491.35177848625193,
        509.04625218772895,
        525.6250689587594
    ],
    "actual": [
        467.953,
        463.203,
        353.053,
        315.904,
        457.169,
        473.976
    ],
    "mse": 8804.843961709814,
    "rmse": 93.8341300471732,
    "mape": 19.090073834955547
}