{
    "predictions": [
        1480.6465528488156,
        1515.771023249626,
        1477.4572262763975,
        1581.5259629011152,
        1680.059924507141,
        1742.9314537048338
    ],
    "actual": [
        1986.4999999999998,
        1813.8999999999999,
        1532.1999999999998,
        1952.9999999999998,
        1735.0999999999997,
        1507.4
    ],
    "mse": 90710.46731350491,
    "rmse": 301.18178449817464,
    "mape": 13.881839530097606
}