{
    "predictions": [
        1622.9287982821463,
        1670.903095484972,
        1446.3085311436653,
        1147.46819165349,
        1282.9303028285503,
        1464.7648211705684
    ],
    "actual": [
        1109.9,
        1281.7,
        1076.9,
        1398.7,
        1816.9,
        1663.4
    ],
    "mse": 156472.87559577587,
    "rmse": 395.56652486753205,
    "mape": 28.3640781989562
}