{
    "predictions": [
        354.80941953963037,
        391.29325112259386,
        371.51044498628374,
        331.9952266117334,
        317.0955067579746,
        360.8604585186243
    ],
    "actual": [
        305.514,
        297.59799999999996,
        326.452,
        310.919,
        303.132,
        289.21
    ],
    "mse": 3168.679498365718,
    "rmse": 56.291025025004814,
    "mape": 16.263530988100992
}