{
    "predictions": [
        61.135224032402036,
        53.36317348480224,
        46.56007268428802,
        25.20422350168228,
        39.69538110494614,
        40.69182856082916
    ],
    "actual": [
        70.2,
        67.0,
        50.9,
        44.1,
        84.3,
        63.00000000000001
    ],
    "mse": 521.8741798434693,
    "rmse": 22.844565652326796,
    "mape": 28.826961060300377
}