{
    "predictions": [
        62575970.464310765,
        61897774.26750964,
        62314416.86792898,
        62219327.91949248,
        61064057.9991914,
        62223824.63393706
    ],
    "actual": [
        58625000.0,
        61651000.0,
        61651000.0,
        71519000.0,
        75789000.0,
        74539000.0
    ],
    "mse": 78513758186440.86,
    "rmse": 8860798.95869672,
    "mape": 9.528247842495867
}