{
    "predictions": [
        1751.2732216715813,
        1691.1597693264484,
        1700.7988918423653,
        1632.3537535071373,
        1580.4379478543997,
        1517.5744518190622
    ],
    "actual": [
        2030.0,
        2122.0,
        2070.0,
        2184.0,
        2283.0,
        1532.0
    ],
    "mse": 199622.74906900435,
    "rmse": 446.79161705318995,
    "mape": 18.140576716586267
}