{
    "predictions": [
        247.49742735028266,
        261.67784381628036,
        280.7845167016983,
        258.57395235466953,
        268.335877446413,
        268.2194514687061
    ],
    "actual": [
        267.14,
        189.20000000000002,
        178.149,
        207.35500000000002,
        260.6,
        214.7
    ],
    "mse": 3620.0790598113585,
    "rmse": 60.16709283164144,
    "mape": 25.978291638065702
}