{
    "predictions": [
        290.55634399417045,
        271.9389732847512,
        195.76007806140188,
        151.39998085907104,
        110.89420725995302,
        132.0341107235551
    ],
    "actual": [
        460.305,
        418.512,
        351.329,
        465.34100000000007,
        447.611,
        567.79
    ],
    "mse": 79386.71748348104,
    "rmse": 281.7564861426992,
    "mape": 55.93599597055975
}