{
    "predictions": [
        328.71079729795457,
        335.84977583885194,
        342.04156752824787,
        336.34204828143123,
        348.6292645215988,
        364.8863679766655
    ],
    "actual": [
        339.2,
        350.8,
        381.8,
        393.8,
        369.3,
        356.2
    ],
    "mse": 953.0690063235835,
    "rmse": 30.871815727676005,
    "mape": 6.732340738543301
}