{
    "predictions": [
        552.8513559660912,
        494.75464216947563,
        478.500935060978,
        555.6722347192765,
        550.7702238535882,
        491.8316323251725
    ],
    "actual": [
        419.415,
        437.291,
        434.84,
        408.12,
        401.723,
        428.374
    ],
    "mse": 11837.869420786788,
    "rmse": 108.8019734232187,
    "mape": 23.844352092113343
}