{
    "predictions": [
        299.3827339172363,
        284.4766150665283,
        294.42739163208006,
        312.3002877807617,
        306.12191201782224,
        303.4107907409668
    ],
    "actual": [
        279.626,
        279.626,
        229.649,
        240.291,
        266.899,
        278.361
    ],
    "mse": 1993.560565675976,
    "rmse": 44.64930644115288,
    "mape": 15.111668584788331
}