{
    "predictions": [
        1004.0332840685248,
        997.8623973975778,
        996.7662833794355,
        1002.3823512001634,
        1012.5960796410442,
        1006.5184454996288
    ],
    "actual": [
        996.9819999999999,
        1027.592,
        1027.592,
        1444.143,
        1128.329,
        1084.362
    ],
    "mse": 36081.66555720027,
    "rmse": 189.95174533865244,
    "mape": 9.104295304493021
}