{
    "predictions": [
        509.6898446831106,
        508.3364885492324,
        509.45081043446055,
        499.6604143675565,
        497.4694187265634,
        486.33454520964614
    ],
    "actual": [
        496.1,
        520.7,
        506.19999999999993,
        485.3,
        511.3,
        550.2
    ],
    "mse": 804.0684761888211,
    "rmse": 28.356101216295958,
    "mape": 3.837946660658461
}