{
    "predictions": [
        430.04329398119455,
        436.24024452471735,
        423.1480337753296,
        436.65979020321373,
        421.99549014949804,
        424.84694831812385
    ],
    "actual": [
        355.23699999999997,
        369.504,
        385.994,
        318.341,
        329.815,
        319.965
    ],
    "mse": 7487.822023433587,
    "rmse": 86.53220223381344,
    "mape": 24.440062323174946
}