{
    "predictions": [
        1304.435234369278,
        1394.8606967382432,
        733.3201974606515,
        603.5162314901352,
        928.8341459932328,
        1498.218373308182
    ],
    "actual": [
        840.968,
        630.258,
        893.011,
        694.884,
        516.489,
        363.052
    ],
    "mse": 381983.2662075443,
    "rmse": 618.0479481460515,
    "mape": 99.99455362042225
}