{
    "predictions": [
        865.1604022026062,
        878.6521061003208,
        926.7048771619797,
        888.9548366904259,
        819.2428435921669,
        845.6625705599785
    ],
    "actual": [
        1106.8,
        917.2,
        763.8,
        1059.4,
        1161.4,
        929.0
    ],
    "mse": 39913.63914555655,
    "rmse": 199.78398120359037,
    "mape": 16.980585555716253
}