{
    "predictions": [
        188.8931047320366,
        271.9399354457855,
        256.86772322654724,
        274.4070180654526,
        269.4925164580345,
        289.56059527397156
    ],
    "actual": [
        177.0,
        386.0,
        4.000000000000002,
        343.0,
        823.0,
        200.0
    ],
    "mse": 66031.64357491948,
    "rmse": 256.9662304173828,
    "mape": 1081.665783036167
}