{
    "predictions": [
        468.8075606562495,
        534.2152046453356,
        487.27280303698774,
        452.38580801218745,
        432.1083368816375,
        467.73835059106347
    ],
    "actual": [
        445.0,
        387.3,
        310.8,
        252.3,
        438.6,
        313.2
    ],
    "mse": 19542.016928908663,
    "rmse": 139.79276422228963,
    "mape": 38.36498803529598
}