{
    "predictions": [
        1206.9339952468874,
        1218.4953051805498,
        1236.1062669157984,
        1321.2659809589388,
        1245.321398675442,
        1333.6991701722147
    ],
    "actual": [
        1265.0000000000002,
        1685.0,
        1232.0,
        1309.0,
        1437.0,
        1978.0000000000002
    ],
    "mse": 112171.64207265961,
    "rmse": 334.92035183407353,
    "mape": 13.243073110284783
}