{
    "predictions": [
        88.31828796225784,
        127.26197862023113,
        137.44681321573256,
        69.88225327169893,
        50.057891229659305,
        7.484390549346796
    ],
    "actual": [
        4.499999999999999,
        3.2999999999999985,
        8.499999999999996,
        7.699999999999998,
        39.699999999999996,
        17.6
    ],
    "mse": 7182.600377681491,
    "rmse": 84.75022346685283,
    "mape": 1337.8667897506652
}