{
    "predictions": [
        859.2970794988274,
        706.0462217644751,
        679.3264670532346,
        607.0294995463192,
        614.3662605198026,
        693.0793386241794
    ],
    "actual": [
        1060.302,
        964.342,
        965.616,
        1227.052,
        1108.0,
        1021.0
    ],
    "mse": 154119.25229567479,
    "rmse": 392.580249497698,
    "mape": 33.76486564687673
}