{
    "predictions": [
        11887.710602998732,
        12374.365008354185,
        12307.217127561567,
        12120.855846524237,
        12177.881950497625,
        11970.626255035399
    ],
    "actual": [
        11203.0,
        10555.0,
        11640.0,
        11862.0,
        11586.0,
        10847.0
    ],
    "mse": 983993.8154005912,
    "rmse": 991.9646240671042,
    "mape": 7.7884405791281806
}