{
    "predictions": [
        573.8283578634262,
        468.4442033946514,
        548.7294555783271,
        591.9087926626205,
        515.0600367367267,
        444.3168048143387
    ],
    "actual": [
        768.0999999999999,
        554.1,
        485.29999999999995,
        776.4,
        693.2,
        706.8
    ],
    "mse": 30628.327019436507,
    "rmse": 175.00950551166216,
    "mape": 23.40310510604107
}