{
    "predictions": [
        372.76319344043736,
        360.6446312189102,
        365.77595887184145,
        383.42141876220705,
        408.4777403354645,
        405.7931319475174
    ],
    "actual": [
        336.1,
        341.2,
        348.8999999999999,
        315.0,
        333.8,
        347.6
    ],
    "mse": 2608.629579539993,
    "rmse": 51.074745026676275,
    "mape": 13.713118633085505
}