{
    "predictions": [
        -5263126.199245454,
        -39513072.851121426,
        -41000354.725301266,
        -78578081.80896193,
        -83280213.65961432,
        -69071871.25971913
    ],
    "actual": [
        -3738000.000000001,
        -32050000.000000004,
        51692000.000000015,
        -43772000.0,
        -9150999.999999998,
        -34330000.0
    ],
    "mse": 2760582893022942.5,
    "rmse": 52541249.44291811,
    "mape": 205.69771169071873
}