{
    "predictions": [
        118.4870799124241,
        80.86818338632584,
        62.09827803075314,
        43.09915711879731,
        35.11505794376135,
        43.77032878398896
    ],
    "actual": [
        175.59999999999997,
        134.79999999999998,
        166.39999999999998,
        204.79999999999998,
        136.99999999999997,
        90.0
    ],
    "mse": 9285.710366160976,
    "rmse": 96.36239082837753,
    "mape": 56.65081552986694
}