{
    "predictions": [
        62.82629934576154,
        63.44654469937087,
        53.229408315151936,
        54.472468958944084,
        64.5164677643776,
        70.85961512970925
    ],
    "actual": [
        68.355,
        45.19100000000001,
        27.137000000000004,
        27.137000000000004,
        9.079000000000002,
        38.447
    ],
    "mse": 985.9605882929951,
    "rmse": 31.400009367721456,
    "mape": 156.71389671083483
}