{
    "predictions": [
        2537.135882258415,
        2243.165857553482,
        2215.6060580015182,
        2131.224338889122,
        1778.1080749630928,
        1822.6204579472542
    ],
    "actual": [
        2598.0,
        2014.0,
        2014.0,
        2414.0,
        2414.0,
        1923.0
    ],
    "mse": 98543.85017102542,
    "rmse": 313.9169478875351,
    "mape": 11.167895355993346
}