{
    "predictions": [
        831.9935929775237,
        743.4575241804122,
        743.6716383695601,
        790.4667198657988,
        861.1795139312743,
        906.9383579492568
    ],
    "actual": [
        880.9999999999999,
        937.0,
        3510.0,
        997.9999999999999,
        912.0,
        969.0000000000001
    ],
    "mse": 1290322.8923030228,
    "rmse": 1135.9238056766935,
    "mape": 22.96715990598805
}