{
    "predictions": [
        305.61732334566113,
        428.6040133258104,
        306.28302869856356,
        252.14862632799148,
        198.78491528505086,
        320.78490850841996
    ],
    "actual": [
        228.66,
        155.99200000000002,
        102.544,
        232.52100000000002,
        218.72500000000002,
        83.987
    ],
    "mse": 29767.571901464533,
    "rmse": 172.53281398465782,
    "mape": 117.76736303923778
}