{
    "predictions": [
        97.04986721277236,
        93.31222933530806,
        84.01854987144469,
        91.93070994615553,
        93.12980167865751,
        84.47345874309539
    ],
    "actual": [
        89.39999999999999,
        78.3,
        36.9,
        72.4,
        104.5,
        127.4
    ],
    "mse": 809.577204187501,
    "rmse": 28.45307020670179,
    "mape": 37.82885764625277
}