{
    "predictions": [
        2961.628436243534,
        2987.2126734256744,
        2969.0402802705767,
        2786.5019592642784,
        2684.697532773018,
        2754.2126524448395
    ],
    "actual": [
        2801.0,
        2789.0,
        2788.0,
        2910.0,
        2837.0,
        2986.0
    ],
    "mse": 31673.087265448296,
    "rmse": 177.96934361133182,
    "mape": 6.118333713355403
}