{
    "predictions": [
        318.32641726619005,
        348.7697485010624,
        365.7471810462475,
        704.4809859199524,
        468.3074994823933,
        551.4700901648998
    ],
    "actual": [
        589.109,
        326.029,
        671.694,
        526.595,
        660.911,
        254.55400000000003
    ],
    "mse": 54057.08362991025,
    "rmse": 232.5017927455835,
    "mape": 46.34210159482793
}