{
    "predictions": [
        293560120.07522583,
        309941792.44863987,
        325811545.07648945,
        315395718.554616,
        317929479.06184196,
        321061607.4037552
    ],
    "actual": [
        297500000.0,
        489100000.0,
        241500000.0,
        334500000.0,
        292900000.0,
        533700000.0
    ],
    "mse": 1.4238026169598192e+16,
    "rmse": 119323200.46662423,
    "mape": 21.160854073989395
}