{
    "predictions": [
        217.29624576568602,
        183.8199376821518,
        170.6986796140671,
        172.6690932035446,
        170.82344760894776,
        176.3266460418701
    ],
    "actual": [
        189.6,
        243.30000000000004,
        170.3,
        171.0,
        214.4,
        263.4
    ],
    "mse": 2298.0982580355126,
    "rmse": 47.93848410239432,
    "mape": 15.607910510188109
}