{
    "predictions": [
        804.2611651659013,
        896.7240325689316,
        999.8545275926591,
        1166.2028935194016,
        1419.4455478668212,
        1512.573646879196
    ],
    "actual": [
        845.8,
        976.2,
        979.9,
        977.8,
        1089.4,
        1080.9
    ],
    "mse": 56534.65645551716,
    "rmse": 237.77017570653632,
    "mape": 17.43159339248921
}