{
    "predictions": [
        35.12034273147584,
        20.612917900085453,
        8.304732799530035,
        -17.857838630676266,
        -27.726943016052243,
        -29.9415807723999
    ],
    "actual": [
        65.00000000000001,
        103.0,
        103.0,
        16.999999999999993,
        70.00000000000001,
        90.99999999999999
    ],
    "mse": 7006.684851763809,
    "rmse": 83.70594275058258,
    "mape": 115.90869644358071
}