{
    "predictions": [
        216.11833202016354,
        208.7512337591052,
        205.3998152580261,
        206.6200605352521,
        213.52560903012753,
        217.13086507564782
    ],
    "actual": [
        163.8,
        159.6,
        136.2,
        140.6,
        140.6,
        243.3
    ],
    "mse": 3383.8804242235888,
    "rmse": 58.171130504947115,
    "mape": 37.187279450075025
}