{
    "predictions": [
        476.10315501761437,
        430.6334076967239,
        400.8817455031872,
        491.3330960063934,
        580.9982708761692,
        557.5807352030278
    ],
    "actual": [
        450.709,
        450.709,
        367.418,
        670.723,
        438.149,
        441.269
    ],
    "mse": 11380.464394852637,
    "rmse": 106.67925944087088,
    "mape": 17.483903434276474
}