{
    "predictions": [
        24.01937319922447,
        23.954065732002256,
        24.01588313436508,
        24.925588186025617,
        23.92760463476181,
        24.24272414278984
    ],
    "actual": [
        27.730999999999998,
        26.01,
        24.195,
        15.872999999999998,
        19.129000000000005,
        23.809
    ],
    "mse": 20.53319966878073,
    "rmse": 4.531357375972538,
    "mape": 17.661273510923092
}