{
    "predictions": [
        70.88337401270867,
        69.99208671718837,
        67.21224992936851,
        65.34297188979389,
        65.48341277545691,
        67.27916152638198
    ],
    "actual": [
        78.729,
        59.466,
        59.466,
        78.796,
        89.47100000000002,
        120.004
    ],
    "mse": 628.1089391561071,
    "rmse": 25.062101650821447,
    "mape": 21.418720654874164
}