{
    "predictions": [
        244.33976055991656,
        245.867518452108,
        223.0825622961522,
        219.2048125505448,
        250.0518362243176,
        223.3297770103217
    ],
    "actual": [
        124.39999999999998,
        249.70000000000007,
        -2267.1,
        115.80000000000015,
        57.2000000000001,
        104.40000000000009
    ],
    "mse": 1046239.684249207,
    "rmse": 1022.8585846778659,
    "mape": 124.69273979132683
}