{
    "predictions": [
        20.904470464527606,
        0.6095509680695826,
        -6.889275021901354,
        -15.035345975108445,
        -26.764541876748208,
        -30.91015476173163
    ],
    "actual": [
        80.598,
        60.52900000000001,
        51.366,
        65.966,
        56.633,
        37.008
    ],
    "mse": 4779.429782611917,
    "rmse": 69.13342015705514,
    "mape": 123.34057847625614
}