{
    "predictions": [
        -249806496.02633715,
        -296788237.05402017,
        -323234502.0208955,
        -268655874.66564775,
        -165687931.9871664,
        -48002559.318661675
    ],
    "actual": [
        -28202000.000000007,
        34351999.999999985,
        19759999.999999996,
        32717999.99999999,
        50888000.00000001,
        61488000.000000015
    ],
    "mse": 7.102119448314172e+16,
    "rmse": 266498019.66082546,
    "mape": 835.0545147563125
}