{
    "predictions": [
        2438.071090698242,
        2569.501220703125,
        2685.014358520508,
        2697.903106689453,
        2771.011764526367,
        2758.995880126953
    ],
    "actual": [
        2212.0,
        1870.0,
        1771.0,
        1759.0,
        2087.0,
        1812.0
    ],
    "mse": 603674.1130225523,
    "rmse": 776.9646793918964,
    "mape": 39.60853458804583
}