{
    "predictions": [
        341.4489758014679,
        334.80674237012863,
        334.1446521282196,
        329.8769382238388,
        324.89359933137894,
        320.59046375751495
    ],
    "actual": [
        357.0,
        412.0,
        345.0,
        438.0,
        379.0,
        243.0
    ],
    "mse": 4492.808516970595,
    "rmse": 67.02841574265794,
    "mape": 16.188448686004755
}