{
    "predictions": [
        1002.9437593221662,
        1008.7613466978071,
        597.4446687698362,
        522.0564342737196,
        388.6787790656088,
        632.2949827313421
    ],
    "actual": [
        3055.9999999999995,
        2431.0,
        1729.0,
        229.00000000000009,
        2105.9999999999995,
        1612.0000000000005
    ],
    "mse": 1918852.7253951058,
    "rmse": 1385.2265971295476,
    "mape": 76.9038801733447
}