{
    "predictions": [
        76.79163910555842,
        105.2202179105282,
        129.7136333794594,
        77.94889079892637,
        105.11129007971289,
        122.62998938357832
    ],
    "actual": [
        86.545,
        33.324000000000005,
        38.036,
        39.358,
        53.76899999999999,
        35.732
    ],
    "mse": 4224.255137137748,
    "rmse": 64.99427003311713,
    "mape": 150.79647107857824
}