{
    "predictions": [
        315288783.0138202,
        415836399.73401976,
        621877970.0994487,
        624671757.7576632,
        619419350.7432933,
        986355716.3476939
    ],
    "actual": [
        599999999.9999998,
        599999999.9999998,
        -311999999.9999999,
        1397000000.0000002,
        1259000000.0,
        1429999999.9999995
    ],
    "mse": 3.649132238106469e+17,
    "rmse": 604080477.9254557,
    "mape": 85.76253304053277
}