{
    "predictions": [
        159.60570127904413,
        155.70566964703798,
        149.77960482332108,
        137.9378609641194,
        130.44787447473405,
        98.19444644166528
    ],
    "actual": [
        248.271,
        240.448,
        268.8829999999999,
        254.37700000000004,
        250.206,
        253.465
    ],
    "mse": 13539.5738374322,
    "rmse": 116.35967444708756,
    "mape": 45.024911495962996
}