{
    "predictions": [
        432.92507503440976,
        441.03920946657655,
        449.07188024711604,
        446.1497403140664,
        448.17610769617556,
        445.2934173639416
    ],
    "actual": [
        422.552,
        476.677,
        528.974,
        577.48,
        534.873,
        623.953
    ],
    "mse": 10740.872708797358,
    "rmse": 103.63818171309914,
    "mape": 15.436767730518488
}