{
    "predictions": [
        87.54811541438103,
        91.41126282811165,
        87.10234755575657,
        89.9088778078556,
        55.134698897600174,
        64.12974051237106
    ],
    "actual": [
        30.4,
        104.99999999999999,
        85.8,
        32.4,
        18.100000000000005,
        79.4
    ],
    "mse": 1394.0462927453925,
    "rmse": 37.33692934274848,
    "mape": 100.63116020176477
}