{
    "predictions": [
        178.3215257723927,
        185.37238062870497,
        179.327055034548,
        171.66114932650325,
        185.65104637163873,
        184.60606336572764
    ],
    "actual": [
        117.0,
        53.0,
        85.0,
        113.0,
        113.0,
        121.0
    ],
    "mse": 7157.5677106568155,
    "rmse": 84.6024096031361,
    "mape": 96.98604209691129
}