{
    "predictions": [
        2762.354606628418,
        2744.2333374023438,
        2700.4970932006836,
        2751.861831665039,
        2779.635009765625,
        2865.4359817504883
    ],
    "actual": [
        2757.0,
        2996.0,
        3058.0,
        3099.0,
        3105.0,
        3131.0
    ],
    "mse": 81352.49752527692,
    "rmse": 285.223592161092,
    "mape": 8.40841898117732
}