{
    "predictions": [
        4147.580567359924,
        4204.720484137535,
        4422.61078697443,
        4601.599964916706,
        4641.985053002834,
        4510.954162478447
    ],
    "actual": [
        2274.0,
        3543.000000000001,
        2628.9999999999995,
        2968.0,
        2888.0,
        4000.0
    ],
    "mse": 2195234.060725709,
    "rmse": 1481.6322285660867,
    "mape": 49.64002584920735
}