{
    "predictions": [
        202.57054916334152,
        206.61787262839078,
        203.54931353509426,
        202.13892099505662,
        202.56654813200237,
        199.74033170020581
    ],
    "actual": [
        218.00000000000003,
        218.00000000000003,
        260.0,
        242.0,
        127.00000000000001,
        198.0
    ],
    "mse": 1809.423058239133,
    "rmse": 42.53731371677263,
    "mape": 18.477064371426856
}