{
    "predictions": [
        396.1360006467105,
        399.8428331465722,
        355.8578329449893,
        402.426331650138,
        391.90966206908234,
        390.60809049761303
    ],
    "actual": [
        364.456,
        364.456,
        -347.817,
        -170.508,
        332.5180000000001,
        384.13100000000003
    ],
    "mse": 138206.19858821834,
    "rmse": 371.760942795526,
    "mape": 96.04619256108768
}