{
    "predictions": [
        3551.644959568978,
        2713.1180124282837,
        3447.206267118454,
        862.5707314610482,
        -1447.6568071842194,
        -3099.303811371327
    ],
    "actual": [
        3428.0,
        4185.0,
        4185.0,
        2518.0,
        2039.0,
        1315.0
    ],
    "mse": 6184894.024491842,
    "rmse": 2486.944716814558,
    "mape": 104.8062500590568
}