{
    "predictions": [
        384.9373916397095,
        430.59985518521074,
        498.35200388777264,
        485.8943599348665,
        447.98817701721197,
        515.9013691272736
    ],
    "actual": [
        605.2,
        420.5,
        323.5,
        601.7,
        585.0,
        511.6
    ],
    "mse": 18565.422444056963,
    "rmse": 136.25499052899664,
    "mape": 22.725826467427726
}