{
    "predictions": [
        127.96753209805487,
        141.94635884445907,
        134.19381856417655,
        159.54889002972843,
        163.0800188447237,
        160.38162516534328
    ],
    "actual": [
        141.5,
        94.24400000000001,
        158.194,
        171.072,
        149.75,
        144.842
    ],
    "mse": 597.7671419770319,
    "rmse": 24.44927692135356,
    "mape": 16.95279323593896
}