{
    "predictions": [
        200.0211084049046,
        208.12461688286064,
        207.95261193576454,
        211.47406215959785,
        207.07008633972703,
        207.28995084270832
    ],
    "actual": [
        179.789,
        171.3,
        199.604,
        251.648,
        166.424,
        183.561
    ],
    "mse": 944.0337774613286,
    "rmse": 30.72513266792071,
    "mape": 15.041258287059389
}