{
    "predictions": [
        57.52921916699408,
        64.26040448892115,
        65.34269093388318,
        69.68000828808545,
        74.88243408644198,
        74.42459796023367
    ],
    "actual": [
        23.676999999999992,
        49.213,
        46.305,
        35.812,
        25.435,
        33.596
    ],
    "mse": 1165.649322501785,
    "rmse": 34.141606911535156,
    "mape": 104.1952933739912
}