{
    "predictions": [
        426.085441478014,
        453.85104190802576,
        438.66084328210354,
        401.33219032585623,
        384.4783728658855,
        382.7391259734035
    ],
    "actual": [
        348.9,
        337.1,
        380.0,
        499.3,
        388.1000000000001,
        392.7
    ],
    "mse": 5456.58660402576,
    "rmse": 73.86871194237625,
    "mape": 15.880705646642216
}