{
    "predictions": [
        239.0627487156391,
        240.7633311731815,
        247.5106390801668,
        251.1400546233654,
        259.28387252950665,
        259.4476421993971
    ],
    "actual": [
        265.1,
        266.7,
        282.6,
        287.0,
        288.8,
        272.6
    ],
    "mse": 818.6724121706739,
    "rmse": 28.612452047503265,
    "mape": 9.917187862489635
}