{
    "predictions": [
        114.41263162517552,
        126.22032909148936,
        136.2547759904862,
        134.5697924897671,
        122.28664452195173,
        135.85214318251616
    ],
    "actual": [
        -470.902,
        299.108,
        336.51099999999997,
        413.73100000000005,
        350.6840000000001,
        379.858
    ],
    "mse": 100370.18498840077,
    "rmse": 316.8125391906084,
    "mape": 73.07439930277181
}