{
    "predictions": [
        151.15188081455233,
        123.7506695469022,
        105.03088203918936,
        110.8701926918626,
        103.30559906578065,
        110.9744327017069
    ],
    "actual": [
        161.346,
        128.293,
        100.285,
        95.078,
        36.122,
        65.175
    ],
    "mse": 1167.9489329148025,
    "rmse": 34.17526785432416,
    "mape": 47.91052691424731
}