{
    "predictions": [
        406.3084179646373,
        413.69160111284253,
        407.69269136440755,
        421.2500881637335,
        424.4972121788263,
        423.7120582127571
    ],
    "actual": [
        531.286,
        464.96,
        441.942,
        525.595,
        486.26199999999994,
        310.522
    ],
    "mse": 7822.599799465788,
    "rmse": 88.44546228872224,
    "mape": 18.550993025721006
}