{
    "predictions": [
        1187525180.7034013,
        1320909024.0597723,
        1320521011.8830202,
        1381494169.5988176,
        1294781876.1289117,
        1378114003.6582944
    ],
    "actual": [
        1246300000.0,
        1270400000.0,
        530500000.0,
        1034000000.0,
        540300000.0,
        1209300000.0
    ],
    "mse": 2.247720178758011e+17,
    "rmse": 474101273.8601333,
    "mape": 57.46992978684733
}