{
    "predictions": [
        51.66758640909195,
        33.83322601556778,
        37.12371545648575,
        52.86944732952118,
        76.22610887384414,
        55.232473286628725
    ],
    "actual": [
        3.267000000000003,
        42.101,
        84.401,
        14.565,
        14.565,
        62.39199999999999
    ],
    "mse": 1661.1160567902737,
    "rmse": 40.75679154190469,
    "mape": 375.82807645666384
}