{
    "predictions": [
        12212.513210952282,
        12111.494699895382,
        12138.122700333595,
        12104.384173631668,
        12134.519697606564,
        11986.807279467583
    ],
    "actual": [
        11904.0,
        11678.0,
        12155.0,
        12215.0,
        10432.0,
        11259.0
    ],
    "mse": 620649.2528735002,
    "rmse": 787.8129555126015,
    "mape": 5.022092755012192
}