{
    "predictions": [
        212202689.56446645,
        295478727.9222011,
        371037497.02811235,
        375773033.9596271,
        243787849.57885736,
        104318359.85469814
    ],
    "actual": [
        -45999999.99999999,
        -66999999.99999998,
        -135000000.0,
        62999999.99999997,
        27999999.99999999,
        8000000.000000016
    ],
    "mse": 1.0130033312269582e+17,
    "rmse": 318277132.57897717,
    "mape": 658.0468891086912
}