{
    "predictions": [
        369.6082489871979,
        379.43879012680054,
        374.0182858772278,
        396.2638119697571,
        405.2791689853668,
        405.51653434181213
    ],
    "actual": [
        507.99999999999994,
        539.0,
        522.0,
        540.0,
        553.0,
        483.0
    ],
    "mse": 19165.977879137532,
    "rmse": 138.44124341805636,
    "mape": 25.761202773535597
}