{
    "predictions": [
        1117.0483380556107,
        876.4508326053619,
        658.0127204060555,
        467.7848787009716,
        363.6775598824024,
        325.3385294675827
    ],
    "actual": [
        1579.0,
        729.0,
        1044.0,
        879.0,
        3063.0,
        794.0
    ],
    "mse": 1343201.7252810893,
    "rmse": 1158.9657998755138,
    "mape": 46.73144271253955
}