{
    "predictions": [
        362.1760960519314,
        435.43294325470924,
        493.2347800731659,
        513.3565295338631,
        482.24094945192337,
        494.0385265350342
    ],
    "actual": [
        446.2,
        374.8,
        286.9,
        465.5,
        385.2,
        355.9
    ],
    "mse": 14016.642918845233,
    "rmse": 118.39190394129673,
    "mape": 30.202334264754228
}