{
    "predictions": [
        89.0004925557971,
        92.44124720031022,
        103.43750861030816,
        93.82404130250214,
        89.88407173037528,
        106.74605795967578
    ],
    "actual": [
        155.855,
        148.68800000000002,
        148.0,
        195.99999999999994,
        251.99999999999997,
        233.0
    ],
    "mse": 10380.099436694863,
    "rmse": 101.88277301239333,
    "mape": 46.913729316860156
}