{
    "predictions": [
        516395259.5410228,
        528240733.580178,
        494555336.9123459,
        494190433.9925051,
        491848484.4018817,
        510321529.02600765
    ],
    "actual": [
        605717000.0,
        631584000.0,
        667182000.0,
        620921000.0,
        741906000.0,
        805567000.0
    ],
    "mse": 3.5702909073342564e+16,
    "rmse": 188952134.34450155,
    "mape": 24.62474656441809
}