{
    "predictions": [
        121.07552756094934,
        121.97289401578905,
        125.57798809123041,
        132.55407871055604,
        138.19789139938356,
        138.29730213809015
    ],
    "actual": [
        140.485,
        122.387,
        127.052,
        146.829,
        130.559,
        139.556
    ],
    "mse": 107.13036252909916,
    "rmse": 10.350379825354196,
    "mape": 5.2982583630070765
}