{
    "predictions": [
        170.39601257658003,
        201.01593297171593,
        167.10556478208304,
        110.86445551156997,
        99.10192572158576,
        56.620307018905876
    ],
    "actual": [
        73.0,
        54.099999999999994,
        49.8,
        58.00000000000001,
        28.7,
        14.4
    ],
    "mse": 9060.751047037276,
    "rmse": 95.18797742907071,
    "mape": 211.69687528232717
}