{
    "predictions": [
        416.8968734741211,
        468.32652091979975,
        454.85684108734125,
        472.1094026565551,
        497.7645244598388,
        539.7030754089355
    ],
    "actual": [
        394.0,
        333.0,
        2.0,
        211.0,
        350.0,
        334.0
    ],
    "mse": 59373.84711265866,
    "rmse": 243.66749293383117,
    "mape": 3819.4744588662666
}