{
    "predictions": [
        1467.358468055725,
        1569.5681066513062,
        1658.0473184585571,
        1663.4508910179138,
        1660.76309299469,
        1726.6074876785278
    ],
    "actual": [
        1540.0,
        1558.0,
        1513.0,
        1573.0,
        1684.0,
        1706.0
    ],
    "mse": 5932.553988042302,
    "rmse": 77.02307438711014,
    "mape": 3.8973728735724946
}