{
    "predictions": [
        240.98498755794762,
        196.83860784858464,
        411.926525747776,
        382.8893868807554,
        260.48544381684064,
        259.98529261404275
    ],
    "actual": [
        271.359,
        234.93299999999996,
        194.86100000000002,
        185.92300000000003,
        274.429,
        235.48499999999999
    ],
    "mse": 14846.941745240036,
    "rmse": 121.84802725214732,
    "mape": 43.37137296930456
}