{
    "predictions": [
        8692.444277703762,
        9211.906502246857,
        9206.886678099632,
        9448.957556724548,
        8979.150299489498,
        9691.611034989357
    ],
    "actual": [
        9188.0,
        10371.0,
        9969.0,
        11151.0,
        9968.0,
        11233.0
    ],
    "mse": 1403423.6793699227,
    "rmse": 1184.661841780144,
    "mape": 10.520072511715695
}