{
    "predictions": [
        73.00833984583615,
        70.83788106530903,
        75.80188471233843,
        78.94297187525032,
        87.85906473398207,
        86.90571823400258
    ],
    "actual": [
        23.411000000000005,
        17.922,
        19.926999999999992,
        18.212999999999997,
        8.289000000000003,
        18.068000000000005
    ],
    "mse": 3856.6909112868557,
    "rmse": 62.102261724407875,
    "mape": 410.31540734878797
}