{
    "predictions": [
        339.9127558846473,
        333.81335997200006,
        338.2029094997644,
        351.6195089441537,
        365.4012214438915,
        374.5376227418184
    ],
    "actual": [
        361.13,
        334.385,
        364.04,
        362.1019999999999,
        319.141,
        256.707
    ],
    "mse": 2875.333304697991,
    "rmse": 53.62213446607652,
    "mape": 12.739077245070924
}