{
    "predictions": [
        144.09021850013733,
        135.00384137916564,
        116.21587619400024,
        112.85134441375732,
        81.61717877292634,
        34.82371300029755
    ],
    "actual": [
        172.229,
        90.245,
        40.484,
        35.965,
        53.91499999999999,
        42.826
    ],
    "mse": 2545.569873511566,
    "rmse": 50.45364083504347,
    "mape": 89.47483957227077
}