{
    "predictions": [
        57.576606309413904,
        55.01397006511688,
        50.09503703713416,
        54.18658037781715,
        55.335706061124796,
        53.395712846517554
    ],
    "actual": [
        33.70000000000001,
        33.70000000000001,
        19.000000000000004,
        -61.2,
        38.50000000000001,
        46.60000000000001
    ],
    "mse": 2605.82743668126,
    "rmse": 51.04730587093956,
    "mape": 90.76785015252825
}