{
    "predictions": [
        433.1896222829819,
        189.5379909798503,
        -132.91238486766818,
        -177.19154383242133,
        30.7762681543827,
        251.1064978465438
    ],
    "actual": [
        520.0,
        318.0,
        326.0,
        399.0,
        207.0,
        294.0
    ],
    "mse": 99921.74296706148,
    "rmse": 316.10400656597426,
    "mape": 73.66543403540429
}