{
    "predictions": [
        -83.22228708863258,
        -2.4670329838991156,
        -687.4386205971242,
        -866.0380176901818,
        -421.145208850503,
        -353.0686054676772
    ],
    "actual": [
        499.0,
        174.0,
        421.0,
        457.99999999999994,
        271.00000000000006,
        125.00000000000003
    ],
    "mse": 676575.1391502627,
    "rmse": 822.5418768368348,
    "mape": 234.72217034810464
}