{
    "predictions": [
        6599.295418083668,
        5615.9561046510935,
        1306.2552203983068,
        -4296.628286540508,
        -10561.801334142683,
        -9956.104501366613
    ],
    "actual": [
        16826.0,
        17167.0,
        17402.0,
        19723.0,
        18010.0,
        15568.0
    ],
    "mse": 423642564.46435314,
    "rmse": 20582.579149959638,
    "mape": 110.82341301378389
}