{
    "predictions": [
        201199577.37922668,
        206134143.3763504,
        204157929.53968048,
        204980783.53405,
        204552668.8337326,
        203116754.91333008
    ],
    "actual": [
        166000000.00000003,
        157999999.99999994,
        134999999.99999997,
        136999999.99999997,
        -371000000.0,
        129999999.99999999
    ],
    "mse": 5.8261174434176376e+16,
    "rmse": 241373516.43081388,
    "mape": 60.649577684056354
}