{
    "predictions": [
        109.02068917453288,
        72.31827630102634,
        94.44427457451819,
        150.0272054374218,
        163.65074771642682,
        126.75783738493918
    ],
    "actual": [
        118.99999999999999,
        148.0,
        -65.0,
        115.00000000000001,
        129.0,
        144.0
    ],
    "mse": 5662.443041816739,
    "rmse": 75.24920625373227,
    "mape": 62.352394588573546
}