{
    "predictions": [
        256.74276211857796,
        254.10119238495827,
        270.2071049809456,
        275.21230190992355,
        255.395103931427,
        257.47935578227043
    ],
    "actual": [
        395.0,
        395.0,
        344.0,
        403.0,
        443.0,
        456.99999999999994
    ],
    "mse": 22624.451575058705,
    "rmse": 150.41426652767584,
    "mape": 34.97341084579606
}