{
    "predictions": [
        546.4785668253899,
        535.7731983065605,
        563.9519920349121,
        574.9141646623611,
        571.3901666998863,
        571.8531852662563
    ],
    "actual": [
        639.0,
        736.0,
        535.0,
        649.0,
        661.0,
        728.0
    ],
    "mse": 14564.944421516897,
    "rmse": 120.6853115400416,
    "mape": 15.58604025859359
}