{
    "predictions": [
        582497420.322895,
        583765003.618598,
        591159119.2930937,
        585330612.1885777,
        585436940.6819344,
        591533305.6390285
    ],
    "actual": [
        542100000.0,
        679800000.0,
        504400000.0,
        596500000.0,
        573500000.0,
        723100000.0000001
    ],
    "mse": 5993142953538849.0,
    "rmse": 77415392.2262159,
    "mape": 10.154692037025896
}