{
    "predictions": [
        146691088.32395077,
        139852931.24455214,
        135037269.35136318,
        136123528.92947197,
        133369454.48994635,
        123724612.41465805
    ],
    "actual": [
        99385000.00000001,
        150353000.0,
        69724999.99999999,
        89027999.99999999,
        19414000.0,
        140931000.0
    ],
    "mse": 3685617365183592.0,
    "rmse": 60709285.65865021,
    "mape": 133.38968265824727
}