{
    "predictions": [
        935.0636752843858,
        974.1418216228486,
        980.0980792045594,
        964.904546916485,
        1003.038500070572,
        1016.266456782818
    ],
    "actual": [
        918.9999999999999,
        859.0,
        931.0,
        965.9999999999999,
        1039.0,
        822.0
    ],
    "mse": 9160.031309571697,
    "rmse": 95.70805248029916,
    "mape": 7.938961483103524
}